#
# A fatal error has been detected by the Java Runtime Environment:
#
#  EXCEPTION_ACCESS_VIOLATION (0xc0000005) at pc=0x00007ff8b5117fff, pid=32216, tid=64124
#
# JRE version: OpenJDK Runtime Environment Temurin-21.0.7+6 (21.0.7+6) (build 21.0.7+6-LTS)
# Java VM: OpenJDK 64-Bit Server VM Temurin-21.0.7+6 (21.0.7+6-LTS, mixed mode, sharing, tiered, compressed oops, compressed class ptrs, g1 gc, windows-amd64)
# Problematic frame:
# C  [libcef.dll+0x4717fff]
#
# No core dump will be written. Minidumps are not enabled by default on client versions of Windows
#
# If you would like to submit a bug report, please visit:
#   https://github.com/adoptium/adoptium-support/issues
# The crash happened outside the Java Virtual Machine in native code.
# See problematic frame for where to report the bug.
#

---------------  S U M M A R Y ------------

Command Line: -Declipse.p2.max.threads=10 -Dosgi.requiredJavaVersion=17 -Dorg.slf4j.simpleLogger.defaultLogLevel=off -XX:+UseG1GC -XX:+UseStringDeduplication -Xms512m -Xmx3g --add-modules=ALL-SYSTEM -Dcom.renesas.cdt.core.ui.menus.RenesasViewsMenuFactory.hide=true -Dswt.autoScale=quarter -Dswt.autoScale.method=smooth 

Host: Intel(R) Core(TM) i7-14650HX, 24 cores, 15G,  Windows 11 , 64 bit Build 26100 (10.0.26100.7920)
Time: Sun Mar 15 15:48:40 2026  Windows 11 , 64 bit Build 26100 (10.0.26100.7920) elapsed time: 13.853587 seconds (0d 0h 0m 13s)

---------------  T H R E A D  ---------------

Current thread (0x000001803c37b140):  JavaThread "main"             [_thread_in_native, id=64124, stack(0x0000005946600000,0x0000005946700000) (1024K)]

Stack: [0x0000005946600000,0x0000005946700000],  sp=0x00000059466fac20,  free space=1003k
Native frames: (J=compiled Java code, j=interpreted, Vv=VM code, C=native code)
C  [libcef.dll+0x4717fff]

Java frames: (J=compiled Java code, j=interpreted, Vv=VM code)
j  org.cef.CefApp.N_Initialize(Lorg/cef/handler/CefAppHandler;Lorg/cef/CefSettings;)Z+0
j  org.cef.CefApp.access$5(Lorg/cef/CefApp;Lorg/cef/handler/CefAppHandler;Lorg/cef/CefSettings;)Z+3
j  org.cef.CefApp$2.run()V+264
j  org.cef.CefApp.initialize()V+21
j  org.cef.CefApp.createClient()Lorg/cef/CefClient;+43
j  com.equo.chromium.internal.Engine.createClient()Lorg/cef/CefClient;+3
j  com.equo.chromium.swt.internal.Chromium.createClienthandler()V+0
j  com.equo.chromium.swt.internal.Chromium.getClientHandler()Lorg/cef/CefClientSwt;+15
j  com.equo.chromium.swt.internal.Chromium.prepareBrowser()V+38
j  com.equo.chromium.swt.internal.Chromium.createBrowser()V+1
j  com.equo.chromium.swt.internal.Chromium.create(Lorg/eclipse/swt/widgets/Composite;I)V+87
j  com.equo.chromium.swt.Browser.<init>(Lorg/eclipse/swt/widgets/Composite;I)V+129
j  org.eclipse.swt.browser.Browser.<init>(Lorg/eclipse/swt/widgets/Composite;I)V+6
j  com.renesas.cdt.ddsc.settingseditor.pages.PageSummary.createContents(Lorg/eclipse/swt/widgets/Composite;)Lorg/eclipse/swt/widgets/Control;+216
j  com.renesas.cdt.ddsc.settingseditor.pages.ConfigPageCompositeWrapper.createContents(Lorg/eclipse/swt/widgets/Composite;)Lorg/eclipse/swt/widgets/Control;+18
j  com.renesas.cdt.ddsc.settingseditor.pages.ConfigPageCompositeWrapper.createFormContent(Lorg/eclipse/ui/forms/IManagedForm;)V+70
j  org.eclipse.ui.forms.editor.FormPage.lambda$0()V+5
j  org.eclipse.ui.forms.editor.FormPage$$Lambda+0x000001805884c8f8.run()V+4
j  org.eclipse.swt.custom.BusyIndicator.showWhile(Lorg/eclipse/swt/widgets/Display;Ljava/lang/Runnable;)V+33
j  org.eclipse.ui.forms.editor.FormPage.createPartControl(Lorg/eclipse/swt/widgets/Composite;)V+35
j  org.eclipse.ui.part.MultiPageEditorPart.addPage(ILorg/eclipse/ui/IEditorPart;Lorg/eclipse/ui/IEditorInput;)V+49
j  org.eclipse.ui.forms.editor.FormEditor.addPage(ILorg/eclipse/ui/IEditorPart;Lorg/eclipse/ui/IEditorInput;)V+4
j  org.eclipse.ui.part.MultiPageEditorPart.addPage(Lorg/eclipse/ui/IEditorPart;Lorg/eclipse/ui/IEditorInput;)I+9
j  org.eclipse.ui.forms.editor.FormEditor.addPage(Lorg/eclipse/ui/IEditorPart;Lorg/eclipse/ui/IEditorInput;)I+3
j  com.renesas.cdt.ddsc.settingseditor.internal.editors.DDSCSettingsEditor.addConfigurationPages()V+335
j  com.renesas.cdt.ddsc.settingseditor.internal.editors.DDSCSettingsEditor.createPages()V+53
j  org.eclipse.ui.part.MultiPageEditorPart.createPartControl(Lorg/eclipse/swt/widgets/Composite;)V+16
j  org.eclipse.ui.internal.e4.compatibility.CompatibilityPart.createPartControl(Lorg/eclipse/ui/IWorkbenchPart;Lorg/eclipse/swt/widgets/Composite;)Z+65
j  org.eclipse.ui.internal.e4.compatibility.CompatibilityEditor.createPartControl(Lorg/eclipse/ui/IWorkbenchPart;Lorg/eclipse/swt/widgets/Composite;)Z+3
j  org.eclipse.ui.internal.e4.compatibility.CompatibilityPart.create()V+145
j  java.lang.invoke.LambdaForm$DMH+0x0000018058017400.invokeVirtual(Ljava/lang/Object;Ljava/lang/Object;)V+10 java.base@21.0.7
j  java.lang.invoke.LambdaForm$MH+0x000001805810a400.invoke(Ljava/lang/Object;Ljava/lang/Object;)Ljava/lang/Object;+31 java.base@21.0.7
J 1583 c1 jdk.internal.reflect.DirectMethodHandleAccessor.invoke(Ljava/lang/Object;[Ljava/lang/Object;)Ljava/lang/Object; java.base@21.0.7 (92 bytes) @ 0x000001803f82a67c [0x000001803f828a60+0x0000000000001c1c]
J 9896 c1 org.eclipse.e4.core.internal.di.MethodRequestor.execute()Ljava/lang/Object; (176 bytes) @ 0x000001803fd5a5fc [0x000001803fd59000+0x00000000000015fc]
J 9903 c1 org.eclipse.e4.core.internal.di.InjectorImpl.processAnnotated(Lorg/eclipse/e4/core/internal/di/AnnotationLookup$AnnotationProxy;Ljava/lang/Object;Ljava/lang/Class;Lorg/eclipse/e4/core/di/suppliers/PrimaryObjectSupplier;Lorg/eclipse/e4/core/di/suppliers/PrimaryObjectSupplier;Ljava/util/List;)V (417 bytes) @ 0x000001803fc27ddc [0x000001803fc27400+0x00000000000009dc]
J 9903 c1 org.eclipse.e4.core.internal.di.InjectorImpl.processAnnotated(Lorg/eclipse/e4/core/internal/di/AnnotationLookup$AnnotationProxy;Ljava/lang/Object;Ljava/lang/Class;Lorg/eclipse/e4/core/di/suppliers/PrimaryObjectSupplier;Lorg/eclipse/e4/core/di/suppliers/PrimaryObjectSupplier;Ljava/util/List;)V (417 bytes) @ 0x000001803fc2771c [0x000001803fc27400+0x000000000000031c]
j  org.eclipse.e4.core.internal.di.InjectorImpl.internalInject(Ljava/lang/Object;Lorg/eclipse/e4/core/di/suppliers/PrimaryObjectSupplier;Lorg/eclipse/e4/core/di/suppliers/PrimaryObjectSupplier;)V+175
j  org.eclipse.e4.core.internal.di.InjectorImpl.internalMake(Ljava/lang/Class;Lorg/eclipse/e4/core/di/suppliers/PrimaryObjectSupplier;Lorg/eclipse/e4/core/di/suppliers/PrimaryObjectSupplier;)Ljava/lang/Object;+310
j  org.eclipse.e4.core.internal.di.InjectorImpl.make(Ljava/lang/Class;Lorg/eclipse/e4/core/di/suppliers/PrimaryObjectSupplier;)Ljava/lang/Object;+11
j  org.eclipse.e4.core.contexts.ContextInjectionFactory.make(Ljava/lang/Class;Lorg/eclipse/e4/core/contexts/IEclipseContext;)Ljava/lang/Object;+13
j  org.eclipse.e4.ui.internal.workbench.ReflectionContributionFactory.createFromBundle(Lorg/osgi/framework/Bundle;Lorg/eclipse/e4/core/contexts/IEclipseContext;Lorg/eclipse/e4/core/contexts/IEclipseContext;Lorg/eclipse/emf/common/util/URI;)Ljava/lang/Object;+158
j  org.eclipse.e4.ui.internal.workbench.ReflectionContributionFactory.doCreate(Ljava/lang/String;Lorg/eclipse/e4/core/contexts/IEclipseContext;Lorg/eclipse/e4/core/contexts/IEclipseContext;)Ljava/lang/Object;+78
j  org.eclipse.e4.ui.internal.workbench.ReflectionContributionFactory.create(Ljava/lang/String;Lorg/eclipse/e4/core/contexts/IEclipseContext;)Ljava/lang/Object;+4
j  org.eclipse.ui.internal.WorkbenchContributionFactory.create(Ljava/lang/String;Lorg/eclipse/e4/core/contexts/IEclipseContext;)Ljava/lang/Object;+6
j  org.eclipse.e4.ui.workbench.renderers.swt.ContributedPartRenderer.createWidget(Lorg/eclipse/e4/ui/model/application/ui/MUIElement;Ljava/lang/Object;)Ljava/lang/Object;+132
j  org.eclipse.e4.ui.internal.workbench.swt.PartRenderingEngine.createWidget(Lorg/eclipse/e4/ui/model/application/ui/MUIElement;Ljava/lang/Object;)Ljava/lang/Object;+21
j  org.eclipse.e4.ui.internal.workbench.swt.PartRenderingEngine.safeCreateGui(Lorg/eclipse/e4/ui/model/application/ui/MUIElement;Ljava/lang/Object;Lorg/eclipse/e4/core/contexts/IEclipseContext;)Ljava/lang/Object;+563
j  org.eclipse.e4.ui.internal.workbench.swt.PartRenderingEngine.safeCreateGui(Lorg/eclipse/e4/ui/model/application/ui/MUIElement;)Ljava/lang/Object;+168
j  org.eclipse.e4.ui.internal.workbench.swt.PartRenderingEngine$2.run()V+13
J 8403 c1 org.eclipse.core.runtime.SafeRunner.run(Lorg/eclipse/core/runtime/ISafeRunnable;)V (20 bytes) @ 0x00000180409711bc [0x0000018040971020+0x000000000000019c]
j  org.eclipse.e4.ui.internal.workbench.swt.PartRenderingEngine.createGui(Lorg/eclipse/e4/ui/model/application/ui/MUIElement;)Ljava/lang/Object;+15
j  org.eclipse.e4.ui.internal.workbench.PartServiceImpl.lambda$0(Lorg/osgi/service/event/Event;)V+183
j  org.eclipse.e4.ui.internal.workbench.PartServiceImpl$$Lambda+0x00000180583e7c68.handleEvent(Lorg/osgi/service/event/Event;)V+5
J 9933 c1 org.eclipse.e4.ui.services.internal.events.UIEventHandler$$Lambda+0x00000180583e1a80.run()V (12 bytes) @ 0x000001803fe3a4ac [0x000001803fe3a340+0x000000000000016c]
J 9853 c1 org.eclipse.swt.widgets.Synchronizer.syncExec(Ljava/lang/Runnable;)V (312 bytes) @ 0x000001803f963cf4 [0x000001803f963340+0x00000000000009b4]
J 9851 c1 org.eclipse.ui.internal.UISynchronizer.syncExec(Ljava/lang/Runnable;)V (144 bytes) @ 0x000001803f966ffc [0x000001803f966140+0x0000000000000ebc]
J 9850 c1 org.eclipse.swt.widgets.Display.syncExec(Ljava/lang/Runnable;)V (37 bytes) @ 0x000001803f62c784 [0x000001803f62c400+0x0000000000000384]
J 9931 c1 org.eclipse.e4.ui.services.internal.events.UIEventHandler.handleEvent(Lorg/osgi/service/event/Event;)V (35 bytes) @ 0x000001803fe3aec4 [0x000001803fe3a8e0+0x00000000000005e4]
J 9840 c1 org.eclipse.equinox.internal.event.EventHandlerWrapper.handleEvent(Lorg/osgi/service/event/Event;Ljava/security/Permission;)V (135 bytes) @ 0x000001803f99e984 [0x000001803f99e360+0x0000000000000624]
J 9838 c1 org.eclipse.equinox.internal.event.EventHandlerTracker.dispatchEvent(Ljava/lang/Object;Ljava/lang/Object;ILjava/lang/Object;)V (19 bytes) @ 0x000001803f5a8704 [0x000001803f5a8360+0x00000000000003a4]
J 11254 c2 org.eclipse.osgi.framework.eventmgr.ListenerQueue.dispatchEventSynchronous(ILjava/lang/Object;)V (81 bytes) @ 0x00000180478c6f2c [0x00000180478c6b00+0x000000000000042c]
J 9300 c1 org.eclipse.equinox.internal.event.EventAdminImpl.dispatchEvent(Lorg/osgi/service/event/Event;Z)V (228 bytes) @ 0x000001803f63eabc [0x000001803f63dbc0+0x0000000000000efc]
J 10109 c1 org.eclipse.equinox.internal.event.EventComponent.sendEvent(Lorg/osgi/service/event/Event;)V (9 bytes) @ 0x0000018040aa5ca4 [0x0000018040aa5bc0+0x00000000000000e4]
J 9654 c1 org.eclipse.e4.ui.internal.workbench.UIEventPublisher.notifyChanged(Lorg/eclipse/emf/common/notify/Notification;)V (61 bytes) @ 0x000001803f8e834c [0x000001803f8e77e0+0x0000000000000b6c]
J 7709 c1 org.eclipse.emf.common.notify.impl.BasicNotifierImpl.eNotify(Lorg/eclipse/emf/common/notify/Notification;)V (44 bytes) @ 0x00000180407c9e9c [0x00000180407c9b80+0x000000000000031c]
j  org.eclipse.e4.ui.model.application.ui.impl.ElementContainerImpl.setSelectedElementGen(Lorg/eclipse/e4/ui/model/application/ui/MUIElement;)V+34
j  org.eclipse.e4.ui.model.application.ui.impl.ElementContainerImpl.setSelectedElement(Lorg/eclipse/e4/ui/model/application/ui/MUIElement;)V+63
j  org.eclipse.e4.ui.internal.workbench.ModelServiceImpl.showElementInWindow(Lorg/eclipse/e4/ui/model/application/ui/basic/MWindow;Lorg/eclipse/e4/ui/model/application/ui/MUIElement;)V+121
j  org.eclipse.e4.ui.internal.workbench.ModelServiceImpl.bringToTop(Lorg/eclipse/e4/ui/model/application/ui/MUIElement;)V+53
j  org.eclipse.e4.ui.internal.workbench.PartServiceImpl.delegateBringToTop(Lorg/eclipse/e4/ui/model/application/ui/basic/MPart;)V+5
j  org.eclipse.e4.ui.internal.workbench.PartServiceImpl.bringToTop(Lorg/eclipse/e4/ui/model/application/ui/basic/MPart;)V+140
j  org.eclipse.e4.ui.internal.workbench.PartServiceImpl.showPart(Lorg/eclipse/e4/ui/model/application/ui/basic/MPart;Lorg/eclipse/e4/ui/workbench/modeling/EPartService$PartState;)Lorg/eclipse/e4/ui/model/application/ui/basic/MPart;+133
j  org.eclipse.ui.internal.WorkbenchPage.busyOpenEditor(Lorg/eclipse/ui/IEditorInput;Ljava/lang/String;ZILorg/eclipse/ui/IMemento;Z)Lorg/eclipse/ui/IEditorPart;+540
j  org.eclipse.ui.internal.WorkbenchPage.lambda$11([Lorg/eclipse/ui/IEditorPart;Lorg/eclipse/ui/IEditorInput;Ljava/lang/String;ZILorg/eclipse/ui/IMemento;Z[Lorg/eclipse/ui/PartInitException;)V+13
j  org.eclipse.ui.internal.WorkbenchPage$$Lambda+0x0000018058685ca0.run()V+36
j  org.eclipse.swt.custom.BusyIndicator.showWhile(Lorg/eclipse/swt/widgets/Display;Ljava/lang/Runnable;)V+33
j  org.eclipse.ui.internal.WorkbenchPage.openEditor(Lorg/eclipse/ui/IEditorInput;Ljava/lang/String;ZILorg/eclipse/ui/IMemento;Z)Lorg/eclipse/ui/IEditorPart;+59
j  org.eclipse.ui.internal.WorkbenchPage.openEditor(Lorg/eclipse/ui/IEditorInput;Ljava/lang/String;ZI)Lorg/eclipse/ui/IEditorPart;+8
j  org.eclipse.ui.internal.WorkbenchPage.openEditor(Lorg/eclipse/ui/IEditorInput;Ljava/lang/String;)Lorg/eclipse/ui/IEditorPart;+5
j  com.renesas.cdt.ddsc.standalone.internal.StandaloneApplication.runConfiguratorFlow(Lorg/eclipse/ui/IWorkbenchWindow;Lcom/renesas/cdt/ddsc/standalone/internal/StandaloneApplication$StandaloneOperation;)V+56
j  com.renesas.cdt.ddsc.standalone.internal.StandaloneApplication.performWorkbenchOperation(Lcom/renesas/cdt/ddsc/standalone/internal/StandaloneApplication$StandaloneOperation;Lorg/eclipse/ui/IWorkbenchWindow;)V+47
j  com.renesas.cdt.ddsc.standalone.internal.StandaloneApplication$4.run()V+35
j  org.eclipse.swt.widgets.RunnableLock.run(Lorg/eclipse/swt/widgets/Display;)V+11
j  org.eclipse.swt.widgets.Synchronizer.runAsyncMessages(Z)Z+41
j  org.eclipse.swt.widgets.Display.runAsyncMessages(Z)Z+5
j  org.eclipse.swt.widgets.Display.readAndDispatch()Z+84
j  org.eclipse.e4.ui.internal.workbench.swt.PartRenderingEngine$5.run()V+564
j  org.eclipse.core.databinding.observable.Realm.runWithDefault(Lorg/eclipse/core/databinding/observable/Realm;Ljava/lang/Runnable;)V+12
j  org.eclipse.e4.ui.internal.workbench.swt.PartRenderingEngine.run(Lorg/eclipse/e4/ui/model/application/MApplicationElement;Lorg/eclipse/e4/core/contexts/IEclipseContext;)Ljava/lang/Object;+57
j  org.eclipse.e4.ui.internal.workbench.E4Workbench.createAndRunUI(Lorg/eclipse/e4/ui/model/application/MApplicationElement;)V+20
j  org.eclipse.ui.internal.Workbench.lambda$3(Lorg/eclipse/swt/widgets/Display;Lorg/eclipse/ui/application/WorkbenchAdvisor;[I)V+334
j  org.eclipse.ui.internal.Workbench$$Lambda+0x0000018058206158.run()V+12
j  org.eclipse.core.databinding.observable.Realm.runWithDefault(Lorg/eclipse/core/databinding/observable/Realm;Ljava/lang/Runnable;)V+12
j  org.eclipse.ui.internal.Workbench.createAndRunWorkbench(Lorg/eclipse/swt/widgets/Display;Lorg/eclipse/ui/application/WorkbenchAdvisor;)I+16
j  org.eclipse.ui.PlatformUI.createAndRunWorkbench(Lorg/eclipse/swt/widgets/Display;Lorg/eclipse/ui/application/WorkbenchAdvisor;)I+2
j  com.renesas.cdt.ddsc.standalone.internal.StandaloneApplication.runWorkbench()Ljava/lang/Object;+23
j  com.renesas.cdt.ddsc.standalone.internal.StandaloneApplication.queueWorkbenchOperation(Lcom/renesas/cdt/ddsc/standalone/internal/StandaloneApplication$StandaloneOperation;)V+49
j  com.renesas.cdt.ddsc.standalone.internal.StandaloneApplication.doRcpEdit(Lcom/renesas/cdt/ddsc/standalone/internal/options/IEditOptions;)Ljava/lang/Object;+39
j  com.renesas.cdt.ddsc.standalone.internal.StandaloneApplication.start(Lorg/eclipse/equinox/app/IApplicationContext;)Ljava/lang/Object;+150
j  org.eclipse.equinox.internal.app.EclipseAppHandle.run(Ljava/lang/Object;)Ljava/lang/Object;+138
j  org.eclipse.core.runtime.internal.adaptor.EclipseAppLauncher.runApplication(Ljava/lang/Object;)Ljava/lang/Object;+85
j  org.eclipse.core.runtime.internal.adaptor.EclipseAppLauncher.start(Ljava/lang/Object;)Ljava/lang/Object;+79
j  org.eclipse.core.runtime.adaptor.EclipseStarter.run(Ljava/lang/Object;)Ljava/lang/Object;+99
j  org.eclipse.core.runtime.adaptor.EclipseStarter.run([Ljava/lang/String;Ljava/lang/Runnable;)Ljava/lang/Object;+132
J 426 c1 java.lang.invoke.DirectMethodHandle$Holder.invokeStatic(Ljava/lang/Object;Ljava/lang/Object;Ljava/lang/Object;)Ljava/lang/Object; java.base@21.0.7 (15 bytes) @ 0x000001803f5eb854 [0x000001803f5eb460+0x00000000000003f4]
j  java.lang.invoke.LambdaForm$MH+0x000001805801c800.invoke(Ljava/lang/Object;Ljava/lang/Object;Ljava/lang/Object;Ljava/lang/Object;)Ljava/lang/Object;+54 java.base@21.0.7
j  java.lang.invoke.LambdaForm$MH+0x000001805801cc00.invokeExact_MT(Ljava/lang/Object;Ljava/lang/Object;Ljava/lang/Object;Ljava/lang/Object;Ljava/lang/Object;)Ljava/lang/Object;+22 java.base@21.0.7
j  jdk.internal.reflect.DirectMethodHandleAccessor.invokeImpl(Ljava/lang/Object;[Ljava/lang/Object;)Ljava/lang/Object;+72 java.base@21.0.7
j  jdk.internal.reflect.DirectMethodHandleAccessor.invoke(Ljava/lang/Object;[Ljava/lang/Object;)Ljava/lang/Object;+23 java.base@21.0.7
j  java.lang.reflect.Method.invoke(Ljava/lang/Object;[Ljava/lang/Object;)Ljava/lang/Object;+102 java.base@21.0.7
j  org.eclipse.equinox.launcher.Main.invokeFramework([Ljava/lang/String;[Ljava/net/URL;)V+155
j  org.eclipse.equinox.launcher.Main.basicRun([Ljava/lang/String;)V+310
j  org.eclipse.equinox.launcher.Main.run([Ljava/lang/String;)I+4
v  ~StubRoutines::call_stub 0x00000180469b100d

siginfo: EXCEPTION_ACCESS_VIOLATION (0xc0000005), reading address 0xffffffffffffffff


Registers:
RAX=0x00080a0030570000, RBX=0x00000059466fac50, RCX=0x00005730000a0300, RDX=0x00000059466fabe0
RSP=0x00000059466fac20, RBP=0x00000059466fb070, RSI=0x000057300006c0e0, RDI=0x000057300005c0f0
R8 =0x00000059466fabe0, R9 =0x0000000000000000, R10=0x0000000000000000, R11=0x0000000000000246
R12=0x0000573000018500, R13=0x0000000000000000, R14=0x0000000000000000, R15=0x00000059466fafa8
RIP=0x00007ff8b5117fff, EFLAGS=0x0000000000010202

XMM[0]=0x0000000000000000 0x0000000000000000
XMM[1]=0x0000000000000000 0x0000000000000000
XMM[2]=0x0000000000000000 0x0000000000000000
XMM[3]=0x0000000000000000 0x0000000000000000
XMM[4]=0x0000000000000000 0x0000000000000000
XMM[5]=0x0000000000000000 0x0000000000000000
XMM[6]=0x0000000000000000 0xaf633f92e69b3021
XMM[7]=0x0000000000000000 0x592856ef513bda7e
XMM[8]=0x0000000000000000 0xadf9a5f47d8dcbb6
XMM[9]=0x0000000000000000 0x941786f131186232
XMM[10]=0x0000000000000000 0x000000009d00db41
XMM[11]=0x0000000000000000 0xfbf399ad2d0bfbdf
XMM[12]=0x0000000000000000 0x0000000031186232
XMM[13]=0x0000000000000000 0x00000000c695f4be
XMM[14]=0x0000000000000000 0x646131f5924665ff
XMM[15]=0x0000000000000000 0x000000002de5340a
  MXCSR=0x00001fa2


Register to memory mapping:

RAX=0x00080a0030570000 is an unknown value
RBX=0x00000059466fac50 is pointing into the stack for thread: 0x000001803c37b140
RCX=0x00005730000a0300 points into unknown readable memory: 0x00080a0030570000 | 00 00 57 30 00 0a 08 00
RDX=0x00000059466fabe0 is pointing into the stack for thread: 0x000001803c37b140
RSP=0x00000059466fac20 is pointing into the stack for thread: 0x000001803c37b140
RBP=0x00000059466fb070 is pointing into the stack for thread: 0x000001803c37b140
RSI=0x000057300006c0e0 points into unknown readable memory: 0x00007ff8bd685520 | 20 55 68 bd f8 7f 00 00
RDI=0x000057300005c0f0 points into unknown readable memory: 0x0000000000000000 | 00 00 00 00 00 00 00 00
R8 =0x00000059466fabe0 is pointing into the stack for thread: 0x000001803c37b140
R9 =0x0 is null
R10=0x0 is null
R11=0x0000000000000246 is an unknown value
R12=0x0000573000018500 points into unknown readable memory: 0x0000001830570101 | 01 01 57 30 18 00 00 00
R13=0x0 is null
R14=0x0 is null
R15=0x00000059466fafa8 is pointing into the stack for thread: 0x000001803c37b140

Top of Stack: (sp=0x00000059466fac20)
0x00000059466fac20:   00005730000a0390 00005730000a0368
0x00000059466fac30:   0000573000001500 00007ff8b5853aa1
0x00000059466fac40:   00007ff8bd2cdf31 0000000000000004
0x00000059466fac50:   0000000000000000 0000000000000000
0x00000059466fac60:   0000000000000000 0000b889b6918c4b
0x00000059466fac70:   0000573000018500 0000000000000001
0x00000059466fac80:   000057300006c0e0 00007ff8b5116ae7
0x00000059466fac90:   000057300005cd20 0000573000018500
0x00000059466faca0:   00000059466fb070 0000573000018500
0x00000059466facb0:   00005730000500d0 0000000000000001
0x00000059466facc0:   000057300006c0e0 00007ff8b5118120
0x00000059466facd0:   00005730000c8320 0000573000018500
0x00000059466face0:   00000059466fb070 aaaaaaaaaaaa0000
0x00000059466facf0:   aaaaaaaaaaaaaaaa 00005730000b4060
0x00000059466fad00:   0000573000018500 00007ff8b0aa5257
0x00000059466fad10:   8000000000000088 0000b889b6918c7b
0x00000059466fad20:   00000059466fade0 00000059466fad01
0x00000059466fad30:   000057300004c250 0000573000018500
0x00000059466fad40:   00000059466fad01 000057300004c250
0x00000059466fad50:   0000000000000000 00007ff8b0aa4bdb
0x00000059466fad60:   00000059466fb098 00000059466fade8
0x00000059466fad70:   000001809ea00420 00007ff8b0a04f65
0x00000059466fad80:   0000000000000000 000001809ea00420
0x00000059466fad90:   00000059466fade8 0000000000000000
0x00000059466fada0:   00007ff8bcf06040 000057300004c250
0x00000059466fadb0:   000057300004c240 00007ff8b0a01308
0x00000059466fadc0:   0000000000000030 00007ffad055ce64
0x00000059466fadd0:   0000018039b80000 0000000000000000
0x00000059466fade0:   00007ff8bcf06040 00000000000001b8
0x00000059466fadf0:   0000000000000001 00005730000a4280
0x00000059466fae00:   0000000000000091 0000000000000000
0x00000059466fae10:   0000000000000000 0000000000000000 

Instructions: (pc=0x00007ff8b5117fff)
0x00007ff8b5117eff:   00 00 00 48 85 c9 74 0b f0 ff 49 08 75 05 e8 0e
0x00007ff8b5117f0f:   21 1f fc e8 79 02 c0 fe e9 47 fa ff ff 0f b6 c8
0x00007ff8b5117f1f:   48 8d 05 a4 d6 56 08 48 89 84 24 a0 00 00 00 48
0x00007ff8b5117f2f:   8d 05 43 bf e1 07 48 89 44 24 20 c7 44 24 30 08
0x00007ff8b5117f3f:   00 00 00 c6 44 24 28 49 48 8d 94 24 88 00 00 00
0x00007ff8b5117f4f:   4c 8d 84 24 a0 00 00 00 41 b9 03 00 00 00 e8 be
0x00007ff8b5117f5f:   e7 a2 fb e9 c9 f9 ff ff cc cc cc cc cc cc cc cc
0x00007ff8b5117f6f:   cc 56 57 53 48 83 ec 50 48 89 ce 48 8b 05 bf e8
0x00007ff8b5117f7f:   74 09 48 31 e0 48 89 44 24 48 48 8b 79 18 48 c7
0x00007ff8b5117f8f:   41 18 00 00 00 00 48 85 ff 74 10 48 89 f9 e8 fe
0x00007ff8b5117f9f:   e5 ff ff 48 89 f9 e8 46 d2 d7 07 e8 d1 33 72 00
0x00007ff8b5117faf:   48 89 c7 48 b8 aa aa aa aa aa aa aa aa 48 89 44
0x00007ff8b5117fbf:   24 40 0f 28 05 68 e0 de 07 0f 29 44 24 30 48 8d
0x00007ff8b5117fcf:   0d 5d 5f 1b 08 48 89 4c 24 20 e8 c2 75 db 07 48
0x00007ff8b5117fdf:   89 44 24 28 48 8d 5c 24 30 4c 8d 44 24 20 48 89
0x00007ff8b5117fef:   f9 48 89 da e8 b8 3c 72 00 48 8b 4e 28 48 8b 01
0x00007ff8b5117fff:   48 8b 40 28 48 89 da ff 15 9c e1 67 09 e8 8f cd
0x00007ff8b511800f:   ad fe 48 8b 7e 30 48 c7 46 30 00 00 00 00 48 85
0x00007ff8b511801f:   ff 74 10 48 89 f9 e8 06 af 72 00 48 89 f9 e8 be
0x00007ff8b511802f:   d1 d7 07 48 8b 4e 28 48 b8 00 00 00 00 fc ff ff
0x00007ff8b511803f:   ff 48 21 c8 48 3b 05 7e 33 73 09 75 05 e8 0f c4
0x00007ff8b511804f:   72 00 48 c7 46 28 00 00 00 00 c6 46 21 01 80 7c
0x00007ff8b511805f:   24 47 00 79 0a 48 8b 4c 24 30 e8 82 d1 d7 07 48
0x00007ff8b511806f:   8b 4c 24 48 48 31 e1 e8 f5 d3 d7 07 90 48 83 c4
0x00007ff8b511807f:   50 5b 5f 5e c3 cc cc cc cc cc cc cc cc cc cc cc
0x00007ff8b511808f:   cc 48 89 c8 48 8b 49 10 48 c7 40 10 00 00 00 00
0x00007ff8b511809f:   48 85 c9 74 15 48 8b 01 48 8b 00 4c 8b 05 f7 e0
0x00007ff8b51180af:   67 09 ba 01 00 00 00 49 ff e0 c3 cc cc cc cc cc
0x00007ff8b51180bf:   cc 56 48 83 ec 20 48 89 ce b9 70 00 00 00 e8 8e
0x00007ff8b51180cf:   d0 d7 07 48 8d 0d 47 d4 56 08 48 89 08 c6 40 08
0x00007ff8b51180df:   00 c6 40 68 00 0f 57 c0 0f 11 40 10 c7 40 1f 00
0x00007ff8b51180ef:   00 00 00 0f 11 40 28 c6 40 38 00 48 89 06 48 89 


Stack slot to memory mapping:

stack at sp + 0 slots: 0x00005730000a0390 points into unknown readable memory: 0x00007ff8bcf26fe0 | e0 6f f2 bc f8 7f 00 00
stack at sp + 1 slots: 0x00005730000a0368 points into unknown readable memory: 0x00007ff8bcf061e0 | e0 61 f0 bc f8 7f 00 00
stack at sp + 2 slots: 0x0000573000001500 points into unknown readable memory: 0x00005730000a0300 | 00 03 0a 00 30 57 00 00
stack at sp + 3 slots: 0x00007ff8b5853aa1 libcef.dll
stack at sp + 4 slots: 0x00007ff8bd2cdf31 libcef.dll
stack at sp + 5 slots: 0x0000000000000004 is an unknown value
stack at sp + 6 slots: 0x0 is null
stack at sp + 7 slots: 0x0 is null


Compiled method (c1) 13904 1583   !   3       jdk.internal.reflect.DirectMethodHandleAccessor::invoke (92 bytes)
 total in heap  [0x000001803f828590,0x000001803f82c850] = 17088
 relocation     [0x000001803f8286f0,0x000001803f828a60] = 880
 main code      [0x000001803f828a60,0x000001803f82b2c8] = 10344
 stub code      [0x000001803f82b2c8,0x000001803f82b408] = 320
 oops           [0x000001803f82b408,0x000001803f82b438] = 48
 metadata       [0x000001803f82b438,0x000001803f82b4b0] = 120
 scopes data    [0x000001803f82b4b0,0x000001803f82b990] = 1248
 scopes pcs     [0x000001803f82b990,0x000001803f82bf70] = 1504
 dependencies   [0x000001803f82bf70,0x000001803f82bf78] = 8
 handler table  [0x000001803f82bf78,0x000001803f82c788] = 2064
 nul chk table  [0x000001803f82c788,0x000001803f82c850] = 200

[Constant Pool (empty)]

[MachCode]
[Entry Point]
  # {method} {0x000001805719def0} 'invoke' '(Ljava/lang/Object;[Ljava/lang/Object;)Ljava/lang/Object;' in 'jdk/internal/reflect/DirectMethodHandleAccessor'
  # this:     rdx:rdx   = 'jdk/internal/reflect/DirectMethodHandleAccessor'
  # parm0:    r8:r8     = 'java/lang/Object'
  # parm1:    r9:r9     = '[Ljava/lang/Object;'
  #           [sp+0x170]  (sp of caller)
  0x000001803f828a60: 448b 5208 | 49bb 0000 | 0057 8001 | 0000 4d03 | d34c 3bd0 

  0x000001803f828a74: ;   {runtime_call ic_miss_stub}
  0x000001803f828a74: 0f85 065d | 1d07 660f | 1f44 0000 
[Verified Entry Point]
  0x000001803f828a80: 8984 2400 | 80ff ff55 | 4881 ec60 | 0100 0090 | 4181 7f20 | 0b00 0000 

  0x000001803f828a98: ;   {runtime_call StubRoutines (final stubs)}
  0x000001803f828a98: 7405 e8c1 | c21b 0748 | 8994 24b0 | 0000 004c | 8984 24c0 | 0000 004c | 898c 24b8 

  0x000001803f828ab4: ;   {metadata(method data for {method} {0x000001805719def0} 'invoke' '(Ljava/lang/Object;[Ljava/lang/Object;)Ljava/lang/Object;' in 'jdk/internal/reflect/DirectMethodHandleAccessor')}
  0x000001803f828ab4: 0000 0048 | bea0 d536 | 9880 0100 | 008b becc | 0000 0083 | c702 89be | cc00 0000 | 81e7 fe07 
  0x000001803f828ad4: 0000 85ff | 0f84 9b22 | 0000 488b 

  0x000001803f828ae0: ;   {metadata(method data for {method} {0x000001805719def0} 'invoke' '(Ljava/lang/Object;[Ljava/lang/Object;)Ljava/lang/Object;' in 'jdk/internal/reflect/DirectMethodHandleAccessor')}
  0x000001803f828ae0: f248 bfa0 | d536 9880 | 0100 0048 | 8387 1001 

  0x000001803f828af0: ;   {metadata(method data for {method} {0x00000180573c4948} 'isStatic' '()Z' in 'jdk/internal/reflect/DirectMethodHandleAccessor')}
  0x000001803f828af0: 0000 0148 | be38 ce36 | 9880 0100 | 008b becc | 0000 0083 | c702 89be | cc00 0000 | 81e7 feff 
  0x000001803f828b10: 1f00 85ff | 0f84 8022 | 0000 8b72 | 1081 e600 | 0200 0081 | fe00 0200 

  0x000001803f828b28: ;   {metadata(method data for {method} {0x00000180573c4948} 'isStatic' '()Z' in 'jdk/internal/reflect/DirectMethodHandleAccessor')}
  0x000001803f828b28: 0048 be38 | ce36 9880 | 0100 0048 | c7c7 1001 | 0000 7507 | 48c7 c720 | 0100 0048 | 8b1c 3e48 
  0x000001803f828b48: 8d5b 0148 | 891c 3e0f | 851a 0000 

  0x000001803f828b54: ;   {metadata(method data for {method} {0x00000180573c4948} 'isStatic' '()Z' in 'jdk/internal/reflect/DirectMethodHandleAccessor')}
  0x000001803f828b54: 0048 be38 | ce36 9880 | 0100 00ff | 8630 0100 | 00be 0100 | 0000 e905 | 0000 00be | 0000 0000 
  0x000001803f828b74: 83e6 0185 

  0x000001803f828b78: ;   {metadata(method data for {method} {0x000001805719def0} 'invoke' '(Ljava/lang/Object;[Ljava/lang/Object;)Ljava/lang/Object;' in 'jdk/internal/reflect/DirectMethodHandleAccessor')}
  0x000001803f828b78: f648 bea0 | d536 9880 | 0100 0048 | c7c7 4801 | 0000 7507 | 48c7 c758 | 0100 0048 | 8b1c 3e48 
  0x000001803f828b98: 8d5b 0148 | 891c 3e0f | 85d5 0000 | 0048 8bf2 

  0x000001803f828ba8: ;   {metadata(method data for {method} {0x000001805719def0} 'invoke' '(Ljava/lang/Object;[Ljava/lang/Object;)Ljava/lang/Object;' in 'jdk/internal/reflect/DirectMethodHandleAccessor')}
  0x000001803f828ba8: 48bf a0d5 | 3698 8001 | 0000 4883 | 8768 0100 

  0x000001803f828bb8: ;   {metadata(method data for {method} {0x00000180573c4898} 'checkReceiver' '(Ljava/lang/Object;)V' in 'jdk/internal/reflect/DirectMethodHandleAccessor')}
  0x000001803f828bb8: 0001 48be | 80e0 3698 | 8001 0000 | 8bbe cc00 | 0000 83c7 | 0289 becc | 0000 0081 | e7fe ff1f 
  0x000001803f828bd8: 0085 ff0f | 84da 2100 | 008b 7214 | 48c1 e603 

  0x000001803f828be8: ; implicit exception: dispatches to 0x000001803f82addc
  0x000001803f828be8: 493b 0049 

  0x000001803f828bec: ;   {metadata(method data for {method} {0x00000180573c4898} 'checkReceiver' '(Ljava/lang/Object;)V' in 'jdk/internal/reflect/DirectMethodHandleAccessor')}
  0x000001803f828bec: 8bf8 48bb | 80e0 3698 | 8001 0000 | 4883 8310 | 0100 0001 | 418b 7808 | 49ba 0000 | 0057 8001 
  0x000001803f828c0c: 0000 4903 | fa48 8b7f | 7048 8b3f 

  0x000001803f828c18: ; implicit exception: dispatches to 0x000001803f82ade1
  0x000001803f828c18: 483b 0648 

  0x000001803f828c1c: ;   {metadata(method data for {method} {0x00000180573c4898} 'checkReceiver' '(Ljava/lang/Object;)V' in 'jdk/internal/reflect/DirectMethodHandleAccessor')}
  0x000001803f828c1c: 8bde 48b8 | 80e0 3698 | 8001 0000 | 4883 8048 | 0100 0001 | 4c8b c748 

  0x000001803f828c34: ;   {optimized virtual_call}
  0x000001803f828c34: 8bd6 90e8 

  0x000001803f828c38: ; ImmutableOopMap {[176]=Oop [184]=Oop [192]=Oop }
                      ;*invokevirtual isAssignableFrom {reexecute=0 rethrow=0 return_oop=0}
                      ; - jdk.internal.reflect.DirectMethodHandleAccessor::checkReceiver@8
                      ; - jdk.internal.reflect.DirectMethodHandleAccessor::invoke@9
  0x000001803f828c38: 04c2 8e07 

  0x000001803f828c3c: ;   {other}
  0x000001803f828c3c: 0f1f 8400 | ac06 0000 

  0x000001803f828c44: ;   {metadata(method data for {method} {0x00000180573c4898} 'checkReceiver' '(Ljava/lang/Object;)V' in 'jdk/internal/reflect/DirectMethodHandleAccessor')}
  0x000001803f828c44: 85c0 48ba | 80e0 3698 | 8001 0000 | 49c7 c090 | 0100 0074 | 0749 c7c0 | 8001 0000 | 4a8b 3402 
  0x000001803f828c64: 488d 7601 | 4a89 3402 | 0f84 9f1f | 0000 488b | 9424 b000 | 0000 448b 

  0x000001803f828c7c: ;   {metadata(method data for {method} {0x000001805719def0} 'invoke' '(Ljava/lang/Object;[Ljava/lang/Object;)Ljava/lang/Object;' in 'jdk/internal/reflect/DirectMethodHandleAccessor')}
  0x000001803f828c7c: 420c 48be | a0d5 3698 | 8001 0000 | 4883 86a0 | 0100 0001 | 498b d04c | 8b84 24b8 | 0000 000f 
  0x000001803f828c9c: ;   {static_call}
  0x000001803f828c9c: 1f40 00e8 

  0x000001803f828ca0: ; ImmutableOopMap {[176]=Oop [184]=Oop [192]=Oop }
                      ;*invokestatic checkArgumentCount {reexecute=0 rethrow=0 return_oop=0}
                      ; - jdk.internal.reflect.DirectMethodHandleAccessor::invoke@17
  0x000001803f828ca0: 5c84 ffff 

  0x000001803f828ca4: ;   {other}
  0x000001803f828ca4: 0f1f 8400 | 1407 0001 | 488b 9424 | b000 0000 

  0x000001803f828cb4: ;   {metadata(method data for {method} {0x000001805719def0} 'invoke' '(Ljava/lang/Object;[Ljava/lang/Object;)Ljava/lang/Object;' in 'jdk/internal/reflect/DirectMethodHandleAccessor')}
  0x000001803f828cb4: 4c8b c249 | b9a0 d536 | 9880 0100 | 0049 8381 | b001 0000 

  0x000001803f828cc8: ;   {metadata(method data for {method} {0x00000180573c46e0} 'invokeImpl' '(Ljava/lang/Object;[Ljava/lang/Object;)Ljava/lang/Object;' in 'jdk/internal/reflect/DirectMethodHandleAccessor')}
  0x000001803f828cc8: 0149 b8d8 | d836 9880 | 0100 0045 | 8b88 cc00 | 0000 4183 | c102 4589 | 88cc 0000 | 0041 81e1 
  0x000001803f828ce8: feff 1f00 | 4585 c90f | 84f1 2000 | 0044 8b42 

  0x000001803f828cf8: ;   {metadata(method data for {method} {0x00000180573c46e0} 'invokeImpl' '(Ljava/lang/Object;[Ljava/lang/Object;)Ljava/lang/Object;' in 'jdk/internal/reflect/DirectMethodHandleAccessor')}
  0x000001803f828cf8: 0c49 b9d8 | d836 9880 | 0100 0048 | c7c7 1801 | 0000 4585 | c048 8bf7 | 48c7 c728 | 0100 0048 
  0x000001803f828d18: 0f45 fe41 | 83f8 0148 | 8bf7 48c7 | c738 0100 | 0048 0f45 | fe41 83f8 | 0248 8bf7 | 48c7 c748 
  0x000001803f828d38: 0100 0048 | 0f45 fe41 | 83f8 0348 | 8bf7 48c7 | c758 0100 | 0048 0f45 | fe49 8b34 | 3949 c7c2 
  0x000001803f828d58: 0100 0000 | 4903 f249 | 8934 3945 | 85c0 0f84 | 2616 0000 | 4183 f801 | 0f84 b40f | 0000 4183 
  0x000001803f828d78: f802 0f84 | 0a09 0000 | 4183 f803 | 0f84 1802 | 0000 4c8b | 8c24 b800 | 0000 4c8b | 8424 c000 
  0x000001803f828d98: 0000 8b72 | 1848 c1e6 | 030f 1f80 | 0000 0000 

  0x000001803f828da8: ;   {oop(a 'java/lang/invoke/MethodType'{0x00000007401f0720} = (Ljava/lang/Object;[Ljava/lang/Object;)Ljava/lang/Object;)}
  0x000001803f828da8: 48bf 2007 | 1f40 0700 | 0000 483b 

  0x000001803f828db4: ;   {metadata(method data for {method} {0x00000180573c46e0} 'invokeImpl' '(Ljava/lang/Object;[Ljava/lang/Object;)Ljava/lang/Object;' in 'jdk/internal/reflect/DirectMethodHandleAccessor')}
  0x000001803f828db4: 0648 bbd8 | d836 9880 | 0100 0048 | 8d9b 9803 | 0000 4d85 | c075 0ef6 | 4308 0175 | 50f0 4883 
  0x000001803f828dd4: 4b08 01eb | 4841 8b40 | 0849 ba00 | 0000 5780 | 0100 0049 | 03c2 4c8b | d048 3343 | 0848 a9fc 
  0x000001803f828df4: ffff ff74 | 28a8 0275 | 2448 f743 | 08fe ffff | ff74 1649 | 8bc2 4833 | 4308 48a9 | fcff ffff 
  0x000001803f828e14: 740b 4883 | 4b08 02eb | 0448 8943 | 084d 85c9 | 750e f643 | 1801 7550 | f048 834b | 1801 eb48 
  0x000001803f828e34: 418b 4108 | 49ba 0000 | 0057 8001 | 0000 4903 | c24c 8bd0 | 4833 4318 | 48a9 fcff | ffff 7428 
  0x000001803f828e54: a802 7524 | 48f7 4318 | feff ffff | 7416 498b | c248 3343 | 1848 a9fc | ffff ff74 | 0b48 834b 
  0x000001803f828e74: 1802 eb04 | 4889 4318 

  0x000001803f828e7c: ;   {metadata(method data for {method} {0x00000180573c46e0} 'invokeImpl' '(Ljava/lang/Object;[Ljava/lang/Object;)Ljava/lang/Object;' in 'jdk/internal/reflect/DirectMethodHandleAccessor')}
  0x000001803f828e7c: 488b de48 | b8d8 d836 | 9880 0100 | 008b 5b08 | 49ba 0000 | 0057 8001 | 0000 4903 | da48 3b98 
  0x000001803f828e9c: 7003 0000 | 750d 4883 | 8078 0300 | 0001 e960 | 0000 0048 | 3b98 8003 | 0000 750d | 4883 8088 
  0x000001803f828ebc: 0300 0001 | e94a 0000 | 0048 83b8 | 7003 0000 | 0075 1748 | 8998 7003 | 0000 48c7 | 8078 0300 
  0x000001803f828edc: 0001 0000 | 00e9 2900 | 0000 4883 | b880 0300 | 0000 7517 | 4889 9880 | 0300 0048 | c780 8803 
  0x000001803f828efc: 0000 0100 | 0000 e908 | 0000 0048 | 8380 6003 | 0000 0148 | 8bd6 0f1f 

  0x000001803f828f14: ;   {optimized virtual_call}
  0x000001803f828f14: 4400 00e8 

  0x000001803f828f18: ; ImmutableOopMap {[176]=Oop }
                      ;*invokevirtual invokeExact {reexecute=0 rethrow=0 return_oop=0}
                      ; - jdk.internal.reflect.DirectMethodHandleAccessor::invokeImpl@104
                      ; - jdk.internal.reflect.DirectMethodHandleAccessor::invoke@23
  0x000001803f828f18: b123 0000 

  0x000001803f828f1c: ;   {other}
  0x000001803f828f1c: 0f1f 8400 | 8c09 0002 

  0x000001803f828f24: ;   {metadata(method data for {method} {0x00000180573c46e0} 'invokeImpl' '(Ljava/lang/Object;[Ljava/lang/Object;)Ljava/lang/Object;' in 'jdk/internal/reflect/DirectMethodHandleAccessor')}
  0x000001803f828f24: 48ba d8d8 | 3698 8001 | 0000 488d | 92b8 0300 | 0048 85c0 | 750c f602 | 0175 4df0 | 4883 0a01 
  0x000001803f828f44: eb46 8b70 | 0849 ba00 | 0000 5780 | 0100 0049 | 03f2 4c8b | d648 3332 | 48f7 c6fc | ffff ff74 
  0x000001803f828f64: 2740 f6c6 | 0275 2148 | f702 feff | ffff 7415 | 498b f248 | 3332 48f7 | c6fc ffff | ff74 0948 
  0x000001803f828f84: 830a 02eb | 0348 8932 | 4881 c460 | 0100 005d 

  0x000001803f828f94: ;   {poll_return}
  0x000001803f828f94: 493b a748 | 0400 000f | 8784 1e00 | 00c3 4c8b | 8c24 b800 | 0000 4c8b | 8424 c000 | 0000 8b72 
  0x000001803f828fb4: 1848 c1e6 | 0348 89b4 | 24d0 0000 | 0041 8379 | 0c00 0f86 | 791e 0000 | 418b 7910 | 48c1 e703 
  0x000001803f828fd4: 4889 bc24 | c800 0000 | 4183 790c | 010f 8670 | 1e00 0041 | 8b59 1448 | c1e3 0348 | 899c 24d8 
  0x000001803f828ff4: 0000 0041 | 8379 0c02 | 0f86 671e | 0000 418b | 4118 48c1 | e003 4889 | 8424 e000 

  0x000001803f829010: ;   {metadata(method data for {method} {0x00000180573c46e0} 'invokeImpl' '(Ljava/lang/Object;[Ljava/lang/Object;)Ljava/lang/Object;' in 'jdk/internal/reflect/DirectMethodHandleAccessor')}
  0x000001803f829010: 0000 48b9 | d8d8 3698 | 8001 0000 | 488d 8918 | 0300 004d | 85c0 750e | f641 0801 | 7554 f048 
  0x000001803f829030: 8349 0801 | eb4c 458b | 4808 49ba | 0000 0057 | 8001 0000 | 4d03 ca4d | 8bd1 4c33 | 4908 49f7 
  0x000001803f829050: c1fc ffff | ff74 2b41 | f6c1 0275 | 2548 f741 | 08fe ffff | ff74 174d | 8bca 4c33 | 4908 49f7 
  0x000001803f829070: c1fc ffff | ff74 0b48 | 8349 0802 | eb04 4c89 

  0x000001803f829080: ;   {metadata(method data for {method} {0x000001809842b6b8} 'invokeExact_MT' '(Ljava/lang/Object;Ljava/lang/Object;Ljava/lang/Object;Ljava/lang/Object;Ljava/lang/Object;Ljava/lang/Object;)Ljava/lang/Object;' in 'java/lang/invoke/LambdaForm$MH+0x000001805800f400')}
  0x000001803f829080: 4908 48b9 | 00e8 5d98 | 8001 0000 | 488d 89c8 | 0200 0048 | 85f6 750c | f601 0175 | 4ef0 4883 
  0x000001803f8290a0: 0901 eb47 | 448b 4e08 | 49ba 0000 | 0057 8001 | 0000 4d03 | ca4d 8bd1 | 4c33 0949 | f7c1 fcff 
  0x000001803f8290c0: ffff 7427 | 41f6 c102 | 7521 48f7 | 01fe ffff | ff74 154d | 8bca 4c33 | 0949 f7c1 | fcff ffff 
  0x000001803f8290e0: 7409 4883 | 0902 eb03 | 4c89 094d | 85c0 750e | f641 1001 | 7554 f048 | 8349 1001 | eb4c 458b 
  0x000001803f829100: 4808 49ba | 0000 0057 | 8001 0000 | 4d03 ca4d | 8bd1 4c33 | 4910 49f7 | c1fc ffff | ff74 2b41 
  0x000001803f829120: f6c1 0275 | 2548 f741 | 10fe ffff | ff74 174d | 8bca 4c33 | 4910 49f7 | c1fc ffff | ff74 0b48 
  0x000001803f829140: 8349 1002 | eb04 4c89 

  0x000001803f829148: ;   {metadata(method data for {method} {0x00000180573c46e0} 'invokeImpl' '(Ljava/lang/Object;[Ljava/lang/Object;)Ljava/lang/Object;' in 'jdk/internal/reflect/DirectMethodHandleAccessor')}
  0x000001803f829148: 4910 48b9 | d8d8 3698 | 8001 0000 | 4883 81e0 | 0200 0001 

  0x000001803f82915c: ;   {metadata(method data for {method} {0x000001809842b6b8} 'invokeExact_MT' '(Ljava/lang/Object;Ljava/lang/Object;Ljava/lang/Object;Ljava/lang/Object;Ljava/lang/Object;Ljava/lang/Object;)Ljava/lang/Object;' in 'java/lang/invoke/LambdaForm$MH+0x000001805800f400')}
  0x000001803f82915c: 48b9 00e8 | 5d98 8001 | 0000 448b | 89cc 0000 | 0041 83c1 | 0244 8989 | cc00 0000 | 4181 e1fe 
  0x000001803f82917c: ff1f 0045 | 85c9 0f84 | f31c 0000 

  0x000001803f829188: ;   {metadata(method data for {method} {0x000001809842b6b8} 'invokeExact_MT' '(Ljava/lang/Object;Ljava/lang/Object;Ljava/lang/Object;Ljava/lang/Object;Ljava/lang/Object;Ljava/lang/Object;)Ljava/lang/Object;' in 'java/lang/invoke/LambdaForm$MH+0x000001805800f400')}
  0x000001803f829188: 48b9 00e8 | 5d98 8001 | 0000 488d | 8990 0100 | 0048 85f6 | 750e f641 | 0801 7554 | f048 8349 
  0x000001803f8291a8: 0801 eb4c | 448b 4e08 | 49ba 0000 | 0057 8001 | 0000 4d03 | ca4d 8bd1 | 4c33 4908 | 49f7 c1fc 
  0x000001803f8291c8: ffff ff74 | 2b41 f6c1 | 0275 2548 | f741 08fe | ffff ff74 | 174d 8bca | 4c33 4908 | 49f7 c1fc 
  0x000001803f8291e8: ffff ff74 | 0b48 8349 | 0802 eb04 | 4c89 4908 

  0x000001803f8291f8: ;   {oop(a 'java/lang/invoke/MethodType'{0x00000007401f07e8} = (Ljava/lang/Object;Ljava/lang/Object;Ljava/lang/Object;Ljava/lang/Object;)Ljava/lang/Object;)}
  0x000001803f8291f8: 49b9 e807 | 1f40 0700 | 0000 4d85 | c975 0cf6 | 4118 0175 | 06f0 4883 

  0x000001803f829210: ;   {metadata(method data for {method} {0x000001809842b6b8} 'invokeExact_MT' '(Ljava/lang/Object;Ljava/lang/Object;Ljava/lang/Object;Ljava/lang/Object;Ljava/lang/Object;Ljava/lang/Object;)Ljava/lang/Object;' in 'java/lang/invoke/LambdaForm$MH+0x000001805800f400')}
  0x000001803f829210: 4918 0148 | b900 e85d | 9880 0100 | 0048 8381 | 8001 0000 

  0x000001803f829224: ;   {metadata(method data for {method} {0x00000180573d94e0} 'checkExactType' '(Ljava/lang/invoke/MethodHandle;Ljava/lang/invoke/MethodType;)V' in 'java/lang/invoke/Invokers')}
  0x000001803f829224: 0148 b978 | 6d2a 9880 | 0100 0044 | 8b99 cc00 | 0000 4183 | c302 4489 | 99cc 0000 | 0041 81e3 
  0x000001803f829244: feff 1f00 | 4585 db0f | 844b 1c00 | 0048 3b06 

  0x000001803f829254: ;   {metadata(method data for {method} {0x00000180573d94e0} 'checkExactType' '(Ljava/lang/invoke/MethodHandle;Ljava/lang/invoke/MethodType;)V' in 'java/lang/invoke/Invokers')}
  0x000001803f829254: 488b ce49 | bb78 6d2a | 9880 0100 | 008b 4908 | 49ba 0000 | 0057 8001 | 0000 4903 | ca49 3b8b 
  0x000001803f829274: 2001 0000 | 750d 4983 | 8328 0100 | 0001 e960 | 0000 0049 | 3b8b 3001 | 0000 750d | 4983 8338 
  0x000001803f829294: 0100 0001 | e94a 0000 | 0049 83bb | 2001 0000 | 0075 1749 | 898b 2001 | 0000 49c7 | 8328 0100 
  0x000001803f8292b4: 0001 0000 | 00e9 2900 | 0000 4983 | bb30 0100 | 0000 7517 | 4989 8b30 | 0100 0049 | c783 3801 
  0x000001803f8292d4: 0000 0100 | 0000 e908 | 0000 0049 | 8383 1001 | 0000 018b | 4e10 48c1 | e103 493b 

  0x000001803f8292f0: ;   {metadata(method data for {method} {0x00000180573d94e0} 'checkExactType' '(Ljava/lang/invoke/MethodHandle;Ljava/lang/invoke/MethodType;)V' in 'java/lang/invoke/Invokers')}
  0x000001803f8292f0: c949 b978 | 6d2a 9880 | 0100 0049 | c7c3 5801 | 0000 7507 | 49c7 c348 | 0100 004f | 8b2c 194d 
  0x000001803f829310: 8d6d 014f | 892c 190f | 8592 1400 

  0x000001803f82931c: ;   {metadata(method data for {method} {0x000001809842b6b8} 'invokeExact_MT' '(Ljava/lang/Object;Ljava/lang/Object;Ljava/lang/Object;Ljava/lang/Object;Ljava/lang/Object;Ljava/lang/Object;)Ljava/lang/Object;' in 'java/lang/invoke/LambdaForm$MH+0x000001805800f400')}
  0x000001803f82931c: 0048 b900 | e85d 9880 | 0100 0048 | 8d89 c801 | 0000 448b | 4e08 49ba | 0000 0057 | 8001 0000 
  0x000001803f82933c: 4d03 ca4d | 8bd1 4c33 | 4908 49f7 | c1fc ffff | ff74 2b41 | f6c1 0275 | 2548 f741 | 08fe ffff 
  0x000001803f82935c: ff74 174d | 8bca 4c33 | 4908 49f7 | c1fc ffff | ff74 0b48 | 8349 0802 | eb04 4c89 

  0x000001803f829378: ;   {metadata(method data for {method} {0x000001809842b6b8} 'invokeExact_MT' '(Ljava/lang/Object;Ljava/lang/Object;Ljava/lang/Object;Ljava/lang/Object;Ljava/lang/Object;Ljava/lang/Object;)Ljava/lang/Object;' in 'java/lang/invoke/LambdaForm$MH+0x000001805800f400')}
  0x000001803f829378: 4908 48b9 | 00e8 5d98 | 8001 0000 | 4883 81b8 | 0100 0001 

  0x000001803f82938c: ;   {metadata(method data for {method} {0x00000180573d93d8} 'checkCustomized' '(Ljava/lang/invoke/MethodHandle;)V' in 'java/lang/invoke/Invokers')}
  0x000001803f82938c: 48b9 a06a | 2a98 8001 | 0000 448b | 89cc 0000 | 0041 83c1 | 0244 8989 | cc00 0000 | 4181 e1fe 
  0x000001803f8293ac: ff1f 0045 | 85c9 0f84 | 0a1b 0000 

  0x000001803f8293b8: ;   {metadata(method data for {method} {0x00000180573d93d8} 'checkCustomized' '(Ljava/lang/invoke/MethodHandle;)V' in 'java/lang/invoke/Invokers')}
  0x000001803f8293b8: 48b9 a06a | 2a98 8001 | 0000 4883 | 8110 0100 

  0x000001803f8293c8: ;   {metadata(method data for {method} {0x0000018057095ff0} 'isCompileConstant' '(Ljava/lang/Object;)Z' in 'java/lang/invoke/MethodHandleImpl')}
  0x000001803f8293c8: 0001 48b9 | 506c 2a98 | 8001 0000 | 448b 89cc | 0000 0041 | 83c1 0244 | 8989 cc00 | 0000 4181 
  0x000001803f8293e8: e1fe ff1f | 0045 85c9 | 0f84 ed1a 

  0x000001803f8293f4: ;   {metadata(method data for {method} {0x00000180573d93d8} 'checkCustomized' '(Ljava/lang/invoke/MethodHandle;)V' in 'java/lang/invoke/Invokers')}
  0x000001803f8293f4: 0000 48b9 | a06a 2a98 | 8001 0000 | ff81 2001 | 0000 8b4e | 1448 c1e1 | 038b 491c | 48c1 e103 
  0x000001803f829414: ;   {metadata(method data for {method} {0x00000180573d93d8} 'checkCustomized' '(Ljava/lang/invoke/MethodHandle;)V' in 'java/lang/invoke/Invokers')}
  0x000001803f829414: 4885 c948 | b9a0 6a2a | 9880 0100 | 0049 c7c1 | 4001 0000 | 7507 49c7 | c150 0100 | 004e 8b1c 
  0x000001803f829434: 094d 8d5b | 014e 891c | 090f 8529 

  0x000001803f829440: ;   {metadata(method data for {method} {0x00000180573d93d8} 'checkCustomized' '(Ljava/lang/invoke/MethodHandle;)V' in 'java/lang/invoke/Invokers')}
  0x000001803f829440: 0000 0048 | b9a0 6a2a | 9880 0100 | 0048 8381 | 6001 0000 | 0148 8bd6 | 0f1f 8000 

  0x000001803f82945c: ;   {static_call}
  0x000001803f82945c: 0000 00e8 

  0x000001803f829460: ; ImmutableOopMap {[176]=Oop [192]=Oop [200]=Oop [208]=Oop [216]=Oop [224]=Oop }
                      ;*invokestatic maybeCustomize {reexecute=0 rethrow=0 return_oop=0}
                      ; - java.lang.invoke.Invokers::checkCustomized@19
                      ; - java.lang.invoke.LambdaForm$MH/0x000001805800f400::invokeExact_MT@15
                      ; - jdk.internal.reflect.DirectMethodHandleAccessor::invokeImpl@92
                      ; - jdk.internal.reflect.DirectMethodHandleAccessor::invoke@23
  0x000001803f829460: 1c5c 1d07 

  0x000001803f829464: ;   {other}
  0x000001803f829464: 0f1f 8400 | d40e 0003 | 488b bc24 | c800 0000 | 4c8b 8424 | c000 0000 

  0x000001803f82947c: ;   {metadata(method data for {method} {0x000001809842b6b8} 'invokeExact_MT' '(Ljava/lang/Object;Ljava/lang/Object;Ljava/lang/Object;Ljava/lang/Object;Ljava/lang/Object;Ljava/lang/Object;)Ljava/lang/Object;' in 'java/lang/invoke/LambdaForm$MH+0x000001805800f400')}
  0x000001803f82947c: 49b9 00e8 | 5d98 8001 | 0000 4d8d | 8918 0200 | 004d 85c0 | 750f 41f6 | 4108 0175 | 54f0 4983 
  0x000001803f82949c: 4908 01eb | 4c41 8b70 | 0849 ba00 | 0000 5780 | 0100 0049 | 03f2 4c8b | d649 3371 | 0848 f7c6 
  0x000001803f8294bc: fcff ffff | 742b 40f6 | c602 7525 | 49f7 4108 | feff ffff | 7417 498b | f249 3371 | 0848 f7c6 
  0x000001803f8294dc: fcff ffff | 740b 4983 | 4908 02eb | 0449 8971 | 0848 85ff | 750f 41f6 | 4118 0175 | 53f0 4983 
  0x000001803f8294fc: 4918 01eb | 4b8b 7708 | 49ba 0000 | 0057 8001 | 0000 4903 | f24c 8bd6 | 4933 7118 | 48f7 c6fc 
  0x000001803f82951c: ffff ff74 | 2b40 f6c6 | 0275 2549 | f741 18fe | ffff ff74 | 1749 8bf2 | 4933 7118 | 48f7 c6fc 
  0x000001803f82953c: ffff ff74 | 0b49 8349 | 1802 eb04 | 4989 7118 | 488b b424 | d000 0000 

  0x000001803f829554: ;   {metadata(method data for {method} {0x000001809842b6b8} 'invokeExact_MT' '(Ljava/lang/Object;Ljava/lang/Object;Ljava/lang/Object;Ljava/lang/Object;Ljava/lang/Object;Ljava/lang/Object;)Ljava/lang/Object;' in 'java/lang/invoke/LambdaForm$MH+0x000001805800f400')}
  0x000001803f829554: 49b9 00e8 | 5d98 8001 | 0000 4983 | 81e0 0100 | 0001 4c8b | cf48 8bbc | 24d8 0000 | 0048 8bb4 
  0x000001803f829574: 24e0 0000 | 0048 8b94 | 24d0 0000 | 0066 0f1f 

  0x000001803f829584: ;   {optimized virtual_call}
  0x000001803f829584: 4400 00e8 

  0x000001803f829588: ; ImmutableOopMap {[176]=Oop }
                      ;*invokevirtual invokeBasic {reexecute=0 rethrow=0 return_oop=0}
                      ; - java.lang.invoke.LambdaForm$MH/0x000001805800f400::invokeExact_MT@24
                      ; - jdk.internal.reflect.DirectMethodHandleAccessor::invokeImpl@92
                      ; - jdk.internal.reflect.DirectMethodHandleAccessor::invoke@23
  0x000001803f829588: 74f2 8e07 

  0x000001803f82958c: ;   {other}
  0x000001803f82958c: 0f1f 8400 | fc0f 0004 

  0x000001803f829594: ;   {metadata(method data for {method} {0x000001809842b6b8} 'invokeExact_MT' '(Ljava/lang/Object;Ljava/lang/Object;Ljava/lang/Object;Ljava/lang/Object;Ljava/lang/Object;Ljava/lang/Object;)Ljava/lang/Object;' in 'java/lang/invoke/LambdaForm$MH+0x000001805800f400')}
  0x000001803f829594: 48ba 00e8 | 5d98 8001 | 0000 488d | 9238 0200 | 0048 85c0 | 750c f602 | 0175 4df0 | 4883 0a01 
  0x000001803f8295b4: eb46 8b70 | 0849 ba00 | 0000 5780 | 0100 0049 | 03f2 4c8b | d648 3332 | 48f7 c6fc | ffff ff74 
  0x000001803f8295d4: 2740 f6c6 | 0275 2148 | f702 feff | ffff 7415 | 498b f248 | 3332 48f7 | c6fc ffff | ff74 0948 
  0x000001803f8295f4: 830a 02eb | 0348 8932 

  0x000001803f8295fc: ;   {metadata(method data for {method} {0x00000180573c46e0} 'invokeImpl' '(Ljava/lang/Object;[Ljava/lang/Object;)Ljava/lang/Object;' in 'jdk/internal/reflect/DirectMethodHandleAccessor')}
  0x000001803f8295fc: 48ba d8d8 | 3698 8001 | 0000 488d | 9238 0300 | 0048 85c0 | 750c f602 | 0175 4df0 | 4883 0a01 
  0x000001803f82961c: eb46 8b70 | 0849 ba00 | 0000 5780 | 0100 0049 | 03f2 4c8b | d648 3332 | 48f7 c6fc | ffff ff74 
  0x000001803f82963c: 2740 f6c6 | 0275 2148 | f702 feff | ffff 7415 | 498b f248 | 3332 48f7 | c6fc ffff | ff74 0948 
  0x000001803f82965c: 830a 02eb | 0348 8932 

  0x000001803f829664: ;   {metadata(method data for {method} {0x00000180573c46e0} 'invokeImpl' '(Ljava/lang/Object;[Ljava/lang/Object;)Ljava/lang/Object;' in 'jdk/internal/reflect/DirectMethodHandleAccessor')}
  0x000001803f829664: 48ba d8d8 | 3698 8001 | 0000 ff82 | 4803 0000 | 4881 c460 | 0100 005d 

  0x000001803f82967c: ;   {poll_return}
  0x000001803f82967c: 493b a748 | 0400 000f | 8780 1800 | 00c3 4c8b | 8c24 b800 | 0000 4c8b | 8424 c000 | 0000 8b72 
  0x000001803f82969c: 1848 c1e6 | 0348 89b4 | 24f0 0000 | 0041 8379 | 0c00 0f86 | 7518 0000 | 418b 7910 | 48c1 e703 
  0x000001803f8296bc: 4889 bc24 | e800 0000 | 4183 790c | 010f 866c | 1800 0041 | 8b59 1448 | c1e3 0348 | 899c 24f8 
  0x000001803f8296dc: ;   {metadata(method data for {method} {0x00000180573c46e0} 'invokeImpl' '(Ljava/lang/Object;[Ljava/lang/Object;)Ljava/lang/Object;' in 'jdk/internal/reflect/DirectMethodHandleAccessor')}
  0x000001803f8296dc: 0000 0048 | b8d8 d836 | 9880 0100 | 0048 8d80 | 9802 0000 | 4d85 c075 | 0ef6 4008 | 0175 53f0 
  0x000001803f8296fc: 4883 4808 | 01eb 4b41 | 8b48 0849 | ba00 0000 | 5780 0100 | 0049 03ca | 4c8b d148 | 3348 0848 
  0x000001803f82971c: f7c1 fcff | ffff 742a | f6c1 0275 | 2548 f740 | 08fe ffff | ff74 1749 | 8bca 4833 | 4808 48f7 
  0x000001803f82973c: c1fc ffff | ff74 0b48 | 8348 0802 | eb04 4889 

  0x000001803f82974c: ;   {metadata(method data for {method} {0x0000018098455ab8} 'invokeExact_MT' '(Ljava/lang/Object;Ljava/lang/Object;Ljava/lang/Object;Ljava/lang/Object;Ljava/lang/Object;)Ljava/lang/Object;' in 'java/lang/invoke/LambdaForm$MH+0x000001805801cc00')}
  0x000001803f82974c: 4808 48b8 | 185d 4598 | 8001 0000 | 488d 80c0 | 0200 0048 | 85f6 750c | f600 0175 | 4cf0 4883 
  0x000001803f82976c: 0801 eb45 | 8b4e 0849 | ba00 0000 | 5780 0100 | 0049 03ca | 4c8b d148 | 3308 48f7 | c1fc ffff 
  0x000001803f82978c: ff74 26f6 | c102 7521 | 48f7 00fe | ffff ff74 | 1549 8bca | 4833 0848 | f7c1 fcff | ffff 7409 
  0x000001803f8297ac: 4883 0802 | eb03 4889 | 084d 85c0 | 750e f640 | 1001 7553 | f048 8348 | 1001 eb4b | 418b 4808 
  0x000001803f8297cc: 49ba 0000 | 0057 8001 | 0000 4903 | ca4c 8bd1 | 4833 4810 | 48f7 c1fc | ffff ff74 | 2af6 c102 
  0x000001803f8297ec: 7525 48f7 | 4010 feff | ffff 7417 | 498b ca48 | 3348 1048 | f7c1 fcff | ffff 740b | 4883 4810 
  0x000001803f82980c: 02eb 0448 

  0x000001803f829810: ;   {metadata(method data for {method} {0x00000180573c46e0} 'invokeImpl' '(Ljava/lang/Object;[Ljava/lang/Object;)Ljava/lang/Object;' in 'jdk/internal/reflect/DirectMethodHandleAccessor')}
  0x000001803f829810: 8948 1048 | b8d8 d836 | 9880 0100 | 0048 8380 | 6002 0000 

  0x000001803f829824: ;   {metadata(method data for {method} {0x0000018098455ab8} 'invokeExact_MT' '(Ljava/lang/Object;Ljava/lang/Object;Ljava/lang/Object;Ljava/lang/Object;Ljava/lang/Object;)Ljava/lang/Object;' in 'java/lang/invoke/LambdaForm$MH+0x000001805801cc00')}
  0x000001803f829824: 0148 b818 | 5d45 9880 | 0100 008b | 88cc 0000 | 0083 c102 | 8988 cc00 | 0000 81e1 | feff 1f00 
  0x000001803f829844: 85c9 0f84 | 0117 0000 

  0x000001803f82984c: ;   {metadata(method data for {method} {0x0000018098455ab8} 'invokeExact_MT' '(Ljava/lang/Object;Ljava/lang/Object;Ljava/lang/Object;Ljava/lang/Object;Ljava/lang/Object;)Ljava/lang/Object;' in 'java/lang/invoke/LambdaForm$MH+0x000001805801cc00')}
  0x000001803f82984c: 48b8 185d | 4598 8001 | 0000 488d | 8090 0100 | 0048 85f6 | 750e f640 | 0801 7552 | f048 8348 
  0x000001803f82986c: 0801 eb4a | 8b4e 0849 | ba00 0000 | 5780 0100 | 0049 03ca | 4c8b d148 | 3348 0848 | f7c1 fcff 
  0x000001803f82988c: ffff 742a | f6c1 0275 | 2548 f740 | 08fe ffff | ff74 1749 | 8bca 4833 | 4808 48f7 | c1fc ffff 
  0x000001803f8298ac: ff74 0b48 | 8348 0802 | eb04 4889 

  0x000001803f8298b8: ;   {oop(a 'java/lang/invoke/MethodType'{0x00000007401fa4d0} = (Ljava/lang/Object;Ljava/lang/Object;Ljava/lang/Object;)Ljava/lang/Object;)}
  0x000001803f8298b8: 4808 48b9 | d0a4 1f40 | 0700 0000 | 4885 c975 | 0cf6 4018 | 0175 06f0 | 4883 4818 

  0x000001803f8298d4: ;   {metadata(method data for {method} {0x0000018098455ab8} 'invokeExact_MT' '(Ljava/lang/Object;Ljava/lang/Object;Ljava/lang/Object;Ljava/lang/Object;Ljava/lang/Object;)Ljava/lang/Object;' in 'java/lang/invoke/LambdaForm$MH+0x000001805801cc00')}
  0x000001803f8298d4: 0148 b818 | 5d45 9880 | 0100 0048 | 8380 8001 

  0x000001803f8298e4: ;   {metadata(method data for {method} {0x00000180573d94e0} 'checkExactType' '(Ljava/lang/invoke/MethodHandle;Ljava/lang/invoke/MethodType;)V' in 'java/lang/invoke/Invokers')}
  0x000001803f8298e4: 0000 0148 | b878 6d2a | 9880 0100 | 0044 8b88 | cc00 0000 | 4183 c102 | 4489 88cc | 0000 0041 
  0x000001803f829904: 81e1 feff | 1f00 4585 | c90f 845b | 1600 0048 | 3b06 488b 

  0x000001803f829918: ;   {metadata(method data for {method} {0x00000180573d94e0} 'checkExactType' '(Ljava/lang/invoke/MethodHandle;Ljava/lang/invoke/MethodType;)V' in 'java/lang/invoke/Invokers')}
  0x000001803f829918: c649 b978 | 6d2a 9880 | 0100 008b | 4008 49ba | 0000 0057 | 8001 0000 | 4903 c249 | 3b81 2001 
  0x000001803f829938: 0000 750d | 4983 8128 | 0100 0001 | e960 0000 | 0049 3b81 | 3001 0000 | 750d 4983 | 8138 0100 
  0x000001803f829958: 0001 e94a | 0000 0049 | 83b9 2001 | 0000 0075 | 1749 8981 | 2001 0000 | 49c7 8128 | 0100 0001 
  0x000001803f829978: 0000 00e9 | 2900 0000 | 4983 b930 | 0100 0000 | 7517 4989 | 8130 0100 | 0049 c781 | 3801 0000 
  0x000001803f829998: 0100 0000 | e908 0000 | 0049 8381 | 1001 0000 | 018b 4610 | 48c1 e003 

  0x000001803f8299b0: ;   {metadata(method data for {method} {0x00000180573d94e0} 'checkExactType' '(Ljava/lang/invoke/MethodHandle;Ljava/lang/invoke/MethodType;)V' in 'java/lang/invoke/Invokers')}
  0x000001803f8299b0: 483b c148 | b978 6d2a | 9880 0100 | 0049 c7c1 | 5801 0000 | 7507 49c7 | c148 0100 | 004e 8b1c 
  0x000001803f8299d0: 094d 8d5b | 014e 891c | 090f 8590 

  0x000001803f8299dc: ;   {metadata(method data for {method} {0x0000018098455ab8} 'invokeExact_MT' '(Ljava/lang/Object;Ljava/lang/Object;Ljava/lang/Object;Ljava/lang/Object;Ljava/lang/Object;)Ljava/lang/Object;' in 'java/lang/invoke/LambdaForm$MH+0x000001805801cc00')}
  0x000001803f8299dc: 0d00 0048 | b818 5d45 | 9880 0100 | 0048 8d80 | c801 0000 | 8b4e 0849 | ba00 0000 | 5780 0100 
  0x000001803f8299fc: 0049 03ca | 4c8b d148 | 3348 0848 | f7c1 fcff | ffff 742a | f6c1 0275 | 2548 f740 | 08fe ffff 
  0x000001803f829a1c: ff74 1749 | 8bca 4833 | 4808 48f7 | c1fc ffff | ff74 0b48 | 8348 0802 | eb04 4889 

  0x000001803f829a38: ;   {metadata(method data for {method} {0x0000018098455ab8} 'invokeExact_MT' '(Ljava/lang/Object;Ljava/lang/Object;Ljava/lang/Object;Ljava/lang/Object;Ljava/lang/Object;)Ljava/lang/Object;' in 'java/lang/invoke/LambdaForm$MH+0x000001805801cc00')}
  0x000001803f829a38: 4808 48b8 | 185d 4598 | 8001 0000 | 4883 80b8 | 0100 0001 

  0x000001803f829a4c: ;   {metadata(method data for {method} {0x00000180573d93d8} 'checkCustomized' '(Ljava/lang/invoke/MethodHandle;)V' in 'java/lang/invoke/Invokers')}
  0x000001803f829a4c: 48b8 a06a | 2a98 8001 | 0000 8b88 | cc00 0000 | 83c1 0289 | 88cc 0000 | 0081 e1fe | ff1f 0085 
  0x000001803f829a6c: c90f 8421 

  0x000001803f829a70: ;   {metadata(method data for {method} {0x00000180573d93d8} 'checkCustomized' '(Ljava/lang/invoke/MethodHandle;)V' in 'java/lang/invoke/Invokers')}
  0x000001803f829a70: 1500 0048 | b8a0 6a2a | 9880 0100 | 0048 8380 | 1001 0000 

  0x000001803f829a84: ;   {metadata(method data for {method} {0x0000018057095ff0} 'isCompileConstant' '(Ljava/lang/Object;)Z' in 'java/lang/invoke/MethodHandleImpl')}
  0x000001803f829a84: 0148 b850 | 6c2a 9880 | 0100 008b | 88cc 0000 | 0083 c102 | 8988 cc00 | 0000 81e1 | feff 1f00 
  0x000001803f829aa4: 85c9 0f84 | 0915 0000 

  0x000001803f829aac: ;   {metadata(method data for {method} {0x00000180573d93d8} 'checkCustomized' '(Ljava/lang/invoke/MethodHandle;)V' in 'java/lang/invoke/Invokers')}
  0x000001803f829aac: 48b8 a06a | 2a98 8001 | 0000 ff80 | 2001 0000 | 8b46 1448 | c1e0 038b | 401c 48c1 | e003 4885 
  0x000001803f829acc: ;   {metadata(method data for {method} {0x00000180573d93d8} 'checkCustomized' '(Ljava/lang/invoke/MethodHandle;)V' in 'java/lang/invoke/Invokers')}
  0x000001803f829acc: c048 b8a0 | 6a2a 9880 | 0100 0048 | c7c1 4001 | 0000 7507 | 48c7 c150 | 0100 004c | 8b0c 084d 
  0x000001803f829aec: 8d49 014c | 890c 080f | 8523 0000 

  0x000001803f829af8: ;   {metadata(method data for {method} {0x00000180573d93d8} 'checkCustomized' '(Ljava/lang/invoke/MethodHandle;)V' in 'java/lang/invoke/Invokers')}
  0x000001803f829af8: 0048 b8a0 | 6a2a 9880 | 0100 0048 | 8380 6001 | 0000 0148 

  0x000001803f829b0c: ;   {static_call}
  0x000001803f829b0c: 8bd6 90e8 

  0x000001803f829b10: ; ImmutableOopMap {[176]=Oop [192]=Oop [232]=Oop [240]=Oop [248]=Oop }
                      ;*invokestatic maybeCustomize {reexecute=0 rethrow=0 return_oop=0}
                      ; - java.lang.invoke.Invokers::checkCustomized@19
                      ; - java.lang.invoke.LambdaForm$MH/0x000001805801cc00::invokeExact_MT@15
                      ; - jdk.internal.reflect.DirectMethodHandleAccessor::invokeImpl@72
                      ; - jdk.internal.reflect.DirectMethodHandleAccessor::invoke@23
  0x000001803f829b10: 6c55 1d07 

  0x000001803f829b14: ;   {other}
  0x000001803f829b14: 0f1f 8400 | 8415 0005 | 488b bc24 | e800 0000 | 4c8b 8424 | c000 0000 

  0x000001803f829b2c: ;   {metadata(method data for {method} {0x0000018098455ab8} 'invokeExact_MT' '(Ljava/lang/Object;Ljava/lang/Object;Ljava/lang/Object;Ljava/lang/Object;Ljava/lang/Object;)Ljava/lang/Object;' in 'java/lang/invoke/LambdaForm$MH+0x000001805801cc00')}
  0x000001803f829b2c: 49b9 185d | 4598 8001 | 0000 4d8d | 8918 0200 | 004d 85c0 | 750f 41f6 | 4108 0175 | 53f0 4983 
  0x000001803f829b4c: 4908 01eb | 4b41 8b50 | 0849 ba00 | 0000 5780 | 0100 0049 | 03d2 4c8b | d249 3351 | 0848 f7c2 
  0x000001803f829b6c: fcff ffff | 742a f6c2 | 0275 2549 | f741 08fe | ffff ff74 | 1749 8bd2 | 4933 5108 | 48f7 c2fc 
  0x000001803f829b8c: ffff ff74 | 0b49 8349 | 0802 eb04 | 4989 5108 | 4885 ff75 | 0f41 f641 | 1801 7552 | f049 8349 
  0x000001803f829bac: 1801 eb4a | 8b57 0849 | ba00 0000 | 5780 0100 | 0049 03d2 | 4c8b d249 | 3351 1848 | f7c2 fcff 
  0x000001803f829bcc: ffff 742a | f6c2 0275 | 2549 f741 | 18fe ffff | ff74 1749 | 8bd2 4933 | 5118 48f7 | c2fc ffff 
  0x000001803f829bec: ff74 0b49 | 8349 1802 | eb04 4989 | 5118 488b | b424 f000 

  0x000001803f829c00: ;   {metadata(method data for {method} {0x0000018098455ab8} 'invokeExact_MT' '(Ljava/lang/Object;Ljava/lang/Object;Ljava/lang/Object;Ljava/lang/Object;Ljava/lang/Object;)Ljava/lang/Object;' in 'java/lang/invoke/LambdaForm$MH+0x000001805801cc00')}
  0x000001803f829c00: 0000 49b9 | 185d 4598 | 8001 0000 | 4983 81e0 | 0100 0001 | 4c8b cf48 | 8bbc 24f8 | 0000 0048 
  0x000001803f829c20: 8b94 24f0 

  0x000001803f829c24: ;   {optimized virtual_call}
  0x000001803f829c24: 0000 00e8 

  0x000001803f829c28: ; ImmutableOopMap {[176]=Oop }
                      ;*invokevirtual invokeBasic {reexecute=0 rethrow=0 return_oop=0}
                      ; - java.lang.invoke.LambdaForm$MH/0x000001805801cc00::invokeExact_MT@22
                      ; - jdk.internal.reflect.DirectMethodHandleAccessor::invokeImpl@72
                      ; - jdk.internal.reflect.DirectMethodHandleAccessor::invoke@23
  0x000001803f829c28: d4ab 8e07 

  0x000001803f829c2c: ;   {other}
  0x000001803f829c2c: 0f1f 8400 | 9c16 0006 

  0x000001803f829c34: ;   {metadata(method data for {method} {0x0000018098455ab8} 'invokeExact_MT' '(Ljava/lang/Object;Ljava/lang/Object;Ljava/lang/Object;Ljava/lang/Object;Ljava/lang/Object;)Ljava/lang/Object;' in 'java/lang/invoke/LambdaForm$MH+0x000001805801cc00')}
  0x000001803f829c34: 48ba 185d | 4598 8001 | 0000 488d | 9238 0200 | 0048 85c0 | 750c f602 | 0175 4df0 | 4883 0a01 
  0x000001803f829c54: eb46 8b70 | 0849 ba00 | 0000 5780 | 0100 0049 | 03f2 4c8b | d648 3332 | 48f7 c6fc | ffff ff74 
  0x000001803f829c74: 2740 f6c6 | 0275 2148 | f702 feff | ffff 7415 | 498b f248 | 3332 48f7 | c6fc ffff | ff74 0948 
  0x000001803f829c94: 830a 02eb | 0348 8932 

  0x000001803f829c9c: ;   {metadata(method data for {method} {0x00000180573c46e0} 'invokeImpl' '(Ljava/lang/Object;[Ljava/lang/Object;)Ljava/lang/Object;' in 'jdk/internal/reflect/DirectMethodHandleAccessor')}
  0x000001803f829c9c: 48ba d8d8 | 3698 8001 | 0000 488d | 92b8 0200 | 0048 85c0 | 750c f602 | 0175 4df0 | 4883 0a01 
  0x000001803f829cbc: eb46 8b70 | 0849 ba00 | 0000 5780 | 0100 0049 | 03f2 4c8b | d648 3332 | 48f7 c6fc | ffff ff74 
  0x000001803f829cdc: 2740 f6c6 | 0275 2148 | f702 feff | ffff 7415 | 498b f248 | 3332 48f7 | c6fc ffff | ff74 0948 
  0x000001803f829cfc: 830a 02eb | 0348 8932 

  0x000001803f829d04: ;   {metadata(method data for {method} {0x00000180573c46e0} 'invokeImpl' '(Ljava/lang/Object;[Ljava/lang/Object;)Ljava/lang/Object;' in 'jdk/internal/reflect/DirectMethodHandleAccessor')}
  0x000001803f829d04: 48ba d8d8 | 3698 8001 | 0000 ff82 | c802 0000 | 4881 c460 | 0100 005d 

  0x000001803f829d1c: ;   {poll_return}
  0x000001803f829d1c: 493b a748 | 0400 000f | 87b2 1200 | 00c3 4c8b | 8c24 b800 | 0000 4c8b | 8424 c000 | 0000 8b72 
  0x000001803f829d3c: 1848 c1e6 | 0348 89b4 | 2408 0100 | 0041 8379 | 0c00 0f86 | a712 0000 | 418b 7910 | 48c1 e703 
  0x000001803f829d5c: 4889 bc24 | 0001 0000 

  0x000001803f829d64: ;   {metadata(method data for {method} {0x00000180573c46e0} 'invokeImpl' '(Ljava/lang/Object;[Ljava/lang/Object;)Ljava/lang/Object;' in 'jdk/internal/reflect/DirectMethodHandleAccessor')}
  0x000001803f829d64: 48bb d8d8 | 3698 8001 | 0000 488d | 9b18 0200 | 004d 85c0 | 750e f643 | 0801 7550 | f048 834b 
  0x000001803f829d84: 0801 eb48 | 418b 4008 | 49ba 0000 | 0057 8001 | 0000 4903 | c24c 8bd0 | 4833 4308 | 48a9 fcff 
  0x000001803f829da4: ffff 7428 | a802 7524 | 48f7 4308 | feff ffff | 7416 498b | c248 3343 | 0848 a9fc | ffff ff74 
  0x000001803f829dc4: 0b48 834b | 0802 eb04 | 4889 4308 

  0x000001803f829dd0: ;   {metadata(method data for {method} {0x00000180570b0158} 'invokeExact_MT' '(Ljava/lang/Object;Ljava/lang/Object;Ljava/lang/Object;Ljava/lang/Object;)Ljava/lang/Object;' in 'java/lang/invoke/Invokers$Holder')}
  0x000001803f829dd0: 48bb e027 | 3298 8001 | 0000 488d | 9bb8 0200 | 0048 85f6 | 750c f603 | 0175 49f0 | 4883 0b01 
  0x000001803f829df0: eb42 8b46 | 0849 ba00 | 0000 5780 | 0100 0049 | 03c2 4c8b | d048 3303 | 48a9 fcff | ffff 7424 
  0x000001803f829e10: a802 7520 | 48f7 03fe | ffff ff74 | 1449 8bc2 | 4833 0348 | a9fc ffff | ff74 0948 | 830b 02eb 
  0x000001803f829e30: 0348 8903 | 4d85 c075 | 0ef6 4310 | 0175 50f0 | 4883 4b10 | 01eb 4841 | 8b40 0849 | ba00 0000 
  0x000001803f829e50: 5780 0100 | 0049 03c2 | 4c8b d048 | 3343 1048 | a9fc ffff | ff74 28a8 | 0275 2448 | f743 10fe 
  0x000001803f829e70: ffff ff74 | 1649 8bc2 | 4833 4310 | 48a9 fcff | ffff 740b | 4883 4b10 | 02eb 0448 

  0x000001803f829e8c: ;   {metadata(method data for {method} {0x00000180573c46e0} 'invokeImpl' '(Ljava/lang/Object;[Ljava/lang/Object;)Ljava/lang/Object;' in 'jdk/internal/reflect/DirectMethodHandleAccessor')}
  0x000001803f829e8c: 8943 1048 | bbd8 d836 | 9880 0100 | 0048 8383 | e001 0000 

  0x000001803f829ea0: ;   {metadata(method data for {method} {0x00000180570b0158} 'invokeExact_MT' '(Ljava/lang/Object;Ljava/lang/Object;Ljava/lang/Object;Ljava/lang/Object;)Ljava/lang/Object;' in 'java/lang/invoke/Invokers$Holder')}
  0x000001803f829ea0: 0148 bbe0 | 2732 9880 | 0100 008b | 83cc 0000 | 0083 c002 | 8983 cc00 | 0000 25fe | ff1f 0085 
  0x000001803f829ec0: c00f 8446 

  0x000001803f829ec4: ;   {metadata(method data for {method} {0x00000180570b0158} 'invokeExact_MT' '(Ljava/lang/Object;Ljava/lang/Object;Ljava/lang/Object;Ljava/lang/Object;)Ljava/lang/Object;' in 'java/lang/invoke/Invokers$Holder')}
  0x000001803f829ec4: 1100 0048 | bbe0 2732 | 9880 0100 | 0048 8d9b | 9001 0000 | 4885 f675 | 0ef6 4308 | 0175 4ff0 
  0x000001803f829ee4: 4883 4b08 | 01eb 478b | 4608 49ba | 0000 0057 | 8001 0000 | 4903 c24c | 8bd0 4833 | 4308 48a9 
  0x000001803f829f04: fcff ffff | 7428 a802 | 7524 48f7 | 4308 feff | ffff 7416 | 498b c248 | 3343 0848 | a9fc ffff 
  0x000001803f829f24: ff74 0b48 | 834b 0802 | eb04 4889 

  0x000001803f829f30: ;   {oop(a 'java/lang/invoke/MethodType'{0x00000007401f7d48} = (Ljava/lang/Object;Ljava/lang/Object;)Ljava/lang/Object;)}
  0x000001803f829f30: 4308 48b8 | 487d 1f40 | 0700 0000 | 4885 c075 | 0cf6 4318 | 0175 06f0 | 4883 4b18 

  0x000001803f829f4c: ;   {metadata(method data for {method} {0x00000180570b0158} 'invokeExact_MT' '(Ljava/lang/Object;Ljava/lang/Object;Ljava/lang/Object;Ljava/lang/Object;)Ljava/lang/Object;' in 'java/lang/invoke/Invokers$Holder')}
  0x000001803f829f4c: 0148 bbe0 | 2732 9880 | 0100 0048 | 8383 8001 

  0x000001803f829f5c: ;   {metadata(method data for {method} {0x00000180573d94e0} 'checkExactType' '(Ljava/lang/invoke/MethodHandle;Ljava/lang/invoke/MethodType;)V' in 'java/lang/invoke/Invokers')}
  0x000001803f829f5c: 0000 0148 | bb78 6d2a | 9880 0100 | 008b 8bcc | 0000 0083 | c102 898b | cc00 0000 | 81e1 feff 
  0x000001803f829f7c: 1f00 85c9 | 0f84 a810 | 0000 483b | 0648 8bde 

  0x000001803f829f8c: ;   {metadata(method data for {method} {0x00000180573d94e0} 'checkExactType' '(Ljava/lang/invoke/MethodHandle;Ljava/lang/invoke/MethodType;)V' in 'java/lang/invoke/Invokers')}
  0x000001803f829f8c: 48b9 786d | 2a98 8001 | 0000 8b5b | 0849 ba00 | 0000 5780 | 0100 0049 | 03da 483b | 9920 0100 
  0x000001803f829fac: 0075 0d48 | 8381 2801 | 0000 01e9 | 6000 0000 | 483b 9930 | 0100 0075 | 0d48 8381 | 3801 0000 
  0x000001803f829fcc: 01e9 4a00 | 0000 4883 | b920 0100 | 0000 7517 | 4889 9920 | 0100 0048 | c781 2801 | 0000 0100 
  0x000001803f829fec: 0000 e929 | 0000 0048 | 83b9 3001 | 0000 0075 | 1748 8999 | 3001 0000 | 48c7 8138 | 0100 0001 
  0x000001803f82a00c: 0000 00e9 | 0800 0000 | 4883 8110 | 0100 0001 | 8b5e 1048 | c1e3 0348 

  0x000001803f82a024: ;   {metadata(method data for {method} {0x00000180573d94e0} 'checkExactType' '(Ljava/lang/invoke/MethodHandle;Ljava/lang/invoke/MethodType;)V' in 'java/lang/invoke/Invokers')}
  0x000001803f82a024: 3bd8 48b8 | 786d 2a98 | 8001 0000 | 48c7 c158 | 0100 0075 | 0748 c7c1 | 4801 0000 | 4c8b 0c08 
  0x000001803f82a044: 4d8d 4901 | 4c89 0c08 | 0f85 dd06 

  0x000001803f82a050: ;   {metadata(method data for {method} {0x00000180570b0158} 'invokeExact_MT' '(Ljava/lang/Object;Ljava/lang/Object;Ljava/lang/Object;Ljava/lang/Object;)Ljava/lang/Object;' in 'java/lang/invoke/Invokers$Holder')}
  0x000001803f82a050: 0000 48bb | e027 3298 | 8001 0000 | 488d 9bc8 | 0100 008b | 4608 49ba | 0000 0057 | 8001 0000 
  0x000001803f82a070: 4903 c24c | 8bd0 4833 | 4308 48a9 | fcff ffff | 7428 a802 | 7524 48f7 | 4308 feff | ffff 7416 
  0x000001803f82a090: 498b c248 | 3343 0848 | a9fc ffff | ff74 0b48 | 834b 0802 | eb04 4889 

  0x000001803f82a0a8: ;   {metadata(method data for {method} {0x00000180570b0158} 'invokeExact_MT' '(Ljava/lang/Object;Ljava/lang/Object;Ljava/lang/Object;Ljava/lang/Object;)Ljava/lang/Object;' in 'java/lang/invoke/Invokers$Holder')}
  0x000001803f82a0a8: 4308 48bb | e027 3298 | 8001 0000 | 4883 83b8 | 0100 0001 

  0x000001803f82a0bc: ;   {metadata(method data for {method} {0x00000180573d93d8} 'checkCustomized' '(Ljava/lang/invoke/MethodHandle;)V' in 'java/lang/invoke/Invokers')}
  0x000001803f82a0bc: 48bb a06a | 2a98 8001 | 0000 8b83 | cc00 0000 | 83c0 0289 | 83cc 0000 | 0025 feff | 1f00 85c0 
  0x000001803f82a0dc: 0f84 720f 

  0x000001803f82a0e0: ;   {metadata(method data for {method} {0x00000180573d93d8} 'checkCustomized' '(Ljava/lang/invoke/MethodHandle;)V' in 'java/lang/invoke/Invokers')}
  0x000001803f82a0e0: 0000 48bb | a06a 2a98 | 8001 0000 | 4883 8310 | 0100 0001 

  0x000001803f82a0f4: ;   {metadata(method data for {method} {0x0000018057095ff0} 'isCompileConstant' '(Ljava/lang/Object;)Z' in 'java/lang/invoke/MethodHandleImpl')}
  0x000001803f82a0f4: 48bb 506c | 2a98 8001 | 0000 8b83 | cc00 0000 | 83c0 0289 | 83cc 0000 | 0025 feff | 1f00 85c0 
  0x000001803f82a114: 0f84 5b0f 

  0x000001803f82a118: ;   {metadata(method data for {method} {0x00000180573d93d8} 'checkCustomized' '(Ljava/lang/invoke/MethodHandle;)V' in 'java/lang/invoke/Invokers')}
  0x000001803f82a118: 0000 48bb | a06a 2a98 | 8001 0000 | ff83 2001 | 0000 8b5e | 1448 c1e3 | 038b 5b1c | 48c1 e303 
  0x000001803f82a138: ;   {metadata(method data for {method} {0x00000180573d93d8} 'checkCustomized' '(Ljava/lang/invoke/MethodHandle;)V' in 'java/lang/invoke/Invokers')}
  0x000001803f82a138: 4885 db48 | bba0 6a2a | 9880 0100 | 0048 c7c0 | 4001 0000 | 7507 48c7 | c050 0100 | 0048 8b0c 
  0x000001803f82a158: 0348 8d49 | 0148 890c | 030f 8525 

  0x000001803f82a164: ;   {metadata(method data for {method} {0x00000180573d93d8} 'checkCustomized' '(Ljava/lang/invoke/MethodHandle;)V' in 'java/lang/invoke/Invokers')}
  0x000001803f82a164: 0000 0048 | bba0 6a2a | 9880 0100 | 0048 8383 | 6001 0000 | 0148 8bd6 

  0x000001803f82a17c: ;   {static_call}
  0x000001803f82a17c: 6666 90e8 

  0x000001803f82a180: ; ImmutableOopMap {[176]=Oop [192]=Oop [256]=Oop [264]=Oop }
                      ;*invokestatic maybeCustomize {reexecute=0 rethrow=0 return_oop=0}
                      ; - java.lang.invoke.Invokers::checkCustomized@19
                      ; - java.lang.invoke.Invokers$Holder::invokeExact_MT@14
                      ; - jdk.internal.reflect.DirectMethodHandleAccessor::invokeImpl@55
                      ; - jdk.internal.reflect.DirectMethodHandleAccessor::invoke@23
  0x000001803f82a180: fc4e 1d07 

  0x000001803f82a184: ;   {other}
  0x000001803f82a184: 0f1f 8400 | f41b 0007 | 488b bc24 | 0001 0000 | 4c8b 8424 | c000 0000 

  0x000001803f82a19c: ;   {metadata(method data for {method} {0x00000180570b0158} 'invokeExact_MT' '(Ljava/lang/Object;Ljava/lang/Object;Ljava/lang/Object;Ljava/lang/Object;)Ljava/lang/Object;' in 'java/lang/invoke/Invokers$Holder')}
  0x000001803f82a19c: 49b9 e027 | 3298 8001 | 0000 4d8d | 8918 0200 | 004d 85c0 | 750f 41f6 | 4108 0175 | 53f0 4983 
  0x000001803f82a1bc: 4908 01eb | 4b41 8b50 | 0849 ba00 | 0000 5780 | 0100 0049 | 03d2 4c8b | d249 3351 | 0848 f7c2 
  0x000001803f82a1dc: fcff ffff | 742a f6c2 | 0275 2549 | f741 08fe | ffff ff74 | 1749 8bd2 | 4933 5108 | 48f7 c2fc 
  0x000001803f82a1fc: ffff ff74 | 0b49 8349 | 0802 eb04 | 4989 5108 | 4885 ff75 | 0f41 f641 | 1801 7552 | f049 8349 
  0x000001803f82a21c: 1801 eb4a | 8b57 0849 | ba00 0000 | 5780 0100 | 0049 03d2 | 4c8b d249 | 3351 1848 | f7c2 fcff 
  0x000001803f82a23c: ffff 742a | f6c2 0275 | 2549 f741 | 18fe ffff | ff74 1749 | 8bd2 4933 | 5118 48f7 | c2fc ffff 
  0x000001803f82a25c: ff74 0b49 | 8349 1802 | eb04 4989 | 5118 488b | b424 0801 

  0x000001803f82a270: ;   {metadata(method data for {method} {0x00000180570b0158} 'invokeExact_MT' '(Ljava/lang/Object;Ljava/lang/Object;Ljava/lang/Object;Ljava/lang/Object;)Ljava/lang/Object;' in 'java/lang/invoke/Invokers$Holder')}
  0x000001803f82a270: 0000 49b9 | e027 3298 | 8001 0000 | 4983 81e0 | 0100 0001 | 4c8b cf48 | 8b94 2408 

  0x000001803f82a28c: ;   {optimized virtual_call}
  0x000001803f82a28c: 0100 00e8 

  0x000001803f82a290: ; ImmutableOopMap {[176]=Oop }
                      ;*invokevirtual invokeBasic {reexecute=0 rethrow=0 return_oop=0}
                      ; - java.lang.invoke.Invokers$Holder::invokeExact_MT@20
                      ; - jdk.internal.reflect.DirectMethodHandleAccessor::invokeImpl@55
                      ; - jdk.internal.reflect.DirectMethodHandleAccessor::invoke@23
  0x000001803f82a290: 6c4f 8f07 

  0x000001803f82a294: ;   {other}
  0x000001803f82a294: 0f1f 8400 | 041d 0008 

  0x000001803f82a29c: ;   {metadata(method data for {method} {0x00000180570b0158} 'invokeExact_MT' '(Ljava/lang/Object;Ljava/lang/Object;Ljava/lang/Object;Ljava/lang/Object;)Ljava/lang/Object;' in 'java/lang/invoke/Invokers$Holder')}
  0x000001803f82a29c: 48ba e027 | 3298 8001 | 0000 488d | 9238 0200 | 0048 85c0 | 750c f602 | 0175 4df0 | 4883 0a01 
  0x000001803f82a2bc: eb46 8b70 | 0849 ba00 | 0000 5780 | 0100 0049 | 03f2 4c8b | d648 3332 | 48f7 c6fc | ffff ff74 
  0x000001803f82a2dc: 2740 f6c6 | 0275 2148 | f702 feff | ffff 7415 | 498b f248 | 3332 48f7 | c6fc ffff | ff74 0948 
  0x000001803f82a2fc: 830a 02eb | 0348 8932 

  0x000001803f82a304: ;   {metadata(method data for {method} {0x00000180573c46e0} 'invokeImpl' '(Ljava/lang/Object;[Ljava/lang/Object;)Ljava/lang/Object;' in 'jdk/internal/reflect/DirectMethodHandleAccessor')}
  0x000001803f82a304: 48ba d8d8 | 3698 8001 | 0000 488d | 9238 0200 | 0048 85c0 | 750c f602 | 0175 4df0 | 4883 0a01 
  0x000001803f82a324: eb46 8b70 | 0849 ba00 | 0000 5780 | 0100 0049 | 03f2 4c8b | d648 3332 | 48f7 c6fc | ffff ff74 
  0x000001803f82a344: 2740 f6c6 | 0275 2148 | f702 feff | ffff 7415 | 498b f248 | 3332 48f7 | c6fc ffff | ff74 0948 
  0x000001803f82a364: 830a 02eb | 0348 8932 

  0x000001803f82a36c: ;   {metadata(method data for {method} {0x00000180573c46e0} 'invokeImpl' '(Ljava/lang/Object;[Ljava/lang/Object;)Ljava/lang/Object;' in 'jdk/internal/reflect/DirectMethodHandleAccessor')}
  0x000001803f82a36c: 48ba d8d8 | 3698 8001 | 0000 ff82 | 4802 0000 | 4881 c460 | 0100 005d 

  0x000001803f82a384: ;   {poll_return}
  0x000001803f82a384: 493b a748 | 0400 000f | 870a 0d00 | 00c3 4c8b | 8424 c000 | 0000 8b72 | 1848 c1e6 | 0348 89b4 
  0x000001803f82a3a4: 2410 0100 

  0x000001803f82a3a8: ;   {metadata(method data for {method} {0x00000180573c46e0} 'invokeImpl' '(Ljava/lang/Object;[Ljava/lang/Object;)Ljava/lang/Object;' in 'jdk/internal/reflect/DirectMethodHandleAccessor')}
  0x000001803f82a3a8: 0048 bfd8 | d836 9880 | 0100 0048 | 8dbf a801 | 0000 4d85 | c075 0cf6 | 4708 0175 | 06f0 4883 
  0x000001803f82a3c8: ;   {metadata(method data for {method} {0x00000180570b0208} 'invokeExact_MT' '(Ljava/lang/Object;Ljava/lang/Object;Ljava/lang/Object;)Ljava/lang/Object;' in 'java/lang/invoke/Invokers$Holder')}
  0x000001803f82a3c8: 4f08 0148 | bf28 2532 | 9880 0100 | 0048 8dbf | a002 0000 | 4885 f675 | 0af6 0701 | 7505 f048 
  0x000001803f82a3e8: ;   {metadata(method data for {method} {0x00000180573c46e0} 'invokeImpl' '(Ljava/lang/Object;[Ljava/lang/Object;)Ljava/lang/Object;' in 'jdk/internal/reflect/DirectMethodHandleAccessor')}
  0x000001803f82a3e8: 830f 0148 | bfd8 d836 | 9880 0100 | 0048 8387 | 7001 0000 

  0x000001803f82a3fc: ;   {metadata(method data for {method} {0x00000180570b0208} 'invokeExact_MT' '(Ljava/lang/Object;Ljava/lang/Object;Ljava/lang/Object;)Ljava/lang/Object;' in 'java/lang/invoke/Invokers$Holder')}
  0x000001803f82a3fc: 0148 bf28 | 2532 9880 | 0100 008b | 9fcc 0000 | 0083 c302 | 899f cc00 | 0000 81e3 | feff 1f00 
  0x000001803f82a41c: 85db 0f84 | 8d0c 0000 

  0x000001803f82a424: ;   {metadata(method data for {method} {0x00000180570b0208} 'invokeExact_MT' '(Ljava/lang/Object;Ljava/lang/Object;Ljava/lang/Object;)Ljava/lang/Object;' in 'java/lang/invoke/Invokers$Holder')}
  0x000001803f82a424: 48bf 2825 | 3298 8001 | 0000 488d | bf90 0100 | 0048 85f6 | 750c f647 | 0801 7506 | f048 834f 
  0x000001803f82a444: ;   {oop(a 'java/lang/invoke/MethodType'{0x00000007401f7c30} = (Ljava/lang/Object;)Ljava/lang/Object;)}
  0x000001803f82a444: 0801 48bb | 307c 1f40 | 0700 0000 | 4885 db75 | 0cf6 4718 | 0175 06f0 | 4883 4f18 

  0x000001803f82a460: ;   {metadata(method data for {method} {0x00000180570b0208} 'invokeExact_MT' '(Ljava/lang/Object;Ljava/lang/Object;Ljava/lang/Object;)Ljava/lang/Object;' in 'java/lang/invoke/Invokers$Holder')}
  0x000001803f82a460: 0148 bf28 | 2532 9880 | 0100 0048 | 8387 8001 

  0x000001803f82a470: ;   {metadata(method data for {method} {0x00000180573d94e0} 'checkExactType' '(Ljava/lang/invoke/MethodHandle;Ljava/lang/invoke/MethodType;)V' in 'java/lang/invoke/Invokers')}
  0x000001803f82a470: 0000 0148 | bf78 6d2a | 9880 0100 | 008b 87cc | 0000 0083 | c002 8987 | cc00 0000 | 25fe ff1f 
  0x000001803f82a490: 0085 c00f | 8439 0c00 | 0048 3b06 

  0x000001803f82a49c: ;   {metadata(method data for {method} {0x00000180573d94e0} 'checkExactType' '(Ljava/lang/invoke/MethodHandle;Ljava/lang/invoke/MethodType;)V' in 'java/lang/invoke/Invokers')}
  0x000001803f82a49c: 488b fe48 | b878 6d2a | 9880 0100 | 008b 7f08 | 49ba 0000 | 0057 8001 | 0000 4903 | fa48 3bb8 
  0x000001803f82a4bc: 2001 0000 | 750d 4883 | 8028 0100 | 0001 e960 | 0000 0048 | 3bb8 3001 | 0000 750d | 4883 8038 
  0x000001803f82a4dc: 0100 0001 | e94a 0000 | 0048 83b8 | 2001 0000 | 0075 1748 | 89b8 2001 | 0000 48c7 | 8028 0100 
  0x000001803f82a4fc: 0001 0000 | 00e9 2900 | 0000 4883 | b830 0100 | 0000 7517 | 4889 b830 | 0100 0048 | c780 3801 
  0x000001803f82a51c: 0000 0100 | 0000 e908 | 0000 0048 | 8380 1001 | 0000 018b | 7e10 48c1 | e703 483b 

  0x000001803f82a538: ;   {metadata(method data for {method} {0x00000180573d94e0} 'checkExactType' '(Ljava/lang/invoke/MethodHandle;Ljava/lang/invoke/MethodType;)V' in 'java/lang/invoke/Invokers')}
  0x000001803f82a538: fb48 bb78 | 6d2a 9880 | 0100 0048 | c7c0 5801 | 0000 7507 | 48c7 c048 | 0100 0048 | 8b0c 0348 
  0x000001803f82a558: 8d49 0148 | 890c 030f | 8585 0100 

  0x000001803f82a564: ;   {metadata(method data for {method} {0x00000180570b0208} 'invokeExact_MT' '(Ljava/lang/Object;Ljava/lang/Object;Ljava/lang/Object;)Ljava/lang/Object;' in 'java/lang/invoke/Invokers$Holder')}
  0x000001803f82a564: 0048 bf28 | 2532 9880 | 0100 0048 | 8387 b801 

  0x000001803f82a574: ;   {metadata(method data for {method} {0x00000180573d93d8} 'checkCustomized' '(Ljava/lang/invoke/MethodHandle;)V' in 'java/lang/invoke/Invokers')}
  0x000001803f82a574: 0000 0148 | bfa0 6a2a | 9880 0100 | 008b 9fcc | 0000 0083 | c302 899f | cc00 0000 | 81e3 feff 
  0x000001803f82a594: 1f00 85db | 0f84 5a0b 

  0x000001803f82a59c: ;   {metadata(method data for {method} {0x00000180573d93d8} 'checkCustomized' '(Ljava/lang/invoke/MethodHandle;)V' in 'java/lang/invoke/Invokers')}
  0x000001803f82a59c: 0000 48bf | a06a 2a98 | 8001 0000 | 4883 8710 | 0100 0001 

  0x000001803f82a5b0: ;   {metadata(method data for {method} {0x0000018057095ff0} 'isCompileConstant' '(Ljava/lang/Object;)Z' in 'java/lang/invoke/MethodHandleImpl')}
  0x000001803f82a5b0: 48bf 506c | 2a98 8001 | 0000 8b9f | cc00 0000 | 83c3 0289 | 9fcc 0000 | 0081 e3fe | ff1f 0085 
  0x000001803f82a5d0: db0f 8442 

  0x000001803f82a5d4: ;   {metadata(method data for {method} {0x00000180573d93d8} 'checkCustomized' '(Ljava/lang/invoke/MethodHandle;)V' in 'java/lang/invoke/Invokers')}
  0x000001803f82a5d4: 0b00 0048 | bfa0 6a2a | 9880 0100 | 00ff 8720 | 0100 008b | 7e14 48c1 | e703 8b7f | 1c48 c1e7 
  0x000001803f82a5f4: 0348 85ff 

  0x000001803f82a5f8: ;   {metadata(method data for {method} {0x00000180573d93d8} 'checkCustomized' '(Ljava/lang/invoke/MethodHandle;)V' in 'java/lang/invoke/Invokers')}
  0x000001803f82a5f8: 48bf a06a | 2a98 8001 | 0000 48c7 | c340 0100 | 0075 0748 | c7c3 5001 | 0000 488b | 041f 488d 
  0x000001803f82a618: 4001 4889 | 041f 0f85 | 2800 0000 

  0x000001803f82a624: ;   {metadata(method data for {method} {0x00000180573d93d8} 'checkCustomized' '(Ljava/lang/invoke/MethodHandle;)V' in 'java/lang/invoke/Invokers')}
  0x000001803f82a624: 48bf a06a | 2a98 8001 | 0000 4883 | 8760 0100 | 0001 488b | d666 0f1f 

  0x000001803f82a63c: ;   {static_call}
  0x000001803f82a63c: 4400 00e8 

  0x000001803f82a640: ; ImmutableOopMap {[176]=Oop [192]=Oop [272]=Oop }
                      ;*invokestatic maybeCustomize {reexecute=0 rethrow=0 return_oop=0}
                      ; - java.lang.invoke.Invokers::checkCustomized@19
                      ; - java.lang.invoke.Invokers$Holder::invokeExact_MT@14
                      ; - jdk.internal.reflect.DirectMethodHandleAccessor::invokeImpl@41
                      ; - jdk.internal.reflect.DirectMethodHandleAccessor::invoke@23
  0x000001803f82a640: 5c30 aa07 

  0x000001803f82a644: ;   {other}
  0x000001803f82a644: 0f1f 8400 | b420 0009 | 488b b424 | 1001 0000 

  0x000001803f82a654: ;   {metadata(method data for {method} {0x00000180570b0208} 'invokeExact_MT' '(Ljava/lang/Object;Ljava/lang/Object;Ljava/lang/Object;)Ljava/lang/Object;' in 'java/lang/invoke/Invokers$Holder')}
  0x000001803f82a654: 49b8 2825 | 3298 8001 | 0000 4983 | 80e0 0100 | 0001 4c8b | 8424 c000 | 0000 488b | 9424 1001 
  0x000001803f82a674: ;   {optimized virtual_call}
  0x000001803f82a674: 0000 90e8 

  0x000001803f82a678: ; ImmutableOopMap {[176]=Oop }
                      ;*invokevirtual invokeBasic {reexecute=0 rethrow=0 return_oop=0}
                      ; - java.lang.invoke.Invokers$Holder::invokeExact_MT@19
                      ; - jdk.internal.reflect.DirectMethodHandleAccessor::invokeImpl@41
                      ; - jdk.internal.reflect.DirectMethodHandleAccessor::invoke@23
  0x000001803f82a678: 8495 8d07 

  0x000001803f82a67c: ;   {other}
  0x000001803f82a67c: 0f1f 8400 | ec20 000a 

  0x000001803f82a684: ;   {metadata(method data for {method} {0x00000180570b0208} 'invokeExact_MT' '(Ljava/lang/Object;Ljava/lang/Object;Ljava/lang/Object;)Ljava/lang/Object;' in 'java/lang/invoke/Invokers$Holder')}
  0x000001803f82a684: 48ba 2825 | 3298 8001 | 0000 488d | 9228 0200 | 0048 85c0 | 750a f602 | 0175 05f0 | 4883 0a01 
  0x000001803f82a6a4: ;   {metadata(method data for {method} {0x00000180573c46e0} 'invokeImpl' '(Ljava/lang/Object;[Ljava/lang/Object;)Ljava/lang/Object;' in 'jdk/internal/reflect/DirectMethodHandleAccessor')}
  0x000001803f82a6a4: 48ba d8d8 | 3698 8001 | 0000 488d | 92b8 0100 | 0048 85c0 | 750a f602 | 0175 05f0 | 4883 0a01 
  0x000001803f82a6c4: ;   {metadata(method data for {method} {0x00000180573c46e0} 'invokeImpl' '(Ljava/lang/Object;[Ljava/lang/Object;)Ljava/lang/Object;' in 'jdk/internal/reflect/DirectMethodHandleAccessor')}
  0x000001803f82a6c4: 48ba d8d8 | 3698 8001 | 0000 ff82 | c801 0000 | 4881 c460 | 0100 005d 

  0x000001803f82a6dc: ;   {poll_return}
  0x000001803f82a6dc: 493b a748 | 0400 000f | 8756 0a00 

  0x000001803f82a6e8: ;   {metadata(method data for {method} {0x00000180573d94e0} 'checkExactType' '(Ljava/lang/invoke/MethodHandle;Ljava/lang/invoke/MethodType;)V' in 'java/lang/invoke/Invokers')}
  0x000001803f82a6e8: 00c3 48ba | 786d 2a98 | 8001 0000 | 4883 8268 | 0100 0001 

  0x000001803f82a6fc: ;   {oop(a 'java/lang/invoke/MethodType'{0x00000007401f7c30} = (Ljava/lang/Object;)Ljava/lang/Object;)}
  0x000001803f82a6fc: 49b8 307c | 1f40 0700 | 0000 488b | d766 0f1f 

  0x000001803f82a70c: ;   {static_call}
  0x000001803f82a70c: 4400 00e8 

  0x000001803f82a710: ; ImmutableOopMap {[176]=Oop [192]=Oop [272]=Oop }
                      ;*invokestatic newWrongMethodTypeException {reexecute=0 rethrow=0 return_oop=0}
                      ; - java.lang.invoke.Invokers::checkExactType@12
                      ; - java.lang.invoke.Invokers$Holder::invokeExact_MT@10
                      ; - jdk.internal.reflect.DirectMethodHandleAccessor::invokeImpl@41
                      ; - jdk.internal.reflect.DirectMethodHandleAccessor::invoke@23
  0x000001803f82a710: 6c49 1d07 

  0x000001803f82a714: ;   {other}
  0x000001803f82a714: 0f1f 8400 | 8421 000b 

  0x000001803f82a71c: ; implicit exception: dispatches to 0x000001803f82b155
                      ; ImmutableOopMap {rax=Oop [176]=Oop [192]=Oop [272]=Oop }
                      ;*athrow {reexecute=1 rethrow=0 return_oop=0}
                      ; - (reexecute) java.lang.invoke.Invokers::checkExactType@15
                      ; - java.lang.invoke.Invokers$Holder::invokeExact_MT@10
                      ; - jdk.internal.reflect.DirectMethodHandleAccessor::invokeImpl@41
                      ; - jdk.internal.reflect.DirectMethodHandleAccessor::invoke@23
                      ;   {section_word}
  0x000001803f82a71c: 483b 0048 | ba1f a782 | 3f80 0100 

  0x000001803f82a728: ;   {runtime_call handle_exception_nofpu Runtime1 stub}
  0x000001803f82a728: 00e8 52b0 

  0x000001803f82a72c: ;   {metadata(method data for {method} {0x00000180573d94e0} 'checkExactType' '(Ljava/lang/invoke/MethodHandle;Ljava/lang/invoke/MethodType;)V' in 'java/lang/invoke/Invokers')}
  0x000001803f82a72c: 2907 9048 | ba78 6d2a | 9880 0100 | 0048 8382 | 6801 0000 

  0x000001803f82a740: ;   {oop(a 'java/lang/invoke/MethodType'{0x00000007401f7d48} = (Ljava/lang/Object;Ljava/lang/Object;)Ljava/lang/Object;)}
  0x000001803f82a740: 0149 b848 | 7d1f 4007 | 0000 0048 

  0x000001803f82a74c: ;   {static_call}
  0x000001803f82a74c: 8bd3 90e8 

  0x000001803f82a750: ; ImmutableOopMap {[176]=Oop [192]=Oop [256]=Oop [264]=Oop }
                      ;*invokestatic newWrongMethodTypeException {reexecute=0 rethrow=0 return_oop=0}
                      ; - java.lang.invoke.Invokers::checkExactType@12
                      ; - java.lang.invoke.Invokers$Holder::invokeExact_MT@10
                      ; - jdk.internal.reflect.DirectMethodHandleAccessor::invokeImpl@55
                      ; - jdk.internal.reflect.DirectMethodHandleAccessor::invoke@23
  0x000001803f82a750: 2c49 1d07 

  0x000001803f82a754: ;   {other}
  0x000001803f82a754: 0f1f 8400 | c421 000d 

  0x000001803f82a75c: ; implicit exception: dispatches to 0x000001803f82b15a
                      ; ImmutableOopMap {rax=Oop [176]=Oop [192]=Oop [256]=Oop [264]=Oop }
                      ;*athrow {reexecute=1 rethrow=0 return_oop=0}
                      ; - (reexecute) java.lang.invoke.Invokers::checkExactType@15
                      ; - java.lang.invoke.Invokers$Holder::invokeExact_MT@10
                      ; - jdk.internal.reflect.DirectMethodHandleAccessor::invokeImpl@55
                      ; - jdk.internal.reflect.DirectMethodHandleAccessor::invoke@23
                      ;   {section_word}
  0x000001803f82a75c: 483b 0048 | ba5f a782 | 3f80 0100 

  0x000001803f82a768: ;   {runtime_call handle_exception_nofpu Runtime1 stub}
  0x000001803f82a768: 00e8 12b0 

  0x000001803f82a76c: ;   {metadata(method data for {method} {0x00000180573d94e0} 'checkExactType' '(Ljava/lang/invoke/MethodHandle;Ljava/lang/invoke/MethodType;)V' in 'java/lang/invoke/Invokers')}
  0x000001803f82a76c: 2907 9048 | ba78 6d2a | 9880 0100 | 0048 8382 | 6801 0000 

  0x000001803f82a780: ;   {oop(a 'java/lang/invoke/MethodType'{0x00000007401fa4d0} = (Ljava/lang/Object;Ljava/lang/Object;Ljava/lang/Object;)Ljava/lang/Object;)}
  0x000001803f82a780: 0149 b8d0 | a41f 4007 | 0000 0048 

  0x000001803f82a78c: ;   {static_call}
  0x000001803f82a78c: 8bd0 90e8 

  0x000001803f82a790: ; ImmutableOopMap {[176]=Oop [192]=Oop [232]=Oop [240]=Oop [248]=Oop }
                      ;*invokestatic newWrongMethodTypeException {reexecute=0 rethrow=0 return_oop=0}
                      ; - java.lang.invoke.Invokers::checkExactType@12
                      ; - java.lang.invoke.LambdaForm$MH/0x000001805801cc00::invokeExact_MT@11
                      ; - jdk.internal.reflect.DirectMethodHandleAccessor::invokeImpl@72
                      ; - jdk.internal.reflect.DirectMethodHandleAccessor::invoke@23
  0x000001803f82a790: ec48 1d07 

  0x000001803f82a794: ;   {other}
  0x000001803f82a794: 0f1f 8400 | 0422 000f 

  0x000001803f82a79c: ; implicit exception: dispatches to 0x000001803f82b15f
                      ; ImmutableOopMap {rax=Oop [176]=Oop [192]=Oop [232]=Oop [240]=Oop [248]=Oop }
                      ;*athrow {reexecute=1 rethrow=0 return_oop=0}
                      ; - (reexecute) java.lang.invoke.Invokers::checkExactType@15
                      ; - java.lang.invoke.LambdaForm$MH/0x000001805801cc00::invokeExact_MT@11
                      ; - jdk.internal.reflect.DirectMethodHandleAccessor::invokeImpl@72
                      ; - jdk.internal.reflect.DirectMethodHandleAccessor::invoke@23
                      ;   {section_word}
  0x000001803f82a79c: 483b 0048 | ba9f a782 | 3f80 0100 

  0x000001803f82a7a8: ;   {runtime_call handle_exception_nofpu Runtime1 stub}
  0x000001803f82a7a8: 00e8 d2af 

  0x000001803f82a7ac: ;   {metadata(method data for {method} {0x00000180573d94e0} 'checkExactType' '(Ljava/lang/invoke/MethodHandle;Ljava/lang/invoke/MethodType;)V' in 'java/lang/invoke/Invokers')}
  0x000001803f82a7ac: 2907 9048 | ba78 6d2a | 9880 0100 | 0048 8382 | 6801 0000 

  0x000001803f82a7c0: ;   {oop(a 'java/lang/invoke/MethodType'{0x00000007401f07e8} = (Ljava/lang/Object;Ljava/lang/Object;Ljava/lang/Object;Ljava/lang/Object;)Ljava/lang/Object;)}
  0x000001803f82a7c0: 0149 b8e8 | 071f 4007 | 0000 0048 

  0x000001803f82a7cc: ;   {static_call}
  0x000001803f82a7cc: 8bd1 90e8 

  0x000001803f82a7d0: ; ImmutableOopMap {[176]=Oop [192]=Oop [200]=Oop [208]=Oop [216]=Oop [224]=Oop }
                      ;*invokestatic newWrongMethodTypeException {reexecute=0 rethrow=0 return_oop=0}
                      ; - java.lang.invoke.Invokers::checkExactType@12
                      ; - java.lang.invoke.LambdaForm$MH/0x000001805800f400::invokeExact_MT@11
                      ; - jdk.internal.reflect.DirectMethodHandleAccessor::invokeImpl@92
                      ; - jdk.internal.reflect.DirectMethodHandleAccessor::invoke@23
  0x000001803f82a7d0: ac48 1d07 

  0x000001803f82a7d4: ;   {other}
  0x000001803f82a7d4: 0f1f 8400 | 4422 0011 

  0x000001803f82a7dc: ; implicit exception: dispatches to 0x000001803f82b164
                      ; ImmutableOopMap {rax=Oop [176]=Oop [192]=Oop [200]=Oop [208]=Oop [216]=Oop [224]=Oop }
                      ;*athrow {reexecute=1 rethrow=0 return_oop=0}
                      ; - (reexecute) java.lang.invoke.Invokers::checkExactType@15
                      ; - java.lang.invoke.LambdaForm$MH/0x000001805800f400::invokeExact_MT@11
                      ; - jdk.internal.reflect.DirectMethodHandleAccessor::invokeImpl@92
                      ; - jdk.internal.reflect.DirectMethodHandleAccessor::invoke@23
                      ;   {section_word}
  0x000001803f82a7dc: 483b 0048 | badf a782 | 3f80 0100 

  0x000001803f82a7e8: ;   {runtime_call handle_exception_nofpu Runtime1 stub}
  0x000001803f82a7e8: 00e8 92af | 2907 9049 | 8b87 f804 | 0000 4d33 | d24d 8997 | f804 0000 | 4d33 d24d | 8997 0005 
  0x000001803f82a808: 0000 488b | 9424 b000 

  0x000001803f82a810: ;   {metadata(method data for {method} {0x000001805719def0} 'invoke' '(Ljava/lang/Object;[Ljava/lang/Object;)Ljava/lang/Object;' in 'jdk/internal/reflect/DirectMethodHandleAccessor')}
  0x000001803f82a810: 0000 49b8 | a0d5 3698 | 8001 0000 | 4983 8060 | 0200 0001 

  0x000001803f82a824: ;   {metadata(method data for {method} {0x00000180573c4688} 'isIllegalArgument' '(Ljava/lang/RuntimeException;)Z' in 'jdk/internal/reflect/DirectMethodHandleAccessor')}
  0x000001803f82a824: 48ba 4808 | 3798 8001 | 0000 448b | 82cc 0000 | 0041 83c0 | 0244 8982 | cc00 0000 | 4181 e0fe 
  0x000001803f82a844: ff1f 0045 | 85c0 0f84 | 1909 0000 

  0x000001803f82a850: ;   {oop(a 'java/lang/Class'{0x0000000740117578} = 'jdk/internal/reflect/DirectMethodHandleAccessor')}
  0x000001803f82a850: 48ba 7875 | 1140 0700 | 0000 4c8b | c048 8984 | 2418 0100 

  0x000001803f82a864: ;   {static_call}
  0x000001803f82a864: 0066 90e8 

  0x000001803f82a868: ; ImmutableOopMap {[280]=Oop }
                      ;*invokestatic isIllegalArgument {reexecute=0 rethrow=0 return_oop=0}
                      ; - jdk.internal.reflect.DirectMethodHandleAccessor::isIllegalArgument@3
                      ; - jdk.internal.reflect.DirectMethodHandleAccessor::invoke@58
  0x000001803f82a868: 1448 1d07 

  0x000001803f82a86c: ;   {other}
  0x000001803f82a86c: 0f1f 8400 | dc22 0013 | 83e0 0185 

  0x000001803f82a878: ;   {metadata(method data for {method} {0x000001805719def0} 'invoke' '(Ljava/lang/Object;[Ljava/lang/Object;)Ljava/lang/Object;' in 'jdk/internal/reflect/DirectMethodHandleAccessor')}
  0x000001803f82a878: c048 b8a0 | d536 9880 | 0100 0048 | c7c2 9802 | 0000 7407 | 48c7 c2a8 | 0200 004c | 8b04 104d 
  0x000001803f82a898: 8d40 014c | 8904 100f | 84bc 0200 | 00e9 0f02 | 0000 498b | 87f8 0400 | 004d 33d2 | 4d89 97f8 
  0x000001803f82a8b8: 0400 004d | 33d2 4d89 | 9700 0500 | 0048 8b94 | 24b0 0000 

  0x000001803f82a8cc: ;   {metadata(method data for {method} {0x000001805719def0} 'invoke' '(Ljava/lang/Object;[Ljava/lang/Object;)Ljava/lang/Object;' in 'jdk/internal/reflect/DirectMethodHandleAccessor')}
  0x000001803f82a8cc: 0049 b8a0 | d536 9880 | 0100 0049 | 8380 e801 

  0x000001803f82a8dc: ;   {metadata(method data for {method} {0x00000180573c4688} 'isIllegalArgument' '(Ljava/lang/RuntimeException;)Z' in 'jdk/internal/reflect/DirectMethodHandleAccessor')}
  0x000001803f82a8dc: 0000 0148 | ba48 0837 | 9880 0100 | 0044 8b82 | cc00 0000 | 4183 c002 | 4489 82cc | 0000 0041 
  0x000001803f82a8fc: 81e0 feff | 1f00 4585 | c00f 847f 

  0x000001803f82a908: ;   {oop(a 'java/lang/Class'{0x0000000740117578} = 'jdk/internal/reflect/DirectMethodHandleAccessor')}
  0x000001803f82a908: 0800 0048 | ba78 7511 | 4007 0000 | 004c 8bc0 | 4889 8424 | 2001 0000 | 0f1f 8000 

  0x000001803f82a924: ;   {static_call}
  0x000001803f82a924: 0000 00e8 

  0x000001803f82a928: ; ImmutableOopMap {[288]=Oop }
                      ;*invokestatic isIllegalArgument {reexecute=0 rethrow=0 return_oop=0}
                      ; - jdk.internal.reflect.DirectMethodHandleAccessor::isIllegalArgument@3
                      ; - jdk.internal.reflect.DirectMethodHandleAccessor::invoke@30
  0x000001803f82a928: 5447 1d07 

  0x000001803f82a92c: ;   {other}
  0x000001803f82a92c: 0f1f 8400 | 9c23 0014 | 83e0 0185 

  0x000001803f82a938: ;   {metadata(method data for {method} {0x000001805719def0} 'invoke' '(Ljava/lang/Object;[Ljava/lang/Object;)Ljava/lang/Object;' in 'jdk/internal/reflect/DirectMethodHandleAccessor')}
  0x000001803f82a938: c048 baa0 | d536 9880 | 0100 0048 | c7c6 2002 | 0000 7407 | 48c7 c630 | 0200 0048 | 8b3c 3248 
  0x000001803f82a958: 8d7f 0148 | 893c 320f | 84a4 0000 | 0066 6690 

  0x000001803f82a968: ;   {no_reloc}
  0x000001803f82a968: e94d 0800 | 0000 0000 | 0000 498b | 87b8 0100 | 0048 8d78 | 2849 3bbf | c801 0000 | 0f87 3a08 
  0x000001803f82a988: 0000 4989 | bfb8 0100 | 0048 c700 | 0100 0000 | 488b ca49 | ba00 0000 | 5780 0100 | 0049 2bca 
  0x000001803f82a9a8: 8948 0848 | 33c9 8948 | 0c48 33c9 | 4889 4810 | 4889 4818 | 4889 4820 

  0x000001803f82a9c0: ;   {metadata(method data for {method} {0x000001805719def0} 'invoke' '(Ljava/lang/Object;[Ljava/lang/Object;)Ljava/lang/Object;' in 'jdk/internal/reflect/DirectMethodHandleAccessor')}
  0x000001803f82a9c0: 4c8b c048 | baa0 d536 | 9880 0100 | 0048 8382 | 4002 0000 

  0x000001803f82a9d4: ;   {oop("argument type mismatch"{0x000000074029a010})}
  0x000001803f82a9d4: 0149 b810 | a029 4007 | 0000 0048 | 8bd0 4889 | 8424 2801 | 0000 0f1f 

  0x000001803f82a9ec: ;   {optimized virtual_call}
  0x000001803f82a9ec: 4400 00e8 

  0x000001803f82a9f0: ; ImmutableOopMap {[296]=Oop }
                      ;*invokespecial <init> {reexecute=0 rethrow=0 return_oop=0}
                      ; - jdk.internal.reflect.DirectMethodHandleAccessor::invoke@42
  0x000001803f82a9f0: 8c40 1d07 

  0x000001803f82a9f4: ;   {other}
  0x000001803f82a9f4: 0f1f 8400 | 6424 0015 | 488b 8424 | 2801 0000 | e9b2 0800 | 004c 8b84 | 2420 0100 | 000f 1f80 
  0x000001803f82aa14: 0000 0000 

  0x000001803f82aa18: ;   {no_reloc}
  0x000001803f82aa18: e9c3 0700 | 0000 0000 | 0000 80ba | 2101 0000 | 040f 85c0 | 0700 0049 | 8b87 b801 | 0000 488d 
  0x000001803f82aa38: 7828 493b | bfc8 0100 | 000f 87a8 | 0700 0049 | 89bf b801 | 0000 48c7 | 0001 0000 | 0048 8bca 
  0x000001803f82aa58: 49ba 0000 | 0057 8001 | 0000 492b | ca89 4808 | 4833 c989 | 480c 4833 | c948 8948 | 1048 8948 
  0x000001803f82aa78: 1848 8948 | 2048 8bd0 

  0x000001803f82aa80: ;   {metadata(method data for {method} {0x000001805719def0} 'invoke' '(Ljava/lang/Object;[Ljava/lang/Object;)Ljava/lang/Object;' in 'jdk/internal/reflect/DirectMethodHandleAccessor')}
  0x000001803f82aa80: 48be a0d5 | 3698 8001 | 0000 4883 | 8650 0200 | 0001 488b | d048 8984 | 2430 0100 

  0x000001803f82aa9c: ;   {optimized virtual_call}
  0x000001803f82aa9c: 0066 90e8 

  0x000001803f82aaa0: ; ImmutableOopMap {[304]=Oop }
                      ;*invokespecial <init> {reexecute=0 rethrow=0 return_oop=0}
                      ; - jdk.internal.reflect.DirectMethodHandleAccessor::invoke@51
  0x000001803f82aaa0: dc3f 1d07 

  0x000001803f82aaa4: ;   {other}
  0x000001803f82aaa4: 0f1f 8400 | 1425 0016 | 488b 8424 | 3001 0000 | e902 0800 | 000f 1f80 | 0000 0000 

  0x000001803f82aac0: ;   {no_reloc}
  0x000001803f82aac0: e946 0700 | 0000 0000 | 0000 498b | 87b8 0100 | 0048 8d78 | 2849 3bbf | c801 0000 | 0f87 3307 
  0x000001803f82aae0: 0000 4989 | bfb8 0100 | 0048 c700 | 0100 0000 | 488b ca49 | ba00 0000 | 5780 0100 | 0049 2bca 
  0x000001803f82ab00: 8948 0848 | 33c9 8948 | 0c48 33c9 | 4889 4810 | 4889 4818 | 4889 4820 

  0x000001803f82ab18: ;   {metadata(method data for {method} {0x000001805719def0} 'invoke' '(Ljava/lang/Object;[Ljava/lang/Object;)Ljava/lang/Object;' in 'jdk/internal/reflect/DirectMethodHandleAccessor')}
  0x000001803f82ab18: 4c8b c048 | baa0 d536 | 9880 0100 | 0048 8382 | b802 0000 | 014c 8b84 | 2418 0100 | 0048 8bd0 
  0x000001803f82ab38: 4889 8424 | 3801 0000 | 0f1f 8000 

  0x000001803f82ab44: ;   {optimized virtual_call}
  0x000001803f82ab44: 0000 00e8 

  0x000001803f82ab48: ; ImmutableOopMap {[312]=Oop }
                      ;*invokespecial <init> {reexecute=0 rethrow=0 return_oop=0}
                      ; - jdk.internal.reflect.DirectMethodHandleAccessor::invoke@69
  0x000001803f82ab48: 343f 1d07 

  0x000001803f82ab4c: ;   {other}
  0x000001803f82ab4c: 0f1f 8400 | bc25 0017 | 488b 8424 | 3801 0000 | e95a 0700 | 004c 8b84 | 2418 0100 | 000f 1f80 
  0x000001803f82ab6c: 0000 0000 

  0x000001803f82ab70: ;   {no_reloc}
  0x000001803f82ab70: e9bc 0600 | 0000 0000 | 0000 80ba | 2101 0000 | 040f 85b9 | 0600 0049 | 8b87 b801 | 0000 488d 
  0x000001803f82ab90: 7828 493b | bfc8 0100 | 000f 87a1 | 0600 0049 | 89bf b801 | 0000 48c7 | 0001 0000 | 0048 8bca 
  0x000001803f82abb0: 49ba 0000 | 0057 8001 | 0000 492b | ca89 4808 | 4833 c989 | 480c 4833 | c948 8948 | 1048 8948 
  0x000001803f82abd0: 1848 8948 | 2048 8bd0 

  0x000001803f82abd8: ;   {metadata(method data for {method} {0x000001805719def0} 'invoke' '(Ljava/lang/Object;[Ljava/lang/Object;)Ljava/lang/Object;' in 'jdk/internal/reflect/DirectMethodHandleAccessor')}
  0x000001803f82abd8: 48be a0d5 | 3698 8001 | 0000 4883 | 86c8 0200 | 0001 488b | d048 8984 | 2440 0100 

  0x000001803f82abf4: ;   {optimized virtual_call}
  0x000001803f82abf4: 0066 90e8 

  0x000001803f82abf8: ; ImmutableOopMap {[320]=Oop }
                      ;*invokespecial <init> {reexecute=0 rethrow=0 return_oop=0}
                      ; - jdk.internal.reflect.DirectMethodHandleAccessor::invoke@78
  0x000001803f82abf8: 843e 1d07 

  0x000001803f82abfc: ;   {other}
  0x000001803f82abfc: 0f1f 8400 | 6c26 0018 | 488b 8424 | 4001 0000 | e9aa 0600 | 000f 1f80 | 0000 0000 

  0x000001803f82ac18: ;   {no_reloc}
  0x000001803f82ac18: e93f 0600 | 0000 0000 | 0000 498b | 87b8 0100 | 0048 8d78 | 2849 3bbf | c801 0000 | 0f87 2c06 
  0x000001803f82ac38: 0000 4989 | bfb8 0100 | 0048 c700 | 0100 0000 | 488b ca49 | ba00 0000 | 5780 0100 | 0049 2bca 
  0x000001803f82ac58: 8948 0848 | 33c9 8948 | 0c48 33c9 | 4889 4810 | 4889 4818 | 4889 4820 

  0x000001803f82ac70: ;   {metadata(method data for {method} {0x00000180573c4898} 'checkReceiver' '(Ljava/lang/Object;)V' in 'jdk/internal/reflect/DirectMethodHandleAccessor')}
  0x000001803f82ac70: 488b d048 | be80 e036 | 9880 0100 | 0048 8386 | a001 0000 

  0x000001803f82ac84: ;   {oop("object is not an instance of declaring class"{0x00000007407720d0})}
  0x000001803f82ac84: 0149 b8d0 | 2077 4007 | 0000 0048 | 8bd0 4889 | 8424 4801 | 0000 0f1f 

  0x000001803f82ac9c: ;   {optimized virtual_call}
  0x000001803f82ac9c: 4400 00e8 

  0x000001803f82aca0: ; ImmutableOopMap {[176]=Oop [184]=Oop [192]=Oop [328]=Oop }
                      ;*invokespecial <init> {reexecute=0 rethrow=0 return_oop=0}
                      ; - jdk.internal.reflect.DirectMethodHandleAccessor::checkReceiver@20
                      ; - jdk.internal.reflect.DirectMethodHandleAccessor::invoke@9
  0x000001803f82aca0: dc3d 1d07 

  0x000001803f82aca4: ;   {other}
  0x000001803f82aca4: 0f1f 8400 | 1427 0019 | 488b 8424 | 4801 0000 | e902 0600 | 0049 8b87 | f804 0000 | 4d33 d24d 
  0x000001803f82acc4: 8997 f804 | 0000 4d33 | d24d 8997 | 0005 0000 | 4c8b c090 

  0x000001803f82acd8: ;   {metadata('java/lang/reflect/InvocationTargetException')}
  0x000001803f82acd8: 48ba f04e | 0458 8001 | 0000 80ba | 2101 0000 | 040f 85a2 | 0500 0049 | 8b87 b801 | 0000 488d 
  0x000001803f82acf8: 7828 493b | bfc8 0100 | 000f 878a | 0500 0049 | 89bf b801 | 0000 48c7 | 0001 0000 | 0048 8bca 
  0x000001803f82ad18: 49ba 0000 | 0057 8001 | 0000 492b | ca89 4808 | 4833 c989 | 480c 4833 | c948 8948 | 1048 8948 
  0x000001803f82ad38: 1848 8948 | 2048 8bd0 

  0x000001803f82ad40: ;   {metadata(method data for {method} {0x000001805719def0} 'invoke' '(Ljava/lang/Object;[Ljava/lang/Object;)Ljava/lang/Object;' in 'jdk/internal/reflect/DirectMethodHandleAccessor')}
  0x000001803f82ad40: 48be a0d5 | 3698 8001 | 0000 4883 | 86d8 0200 | 0001 488b | d048 8984 | 2450 0100 

  0x000001803f82ad5c: ;   {optimized virtual_call}
  0x000001803f82ad5c: 0066 90e8 

  0x000001803f82ad60: ; ImmutableOopMap {[336]=Oop }
                      ;*invokespecial <init> {reexecute=0 rethrow=0 return_oop=0}
                      ; - jdk.internal.reflect.DirectMethodHandleAccessor::invoke@88
  0x000001803f82ad60: b905 0000 

  0x000001803f82ad64: ;   {other}
  0x000001803f82ad64: 0f1f 8400 | d427 001a | 488b 8424 | 5001 0000 | e942 0500 

  0x000001803f82ad78: ;   {metadata({method} {0x000001805719def0} 'invoke' '(Ljava/lang/Object;[Ljava/lang/Object;)Ljava/lang/Object;' in 'jdk/internal/reflect/DirectMethodHandleAccessor')}
  0x000001803f82ad78: 0049 bae8 | de19 5780 | 0100 004c | 8954 2408 | 48c7 0424 | ffff ffff 

  0x000001803f82ad90: ;   {runtime_call counter_overflow Runtime1 stub}
  0x000001803f82ad90: e86b fa29 

  0x000001803f82ad94: ; ImmutableOopMap {rdx=Oop r8=Oop r9=Oop [176]=Oop [184]=Oop [192]=Oop }
                      ;*synchronization entry
                      ; - jdk.internal.reflect.DirectMethodHandleAccessor::invoke@-1
  0x000001803f82ad94: 07e9 44dd 

  0x000001803f82ad98: ;   {metadata({method} {0x00000180573c4948} 'isStatic' '()Z' in 'jdk/internal/reflect/DirectMethodHandleAccessor')}
  0x000001803f82ad98: ffff 49ba | 4049 3c57 | 8001 0000 | 4c89 5424 | 0848 c704 | 24ff ffff 

  0x000001803f82adb0: ;   {runtime_call counter_overflow Runtime1 stub}
  0x000001803f82adb0: ffe8 4afa 

  0x000001803f82adb4: ; ImmutableOopMap {rdx=Oop r8=Oop r9=Oop [176]=Oop [184]=Oop [192]=Oop }
                      ;*synchronization entry
                      ; - jdk.internal.reflect.DirectMethodHandleAccessor::isStatic@-1
                      ; - jdk.internal.reflect.DirectMethodHandleAccessor::invoke@1
  0x000001803f82adb4: 2907 e95f 

  0x000001803f82adb8: ;   {metadata({method} {0x00000180573c4898} 'checkReceiver' '(Ljava/lang/Object;)V' in 'jdk/internal/reflect/DirectMethodHandleAccessor')}
  0x000001803f82adb8: ddff ff49 | ba90 483c | 5780 0100 | 004c 8954 | 2408 48c7 | 0424 ffff 

  0x000001803f82add0: ;   {runtime_call counter_overflow Runtime1 stub}
  0x000001803f82add0: ffff e829 

  0x000001803f82add4: ; ImmutableOopMap {rdx=Oop r8=Oop [176]=Oop [184]=Oop [192]=Oop }
                      ;*synchronization entry
                      ; - jdk.internal.reflect.DirectMethodHandleAccessor::checkReceiver@-1
                      ; - jdk.internal.reflect.DirectMethodHandleAccessor::invoke@9
  0x000001803f82add4: fa29 07e9 | 05de ffff 

  0x000001803f82addc: ;   {runtime_call throw_null_pointer_exception Runtime1 stub}
  0x000001803f82addc: e89f 7f29 

  0x000001803f82ade0: ; ImmutableOopMap {rdx=Oop r8=Oop rsi=Oop [176]=Oop [184]=Oop [192]=Oop }
                      ;*invokevirtual getClass {reexecute=0 rethrow=0 return_oop=0}
                      ; - jdk.internal.reflect.DirectMethodHandleAccessor::checkReceiver@5
                      ; - jdk.internal.reflect.DirectMethodHandleAccessor::invoke@9
                      ;   {runtime_call throw_null_pointer_exception Runtime1 stub}
  0x000001803f82ade0: 07e8 9a7f 

  0x000001803f82ade4: ; ImmutableOopMap {rdx=Oop r8=Oop rsi=Oop rdi=Oop [176]=Oop [184]=Oop [192]=Oop }
                      ;*invokevirtual isAssignableFrom {reexecute=0 rethrow=0 return_oop=0}
                      ; - jdk.internal.reflect.DirectMethodHandleAccessor::checkReceiver@8
                      ; - jdk.internal.reflect.DirectMethodHandleAccessor::invoke@9
                      ;   {metadata({method} {0x00000180573c46e0} 'invokeImpl' '(Ljava/lang/Object;[Ljava/lang/Object;)Ljava/lang/Object;' in 'jdk/internal/reflect/DirectMethodHandleAccessor')}
  0x000001803f82ade4: 2907 49ba | d846 3c57 | 8001 0000 | 4c89 5424 | 0848 c704 | 24ff ffff 

  0x000001803f82adfc: ;   {runtime_call counter_overflow Runtime1 stub}
  0x000001803f82adfc: ffe8 fef9 

  0x000001803f82ae00: ; ImmutableOopMap {rdx=Oop [176]=Oop [184]=Oop [192]=Oop }
                      ;*synchronization entry
                      ; - jdk.internal.reflect.DirectMethodHandleAccessor::invokeImpl@-1
                      ; - jdk.internal.reflect.DirectMethodHandleAccessor::invoke@23
  0x000001803f82ae00: 2907 e9ee | deff ff48 | bf20 071f | 4007 0000 | 00b8 000f 

  0x000001803f82ae14: ;   {runtime_call load_appendix_patching Runtime1 stub}
  0x000001803f82ae14: 050a e865 

  0x000001803f82ae18: ; ImmutableOopMap {rdx=Oop r9=Oop r8=Oop rsi=Oop [176]=Oop [184]=Oop [192]=Oop }
                      ;*invokevirtual invokeExact {reexecute=1 rethrow=0 return_oop=0}
                      ; - (reexecute) jdk.internal.reflect.DirectMethodHandleAccessor::invokeImpl@104
                      ; - jdk.internal.reflect.DirectMethodHandleAccessor::invoke@23
  0x000001803f82ae18: f229 07e9 | 88df ffff 

  0x000001803f82ae20: ;   {runtime_call throw_null_pointer_exception Runtime1 stub}
  0x000001803f82ae20: e85b 7f29 

  0x000001803f82ae24: ; ImmutableOopMap {rdx=Oop r9=Oop r8=Oop rsi=Oop rdi=Oop [176]=Oop [184]=Oop [192]=Oop }
                      ;*invokevirtual invokeExact {reexecute=0 rethrow=0 return_oop=0}
                      ; - jdk.internal.reflect.DirectMethodHandleAccessor::invokeImpl@104
                      ; - jdk.internal.reflect.DirectMethodHandleAccessor::invoke@23
                      ;   {internal_word}
  0x000001803f82ae24: 0749 ba94 | 8f82 3f80 | 0100 004d | 8997 6004 

  0x000001803f82ae34: ;   {runtime_call SafepointBlob}
  0x000001803f82ae34: 0000 e9c5 

  0x000001803f82ae38: ;   {runtime_call throw_null_pointer_exception Runtime1 stub}
  0x000001803f82ae38: a81d 07e8 

  0x000001803f82ae3c: ; ImmutableOopMap {rdx=Oop r9=Oop r8=Oop rsi=Oop [176]=Oop [184]=Oop [192]=Oop [208]=Oop }
                      ;*aaload {reexecute=0 rethrow=0 return_oop=0}
                      ; - jdk.internal.reflect.DirectMethodHandleAccessor::invokeImpl@85
                      ; - jdk.internal.reflect.DirectMethodHandleAccessor::invoke@23
  0x000001803f82ae3c: 407f 2907 

  0x000001803f82ae40: ;   {runtime_call throw_null_pointer_exception Runtime1 stub}
  0x000001803f82ae40: e83b 7f29 

  0x000001803f82ae44: ; ImmutableOopMap {rdx=Oop r9=Oop r8=Oop rsi=Oop [176]=Oop [184]=Oop [192]=Oop [208]=Oop }
                      ;*aaload {reexecute=0 rethrow=0 return_oop=0}
                      ; - jdk.internal.reflect.DirectMethodHandleAccessor::invokeImpl@85
                      ; - jdk.internal.reflect.DirectMethodHandleAccessor::invoke@23
  0x000001803f82ae44: 0748 c704 | 2400 0000 | 004c 894c 

  0x000001803f82ae50: ;   {runtime_call throw_range_check_failed Runtime1 stub}
  0x000001803f82ae50: 2408 e829 

  0x000001803f82ae54: ; ImmutableOopMap {rdx=Oop r9=Oop r8=Oop rsi=Oop [176]=Oop [184]=Oop [192]=Oop [208]=Oop }
                      ;*aaload {reexecute=0 rethrow=0 return_oop=0}
                      ; - jdk.internal.reflect.DirectMethodHandleAccessor::invokeImpl@85
                      ; - jdk.internal.reflect.DirectMethodHandleAccessor::invoke@23
  0x000001803f82ae54: 7629 0748 | c704 2401 | 0000 004c | 894c 2408 

  0x000001803f82ae64: ;   {runtime_call throw_range_check_failed Runtime1 stub}
  0x000001803f82ae64: e817 7629 

  0x000001803f82ae68: ; ImmutableOopMap {rdx=Oop r9=Oop r8=Oop rsi=Oop rdi=Oop [176]=Oop [184]=Oop [192]=Oop [200]=Oop [208]=Oop }
                      ;*aaload {reexecute=0 rethrow=0 return_oop=0}
                      ; - jdk.internal.reflect.DirectMethodHandleAccessor::invokeImpl@88
                      ; - jdk.internal.reflect.DirectMethodHandleAccessor::invoke@23
  0x000001803f82ae68: 0748 c704 | 2402 0000 | 004c 894c 

  0x000001803f82ae74: ;   {runtime_call throw_range_check_failed Runtime1 stub}
  0x000001803f82ae74: 2408 e805 

  0x000001803f82ae78: ; ImmutableOopMap {rdx=Oop r9=Oop r8=Oop rsi=Oop rdi=Oop rbx=Oop [176]=Oop [184]=Oop [192]=Oop [200]=Oop [208]=Oop [216]=Oop }
                      ;*aaload {reexecute=0 rethrow=0 return_oop=0}
                      ; - jdk.internal.reflect.DirectMethodHandleAccessor::invokeImpl@91
                      ; - jdk.internal.reflect.DirectMethodHandleAccessor::invoke@23
                      ;   {metadata({method} {0x000001809842b6b8} 'invokeExact_MT' '(Ljava/lang/Object;Ljava/lang/Object;Ljava/lang/Object;Ljava/lang/Object;Ljava/lang/Object;Ljava/lang/Object;)Ljava/lang/Object;' in 'java/lang/invoke/LambdaForm$MH+0x000001805800f400')}
  0x000001803f82ae78: 7629 0749 | bab0 b642 | 9880 0100 | 004c 8954 | 2408 48c7 | 0424 ffff 

  0x000001803f82ae90: ;   {runtime_call counter_overflow Runtime1 stub}
  0x000001803f82ae90: ffff e869 

  0x000001803f82ae94: ; ImmutableOopMap {rdx=Oop r8=Oop rsi=Oop rdi=Oop rbx=Oop rax=Oop [176]=Oop [192]=Oop [200]=Oop [208]=Oop [216]=Oop [224]=Oop }
                      ;*synchronization entry
                      ; - java.lang.invoke.LambdaForm$MH/0x000001805800f400::invokeExact_MT@-1
                      ; - jdk.internal.reflect.DirectMethodHandleAccessor::invokeImpl@92
                      ; - jdk.internal.reflect.DirectMethodHandleAccessor::invoke@23
  0x000001803f82ae94: f929 07e9 | ece2 ffff 

  0x000001803f82ae9c: ;   {metadata({method} {0x00000180573d94e0} 'checkExactType' '(Ljava/lang/invoke/MethodHandle;Ljava/lang/invoke/MethodType;)V' in 'java/lang/invoke/Invokers')}
  0x000001803f82ae9c: 49ba d894 | 3d57 8001 | 0000 4c89 | 5424 0848 | c704 24ff 

  0x000001803f82aeb0: ;   {runtime_call counter_overflow Runtime1 stub}
  0x000001803f82aeb0: ffff ffe8 

  0x000001803f82aeb4: ; ImmutableOopMap {rdx=Oop r8=Oop rsi=Oop rdi=Oop rbx=Oop rax=Oop r9=Oop [176]=Oop [192]=Oop [200]=Oop [208]=Oop [216]=Oop [224]=Oop }
                      ;*synchronization entry
                      ; - java.lang.invoke.Invokers::checkExactType@-1
                      ; - java.lang.invoke.LambdaForm$MH/0x000001805800f400::invokeExact_MT@11
                      ; - jdk.internal.reflect.DirectMethodHandleAccessor::invokeImpl@92
                      ; - jdk.internal.reflect.DirectMethodHandleAccessor::invoke@23
  0x000001803f82aeb4: 48f9 2907 | e994 e3ff 

  0x000001803f82aebc: ;   {runtime_call throw_null_pointer_exception Runtime1 stub}
  0x000001803f82aebc: ffe8 be7e 

  0x000001803f82aec0: ; ImmutableOopMap {rdx=Oop r8=Oop rsi=Oop rdi=Oop rbx=Oop rax=Oop r9=Oop [176]=Oop [192]=Oop [200]=Oop [208]=Oop [216]=Oop [224]=Oop }
                      ;*invokevirtual type {reexecute=0 rethrow=0 return_oop=0}
                      ; - java.lang.invoke.Invokers::checkExactType@1
                      ; - java.lang.invoke.LambdaForm$MH/0x000001805800f400::invokeExact_MT@11
                      ; - jdk.internal.reflect.DirectMethodHandleAccessor::invokeImpl@92
                      ; - jdk.internal.reflect.DirectMethodHandleAccessor::invoke@23
                      ;   {metadata({method} {0x00000180573d93d8} 'checkCustomized' '(Ljava/lang/invoke/MethodHandle;)V' in 'java/lang/invoke/Invokers')}
  0x000001803f82aec0: 2907 49ba | d093 3d57 | 8001 0000 | 4c89 5424 | 0848 c704 | 24ff ffff 

  0x000001803f82aed8: ;   {runtime_call counter_overflow Runtime1 stub}
  0x000001803f82aed8: ffe8 22f9 

  0x000001803f82aedc: ; ImmutableOopMap {rdx=Oop r8=Oop rsi=Oop rdi=Oop rbx=Oop rax=Oop [176]=Oop [192]=Oop [200]=Oop [208]=Oop [216]=Oop [224]=Oop }
                      ;*synchronization entry
                      ; - java.lang.invoke.Invokers::checkCustomized@-1
                      ; - java.lang.invoke.LambdaForm$MH/0x000001805800f400::invokeExact_MT@15
                      ; - jdk.internal.reflect.DirectMethodHandleAccessor::invokeImpl@92
                      ; - jdk.internal.reflect.DirectMethodHandleAccessor::invoke@23
  0x000001803f82aedc: 2907 e9d5 

  0x000001803f82aee0: ;   {metadata({method} {0x0000018057095ff0} 'isCompileConstant' '(Ljava/lang/Object;)Z' in 'java/lang/invoke/MethodHandleImpl')}
  0x000001803f82aee0: e4ff ff49 | bae8 5f09 | 5780 0100 | 004c 8954 | 2408 48c7 | 0424 ffff 

  0x000001803f82aef8: ;   {runtime_call counter_overflow Runtime1 stub}
  0x000001803f82aef8: ffff e801 

  0x000001803f82aefc: ; ImmutableOopMap {rdx=Oop r8=Oop rsi=Oop rdi=Oop rbx=Oop rax=Oop [176]=Oop [192]=Oop [200]=Oop [208]=Oop [216]=Oop [224]=Oop }
                      ;*synchronization entry
                      ; - java.lang.invoke.MethodHandleImpl::isCompileConstant@-1
                      ; - java.lang.invoke.Invokers::checkCustomized@1
                      ; - java.lang.invoke.LambdaForm$MH/0x000001805800f400::invokeExact_MT@15
                      ; - jdk.internal.reflect.DirectMethodHandleAccessor::invokeImpl@92
                      ; - jdk.internal.reflect.DirectMethodHandleAccessor::invoke@23
  0x000001803f82aefc: f929 07e9 | f2e4 ffff 

  0x000001803f82af04: ;   {runtime_call throw_null_pointer_exception Runtime1 stub}
  0x000001803f82af04: e877 7e29 

  0x000001803f82af08: ; ImmutableOopMap {rdx=Oop r8=Oop rsi=Oop rdi=Oop rbx=Oop rax=Oop [176]=Oop [192]=Oop [200]=Oop [208]=Oop [216]=Oop [224]=Oop }
                      ;*getfield customized {reexecute=1 rethrow=0 return_oop=0}
                      ; - (reexecute) java.lang.invoke.Invokers::checkCustomized@12
                      ; - java.lang.invoke.LambdaForm$MH/0x000001805800f400::invokeExact_MT@15
                      ; - jdk.internal.reflect.DirectMethodHandleAccessor::invokeImpl@92
                      ; - jdk.internal.reflect.DirectMethodHandleAccessor::invoke@23
                      ;   {internal_word}
  0x000001803f82af08: 0749 ba7c | 9682 3f80 | 0100 004d | 8997 6004 

  0x000001803f82af18: ;   {runtime_call SafepointBlob}
  0x000001803f82af18: 0000 e9e1 

  0x000001803f82af1c: ;   {runtime_call throw_null_pointer_exception Runtime1 stub}
  0x000001803f82af1c: a71d 07e8 

  0x000001803f82af20: ; ImmutableOopMap {rdx=Oop r9=Oop r8=Oop rsi=Oop [176]=Oop [184]=Oop [192]=Oop [240]=Oop }
                      ;*aaload {reexecute=0 rethrow=0 return_oop=0}
                      ; - jdk.internal.reflect.DirectMethodHandleAccessor::invokeImpl@68
                      ; - jdk.internal.reflect.DirectMethodHandleAccessor::invoke@23
  0x000001803f82af20: 5c7e 2907 

  0x000001803f82af24: ;   {runtime_call throw_null_pointer_exception Runtime1 stub}
  0x000001803f82af24: e857 7e29 

  0x000001803f82af28: ; ImmutableOopMap {rdx=Oop r9=Oop r8=Oop rsi=Oop [176]=Oop [184]=Oop [192]=Oop [240]=Oop }
                      ;*aaload {reexecute=0 rethrow=0 return_oop=0}
                      ; - jdk.internal.reflect.DirectMethodHandleAccessor::invokeImpl@68
                      ; - jdk.internal.reflect.DirectMethodHandleAccessor::invoke@23
  0x000001803f82af28: 0748 c704 | 2400 0000 | 004c 894c 

  0x000001803f82af34: ;   {runtime_call throw_range_check_failed Runtime1 stub}
  0x000001803f82af34: 2408 e845 

  0x000001803f82af38: ; ImmutableOopMap {rdx=Oop r9=Oop r8=Oop rsi=Oop [176]=Oop [184]=Oop [192]=Oop [240]=Oop }
                      ;*aaload {reexecute=0 rethrow=0 return_oop=0}
                      ; - jdk.internal.reflect.DirectMethodHandleAccessor::invokeImpl@68
                      ; - jdk.internal.reflect.DirectMethodHandleAccessor::invoke@23
  0x000001803f82af38: 7529 0748 | c704 2401 | 0000 004c | 894c 2408 

  0x000001803f82af48: ;   {runtime_call throw_range_check_failed Runtime1 stub}
  0x000001803f82af48: e833 7529 

  0x000001803f82af4c: ; ImmutableOopMap {rdx=Oop r9=Oop r8=Oop rsi=Oop rdi=Oop [176]=Oop [184]=Oop [192]=Oop [232]=Oop [240]=Oop }
                      ;*aaload {reexecute=0 rethrow=0 return_oop=0}
                      ; - jdk.internal.reflect.DirectMethodHandleAccessor::invokeImpl@71
                      ; - jdk.internal.reflect.DirectMethodHandleAccessor::invoke@23
                      ;   {metadata({method} {0x0000018098455ab8} 'invokeExact_MT' '(Ljava/lang/Object;Ljava/lang/Object;Ljava/lang/Object;Ljava/lang/Object;Ljava/lang/Object;)Ljava/lang/Object;' in 'java/lang/invoke/LambdaForm$MH+0x000001805801cc00')}
  0x000001803f82af4c: 0749 bab0 | 5a45 9880 | 0100 004c | 8954 2408 | 48c7 0424 | ffff ffff 

  0x000001803f82af64: ;   {runtime_call counter_overflow Runtime1 stub}
  0x000001803f82af64: e897 f829 

  0x000001803f82af68: ; ImmutableOopMap {rdx=Oop r8=Oop rsi=Oop rdi=Oop rbx=Oop [176]=Oop [192]=Oop [232]=Oop [240]=Oop [248]=Oop }
                      ;*synchronization entry
                      ; - java.lang.invoke.LambdaForm$MH/0x000001805801cc00::invokeExact_MT@-1
                      ; - jdk.internal.reflect.DirectMethodHandleAccessor::invokeImpl@72
                      ; - jdk.internal.reflect.DirectMethodHandleAccessor::invoke@23
  0x000001803f82af68: 07e9 dee8 

  0x000001803f82af6c: ;   {metadata({method} {0x00000180573d94e0} 'checkExactType' '(Ljava/lang/invoke/MethodHandle;Ljava/lang/invoke/MethodType;)V' in 'java/lang/invoke/Invokers')}
  0x000001803f82af6c: ffff 49ba | d894 3d57 | 8001 0000 | 4c89 5424 | 0848 c704 | 24ff ffff 

  0x000001803f82af84: ;   {runtime_call counter_overflow Runtime1 stub}
  0x000001803f82af84: ffe8 76f8 

  0x000001803f82af88: ; ImmutableOopMap {rdx=Oop r8=Oop rsi=Oop rdi=Oop rbx=Oop rcx=Oop [176]=Oop [192]=Oop [232]=Oop [240]=Oop [248]=Oop }
                      ;*synchronization entry
                      ; - java.lang.invoke.Invokers::checkExactType@-1
                      ; - java.lang.invoke.LambdaForm$MH/0x000001805801cc00::invokeExact_MT@11
                      ; - jdk.internal.reflect.DirectMethodHandleAccessor::invokeImpl@72
                      ; - jdk.internal.reflect.DirectMethodHandleAccessor::invoke@23
  0x000001803f82af88: 2907 e984 

  0x000001803f82af8c: ;   {runtime_call throw_null_pointer_exception Runtime1 stub}
  0x000001803f82af8c: e9ff ffe8 

  0x000001803f82af90: ; ImmutableOopMap {rdx=Oop r8=Oop rsi=Oop rdi=Oop rbx=Oop rcx=Oop [176]=Oop [192]=Oop [232]=Oop [240]=Oop [248]=Oop }
                      ;*invokevirtual type {reexecute=0 rethrow=0 return_oop=0}
                      ; - java.lang.invoke.Invokers::checkExactType@1
                      ; - java.lang.invoke.LambdaForm$MH/0x000001805801cc00::invokeExact_MT@11
                      ; - jdk.internal.reflect.DirectMethodHandleAccessor::invokeImpl@72
                      ; - jdk.internal.reflect.DirectMethodHandleAccessor::invoke@23
  0x000001803f82af90: ec7d 2907 

  0x000001803f82af94: ;   {metadata({method} {0x00000180573d93d8} 'checkCustomized' '(Ljava/lang/invoke/MethodHandle;)V' in 'java/lang/invoke/Invokers')}
  0x000001803f82af94: 49ba d093 | 3d57 8001 | 0000 4c89 | 5424 0848 | c704 24ff 

  0x000001803f82afa8: ;   {runtime_call counter_overflow Runtime1 stub}
  0x000001803f82afa8: ffff ffe8 

  0x000001803f82afac: ; ImmutableOopMap {rdx=Oop r8=Oop rsi=Oop rdi=Oop rbx=Oop [176]=Oop [192]=Oop [232]=Oop [240]=Oop [248]=Oop }
                      ;*synchronization entry
                      ; - java.lang.invoke.Invokers::checkCustomized@-1
                      ; - java.lang.invoke.LambdaForm$MH/0x000001805801cc00::invokeExact_MT@15
                      ; - jdk.internal.reflect.DirectMethodHandleAccessor::invokeImpl@72
                      ; - jdk.internal.reflect.DirectMethodHandleAccessor::invoke@23
  0x000001803f82afac: 50f8 2907 | e9be eaff 

  0x000001803f82afb4: ;   {metadata({method} {0x0000018057095ff0} 'isCompileConstant' '(Ljava/lang/Object;)Z' in 'java/lang/invoke/MethodHandleImpl')}
  0x000001803f82afb4: ff49 bae8 | 5f09 5780 | 0100 004c | 8954 2408 | 48c7 0424 | ffff ffff 

  0x000001803f82afcc: ;   {runtime_call counter_overflow Runtime1 stub}
  0x000001803f82afcc: e82f f829 

  0x000001803f82afd0: ; ImmutableOopMap {rdx=Oop r8=Oop rsi=Oop rdi=Oop rbx=Oop [176]=Oop [192]=Oop [232]=Oop [240]=Oop [248]=Oop }
                      ;*synchronization entry
                      ; - java.lang.invoke.MethodHandleImpl::isCompileConstant@-1
                      ; - java.lang.invoke.Invokers::checkCustomized@1
                      ; - java.lang.invoke.LambdaForm$MH/0x000001805801cc00::invokeExact_MT@15
                      ; - jdk.internal.reflect.DirectMethodHandleAccessor::invokeImpl@72
                      ; - jdk.internal.reflect.DirectMethodHandleAccessor::invoke@23
  0x000001803f82afd0: 07e9 d6ea 

  0x000001803f82afd4: ;   {runtime_call throw_null_pointer_exception Runtime1 stub}
  0x000001803f82afd4: ffff e8a5 

  0x000001803f82afd8: ; ImmutableOopMap {rdx=Oop r8=Oop rsi=Oop rdi=Oop rbx=Oop [176]=Oop [192]=Oop [232]=Oop [240]=Oop [248]=Oop }
                      ;*getfield customized {reexecute=1 rethrow=0 return_oop=0}
                      ; - (reexecute) java.lang.invoke.Invokers::checkCustomized@12
                      ; - java.lang.invoke.LambdaForm$MH/0x000001805801cc00::invokeExact_MT@15
                      ; - jdk.internal.reflect.DirectMethodHandleAccessor::invokeImpl@72
                      ; - jdk.internal.reflect.DirectMethodHandleAccessor::invoke@23
                      ;   {internal_word}
  0x000001803f82afd8: 7d29 0749 | ba1c 9d82 | 3f80 0100 | 004d 8997 | 6004 0000 

  0x000001803f82afec: ;   {runtime_call SafepointBlob}
  0x000001803f82afec: e90f a71d 

  0x000001803f82aff0: ;   {runtime_call throw_null_pointer_exception Runtime1 stub}
  0x000001803f82aff0: 07e8 8a7d 

  0x000001803f82aff4: ; ImmutableOopMap {rdx=Oop r9=Oop r8=Oop rsi=Oop [176]=Oop [184]=Oop [192]=Oop [264]=Oop }
                      ;*aaload {reexecute=0 rethrow=0 return_oop=0}
                      ; - jdk.internal.reflect.DirectMethodHandleAccessor::invokeImpl@54
                      ; - jdk.internal.reflect.DirectMethodHandleAccessor::invoke@23
                      ;   {runtime_call throw_null_pointer_exception Runtime1 stub}
  0x000001803f82aff4: 2907 e885 

  0x000001803f82aff8: ; ImmutableOopMap {rdx=Oop r9=Oop r8=Oop rsi=Oop [176]=Oop [184]=Oop [192]=Oop [264]=Oop }
                      ;*aaload {reexecute=0 rethrow=0 return_oop=0}
                      ; - jdk.internal.reflect.DirectMethodHandleAccessor::invokeImpl@54
                      ; - jdk.internal.reflect.DirectMethodHandleAccessor::invoke@23
  0x000001803f82aff8: 7d29 0748 | c704 2400 | 0000 004c | 894c 2408 

  0x000001803f82b008: ;   {runtime_call throw_range_check_failed Runtime1 stub}
  0x000001803f82b008: e873 7429 

  0x000001803f82b00c: ; ImmutableOopMap {rdx=Oop r9=Oop r8=Oop rsi=Oop [176]=Oop [184]=Oop [192]=Oop [264]=Oop }
                      ;*aaload {reexecute=0 rethrow=0 return_oop=0}
                      ; - jdk.internal.reflect.DirectMethodHandleAccessor::invokeImpl@54
                      ; - jdk.internal.reflect.DirectMethodHandleAccessor::invoke@23
                      ;   {metadata({method} {0x00000180570b0158} 'invokeExact_MT' '(Ljava/lang/Object;Ljava/lang/Object;Ljava/lang/Object;Ljava/lang/Object;)Ljava/lang/Object;' in 'java/lang/invoke/Invokers$Holder')}
  0x000001803f82b00c: 0749 ba50 | 010b 5780 | 0100 004c | 8954 2408 | 48c7 0424 | ffff ffff 

  0x000001803f82b024: ;   {runtime_call counter_overflow Runtime1 stub}
  0x000001803f82b024: e8d7 f729 

  0x000001803f82b028: ; ImmutableOopMap {rdx=Oop r8=Oop rsi=Oop rdi=Oop [176]=Oop [192]=Oop [256]=Oop [264]=Oop }
                      ;*synchronization entry
                      ; - java.lang.invoke.Invokers$Holder::invokeExact_MT@-1
                      ; - jdk.internal.reflect.DirectMethodHandleAccessor::invokeImpl@55
                      ; - jdk.internal.reflect.DirectMethodHandleAccessor::invoke@23
  0x000001803f82b028: 07e9 99ee 

  0x000001803f82b02c: ;   {metadata({method} {0x00000180573d94e0} 'checkExactType' '(Ljava/lang/invoke/MethodHandle;Ljava/lang/invoke/MethodType;)V' in 'java/lang/invoke/Invokers')}
  0x000001803f82b02c: ffff 49ba | d894 3d57 | 8001 0000 | 4c89 5424 | 0848 c704 | 24ff ffff 

  0x000001803f82b044: ;   {runtime_call counter_overflow Runtime1 stub}
  0x000001803f82b044: ffe8 b6f7 

  0x000001803f82b048: ; ImmutableOopMap {rdx=Oop r8=Oop rsi=Oop rdi=Oop rax=Oop [176]=Oop [192]=Oop [256]=Oop [264]=Oop }
                      ;*synchronization entry
                      ; - java.lang.invoke.Invokers::checkExactType@-1
                      ; - java.lang.invoke.Invokers$Holder::invokeExact_MT@10
                      ; - jdk.internal.reflect.DirectMethodHandleAccessor::invokeImpl@55
                      ; - jdk.internal.reflect.DirectMethodHandleAccessor::invoke@23
  0x000001803f82b048: 2907 e937 

  0x000001803f82b04c: ;   {runtime_call throw_null_pointer_exception Runtime1 stub}
  0x000001803f82b04c: efff ffe8 

  0x000001803f82b050: ; ImmutableOopMap {rdx=Oop r8=Oop rsi=Oop rdi=Oop rax=Oop [176]=Oop [192]=Oop [256]=Oop [264]=Oop }
                      ;*invokevirtual type {reexecute=0 rethrow=0 return_oop=0}
                      ; - java.lang.invoke.Invokers::checkExactType@1
                      ; - java.lang.invoke.Invokers$Holder::invokeExact_MT@10
                      ; - jdk.internal.reflect.DirectMethodHandleAccessor::invokeImpl@55
                      ; - jdk.internal.reflect.DirectMethodHandleAccessor::invoke@23
  0x000001803f82b050: 2c7d 2907 

  0x000001803f82b054: ;   {metadata({method} {0x00000180573d93d8} 'checkCustomized' '(Ljava/lang/invoke/MethodHandle;)V' in 'java/lang/invoke/Invokers')}
  0x000001803f82b054: 49ba d093 | 3d57 8001 | 0000 4c89 | 5424 0848 | c704 24ff 

  0x000001803f82b068: ;   {runtime_call counter_overflow Runtime1 stub}
  0x000001803f82b068: ffff ffe8 

  0x000001803f82b06c: ; ImmutableOopMap {rdx=Oop r8=Oop rsi=Oop rdi=Oop [176]=Oop [192]=Oop [256]=Oop [264]=Oop }
                      ;*synchronization entry
                      ; - java.lang.invoke.Invokers::checkCustomized@-1
                      ; - java.lang.invoke.Invokers$Holder::invokeExact_MT@14
                      ; - jdk.internal.reflect.DirectMethodHandleAccessor::invokeImpl@55
                      ; - jdk.internal.reflect.DirectMethodHandleAccessor::invoke@23
  0x000001803f82b06c: 90f7 2907 | e96d f0ff 

  0x000001803f82b074: ;   {metadata({method} {0x0000018057095ff0} 'isCompileConstant' '(Ljava/lang/Object;)Z' in 'java/lang/invoke/MethodHandleImpl')}
  0x000001803f82b074: ff49 bae8 | 5f09 5780 | 0100 004c | 8954 2408 | 48c7 0424 | ffff ffff 

  0x000001803f82b08c: ;   {runtime_call counter_overflow Runtime1 stub}
  0x000001803f82b08c: e86f f729 

  0x000001803f82b090: ; ImmutableOopMap {rdx=Oop r8=Oop rsi=Oop rdi=Oop [176]=Oop [192]=Oop [256]=Oop [264]=Oop }
                      ;*synchronization entry
                      ; - java.lang.invoke.MethodHandleImpl::isCompileConstant@-1
                      ; - java.lang.invoke.Invokers::checkCustomized@1
                      ; - java.lang.invoke.Invokers$Holder::invokeExact_MT@14
                      ; - jdk.internal.reflect.DirectMethodHandleAccessor::invokeImpl@55
                      ; - jdk.internal.reflect.DirectMethodHandleAccessor::invoke@23
  0x000001803f82b090: 07e9 84f0 

  0x000001803f82b094: ;   {runtime_call throw_null_pointer_exception Runtime1 stub}
  0x000001803f82b094: ffff e8e5 

  0x000001803f82b098: ; ImmutableOopMap {rdx=Oop r8=Oop rsi=Oop rdi=Oop [176]=Oop [192]=Oop [256]=Oop [264]=Oop }
                      ;*getfield customized {reexecute=1 rethrow=0 return_oop=0}
                      ; - (reexecute) java.lang.invoke.Invokers::checkCustomized@12
                      ; - java.lang.invoke.Invokers$Holder::invokeExact_MT@14
                      ; - jdk.internal.reflect.DirectMethodHandleAccessor::invokeImpl@55
                      ; - jdk.internal.reflect.DirectMethodHandleAccessor::invoke@23
                      ;   {internal_word}
  0x000001803f82b098: 7c29 0749 | ba84 a382 | 3f80 0100 | 004d 8997 | 6004 0000 

  0x000001803f82b0ac: ;   {runtime_call SafepointBlob}
  0x000001803f82b0ac: e94f a61d 

  0x000001803f82b0b0: ;   {metadata({method} {0x00000180570b0208} 'invokeExact_MT' '(Ljava/lang/Object;Ljava/lang/Object;Ljava/lang/Object;)Ljava/lang/Object;' in 'java/lang/invoke/Invokers$Holder')}
  0x000001803f82b0b0: 0749 ba00 | 020b 5780 | 0100 004c | 8954 2408 | 48c7 0424 | ffff ffff 

  0x000001803f82b0c8: ;   {runtime_call counter_overflow Runtime1 stub}
  0x000001803f82b0c8: e833 f729 

  0x000001803f82b0cc: ; ImmutableOopMap {rdx=Oop r8=Oop rsi=Oop [176]=Oop [192]=Oop [272]=Oop }
                      ;*synchronization entry
                      ; - java.lang.invoke.Invokers$Holder::invokeExact_MT@-1
                      ; - jdk.internal.reflect.DirectMethodHandleAccessor::invokeImpl@41
                      ; - jdk.internal.reflect.DirectMethodHandleAccessor::invoke@23
  0x000001803f82b0cc: 07e9 52f3 

  0x000001803f82b0d0: ;   {metadata({method} {0x00000180573d94e0} 'checkExactType' '(Ljava/lang/invoke/MethodHandle;Ljava/lang/invoke/MethodType;)V' in 'java/lang/invoke/Invokers')}
  0x000001803f82b0d0: ffff 49ba | d894 3d57 | 8001 0000 | 4c89 5424 | 0848 c704 | 24ff ffff 

  0x000001803f82b0e8: ;   {runtime_call counter_overflow Runtime1 stub}
  0x000001803f82b0e8: ffe8 12f7 

  0x000001803f82b0ec: ; ImmutableOopMap {rdx=Oop r8=Oop rsi=Oop rbx=Oop [176]=Oop [192]=Oop [272]=Oop }
                      ;*synchronization entry
                      ; - java.lang.invoke.Invokers::checkExactType@-1
                      ; - java.lang.invoke.Invokers$Holder::invokeExact_MT@10
                      ; - jdk.internal.reflect.DirectMethodHandleAccessor::invokeImpl@41
                      ; - jdk.internal.reflect.DirectMethodHandleAccessor::invoke@23
  0x000001803f82b0ec: 2907 e9a6 

  0x000001803f82b0f0: ;   {runtime_call throw_null_pointer_exception Runtime1 stub}
  0x000001803f82b0f0: f3ff ffe8 

  0x000001803f82b0f4: ; ImmutableOopMap {rdx=Oop r8=Oop rsi=Oop rbx=Oop [176]=Oop [192]=Oop [272]=Oop }
                      ;*invokevirtual type {reexecute=0 rethrow=0 return_oop=0}
                      ; - java.lang.invoke.Invokers::checkExactType@1
                      ; - java.lang.invoke.Invokers$Holder::invokeExact_MT@10
                      ; - jdk.internal.reflect.DirectMethodHandleAccessor::invokeImpl@41
                      ; - jdk.internal.reflect.DirectMethodHandleAccessor::invoke@23
  0x000001803f82b0f4: 887c 2907 

  0x000001803f82b0f8: ;   {metadata({method} {0x00000180573d93d8} 'checkCustomized' '(Ljava/lang/invoke/MethodHandle;)V' in 'java/lang/invoke/Invokers')}
  0x000001803f82b0f8: 49ba d093 | 3d57 8001 | 0000 4c89 | 5424 0848 | c704 24ff 

  0x000001803f82b10c: ;   {runtime_call counter_overflow Runtime1 stub}
  0x000001803f82b10c: ffff ffe8 

  0x000001803f82b110: ; ImmutableOopMap {rdx=Oop r8=Oop rsi=Oop [176]=Oop [192]=Oop [272]=Oop }
                      ;*synchronization entry
                      ; - java.lang.invoke.Invokers::checkCustomized@-1
                      ; - java.lang.invoke.Invokers$Holder::invokeExact_MT@14
                      ; - jdk.internal.reflect.DirectMethodHandleAccessor::invokeImpl@41
                      ; - jdk.internal.reflect.DirectMethodHandleAccessor::invoke@23
  0x000001803f82b110: ecf6 2907 | e985 f4ff 

  0x000001803f82b118: ;   {metadata({method} {0x0000018057095ff0} 'isCompileConstant' '(Ljava/lang/Object;)Z' in 'java/lang/invoke/MethodHandleImpl')}
  0x000001803f82b118: ff49 bae8 | 5f09 5780 | 0100 004c | 8954 2408 | 48c7 0424 | ffff ffff 

  0x000001803f82b130: ;   {runtime_call counter_overflow Runtime1 stub}
  0x000001803f82b130: e8cb f629 

  0x000001803f82b134: ; ImmutableOopMap {rdx=Oop r8=Oop rsi=Oop [176]=Oop [192]=Oop [272]=Oop }
                      ;*synchronization entry
                      ; - java.lang.invoke.MethodHandleImpl::isCompileConstant@-1
                      ; - java.lang.invoke.Invokers::checkCustomized@1
                      ; - java.lang.invoke.Invokers$Holder::invokeExact_MT@14
                      ; - jdk.internal.reflect.DirectMethodHandleAccessor::invokeImpl@41
                      ; - jdk.internal.reflect.DirectMethodHandleAccessor::invoke@23
  0x000001803f82b134: 07e9 9df4 

  0x000001803f82b138: ;   {runtime_call throw_null_pointer_exception Runtime1 stub}
  0x000001803f82b138: ffff e841 

  0x000001803f82b13c: ; ImmutableOopMap {rdx=Oop r8=Oop rsi=Oop [176]=Oop [192]=Oop [272]=Oop }
                      ;*getfield customized {reexecute=1 rethrow=0 return_oop=0}
                      ; - (reexecute) java.lang.invoke.Invokers::checkCustomized@12
                      ; - java.lang.invoke.Invokers$Holder::invokeExact_MT@14
                      ; - jdk.internal.reflect.DirectMethodHandleAccessor::invokeImpl@41
                      ; - jdk.internal.reflect.DirectMethodHandleAccessor::invoke@23
                      ;   {internal_word}
  0x000001803f82b13c: 7c29 0749 | badc a682 | 3f80 0100 | 004d 8997 | 6004 0000 

  0x000001803f82b150: ;   {runtime_call SafepointBlob}
  0x000001803f82b150: e9ab a51d 

  0x000001803f82b154: ;   {runtime_call throw_null_pointer_exception Runtime1 stub}
  0x000001803f82b154: 07e8 267c 

  0x000001803f82b158: ; ImmutableOopMap {rax=Oop [176]=Oop [192]=Oop [272]=Oop }
                      ;*athrow {reexecute=1 rethrow=0 return_oop=0}
                      ; - (reexecute) java.lang.invoke.Invokers::checkExactType@15
                      ; - java.lang.invoke.Invokers$Holder::invokeExact_MT@10
                      ; - jdk.internal.reflect.DirectMethodHandleAccessor::invokeImpl@41
                      ; - jdk.internal.reflect.DirectMethodHandleAccessor::invoke@23
                      ;   {runtime_call throw_null_pointer_exception Runtime1 stub}
  0x000001803f82b158: 2907 e821 

  0x000001803f82b15c: ; ImmutableOopMap {rax=Oop [176]=Oop [192]=Oop [256]=Oop [264]=Oop }
                      ;*athrow {reexecute=1 rethrow=0 return_oop=0}
                      ; - (reexecute) java.lang.invoke.Invokers::checkExactType@15
                      ; - java.lang.invoke.Invokers$Holder::invokeExact_MT@10
                      ; - jdk.internal.reflect.DirectMethodHandleAccessor::invokeImpl@55
                      ; - jdk.internal.reflect.DirectMethodHandleAccessor::invoke@23
                      ;   {runtime_call throw_null_pointer_exception Runtime1 stub}
  0x000001803f82b15c: 7c29 07e8 

  0x000001803f82b160: ; ImmutableOopMap {rax=Oop [176]=Oop [192]=Oop [232]=Oop [240]=Oop [248]=Oop }
                      ;*athrow {reexecute=1 rethrow=0 return_oop=0}
                      ; - (reexecute) java.lang.invoke.Invokers::checkExactType@15
                      ; - java.lang.invoke.LambdaForm$MH/0x000001805801cc00::invokeExact_MT@11
                      ; - jdk.internal.reflect.DirectMethodHandleAccessor::invokeImpl@72
                      ; - jdk.internal.reflect.DirectMethodHandleAccessor::invoke@23
  0x000001803f82b160: 1c7c 2907 

  0x000001803f82b164: ;   {runtime_call throw_null_pointer_exception Runtime1 stub}
  0x000001803f82b164: e817 7c29 

  0x000001803f82b168: ; ImmutableOopMap {rax=Oop [176]=Oop [192]=Oop [200]=Oop [208]=Oop [216]=Oop [224]=Oop }
                      ;*athrow {reexecute=1 rethrow=0 return_oop=0}
                      ; - (reexecute) java.lang.invoke.Invokers::checkExactType@15
                      ; - java.lang.invoke.LambdaForm$MH/0x000001805800f400::invokeExact_MT@11
                      ; - jdk.internal.reflect.DirectMethodHandleAccessor::invokeImpl@92
                      ; - jdk.internal.reflect.DirectMethodHandleAccessor::invoke@23
                      ;   {metadata({method} {0x00000180573c4688} 'isIllegalArgument' '(Ljava/lang/RuntimeException;)Z' in 'jdk/internal/reflect/DirectMethodHandleAccessor')}
  0x000001803f82b168: 0749 ba80 | 463c 5780 | 0100 004c | 8954 2408 | 48c7 0424 | ffff ffff 

  0x000001803f82b180: ;   {runtime_call counter_overflow Runtime1 stub}
  0x000001803f82b180: e87b f629 

  0x000001803f82b184: ; ImmutableOopMap {rax=Oop }
                      ;*synchronization entry
                      ; - jdk.internal.reflect.DirectMethodHandleAccessor::isIllegalArgument@-1
                      ; - jdk.internal.reflect.DirectMethodHandleAccessor::invoke@58
  0x000001803f82b184: 07e9 c6f6 

  0x000001803f82b188: ;   {metadata({method} {0x00000180573c4688} 'isIllegalArgument' '(Ljava/lang/RuntimeException;)Z' in 'jdk/internal/reflect/DirectMethodHandleAccessor')}
  0x000001803f82b188: ffff 49ba | 8046 3c57 | 8001 0000 | 4c89 5424 | 0848 c704 | 24ff ffff 

  0x000001803f82b1a0: ;   {runtime_call counter_overflow Runtime1 stub}
  0x000001803f82b1a0: ffe8 5af6 

  0x000001803f82b1a4: ; ImmutableOopMap {rax=Oop }
                      ;*synchronization entry
                      ; - jdk.internal.reflect.DirectMethodHandleAccessor::isIllegalArgument@-1
                      ; - jdk.internal.reflect.DirectMethodHandleAccessor::invoke@30
  0x000001803f82b1a4: 2907 e960 

  0x000001803f82b1a8: ;   {metadata(nullptr)}
  0x000001803f82b1a8: f7ff ff48 | ba00 0000 | 0000 0000 | 00b8 000f 

  0x000001803f82b1b8: ;   {runtime_call load_klass_patching Runtime1 stub}
  0x000001803f82b1b8: 050a e8c1 

  0x000001803f82b1bc: ; ImmutableOopMap {}
                      ;*new {reexecute=1 rethrow=0 return_oop=0}
                      ; - (reexecute) jdk.internal.reflect.DirectMethodHandleAccessor::invoke@36
  0x000001803f82b1bc: e529 07e9 | a4f7 ffff 

  0x000001803f82b1c4: ;   {runtime_call fast_new_instance Runtime1 stub}
  0x000001803f82b1c4: 488b d2e8 

  0x000001803f82b1c8: ; ImmutableOopMap {}
                      ;*new {reexecute=0 rethrow=0 return_oop=0}
                      ; - jdk.internal.reflect.DirectMethodHandleAccessor::invoke@36
  0x000001803f82b1c8: b48d 2907 | e9ef f7ff 

  0x000001803f82b1d0: ;   {metadata(nullptr)}
  0x000001803f82b1d0: ff48 ba00 | 0000 0000 | 0000 00b8 | 000f 050a 

  0x000001803f82b1e0: ;   {runtime_call load_klass_patching Runtime1 stub}
  0x000001803f82b1e0: e89b e529 

  0x000001803f82b1e4: ; ImmutableOopMap {r8=Oop }
                      ;*new {reexecute=1 rethrow=0 return_oop=0}
                      ; - (reexecute) jdk.internal.reflect.DirectMethodHandleAccessor::invoke@46
  0x000001803f82b1e4: 07e9 2ef8 

  0x000001803f82b1e8: ;   {runtime_call throw_null_pointer_exception Runtime1 stub}
  0x000001803f82b1e8: ffff e891 

  0x000001803f82b1ec: ; ImmutableOopMap {r8=Oop }
                      ;*new {reexecute=0 rethrow=0 return_oop=0}
                      ; - jdk.internal.reflect.DirectMethodHandleAccessor::invoke@46
  0x000001803f82b1ec: 7b29 0748 

  0x000001803f82b1f0: ;   {runtime_call fast_new_instance_init_check Runtime1 stub}
  0x000001803f82b1f0: 8bd2 e809 

  0x000001803f82b1f4: ; ImmutableOopMap {r8=Oop }
                      ;*new {reexecute=0 rethrow=0 return_oop=0}
                      ; - jdk.internal.reflect.DirectMethodHandleAccessor::invoke@46
  0x000001803f82b1f4: 9529 07e9 | 81f8 ffff 

  0x000001803f82b1fc: ;   {metadata(nullptr)}
  0x000001803f82b1fc: 48ba 0000 | 0000 0000 | 0000 b800 

  0x000001803f82b208: ;   {runtime_call load_klass_patching Runtime1 stub}
  0x000001803f82b208: 0f05 0ae8 

  0x000001803f82b20c: ; ImmutableOopMap {[280]=Oop }
                      ;*new {reexecute=1 rethrow=0 return_oop=0}
                      ; - (reexecute) jdk.internal.reflect.DirectMethodHandleAccessor::invoke@64
  0x000001803f82b20c: 70e5 2907 | e9ab f8ff | ff48 8bd2 

  0x000001803f82b218: ;   {runtime_call fast_new_instance Runtime1 stub}
  0x000001803f82b218: e863 8d29 

  0x000001803f82b21c: ; ImmutableOopMap {[280]=Oop }
                      ;*new {reexecute=0 rethrow=0 return_oop=0}
                      ; - jdk.internal.reflect.DirectMethodHandleAccessor::invoke@64
  0x000001803f82b21c: 07e9 f6f8 

  0x000001803f82b220: ;   {metadata(nullptr)}
  0x000001803f82b220: ffff 48ba | 0000 0000 | 0000 0000 | b800 0f05 

  0x000001803f82b230: ;   {runtime_call load_klass_patching Runtime1 stub}
  0x000001803f82b230: 0ae8 4ae5 

  0x000001803f82b234: ; ImmutableOopMap {r8=Oop }
                      ;*new {reexecute=1 rethrow=0 return_oop=0}
                      ; - (reexecute) jdk.internal.reflect.DirectMethodHandleAccessor::invoke@73
  0x000001803f82b234: 2907 e935 

  0x000001803f82b238: ;   {runtime_call throw_null_pointer_exception Runtime1 stub}
  0x000001803f82b238: f9ff ffe8 

  0x000001803f82b23c: ; ImmutableOopMap {r8=Oop }
                      ;*new {reexecute=0 rethrow=0 return_oop=0}
                      ; - jdk.internal.reflect.DirectMethodHandleAccessor::invoke@73
  0x000001803f82b23c: 407b 2907 

  0x000001803f82b240: ;   {runtime_call fast_new_instance_init_check Runtime1 stub}
  0x000001803f82b240: 488b d2e8 

  0x000001803f82b244: ; ImmutableOopMap {r8=Oop }
                      ;*new {reexecute=0 rethrow=0 return_oop=0}
                      ; - jdk.internal.reflect.DirectMethodHandleAccessor::invoke@73
  0x000001803f82b244: b894 2907 | e988 f9ff 

  0x000001803f82b24c: ;   {metadata(nullptr)}
  0x000001803f82b24c: ff48 ba00 | 0000 0000 | 0000 00b8 | 000f 050a 

  0x000001803f82b25c: ;   {runtime_call load_klass_patching Runtime1 stub}
  0x000001803f82b25c: e81f e529 

  0x000001803f82b260: ; ImmutableOopMap {[176]=Oop [184]=Oop [192]=Oop }
                      ;*new {reexecute=1 rethrow=0 return_oop=0}
                      ; - (reexecute) jdk.internal.reflect.DirectMethodHandleAccessor::checkReceiver@14
                      ; - jdk.internal.reflect.DirectMethodHandleAccessor::invoke@9
  0x000001803f82b260: 07e9 b2f9 | ffff 488b 

  0x000001803f82b268: ;   {runtime_call fast_new_instance Runtime1 stub}
  0x000001803f82b268: d2e8 128d 

  0x000001803f82b26c: ; ImmutableOopMap {[176]=Oop [184]=Oop [192]=Oop }
                      ;*new {reexecute=0 rethrow=0 return_oop=0}
                      ; - jdk.internal.reflect.DirectMethodHandleAccessor::checkReceiver@14
                      ; - jdk.internal.reflect.DirectMethodHandleAccessor::invoke@9
  0x000001803f82b26c: 2907 e9fd 

  0x000001803f82b270: ;   {metadata('java/lang/reflect/InvocationTargetException')}
  0x000001803f82b270: f9ff ff48 | baf0 4e04 | 5880 0100 | 00b8 000f 

  0x000001803f82b280: ;   {runtime_call load_klass_patching Runtime1 stub}
  0x000001803f82b280: 050a e8f9 

  0x000001803f82b284: ; ImmutableOopMap {r8=Oop }
                      ;*new {reexecute=1 rethrow=0 return_oop=0}
                      ; - (reexecute) jdk.internal.reflect.DirectMethodHandleAccessor::invoke@83
  0x000001803f82b284: e429 07e9 | 4cfa ffff 

  0x000001803f82b28c: ;   {runtime_call throw_null_pointer_exception Runtime1 stub}
  0x000001803f82b28c: e8ef 7a29 

  0x000001803f82b290: ; ImmutableOopMap {r8=Oop }
                      ;*new {reexecute=0 rethrow=0 return_oop=0}
                      ; - jdk.internal.reflect.DirectMethodHandleAccessor::invoke@83
  0x000001803f82b290: 0748 8bd2 

  0x000001803f82b294: ;   {runtime_call fast_new_instance_init_check Runtime1 stub}
  0x000001803f82b294: e867 9429 

  0x000001803f82b298: ; ImmutableOopMap {r8=Oop }
                      ;*new {reexecute=0 rethrow=0 return_oop=0}
                      ; - jdk.internal.reflect.DirectMethodHandleAccessor::invoke@83
  0x000001803f82b298: 07e9 9ffa | ffff 498b | 87f8 0400 | 0049 c787 | f804 0000 | 0000 0000 | 49c7 8700 | 0500 0000 
  0x000001803f82b2b8: 0000 0048 | 81c4 6001 

  0x000001803f82b2c0: ;   {runtime_call unwind_exception Runtime1 stub}
  0x000001803f82b2c0: 0000 5de9 | b86b 2907 
[Stub Code]
  0x000001803f82b2c8: ;   {no_reloc}
  0x000001803f82b2c8: 0f1f 4400 

  0x000001803f82b2cc: ;   {static_stub}
  0x000001803f82b2cc: 0048 bb50 | 010b 5780 

  0x000001803f82b2d4: ;   {runtime_call I2C/C2I adapters}
  0x000001803f82b2d4: 0100 00e9 | 936c 1c07 

  0x000001803f82b2dc: ;   {static_stub}
  0x000001803f82b2dc: 9048 bb00 | 0000 0000 

  0x000001803f82b2e4: ;   {runtime_call nmethod}
  0x000001803f82b2e4: 0000 00e9 | fbff ffff 

  0x000001803f82b2ec: ;   {static_stub}
  0x000001803f82b2ec: 9048 bb00 | 0000 0000 

  0x000001803f82b2f4: ;   {runtime_call nmethod}
  0x000001803f82b2f4: 0000 00e9 | fbff ffff 

  0x000001803f82b2fc: ;   {static_stub}
  0x000001803f82b2fc: 9048 bb00 | 0000 0000 

  0x000001803f82b304: ;   {runtime_call nmethod}
  0x000001803f82b304: 0000 00e9 | fbff ffff 

  0x000001803f82b30c: ;   {static_stub}
  0x000001803f82b30c: 9048 bb00 | 0000 0000 

  0x000001803f82b314: ;   {runtime_call nmethod}
  0x000001803f82b314: 0000 00e9 | fbff ffff 

  0x000001803f82b31c: ;   {static_stub}
  0x000001803f82b31c: 9048 bbe0 | dc04 9880 

  0x000001803f82b324: ;   {runtime_call I2C/C2I adapters}
  0x000001803f82b324: 0100 00e9 | bb8e 1d07 

  0x000001803f82b32c: ;   {static_stub}
  0x000001803f82b32c: 48bb 0000 | 0000 0000 

  0x000001803f82b334: ;   {runtime_call nmethod}
  0x000001803f82b334: 0000 e9fb 

  0x000001803f82b338: ;   {static_stub}
  0x000001803f82b338: ffff ff48 | bb00 0000 | 0000 0000 

  0x000001803f82b344: ;   {runtime_call nmethod}
  0x000001803f82b344: 00e9 fbff 

  0x000001803f82b348: ;   {static_stub}
  0x000001803f82b348: ffff 48bb | 0000 0000 | 0000 0000 

  0x000001803f82b354: ;   {runtime_call nmethod}
  0x000001803f82b354: e9fb ffff 

  0x000001803f82b358: ;   {static_stub}
  0x000001803f82b358: ff48 bb00 | 0000 0000 

  0x000001803f82b360: ;   {runtime_call nmethod}
  0x000001803f82b360: 0000 00e9 | fbff ffff 

  0x000001803f82b368: ;   {static_stub}
  0x000001803f82b368: 48bb 0000 | 0000 0000 

  0x000001803f82b370: ;   {runtime_call nmethod}
  0x000001803f82b370: 0000 e9fb 

  0x000001803f82b374: ;   {static_stub}
  0x000001803f82b374: ffff ff48 | bb10 9c3d | 5780 0100 

  0x000001803f82b380: ;   {runtime_call I2C/C2I adapters}
  0x000001803f82b380: 00e9 dd80 

  0x000001803f82b384: ;   {static_stub}
  0x000001803f82b384: 1d07 48bb | 0000 0000 | 0000 0000 

  0x000001803f82b390: ;   {runtime_call nmethod}
  0x000001803f82b390: e9fb ffff 

  0x000001803f82b394: ;   {static_stub}
  0x000001803f82b394: ff48 bb00 | 0000 0000 

  0x000001803f82b39c: ;   {runtime_call nmethod}
  0x000001803f82b39c: 0000 00e9 | fbff ffff 

  0x000001803f82b3a4: ;   {static_stub}
  0x000001803f82b3a4: 48bb 0000 | 0000 0000 

  0x000001803f82b3ac: ;   {runtime_call nmethod}
  0x000001803f82b3ac: 0000 e9fb 

  0x000001803f82b3b0: ;   {static_stub}
  0x000001803f82b3b0: ffff ff48 | bb00 0000 | 0000 0000 

  0x000001803f82b3bc: ;   {runtime_call nmethod}
  0x000001803f82b3bc: 00e9 fbff 

  0x000001803f82b3c0: ;   {runtime_call handle_exception_from_callee Runtime1 stub}
  0x000001803f82b3c0: ffff e839 

  0x000001803f82b3c4: ;   {external_word}
  0x000001803f82b3c4: ae29 0748 | b990 7ff8 | bff8 7f00 | 0048 83e4 

  0x000001803f82b3d4: ;   {runtime_call}
  0x000001803f82b3d4: f048 b8e0 | 44bb bff8 | 7f00 00ff 

  0x000001803f82b3e0: ;   {section_word}
  0x000001803f82b3e0: d0f4 49ba | e2b3 823f | 8001 0000 

  0x000001803f82b3ec: ;   {runtime_call DeoptimizationBlob}
  0x000001803f82b3ec: 4152 e9ad 

  0x000001803f82b3f0: ;   {section_word}
  0x000001803f82b3f0: 951d 0749 | baf3 b382 | 3f80 0100 

  0x000001803f82b3fc: ;   {runtime_call DeoptimizationBlob}
  0x000001803f82b3fc: 0041 52e9 | 9c95 1d07 | f4f4 f4f4 
[/MachCode]


Compiled method (c1) 13939 9896   !   3       org.eclipse.e4.core.internal.di.MethodRequestor::execute (176 bytes)
 total in heap  [0x000001803fd58b90,0x000001803fd5c748] = 15288
 relocation     [0x000001803fd58cf0,0x000001803fd59000] = 784
 main code      [0x000001803fd59000,0x000001803fd5b5d8] = 9688
 stub code      [0x000001803fd5b5d8,0x000001803fd5b728] = 336
 oops           [0x000001803fd5b728,0x000001803fd5b738] = 16
 metadata       [0x000001803fd5b738,0x000001803fd5b7f8] = 192
 scopes data    [0x000001803fd5b7f8,0x000001803fd5bc38] = 1088
 scopes pcs     [0x000001803fd5bc38,0x000001803fd5c118] = 1248
 dependencies   [0x000001803fd5c118,0x000001803fd5c138] = 32
 handler table  [0x000001803fd5c138,0x000001803fd5c690] = 1368
 nul chk table  [0x000001803fd5c690,0x000001803fd5c748] = 184

[Constant Pool (empty)]

[MachCode]
[Entry Point]
  # {method} {0x00000180997a4828} 'execute' '()Ljava/lang/Object;' in 'org/eclipse/e4/core/internal/di/MethodRequestor'
  #           [sp+0x160]  (sp of caller)
  0x000001803fd59000: 448b 5208 | 49bb 0000 | 0057 8001 | 0000 4d03 | d34c 3bd0 

  0x000001803fd59014: ;   {runtime_call ic_miss_stub}
  0x000001803fd59014: 0f85 6657 | ca06 660f | 1f44 0000 
[Verified Entry Point]
  0x000001803fd59020: 8984 2400 | 80ff ff55 | 4881 ec50 | 0100 0090 | 4181 7f20 | 0a00 0000 

  0x000001803fd59038: ;   {runtime_call StubRoutines (final stubs)}
  0x000001803fd59038: 7405 e821 | bdc8 0648 | 8994 24b8 

  0x000001803fd59044: ;   {metadata(method data for {method} {0x00000180997a4828} 'execute' '()Ljava/lang/Object;' in 'org/eclipse/e4/core/internal/di/MethodRequestor')}
  0x000001803fd59044: 0000 0048 | bea0 5972 | 9a80 0100 | 008b becc | 0000 0083 | c702 89be | cc00 0000 | 81e7 fe07 
  0x000001803fd59064: 0000 85ff | 0f84 d21e | 0000 8b72 | 2848 c1e6 | 0348 85f6 

  0x000001803fd59078: ;   {metadata(method data for {method} {0x00000180997a4828} 'execute' '()Ljava/lang/Object;' in 'org/eclipse/e4/core/internal/di/MethodRequestor')}
  0x000001803fd59078: 48be a059 | 729a 8001 | 0000 48c7 | c710 0100 | 0075 0748 | c7c7 2001 | 0000 488b | 1c3e 488d 
  0x000001803fd59098: 5b01 4889 | 1c3e 0f85 | 0c03 0000 | 8b72 1448 | c1e6 0348 | 85f6 7516 

  0x000001803fd590b0: ;   {metadata(method data for {method} {0x00000180997a4828} 'execute' '()Ljava/lang/Object;' in 'org/eclipse/e4/core/internal/di/MethodRequestor')}
  0x000001803fd590b0: 48bb a059 | 729a 8001 | 0000 808b | 2901 0000 | 01e9 cc00 

  0x000001803fd590c4: ;   {metadata('java/lang/reflect/Method')}
  0x000001803fd590c4: 0000 48b8 | a805 0457 | 8001 0000 | 8b7e 0849 | ba00 0000 | 5780 0100 | 0049 03fa | 483b c70f 
  0x000001803fd590e4: 858d 0000 

  0x000001803fd590e8: ;   {metadata(method data for {method} {0x00000180997a4828} 'execute' '()Ljava/lang/Object;' in 'org/eclipse/e4/core/internal/di/MethodRequestor')}
  0x000001803fd590e8: 0048 bba0 | 5972 9a80 | 0100 008b | 4608 49ba | 0000 0057 | 8001 0000 | 4903 c248 | 3b83 4001 
  0x000001803fd59108: 0000 750d | 4883 8348 | 0100 0001 | e979 0000 | 0048 3b83 | 5001 0000 | 750d 4883 | 8358 0100 
  0x000001803fd59128: 0001 e963 | 0000 0048 | 83bb 4001 | 0000 0075 | 1748 8983 | 4001 0000 | 48c7 8348 | 0100 0001 
  0x000001803fd59148: 0000 00e9 | 4200 0000 | 4883 bb50 | 0100 0000 | 7517 4889 | 8350 0100 | 0048 c783 | 5801 0000 
  0x000001803fd59168: 0100 0000 | e921 0000 | 00e9 1c00 

  0x000001803fd59174: ;   {metadata(method data for {method} {0x00000180997a4828} 'execute' '()Ljava/lang/Object;' in 'org/eclipse/e4/core/internal/di/MethodRequestor')}
  0x000001803fd59174: 0000 48bb | a059 729a | 8001 0000 | 4883 ab30 | 0100 0001 | e9d4 1d00 | 00e9 0000 | 0000 483b 
  0x000001803fd59194: 0648 8bfe 

  0x000001803fd59198: ;   {metadata(method data for {method} {0x00000180997a4828} 'execute' '()Ljava/lang/Object;' in 'org/eclipse/e4/core/internal/di/MethodRequestor')}
  0x000001803fd59198: 48bb a059 | 729a 8001 | 0000 4883 | 8368 0100 

  0x000001803fd591a8: ;   {metadata(method data for {method} {0x0000018057041d00} 'getParameterTypes' '()[Ljava/lang/Class;' in 'java/lang/reflect/Method')}
  0x000001803fd591a8: 0001 48bf | f04b 4e99 | 8001 0000 | 8b9f cc00 | 0000 83c3 | 0289 9fcc | 0000 0081 | e3fe ff1f 
  0x000001803fd591c8: 0085 db0f | 849e 1d00 | 008b 7630 | 48c1 e603 

  0x000001803fd591d8: ; implicit exception: dispatches to 0x000001803fd5af90
  0x000001803fd591d8: 483b 0648 

  0x000001803fd591dc: ;   {metadata(method data for {method} {0x0000018057041d00} 'getParameterTypes' '()[Ljava/lang/Class;' in 'java/lang/reflect/Method')}
  0x000001803fd591dc: 8bfe 48bb | f04b 4e99 | 8001 0000 | 8b7f 0849 | ba00 0000 | 5780 0100 | 0049 03fa | 483b bb20 
  0x000001803fd591fc: 0100 0075 | 0d48 8383 | 2801 0000 | 01e9 6000 | 0000 483b | bb30 0100 | 0075 0d48 | 8383 3801 
  0x000001803fd5921c: 0000 01e9 | 4a00 0000 | 4883 bb20 | 0100 0000 | 7517 4889 | bb20 0100 | 0048 c783 | 2801 0000 
  0x000001803fd5923c: 0100 0000 | e929 0000 | 0048 83bb | 3001 0000 | 0075 1748 | 89bb 3001 | 0000 48c7 | 8338 0100 
  0x000001803fd5925c: 0001 0000 | 00e9 0800 | 0000 4883 | 8310 0100 | 0001 488b | d60f 1f40 | 0048 b8ff | ffff ffff 
  0x000001803fd5927c: ;   {virtual_call}
  0x000001803fd5927c: ffff ffe8 

  0x000001803fd59280: ; ImmutableOopMap {[184]=Oop }
                      ;*invokevirtual clone {reexecute=0 rethrow=0 return_oop=0}
                      ; - java.lang.reflect.Method::getParameterTypes@4
                      ; - org.eclipse.e4.core.internal.di.MethodRequestor::execute@14 (line 42)
  0x000001803fd59280: fc5a ca06 

  0x000001803fd59284: ;   {other}
  0x000001803fd59284: 0f1f 8400 | f406 0000 | 4885 c075 

  0x000001803fd59290: ;   {metadata(method data for {method} {0x0000018057041d00} 'getParameterTypes' '()[Ljava/lang/Class;' in 'java/lang/reflect/Method')}
  0x000001803fd59290: 1648 bff0 | 4b4e 9980 | 0100 0080 | 8f41 0100 | 0001 e9cd 

  0x000001803fd592a4: ;   {metadata('java/lang/Class'[])}
  0x000001803fd592a4: 0000 0048 | bbe0 6e00 | 5780 0100 | 008b 7808 | 49ba 0000 | 0057 8001 | 0000 4903 | fa48 3b5f 
  0x000001803fd592c4: 400f 858d 

  0x000001803fd592c8: ;   {metadata(method data for {method} {0x0000018057041d00} 'getParameterTypes' '()[Ljava/lang/Class;' in 'java/lang/reflect/Method')}
  0x000001803fd592c8: 0000 0048 | bff0 4b4e | 9980 0100 | 008b 5808 | 49ba 0000 | 0057 8001 | 0000 4903 | da48 3b9f 
  0x000001803fd592e8: 5801 0000 | 750d 4883 | 8760 0100 | 0001 e979 | 0000 0048 | 3b9f 6801 | 0000 750d | 4883 8770 
  0x000001803fd59308: 0100 0001 | e963 0000 | 0048 83bf | 5801 0000 | 0075 1748 | 899f 5801 | 0000 48c7 | 8760 0100 
  0x000001803fd59328: 0001 0000 | 00e9 4200 | 0000 4883 | bf68 0100 | 0000 7517 | 4889 9f68 | 0100 0048 | c787 7001 
  0x000001803fd59348: 0000 0100 | 0000 e921 | 0000 00e9 | 1c00 0000 

  0x000001803fd59358: ;   {metadata(method data for {method} {0x0000018057041d00} 'getParameterTypes' '()[Ljava/lang/Class;' in 'java/lang/reflect/Method')}
  0x000001803fd59358: 48bf f04b | 4e99 8001 | 0000 4883 | af48 0100 | 0001 e926 | 1c00 00e9 | 0000 0000 | 488b d08b 
  0x000001803fd59378: 520c 85d2 

  0x000001803fd5937c: ;   {metadata(method data for {method} {0x00000180997a4828} 'execute' '()Ljava/lang/Object;' in 'org/eclipse/e4/core/internal/di/MethodRequestor')}
  0x000001803fd5937c: 48ba a059 | 729a 8001 | 0000 48c7 | c6b0 0100 | 007f 0748 | c7c6 a001 | 0000 488b | 3c32 488d 
  0x000001803fd5939c: 7f01 4889 | 3c32 0f8f | a616 0000 | 488b 9424 | b800 0000 

  0x000001803fd593b0: ;   {metadata(method data for {method} {0x00000180997a4828} 'execute' '()Ljava/lang/Object;' in 'org/eclipse/e4/core/internal/di/MethodRequestor')}
  0x000001803fd593b0: 488b f248 | bfa0 5972 | 9a80 0100 | 008b 7608 | 49ba 0000 | 0057 8001 | 0000 4903 | f248 3bb7 
  0x000001803fd593d0: d001 0000 | 750d 4883 | 87d8 0100 | 0001 e960 | 0000 0048 | 3bb7 e001 | 0000 750d | 4883 87e8 
  0x000001803fd593f0: 0100 0001 | e94a 0000 | 0048 83bf | d001 0000 | 0075 1748 | 89b7 d001 | 0000 48c7 | 87d8 0100 
  0x000001803fd59410: 0001 0000 | 00e9 2900 | 0000 4883 | bfe0 0100 | 0000 7517 | 4889 b7e0 | 0100 0048 | c787 e801 
  0x000001803fd59430: 0000 0100 | 0000 e908 | 0000 0048 | 8387 c001 

  0x000001803fd59440: ;   {metadata(method data for {method} {0x00000180997a1ed8} 'getRequestingObject' '()Ljava/lang/Object;' in 'org/eclipse/e4/core/internal/di/Requestor')}
  0x000001803fd59440: 0000 0148 | be50 4472 | 9a80 0100 | 008b becc | 0000 0083 | c702 89be | cc00 0000 | 81e7 feff 
  0x000001803fd59460: 1f00 85ff | 0f84 391b | 0000 8b72 | 1848 c1e6 | 0348 85f6 

  0x000001803fd59474: ;   {metadata(method data for {method} {0x00000180997a1ed8} 'getRequestingObject' '()Ljava/lang/Object;' in 'org/eclipse/e4/core/internal/di/Requestor')}
  0x000001803fd59474: 48bf 5044 | 729a 8001 | 0000 48c7 | c310 0100 | 0075 0748 | c7c3 2001 | 0000 488b | 041f 488d 
  0x000001803fd59494: 4001 4889 | 041f 0f85 | 0f00 0000 

  0x000001803fd594a0: ;   {oop(nullptr)}
  0x000001803fd594a0: 48be 0000 | 0000 0000 | 0000 e9b8 | 0000 0048 | 3b06 488b 

  0x000001803fd594b4: ;   {metadata(method data for {method} {0x00000180997a1ed8} 'getRequestingObject' '()Ljava/lang/Object;' in 'org/eclipse/e4/core/internal/di/Requestor')}
  0x000001803fd594b4: fe48 bb50 | 4472 9a80 | 0100 008b | 7f08 49ba | 0000 0057 | 8001 0000 | 4903 fa48 | 3bbb 4001 
  0x000001803fd594d4: 0000 750d | 4883 8348 | 0100 0001 | e960 0000 | 0048 3bbb | 5001 0000 | 750d 4883 | 8358 0100 
  0x000001803fd594f4: 0001 e94a | 0000 0048 | 83bb 4001 | 0000 0075 | 1748 89bb | 4001 0000 | 48c7 8348 | 0100 0001 
  0x000001803fd59514: 0000 00e9 | 2900 0000 | 4883 bb50 | 0100 0000 | 7517 4889 | bb50 0100 | 0048 c783 | 5801 0000 
  0x000001803fd59534: 0100 0000 | e908 0000 | 0048 8383 | 3001 0000 | 0148 8bd6 | 0f1f 4400 | 0048 b8e0 | 6978 9d80 
  0x000001803fd59554: ;   {virtual_call}
  0x000001803fd59554: 0100 00e8 

  0x000001803fd59558: ; ImmutableOopMap {[184]=Oop }
                      ;*invokevirtual get {reexecute=0 rethrow=0 return_oop=0}
                      ; - org.eclipse.e4.core.internal.di.Requestor::getRequestingObject@13 (line 108)
                      ; - org.eclipse.e4.core.internal.di.MethodRequestor::execute@24 (line 45)
  0x000001803fd59558: d59e ca06 

  0x000001803fd5955c: ;   {other}
  0x000001803fd5955c: 0f1f 8400 | cc09 0001 | 488b f048 

  0x000001803fd59568: ;   {metadata(method data for {method} {0x00000180997a4828} 'execute' '()Ljava/lang/Object;' in 'org/eclipse/e4/core/internal/di/MethodRequestor')}
  0x000001803fd59568: 85f6 48b8 | a059 729a | 8001 0000 | 48c7 c208 | 0200 0074 | 0748 c7c2 | f801 0000 | 488b 3c10 
  0x000001803fd59588: 488d 7f01 | 4889 3c10 | 0f84 9814 | 0000 488b | 9424 b800 | 0000 8b7a | 2048 c1e7 | 0348 85ff 
  0x000001803fd595a8: ;   {metadata(method data for {method} {0x00000180997a4828} 'execute' '()Ljava/lang/Object;' in 'org/eclipse/e4/core/internal/di/MethodRequestor')}
  0x000001803fd595a8: 48b8 a059 | 729a 8001 | 0000 48c7 | c328 0200 | 0075 0748 | c7c3 1802 | 0000 488b | 0c18 488d 
  0x000001803fd595c8: 4901 4889 | 0c18 0f85 | 1900 0000 | bf00 0000 | 0089 bc24 | d400 0000 | 4889 b424 | c000 0000 
  0x000001803fd595e8: e9e9 0800 | 0048 89b4 | 24c0 0000 | 0048 3b07 

  0x000001803fd595f8: ;   {metadata(method data for {method} {0x00000180997a4828} 'execute' '()Ljava/lang/Object;' in 'org/eclipse/e4/core/internal/di/MethodRequestor')}
  0x000001803fd595f8: 488b c748 | bba0 5972 | 9a80 0100 

  0x000001803fd59604: ;   {metadata('org/eclipse/e4/core/internal/contexts/ContextObjectSupplier')}
  0x000001803fd59604: 0049 ba70 | f82b 5880 | 0100 004c | 8993 4802 | 0000 4883 | 8350 0200 | 0001 488d | 9c24 2001 
  0x000001803fd59624: 0000 4889 | 7b08 488b | 0748 83c8 | 0148 8903 | f048 0fb1 | 1f0f 8412 | 0000 0048 | 2bc4 4825 
  0x000001803fd59644: 07f0 ffff | 4889 030f | 857d 1900 | 0049 ff87 | 4805 0000 

  0x000001803fd59658: ;   {metadata(method data for {method} {0x0000018099794080} 'pauseRecording' '()V' in 'org/eclipse/e4/core/internal/contexts/ContextObjectSupplier')}
  0x000001803fd59658: 48bb c067 | 0b9a 8001 | 0000 8b83 | cc00 0000 | 83c0 0289 | 83cc 0000 | 0025 feff | 1f00 85c0 
  0x000001803fd59678: 0f84 6319 

  0x000001803fd5967c: ;   {metadata(method data for {method} {0x0000018099794080} 'pauseRecording' '()V' in 'org/eclipse/e4/core/internal/contexts/ContextObjectSupplier')}
  0x000001803fd5967c: 0000 48bf | c067 0b9a | 8001 0000 | 4883 8710 | 0100 0001 

  0x000001803fd59690: ;   {metadata(method data for {method} {0x000001809977f4e0} 'getCalculatedComputations' '()Ljava/util/Stack;' in 'org/eclipse/e4/core/internal/contexts/EclipseContext')}
  0x000001803fd59690: 48bf 708e | c399 8001 | 0000 8b9f | cc00 0000 | 83c3 0289 | 9fcc 0000 | 0081 e3fe | ff1f 0085 
  0x000001803fd596b0: db0f 844b 

  0x000001803fd596b4: ;   {oop(a 'java/lang/Class'{0x00000007492d57d8} = 'org/eclipse/e4/core/internal/contexts/EclipseContext')}
  0x000001803fd596b4: 1900 0048 | bfd8 572d | 4907 0000 | 008b 7f7c | 48c1 e703 

  0x000001803fd596c8: ; implicit exception: dispatches to 0x000001803fd5b023
  0x000001803fd596c8: 483b 0748 

  0x000001803fd596cc: ;   {metadata(method data for {method} {0x000001809977f4e0} 'getCalculatedComputations' '()Ljava/util/Stack;' in 'org/eclipse/e4/core/internal/contexts/EclipseContext')}
  0x000001803fd596cc: 8bdf 48b8 | 708e c399 | 8001 0000 | 8b5b 0849 | ba00 0000 | 5780 0100 | 0049 03da | 483b 9820 
  0x000001803fd596ec: 0100 0075 | 0d48 8380 | 2801 0000 | 01e9 6000 | 0000 483b | 9830 0100 | 0075 0d48 | 8380 3801 
  0x000001803fd5970c: 0000 01e9 | 4a00 0000 | 4883 b820 | 0100 0000 | 7517 4889 | 9820 0100 | 0048 c780 | 2801 0000 
  0x000001803fd5972c: 0100 0000 | e929 0000 | 0048 83b8 | 3001 0000 | 0075 1748 | 8998 3001 | 0000 48c7 | 8038 0100 
  0x000001803fd5974c: 0001 0000 | 00e9 0800 | 0000 4883 | 8010 0100 | 0001 488b | d70f 1f40 | 0048 b810 | 1812 5780 
  0x000001803fd5976c: ;   {virtual_call}
  0x000001803fd5976c: 0100 00e8 

  0x000001803fd59770: ; ImmutableOopMap {[184]=Oop [192]=Oop [296]=Oop }
                      ;*invokevirtual get {reexecute=0 rethrow=0 return_oop=0}
                      ; - org.eclipse.e4.core.internal.contexts.EclipseContext::getCalculatedComputations@3 (line 734)
                      ; - org.eclipse.e4.core.internal.contexts.ContextObjectSupplier::pauseRecording@0 (line 214)
                      ; - org.eclipse.e4.core.internal.di.MethodRequestor::execute@49 (line 51)
  0x000001803fd59770: 4c92 5907 

  0x000001803fd59774: ;   {other}
  0x000001803fd59774: 0f1f 8400 | e40b 0002 | 4885 c075 

  0x000001803fd59780: ;   {metadata(method data for {method} {0x000001809977f4e0} 'getCalculatedComputations' '()Ljava/util/Stack;' in 'org/eclipse/e4/core/internal/contexts/EclipseContext')}
  0x000001803fd59780: 1648 bf70 | 8ec3 9980 | 0100 0080 | 8f41 0100 | 0001 e9cc 

  0x000001803fd59794: ;   {metadata('java/util/Stack')}
  0x000001803fd59794: 0000 0048 | bae0 720d | 5880 0100 | 008b 7008 | 49ba 0000 | 0057 8001 | 0000 4903 | f248 3bd6 
  0x000001803fd597b4: 0f85 8d00 

  0x000001803fd597b8: ;   {metadata(method data for {method} {0x000001809977f4e0} 'getCalculatedComputations' '()Ljava/util/Stack;' in 'org/eclipse/e4/core/internal/contexts/EclipseContext')}
  0x000001803fd597b8: 0000 48bf | 708e c399 | 8001 0000 | 8b50 0849 | ba00 0000 | 5780 0100 | 0049 03d2 | 483b 9758 
  0x000001803fd597d8: 0100 0075 | 0d48 8387 | 6001 0000 | 01e9 7900 | 0000 483b | 9768 0100 | 0075 0d48 | 8387 7001 
  0x000001803fd597f8: 0000 01e9 | 6300 0000 | 4883 bf58 | 0100 0000 | 7517 4889 | 9758 0100 | 0048 c787 | 6001 0000 
  0x000001803fd59818: 0100 0000 | e942 0000 | 0048 83bf | 6801 0000 | 0075 1748 | 8997 6801 | 0000 48c7 | 8770 0100 
  0x000001803fd59838: 0001 0000 | 00e9 2100 | 0000 e91c 

  0x000001803fd59844: ;   {metadata(method data for {method} {0x000001809977f4e0} 'getCalculatedComputations' '()Ljava/util/Stack;' in 'org/eclipse/e4/core/internal/contexts/EclipseContext')}
  0x000001803fd59844: 0000 0048 | bf70 8ec3 | 9980 0100 | 0048 83af | 4801 0000 | 01e9 ca17 | 0000 e900 | 0000 0048 
  0x000001803fd59864: 8bd0 4885 

  0x000001803fd59868: ;   {metadata(method data for {method} {0x000001809977f4e0} 'getCalculatedComputations' '()Ljava/util/Stack;' in 'org/eclipse/e4/core/internal/contexts/EclipseContext')}
  0x000001803fd59868: d248 be70 | 8ec3 9980 | 0100 0048 | c7c7 8001 | 0000 7507 | 48c7 c790 | 0100 0048 | 8b04 3e48 
  0x000001803fd59888: 8d40 0148 | 8904 3e0f | 8527 0200 

  0x000001803fd59894: ;   {metadata('java/util/Stack')}
  0x000001803fd59894: 0048 bae0 | 720d 5880 | 0100 0049 | 8b87 b801 | 0000 488d | 7820 493b | bfc8 0100 | 000f 877a 
  0x000001803fd598b4: 1700 0049 | 89bf b801 | 0000 48c7 | 0001 0000 | 0048 8bca | 49ba 0000 | 0057 8001 | 0000 492b 
  0x000001803fd598d4: ca89 4808 | 4833 c989 | 480c 4833 | c948 8948 | 1048 8948 | 184c 8bc0 

  0x000001803fd598ec: ;   {metadata(method data for {method} {0x000001809977f4e0} 'getCalculatedComputations' '()Ljava/util/Stack;' in 'org/eclipse/e4/core/internal/contexts/EclipseContext')}
  0x000001803fd598ec: 49b9 708e | c399 8001 | 0000 4983 | 81a0 0100 

  0x000001803fd598fc: ;   {metadata(method data for {method} {0x00000180989347c0} '<init>' '()V' in 'java/util/Stack')}
  0x000001803fd598fc: 0001 49b8 | f0a5 3b99 | 8001 0000 | 458b 88cc | 0000 0041 | 83c1 0245 | 8988 cc00 | 0000 4181 
  0x000001803fd5991c: e1fe ff1f | 0045 85c9 | 0f84 1417 | 0000 4c8b 

  0x000001803fd5992c: ;   {metadata(method data for {method} {0x00000180989347c0} '<init>' '()V' in 'java/util/Stack')}
  0x000001803fd5992c: c049 b9f0 | a53b 9980 | 0100 0049 | 8381 1001 

  0x000001803fd5993c: ;   {metadata(method data for {method} {0x0000018098192af0} '<init>' '()V' in 'java/util/Vector')}
  0x000001803fd5993c: 0000 0149 | b8e0 5e2e | 9980 0100 | 0045 8b88 | cc00 0000 | 4183 c102 | 4589 88cc | 0000 0041 
  0x000001803fd5995c: 81e1 feff | 1f00 4585 | c90f 84f4 | 1600 004c 

  0x000001803fd5996c: ;   {metadata(method data for {method} {0x0000018098192af0} '<init>' '()V' in 'java/util/Vector')}
  0x000001803fd5996c: 8bc0 49b9 | e05e 2e99 | 8001 0000 | 4983 8110 | 0100 0001 

  0x000001803fd59980: ;   {metadata(method data for {method} {0x0000018098192a58} '<init>' '(I)V' in 'java/util/Vector')}
  0x000001803fd59980: 49b8 2060 | 2e99 8001 | 0000 458b | 88cc 0000 | 0041 83c1 | 0245 8988 | cc00 0000 | 4181 e1fe 
  0x000001803fd599a0: ff1f 0045 | 85c9 0f84 | d416 0000 

  0x000001803fd599ac: ;   {metadata(method data for {method} {0x0000018098192a58} '<init>' '(I)V' in 'java/util/Vector')}
  0x000001803fd599ac: 4c8b c049 | b920 602e | 9980 0100 | 0049 8381 | 1001 0000 | 0141 b80a | 0000 0041 | b900 0000 
  0x000001803fd599cc: 0048 8bd0 | 4889 8424 | c800 0000 | 0f1f 8000 

  0x000001803fd599dc: ;   {optimized virtual_call}
  0x000001803fd599dc: 0000 00e8 

  0x000001803fd599e0: ; ImmutableOopMap {[184]=Oop [192]=Oop [200]=Oop [296]=Oop }
                      ;*invokespecial <init> {reexecute=0 rethrow=0 return_oop=0}
                      ; - java.util.Vector::<init>@3
                      ; - java.util.Vector::<init>@3
                      ; - java.util.Stack::<init>@1
                      ; - org.eclipse.e4.core.internal.contexts.EclipseContext::getCalculatedComputations@18 (line 736)
                      ; - org.eclipse.e4.core.internal.contexts.ContextObjectSupplier::pauseRecording@0 (line 214)
                      ; - org.eclipse.e4.core.internal.di.MethodRequestor::execute@49 (line 51)
  0x000001803fd599e0: 9c50 ca06 

  0x000001803fd599e4: ;   {other}
  0x000001803fd599e4: 0f1f 8400 | 540e 0003 

  0x000001803fd599ec: ;   {oop(a 'java/lang/Class'{0x00000007492d57d8} = 'org/eclipse/e4/core/internal/contexts/EclipseContext')}
  0x000001803fd599ec: 49b8 d857 | 2d49 0700 | 0000 418b | 507c 48c1 | e203 483b | 024c 8bc2 

  0x000001803fd59a04: ;   {metadata(method data for {method} {0x000001809977f4e0} 'getCalculatedComputations' '()Ljava/util/Stack;' in 'org/eclipse/e4/core/internal/contexts/EclipseContext')}
  0x000001803fd59a04: 48be 708e | c399 8001 | 0000 458b | 4008 49ba | 0000 0057 | 8001 0000 | 4d03 c24c | 3b86 c001 
  0x000001803fd59a24: 0000 750d | 4883 86c8 | 0100 0001 | e960 0000 | 004c 3b86 | d001 0000 | 750d 4883 | 86d8 0100 
  0x000001803fd59a44: 0001 e94a | 0000 0048 | 83be c001 | 0000 0075 | 174c 8986 | c001 0000 | 48c7 86c8 | 0100 0001 
  0x000001803fd59a64: 0000 00e9 | 2900 0000 | 4883 bed0 | 0100 0000 | 7517 4c89 | 86d0 0100 | 0048 c786 | d801 0000 
  0x000001803fd59a84: 0100 0000 | e908 0000 | 0048 8386 | b001 0000 | 014c 8b84 | 24c8 0000 | 0048 b8ff | ffff ffff 
  0x000001803fd59aa4: ;   {virtual_call}
  0x000001803fd59aa4: ffff ffe8 

  0x000001803fd59aa8: ; ImmutableOopMap {[184]=Oop [192]=Oop [200]=Oop [296]=Oop }
                      ;*invokevirtual set {reexecute=0 rethrow=0 return_oop=0}
                      ; - org.eclipse.e4.core.internal.contexts.EclipseContext::getCalculatedComputations@26 (line 737)
                      ; - org.eclipse.e4.core.internal.contexts.ContextObjectSupplier::pauseRecording@0 (line 214)
                      ; - org.eclipse.e4.core.internal.di.MethodRequestor::execute@49 (line 51)
  0x000001803fd59aa8: d452 ca06 

  0x000001803fd59aac: ;   {other}
  0x000001803fd59aac: 0f1f 8400 | 1c0f 0004 | 488b 9424 | c800 0000 

  0x000001803fd59abc: ; implicit exception: dispatches to 0x000001803fd5b0a6
  0x000001803fd59abc: 483b 0248 

  0x000001803fd59ac0: ;   {metadata(method data for {method} {0x0000018099794080} 'pauseRecording' '()V' in 'org/eclipse/e4/core/internal/contexts/ContextObjectSupplier')}
  0x000001803fd59ac0: 8bc2 49b8 | c067 0b9a | 8001 0000 | 4983 8038 | 0100 0001 

  0x000001803fd59ad4: ;   {metadata(method data for {method} {0x0000018098934860} 'push' '(Ljava/lang/Object;)Ljava/lang/Object;' in 'java/util/Stack')}
  0x000001803fd59ad4: 48b8 08a5 | 2d99 8001 | 0000 448b | 80cc 0000 | 0041 83c0 | 0244 8980 | cc00 0000 | 4181 e0fe 
  0x000001803fd59af4: ff1f 0045 | 85c0 0f84 | ab15 0000 

  0x000001803fd59b00: ;   {metadata(method data for {method} {0x0000018098934860} 'push' '(Ljava/lang/Object;)Ljava/lang/Object;' in 'java/util/Stack')}
  0x000001803fd59b00: 488b c249 | b808 a52d | 9980 0100 | 008b 4008 | 49ba 0000 | 0057 8001 | 0000 4903 | c249 3b80 
  0x000001803fd59b20: 2001 0000 | 750d 4983 | 8028 0100 | 0001 e960 | 0000 0049 | 3b80 3001 | 0000 750d | 4983 8038 
  0x000001803fd59b40: 0100 0001 | e94a 0000 | 0049 83b8 | 2001 0000 | 0075 1749 | 8980 2001 | 0000 49c7 | 8028 0100 
  0x000001803fd59b60: 0001 0000 | 00e9 2900 | 0000 4983 | b830 0100 | 0000 7517 | 4989 8030 | 0100 0049 | c780 3801 
  0x000001803fd59b80: 0000 0100 | 0000 e908 | 0000 0049 | 8380 1001 | 0000 014c | 8d84 2430 | 0100 0049 | 8950 0848 
  0x000001803fd59ba0: 8b02 4883 | c801 4989 | 00f0 4c0f | b102 0f84 | 1200 0000 | 482b c448 | 2507 f0ff | ff49 8900 
  0x000001803fd59bc0: 0f85 0615 | 0000 49ff | 8748 0500 

  0x000001803fd59bcc: ;   {metadata(method data for {method} {0x0000018098193cf0} 'addElement' '(Ljava/lang/Object;)V' in 'java/util/Vector')}
  0x000001803fd59bcc: 0049 b848 | 9e2d 9980 | 0100 0041 | 8bb0 cc00 | 0000 83c6 | 0241 89b0 | cc00 0000 | 81e6 feff 
  0x000001803fd59bec: 1f00 85f6 | 0f84 e914 | 0000 448b | 420c 41ff | c044 8942 | 0c44 8b42 | 1849 c1e0 | 038b 7210 
  0x000001803fd59c0c: ;   {metadata(method data for {method} {0x0000018098193cf0} 'addElement' '(Ljava/lang/Object;)V' in 'java/util/Vector')}
  0x000001803fd59c0c: 488b fa48 | bb48 9e2d | 9980 0100 | 0048 8383 | 1001 0000 

  0x000001803fd59c20: ;   {metadata(method data for {method} {0x0000018098194450} 'add' '(Ljava/lang/Object;[Ljava/lang/Object;I)V' in 'java/util/Vector')}
  0x000001803fd59c20: 0148 bfd8 | 9f2d 9980 | 0100 008b | 9fcc 0000 | 0083 c302 | 899f cc00 | 0000 81e3 | feff 1f00 
  0x000001803fd59c40: 85db 0f84 | b814 0000 

  0x000001803fd59c48: ; implicit exception: dispatches to 0x000001803fd5b121
  0x000001803fd59c48: 418b 780c 

  0x000001803fd59c4c: ;   {metadata(method data for {method} {0x0000018098194450} 'add' '(Ljava/lang/Object;[Ljava/lang/Object;I)V' in 'java/util/Vector')}
  0x000001803fd59c4c: 3bf7 48bf | d89f 2d99 | 8001 0000 | 48c7 c310 | 0100 0075 | 0748 c7c3 | 2001 0000 | 488b 041f 
  0x000001803fd59c6c: 488d 4001 | 4889 041f | 0f85 9400 | 0000 4c8b 

  0x000001803fd59c7c: ;   {metadata(method data for {method} {0x0000018098194450} 'add' '(Ljava/lang/Object;[Ljava/lang/Object;I)V' in 'java/util/Vector')}
  0x000001803fd59c7c: c248 bfd8 | 9f2d 9980 | 0100 0048 | 8387 3001 

  0x000001803fd59c8c: ;   {metadata(method data for {method} {0x0000018098192f88} 'grow' '()[Ljava/lang/Object;' in 'java/util/Vector')}
  0x000001803fd59c8c: 0000 0149 | b8d0 a12d | 9980 0100 | 0041 8bb8 | cc00 0000 | 83c7 0241 | 89b8 cc00 | 0000 81e7 
  0x000001803fd59cac: feff 1f00 | 85ff 0f84 | 6e14 0000 

  0x000001803fd59cb8: ;   {metadata(method data for {method} {0x0000018098192f88} 'grow' '()[Ljava/lang/Object;' in 'java/util/Vector')}
  0x000001803fd59cb8: 4c8b c248 | bfd0 a12d | 9980 0100 | 0048 8387 | 1001 0000 | 014c 8bc6 | 41ff c048 | 8bfa 488b 
  0x000001803fd59cd8: d748 89bc | 24d8 0000 | 0089 b424 | d000 0000 | 0f1f 8000 

  0x000001803fd59cec: ;   {optimized virtual_call}
  0x000001803fd59cec: 0000 00e8 

  0x000001803fd59cf0: ; ImmutableOopMap {[184]=Oop [192]=Oop [216]=Oop [296]=Oop [312]=Oop }
                      ;*invokevirtual grow {reexecute=0 rethrow=0 return_oop=0}
                      ; - java.util.Vector::grow@7
                      ; - java.util.Vector::add@7
                      ; - java.util.Vector::addElement@20
                      ; - java.util.Stack::push@2
                      ; - org.eclipse.e4.core.internal.contexts.ContextObjectSupplier::pauseRecording@6 (line 215)
                      ; - org.eclipse.e4.core.internal.di.MethodRequestor::execute@49 (line 51)
  0x000001803fd59cf0: 8c4d ca06 

  0x000001803fd59cf4: ;   {other}
  0x000001803fd59cf4: 0f1f 8400 | 6411 0005 | 4c8b c08b | b424 d000 | 0000 488b | 9424 d800 

  0x000001803fd59d0c: ;   {oop(nullptr)}
  0x000001803fd59d0c: 0000 48b8 | 0000 0000 | 0000 0000 

  0x000001803fd59d18: ; implicit exception: dispatches to 0x000001803fd5b147
  0x000001803fd59d18: 413b 700c | 0f83 2f14 | 0000 4885 

  0x000001803fd59d24: ;   {metadata(method data for {method} {0x0000018098194450} 'add' '(Ljava/lang/Object;[Ljava/lang/Object;I)V' in 'java/util/Vector')}
  0x000001803fd59d24: c075 1648 | bbd8 9f2d | 9980 0100 | 0080 8b61 | 0100 0001 | e9f9 0000 | 0041 8b78 | 0849 ba00 
  0x000001803fd59d44: 0000 5780 | 0100 0049 | 03fa 8b58 | 0849 ba00 | 0000 5780 | 0100 0049 | 03da 488b | bfd0 0000 
  0x000001803fd59d64: 0048 3bdf | 0f84 2700 | 0000 8b4f | 1448 3b3c | 0b0f 841a | 0000 0083 | f920 0f85 | 9b00 0000 
  0x000001803fd59d84: ;   {runtime_call slow_subtype_check Runtime1 stub}
  0x000001803fd59d84: 5357 e8f5 | ded6 065b | 5f85 ff0f | 848a 0000 

  0x000001803fd59d94: ;   {metadata(method data for {method} {0x0000018098194450} 'add' '(Ljava/lang/Object;[Ljava/lang/Object;I)V' in 'java/util/Vector')}
  0x000001803fd59d94: 0048 bbd8 | 9f2d 9980 | 0100 008b | 7808 49ba | 0000 0057 | 8001 0000 | 4903 fa48 | 3bbb 7801 
  0x000001803fd59db4: 0000 750d | 4883 8380 | 0100 0001 | e971 0000 | 0048 3bbb | 8801 0000 | 750d 4883 | 8390 0100 
  0x000001803fd59dd4: 0001 e95b | 0000 0048 | 83bb 7801 | 0000 0075 | 1748 89bb | 7801 0000 | 48c7 8380 | 0100 0001 
  0x000001803fd59df4: 0000 00e9 | 3a00 0000 | 4883 bb88 | 0100 0000 | 7517 4889 | bb88 0100 | 0048 c783 | 9001 0000 
  0x000001803fd59e14: 0100 0000 | e919 0000 

  0x000001803fd59e1c: ;   {metadata(method data for {method} {0x0000018098194450} 'add' '(Ljava/lang/Object;[Ljava/lang/Object;I)V' in 'java/util/Vector')}
  0x000001803fd59e1c: 00eb 1748 | bbd8 9f2d | 9980 0100 | 0048 83ab | 6801 0000 | 01e9 2e13 | 0000 4863 | fe49 8d7c 
  0x000001803fd59e3c: b810 410f | be5f 4085 | db0f 8522 | 1300 004c | 8bd0 49c1 | ea03 4489 | 1748 8bdf | 4833 d848 
  0x000001803fd59e5c: c1eb 1548 | 83fb 000f | 8522 1300 | 00ff c689 | 7210 488d | 8424 3001 | 0000 488b | 1048 85d2 
  0x000001803fd59e7c: 0f84 0f00 | 0000 488b | 7008 f048 | 0fb1 160f | 8512 1300 | 0049 ff8f | 4805 0000 | 488d 8424 
  0x000001803fd59e9c: 2001 0000 | 488b 1048 | 85d2 0f84 | 0f00 0000 | 488b 7008 | f048 0fb1 | 160f 85fe | 1200 0049 
  0x000001803fd59ebc: ff8f 4805 | 0000 bf01 | 0000 0089 | bc24 d400 | 0000 488b | 9424 b800 | 0000 8b72 | 1448 c1e6 
  0x000001803fd59edc: 0348 85f6 

  0x000001803fd59ee0: ;   {metadata(method data for {method} {0x00000180997a4828} 'execute' '()Ljava/lang/Object;' in 'org/eclipse/e4/core/internal/di/MethodRequestor')}
  0x000001803fd59ee0: 7516 48b8 | a059 729a | 8001 0000 | 8088 6902 | 0000 01e9 | cc00 0000 

  0x000001803fd59ef8: ;   {metadata('java/lang/reflect/Method')}
  0x000001803fd59ef8: 48b9 a805 | 0457 8001 | 0000 8b5e | 0849 ba00 | 0000 5780 | 0100 0049 | 03da 483b | cb0f 858d 
  0x000001803fd59f18: ;   {metadata(method data for {method} {0x00000180997a4828} 'execute' '()Ljava/lang/Object;' in 'org/eclipse/e4/core/internal/di/MethodRequestor')}
  0x000001803fd59f18: 0000 0048 | b8a0 5972 | 9a80 0100 | 008b 4e08 | 49ba 0000 | 0057 8001 | 0000 4903 | ca48 3b88 
  0x000001803fd59f38: 8002 0000 | 750d 4883 | 8088 0200 | 0001 e979 | 0000 0048 | 3b88 9002 | 0000 750d | 4883 8098 
  0x000001803fd59f58: 0200 0001 | e963 0000 | 0048 83b8 | 8002 0000 | 0075 1748 | 8988 8002 | 0000 48c7 | 8088 0200 
  0x000001803fd59f78: 0001 0000 | 00e9 4200 | 0000 4883 | b890 0200 | 0000 7517 | 4889 8890 | 0200 0048 | c780 9802 
  0x000001803fd59f98: 0000 0100 | 0000 e921 | 0000 00e9 | 1c00 0000 

  0x000001803fd59fa8: ;   {metadata(method data for {method} {0x00000180997a4828} 'execute' '()Ljava/lang/Object;' in 'org/eclipse/e4/core/internal/di/MethodRequestor')}
  0x000001803fd59fa8: 48b8 a059 | 729a 8001 | 0000 4883 | a870 0200 | 0001 e910 | 1200 00e9 | 0000 0000 

  0x000001803fd59fc4: ; implicit exception: dispatches to 0x000001803fd5b1d8
  0x000001803fd59fc4: 483b 0648 

  0x000001803fd59fc8: ;   {metadata(method data for {method} {0x00000180997a4828} 'execute' '()Ljava/lang/Object;' in 'org/eclipse/e4/core/internal/di/MethodRequestor')}
  0x000001803fd59fc8: 8bde 48b8 | a059 729a | 8001 0000 | 4883 80a8 | 0200 0001 

  0x000001803fd59fdc: ;   {optimized virtual_call}
  0x000001803fd59fdc: 488b d6e8 

  0x000001803fd59fe0: ; ImmutableOopMap {[184]=Oop [192]=Oop }
                      ;*invokevirtual trySetAccessible {reexecute=0 rethrow=0 return_oop=0}
                      ; - org.eclipse.e4.core.internal.di.MethodRequestor::execute@61 (line 55)
  0x000001803fd59fe0: 1c7c 98ff 

  0x000001803fd59fe4: ;   {other}
  0x000001803fd59fe4: 0f1f 8400 | 5414 0006 | 488b 9424 | b800 0000 | 8b72 1448 | c1e6 0348 | 85f6 7516 

  0x000001803fd5a000: ;   {metadata(method data for {method} {0x00000180997a4828} 'execute' '()Ljava/lang/Object;' in 'org/eclipse/e4/core/internal/di/MethodRequestor')}
  0x000001803fd5a000: 48bb a059 | 729a 8001 | 0000 808b | d902 0000 | 01e9 cc00 

  0x000001803fd5a014: ;   {metadata('java/lang/reflect/Method')}
  0x000001803fd5a014: 0000 48b8 | a805 0457 | 8001 0000 | 8b7e 0849 | ba00 0000 | 5780 0100 | 0049 03fa | 483b c70f 
  0x000001803fd5a034: 858d 0000 

  0x000001803fd5a038: ;   {metadata(method data for {method} {0x00000180997a4828} 'execute' '()Ljava/lang/Object;' in 'org/eclipse/e4/core/internal/di/MethodRequestor')}
  0x000001803fd5a038: 0048 bba0 | 5972 9a80 | 0100 008b | 4608 49ba | 0000 0057 | 8001 0000 | 4903 c248 | 3b83 f002 
  0x000001803fd5a058: 0000 750d | 4883 83f8 | 0200 0001 | e979 0000 | 0048 3b83 | 0003 0000 | 750d 4883 | 8308 0300 
  0x000001803fd5a078: 0001 e963 | 0000 0048 | 83bb f002 | 0000 0075 | 1748 8983 | f002 0000 | 48c7 83f8 | 0200 0001 
  0x000001803fd5a098: 0000 00e9 | 4200 0000 | 4883 bb00 | 0300 0000 | 7517 4889 | 8300 0300 | 0048 c783 | 0803 0000 
  0x000001803fd5a0b8: 0100 0000 | e921 0000 | 00e9 1c00 

  0x000001803fd5a0c4: ;   {metadata(method data for {method} {0x00000180997a4828} 'execute' '()Ljava/lang/Object;' in 'org/eclipse/e4/core/internal/di/MethodRequestor')}
  0x000001803fd5a0c4: 0000 48bb | a059 729a | 8001 0000 | 4883 abe0 | 0200 0001 | e900 1100 | 00e9 0000 | 0000 4889 
  0x000001803fd5a0e4: b424 e000 | 0000 8b7a | 2848 c1e7 | 0348 3b06 

  0x000001803fd5a0f4: ;   {metadata(method data for {method} {0x00000180997a4828} 'execute' '()Ljava/lang/Object;' in 'org/eclipse/e4/core/internal/di/MethodRequestor')}
  0x000001803fd5a0f4: 488b de48 | b8a0 5972 | 9a80 0100 | 0048 8380 | 1803 0000 

  0x000001803fd5a108: ;   {metadata(method data for {method} {0x0000018057043cd8} 'invoke' '(Ljava/lang/Object;[Ljava/lang/Object;)Ljava/lang/Object;' in 'java/lang/reflect/Method')}
  0x000001803fd5a108: 0148 bb48 | 6436 9880 | 0100 008b | 83cc 0000 | 0083 c002 | 8983 cc00 | 0000 25fe | ff1f 0085 
  0x000001803fd5a128: c00f 84bc | 1000 0048 

  0x000001803fd5a130: ;   {metadata(method data for {method} {0x0000018057043cd8} 'invoke' '(Ljava/lang/Object;[Ljava/lang/Object;)Ljava/lang/Object;' in 'java/lang/reflect/Method')}
  0x000001803fd5a130: 8bde 48b8 | 4864 3698 | 8001 0000 | 4883 8010 | 0100 0001 | 488b d648 | 89bc 24e8 

  0x000001803fd5a14c: ;   {optimized virtual_call}
  0x000001803fd5a14c: 0000 00e8 

  0x000001803fd5a150: ; ImmutableOopMap {[184]=Oop [192]=Oop [224]=Oop [232]=Oop }
                      ;*invokevirtual isCallerSensitive {reexecute=0 rethrow=0 return_oop=0}
                      ; - java.lang.reflect.Method::invoke@1
                      ; - org.eclipse.e4.core.internal.di.MethodRequestor::execute@77 (line 56)
  0x000001803fd5a150: 2c61 acff 

  0x000001803fd5a154: ;   {other}
  0x000001803fd5a154: 0f1f 8400 | c415 0007 | 488b b424 | e000 0000 | 0fbe 7e0c 

  0x000001803fd5a168: ;   {metadata(method data for {method} {0x0000018057043cd8} 'invoke' '(Ljava/lang/Object;[Ljava/lang/Object;)Ljava/lang/Object;' in 'java/lang/reflect/Method')}
  0x000001803fd5a168: 85ff 48bf | 4864 3698 | 8001 0000 | 48c7 c348 | 0100 0074 | 0748 c7c3 | 5801 0000 | 488b 141f 
  0x000001803fd5a188: 488d 5201 | 4889 141f | 0f84 4400 | 0000 85c0 

  0x000001803fd5a198: ;   {metadata(method data for {method} {0x0000018057043cd8} 'invoke' '(Ljava/lang/Object;[Ljava/lang/Object;)Ljava/lang/Object;' in 'java/lang/reflect/Method')}
  0x000001803fd5a198: 48bf 4864 | 3698 8001 | 0000 48c7 | c378 0100 | 0075 0748 | c7c3 6801 | 0000 488b | 141f 488d 
  0x000001803fd5a1b8: 5201 4889 | 141f 0f85 | 1600 0000 

  0x000001803fd5a1c4: ;   {oop(nullptr)}
  0x000001803fd5a1c4: 48bb 0000 | 0000 0000 | 0000 8984 | 24f0 0000 | 00e9 3500 | 0000 8984 | 24f0 0000 

  0x000001803fd5a1e0: ;   {metadata(method data for {method} {0x0000018057043cd8} 'invoke' '(Ljava/lang/Object;[Ljava/lang/Object;)Ljava/lang/Object;' in 'java/lang/reflect/Method')}
  0x000001803fd5a1e0: 0048 bf48 | 6436 9880 | 0100 0048 | 8387 8801 | 0000 010f 

  0x000001803fd5a1f4: ;   {static_call}
  0x000001803fd5a1f4: 1f40 00e8 

  0x000001803fd5a1f8: ; ImmutableOopMap {[184]=Oop [192]=Oop [224]=Oop [232]=Oop }
                      ;*invokestatic getCallerClass {reexecute=0 rethrow=0 return_oop=0}
                      ; - java.lang.reflect.Method::invoke@19
                      ; - org.eclipse.e4.core.internal.di.MethodRequestor::execute@77 (line 56)
  0x000001803fd5a1f8: 844e ca06 

  0x000001803fd5a1fc: ;   {other}
  0x000001803fd5a1fc: 0f1f 8400 | 6c16 0008 | 488b d848 | 8bb4 24e0 | 0000 0044 | 0fbe 460c 

  0x000001803fd5a214: ;   {metadata(method data for {method} {0x0000018057043cd8} 'invoke' '(Ljava/lang/Object;[Ljava/lang/Object;)Ljava/lang/Object;' in 'java/lang/reflect/Method')}
  0x000001803fd5a214: 4585 c049 | b848 6436 | 9880 0100 | 0049 c7c1 | a801 0000 | 7407 49c7 | c198 0100 | 004b 8b3c 
  0x000001803fd5a234: 0848 8d7f | 014b 893c | 080f 840d | 0000 0048 | 899c 24f8 | 0000 00e9 | 7401 0000 | 448b 4e24 
  0x000001803fd5a254: 49c1 e103 

  0x000001803fd5a258: ;   {metadata(method data for {method} {0x0000018057043cd8} 'invoke' '(Ljava/lang/Object;[Ljava/lang/Object;)Ljava/lang/Object;' in 'java/lang/reflect/Method')}
  0x000001803fd5a258: 8b56 2049 | b848 6436 | 9880 0100 | 0049 8380 | b801 0000 

  0x000001803fd5a26c: ;   {metadata(method data for {method} {0x00000180573dc098} 'isStatic' '(I)Z' in 'java/lang/reflect/Modifier')}
  0x000001803fd5a26c: 0149 b868 | 2c06 9880 | 0100 0041 | 8bb8 cc00 | 0000 83c7 | 0241 89b8 | cc00 0000 | 81e7 feff 
  0x000001803fd5a28c: 1f00 85ff | 0f84 760f | 0000 4c8b | c241 83e0 | 0845 85c0 

  0x000001803fd5a2a0: ;   {metadata(method data for {method} {0x00000180573dc098} 'isStatic' '(I)Z' in 'java/lang/reflect/Modifier')}
  0x000001803fd5a2a0: 49b8 682c | 0698 8001 | 0000 48c7 | c710 0100 | 0074 0748 | c7c7 2001 | 0000 498b | 0438 488d 
  0x000001803fd5a2c0: 4001 4989 | 0438 0f84 | 1c00 0000 

  0x000001803fd5a2cc: ;   {metadata(method data for {method} {0x00000180573dc098} 'isStatic' '(I)Z' in 'java/lang/reflect/Modifier')}
  0x000001803fd5a2cc: 49b8 682c | 0698 8001 | 0000 41ff | 8030 0100 | 0041 b801 | 0000 00e9 | 0600 0000 | 41b8 0000 
  0x000001803fd5a2ec: 0000 4183 | e001 4585 

  0x000001803fd5a2f4: ;   {metadata(method data for {method} {0x0000018057043cd8} 'invoke' '(Ljava/lang/Object;[Ljava/lang/Object;)Ljava/lang/Object;' in 'java/lang/reflect/Method')}
  0x000001803fd5a2f4: c049 b848 | 6436 9880 | 0100 0048 | c7c7 c801 | 0000 7407 | 48c7 c7d8 | 0100 0049 | 8b04 3848 
  0x000001803fd5a314: 8d40 0149 | 8904 380f | 8420 0000 

  0x000001803fd5a320: ;   {metadata(method data for {method} {0x0000018057043cd8} 'invoke' '(Ljava/lang/Object;[Ljava/lang/Object;)Ljava/lang/Object;' in 'java/lang/reflect/Method')}
  0x000001803fd5a320: 0049 b848 | 6436 9880 | 0100 0041 | ff80 e801 

  0x000001803fd5a330: ;   {oop(nullptr)}
  0x000001803fd5a330: 0000 48bf | 0000 0000 | 0000 0000 | e943 0000 | 0048 8b84 | 24c0 0000 | 0048 3b00 

  0x000001803fd5a34c: ;   {metadata(method data for {method} {0x0000018057043cd8} 'invoke' '(Ljava/lang/Object;[Ljava/lang/Object;)Ljava/lang/Object;' in 'java/lang/reflect/Method')}
  0x000001803fd5a34c: 4c8b c048 | bf48 6436 | 9880 0100 | 0048 8387 | 0002 0000 | 0144 8b40 | 0849 ba00 | 0000 5780 
  0x000001803fd5a36c: 0100 004d | 03c2 4d8b | 4070 4d8b | 0049 8bf8 | 4889 8424 | c000 0000 

  0x000001803fd5a384: ;   {metadata(method data for {method} {0x0000018057043cd8} 'invoke' '(Ljava/lang/Object;[Ljava/lang/Object;)Ljava/lang/Object;' in 'java/lang/reflect/Method')}
  0x000001803fd5a384: 4c8b c648 | b948 6436 | 9880 0100 | 0048 8381 | 3802 0000 | 014c 8bc3 | 488b ce48 | 8bf2 488b 
  0x000001803fd5a3a4: d148 899c | 24f8 0000 

  0x000001803fd5a3ac: ;   {optimized virtual_call}
  0x000001803fd5a3ac: 0066 90e8 

  0x000001803fd5a3b0: ; ImmutableOopMap {[184]=Oop [192]=Oop [224]=Oop [232]=Oop [248]=Oop }
                      ;*invokevirtual checkAccess {reexecute=0 rethrow=0 return_oop=0}
                      ; - java.lang.reflect.Method::invoke@60
                      ; - org.eclipse.e4.core.internal.di.MethodRequestor::execute@77 (line 56)
  0x000001803fd5a3b0: cc46 ca06 

  0x000001803fd5a3b4: ;   {other}
  0x000001803fd5a3b4: 0f1f 8400 | 2418 0009 | 488b b424 | e000 0000 | 8b56 4c48 | c1e2 0348 

  0x000001803fd5a3cc: ;   {metadata(method data for {method} {0x0000018057043cd8} 'invoke' '(Ljava/lang/Object;[Ljava/lang/Object;)Ljava/lang/Object;' in 'java/lang/reflect/Method')}
  0x000001803fd5a3cc: 85d2 48bf | 4864 3698 | 8001 0000 | 48c7 c370 | 0200 0075 | 0748 c7c3 | 8002 0000 | 488b 041f 
  0x000001803fd5a3ec: 488d 4001 | 4889 041f | 0f85 2d00 | 0000 488b 

  0x000001803fd5a3fc: ;   {metadata(method data for {method} {0x0000018057043cd8} 'invoke' '(Ljava/lang/Object;[Ljava/lang/Object;)Ljava/lang/Object;' in 'java/lang/reflect/Method')}
  0x000001803fd5a3fc: d648 bf48 | 6436 9880 | 0100 0048 | 8387 9002 | 0000 0148 | 8bd6 0f1f 

  0x000001803fd5a414: ;   {optimized virtual_call}
  0x000001803fd5a414: 4400 00e8 

  0x000001803fd5a418: ; ImmutableOopMap {[184]=Oop [192]=Oop [232]=Oop [248]=Oop }
                      ;*invokevirtual acquireMethodAccessor {reexecute=0 rethrow=0 return_oop=0}
                      ; - java.lang.reflect.Method::invoke@75
                      ; - org.eclipse.e4.core.internal.di.MethodRequestor::execute@77 (line 56)
  0x000001803fd5a418: 8d12 0000 

  0x000001803fd5a41c: ;   {other}
  0x000001803fd5a41c: 0f1f 8400 | 8c18 000a | 488b d08b | 8424 f000 | 0000 85c0 

  0x000001803fd5a430: ;   {metadata(method data for {method} {0x0000018057043cd8} 'invoke' '(Ljava/lang/Object;[Ljava/lang/Object;)Ljava/lang/Object;' in 'java/lang/reflect/Method')}
  0x000001803fd5a430: 49b8 4864 | 3698 8001 | 0000 49c7 | c1c8 0200 | 0074 0749 | c7c1 d802 | 0000 4b8b | 3c08 488d 
  0x000001803fd5a450: 7f01 4b89 | 3c08 0f84 | e600 0000 | 488b 9c24 | f800 0000 

  0x000001803fd5a464: ; implicit exception: dispatches to 0x000001803fd5b232
  0x000001803fd5a464: 483b 024c 

  0x000001803fd5a468: ;   {metadata(method data for {method} {0x0000018057043cd8} 'invoke' '(Ljava/lang/Object;[Ljava/lang/Object;)Ljava/lang/Object;' in 'java/lang/reflect/Method')}
  0x000001803fd5a468: 8bc2 49b9 | 4864 3698 | 8001 0000 | 458b 4008 | 49ba 0000 | 0057 8001 | 0000 4d03 | c24d 3b81 
  0x000001803fd5a488: f802 0000 | 750d 4983 | 8100 0300 | 0001 e960 | 0000 004d | 3b81 0803 | 0000 750d | 4983 8110 
  0x000001803fd5a4a8: 0300 0001 | e94a 0000 | 0049 83b9 | f802 0000 | 0075 174d | 8981 f802 | 0000 49c7 | 8100 0300 
  0x000001803fd5a4c8: 0001 0000 | 00e9 2900 | 0000 4983 | b908 0300 | 0000 7517 | 4d89 8108 | 0300 0049 | c781 1003 
  0x000001803fd5a4e8: 0000 0100 | 0000 e908 | 0000 0049 | 8381 e802 | 0000 014c | 8b84 24c0 | 0000 004c | 8b8c 24e8 
  0x000001803fd5a508: 0000 0048 | 8bfb 0f1f | 8000 0000 | 0048 b8ff | ffff ffff 

  0x000001803fd5a51c: ;   {virtual_call}
  0x000001803fd5a51c: ffff ffe8 

  0x000001803fd5a520: ; ImmutableOopMap {[184]=Oop }
                      ;*invokeinterface invoke {reexecute=0 rethrow=0 return_oop=0}
                      ; - java.lang.reflect.Method::invoke@90
                      ; - org.eclipse.e4.core.internal.di.MethodRequestor::execute@77 (line 56)
  0x000001803fd5a520: 5c48 ca06 

  0x000001803fd5a524: ;   {other}
  0x000001803fd5a524: 0f1f 8400 | 9419 000b 

  0x000001803fd5a52c: ;   {metadata(method data for {method} {0x0000018057043cd8} 'invoke' '(Ljava/lang/Object;[Ljava/lang/Object;)Ljava/lang/Object;' in 'java/lang/reflect/Method')}
  0x000001803fd5a52c: 49b8 4864 | 3698 8001 | 0000 41ff | 8020 0300 | 00e9 c200 | 0000 488b | bc24 e800 | 0000 483b 
  0x000001803fd5a54c: 024c 8bc2 

  0x000001803fd5a550: ;   {metadata(method data for {method} {0x0000018057043cd8} 'invoke' '(Ljava/lang/Object;[Ljava/lang/Object;)Ljava/lang/Object;' in 'java/lang/reflect/Method')}
  0x000001803fd5a550: 49b9 4864 | 3698 8001 | 0000 458b | 4008 49ba | 0000 0057 | 8001 0000 | 4d03 c24d | 3b81 4803 
  0x000001803fd5a570: 0000 750d | 4983 8150 | 0300 0001 | e960 0000 | 004d 3b81 | 5803 0000 | 750d 4983 | 8160 0300 
  0x000001803fd5a590: 0001 e94a | 0000 0049 | 83b9 4803 | 0000 0075 | 174d 8981 | 4803 0000 | 49c7 8150 | 0300 0001 
  0x000001803fd5a5b0: 0000 00e9 | 2900 0000 | 4983 b958 | 0300 0000 | 7517 4d89 | 8158 0300 | 0049 c781 | 6003 0000 
  0x000001803fd5a5d0: 0100 0000 | e908 0000 | 0049 8381 | 3803 0000 | 014c 8b84 | 24c0 0000 | 004c 8bcf | 9048 b8b8 
  0x000001803fd5a5f0: dc19 5780 

  0x000001803fd5a5f4: ;   {virtual_call}
  0x000001803fd5a5f4: 0100 00e8 

  0x000001803fd5a5f8: ; ImmutableOopMap {[184]=Oop }
                      ;*invokeinterface invoke {reexecute=0 rethrow=0 return_oop=0}
                      ; - java.lang.reflect.Method::invoke@102
                      ; - org.eclipse.e4.core.internal.di.MethodRequestor::execute@77 (line 56)
  0x000001803fd5a5f8: 64e4 acff 

  0x000001803fd5a5fc: ;   {other}
  0x000001803fd5a5fc: 0f1f 8400 | 6c1a 000c 

  0x000001803fd5a604: ;   {metadata(method data for {method} {0x00000180997a4828} 'execute' '()Ljava/lang/Object;' in 'org/eclipse/e4/core/internal/di/MethodRequestor')}
  0x000001803fd5a604: 48ba a059 | 729a 8001 | 0000 ff82 | 5003 0000 | 8bbc 24d4 | 0000 0085 

  0x000001803fd5a61c: ;   {metadata(method data for {method} {0x00000180997a4828} 'execute' '()Ljava/lang/Object;' in 'org/eclipse/e4/core/internal/di/MethodRequestor')}
  0x000001803fd5a61c: ff48 baa0 | 5972 9a80 | 0100 0048 | c7c6 1805 | 0000 7407 | 48c7 c628 | 0500 0048 | 8b3c 3248 
  0x000001803fd5a63c: 8d7f 0148 | 893c 3248 | 8984 2400 | 0100 000f | 844b 0000 | 0048 8b94 | 24b8 0000 | 008b 7220 
  0x000001803fd5a65c: 48c1 e603 

  0x000001803fd5a660: ; implicit exception: dispatches to 0x000001803fd5b23c
  0x000001803fd5a660: 483b 0648 

  0x000001803fd5a664: ;   {metadata(method data for {method} {0x00000180997a4828} 'execute' '()Ljava/lang/Object;' in 'org/eclipse/e4/core/internal/di/MethodRequestor')}
  0x000001803fd5a664: 8bfe 48bb | a059 729a | 8001 0000 

  0x000001803fd5a670: ;   {metadata('org/eclipse/e4/core/internal/contexts/ContextObjectSupplier')}
  0x000001803fd5a670: 49ba 70f8 | 2b58 8001 | 0000 4c89 | 9348 0500 | 0048 8383 | 5005 0000 | 0148 8bd6 

  0x000001803fd5a68c: ;   {optimized virtual_call}
  0x000001803fd5a68c: 6666 90e8 

  0x000001803fd5a690: ; ImmutableOopMap {[184]=Oop [256]=Oop }
                      ;*invokevirtual resumeRecording {reexecute=0 rethrow=0 return_oop=0}
                      ; - org.eclipse.e4.core.internal.di.MethodRequestor::execute@167 (line 69)
  0x000001803fd5a690: 6cdf 93ff 

  0x000001803fd5a694: ;   {other}
  0x000001803fd5a694: 0f1f 8400 | 041b 000d | 488b 9424 | b800 0000 

  0x000001803fd5a6a4: ;   {metadata(method data for {method} {0x00000180997a4828} 'execute' '()Ljava/lang/Object;' in 'org/eclipse/e4/core/internal/di/MethodRequestor')}
  0x000001803fd5a6a4: 488b c248 | bea0 5972 | 9a80 0100 | 008b 4008 | 49ba 0000 | 0057 8001 | 0000 4903 | c248 3b86 
  0x000001803fd5a6c4: 8005 0000 | 750d 4883 | 8688 0500 | 0001 e960 | 0000 0048 | 3b86 9005 | 0000 750d | 4883 8698 
  0x000001803fd5a6e4: 0500 0001 | e94a 0000 | 0048 83be | 8005 0000 | 0075 1748 | 8986 8005 | 0000 48c7 | 8688 0500 
  0x000001803fd5a704: 0001 0000 | 00e9 2900 | 0000 4883 | be90 0500 | 0000 7517 | 4889 8690 | 0500 0048 | c786 9805 
  0x000001803fd5a724: 0000 0100 | 0000 e908 | 0000 0048 | 8386 7005 

  0x000001803fd5a734: ;   {metadata(method data for {method} {0x00000180997a28d8} 'clearResolvedArgs' '()V' in 'org/eclipse/e4/core/internal/di/Requestor')}
  0x000001803fd5a734: 0000 0148 | b8d0 4272 | 9a80 0100 | 008b b0cc | 0000 0083 | c602 89b0 | cc00 0000 | 81e6 feff 
  0x000001803fd5a754: 1f00 85f6 | 0f84 e30a | 0000 448b | 4228 49c1 | e003 4d85 

  0x000001803fd5a768: ;   {metadata(method data for {method} {0x00000180997a28d8} 'clearResolvedArgs' '()V' in 'org/eclipse/e4/core/internal/di/Requestor')}
  0x000001803fd5a768: c048 b8d0 | 4272 9a80 | 0100 0048 | c7c6 1001 | 0000 7507 | 48c7 c620 | 0100 0048 | 8b3c 3048 
  0x000001803fd5a788: 8d7f 0148 | 893c 300f | 852c 0200 | 00e9 7602 | 0000 488b | 9424 b800 | 0000 498b | 87f8 0400 
  0x000001803fd5a7a8: 004d 33d2 | 4d89 97f8 | 0400 004d | 33d2 4d89 | 9700 0500 | 0048 8bd8 

  0x000001803fd5a7c0: ;   {metadata(method data for {method} {0x00000180997a4828} 'execute' '()Ljava/lang/Object;' in 'org/eclipse/e4/core/internal/di/MethodRequestor')}
  0x000001803fd5a7c0: 488b f348 | b8a0 5972 | 9a80 0100 

  0x000001803fd5a7cc: ;   {metadata('java/lang/reflect/InvocationTargetException')}
  0x000001803fd5a7cc: 0049 baf0 | 4e04 5880 | 0100 004c | 8990 8803 | 0000 4883 | 8090 0300 | 0001 448b | 4324 49c1 
  0x000001803fd5a7ec: e003 4d85 

  0x000001803fd5a7f0: ;   {metadata(method data for {method} {0x00000180997a4828} 'execute' '()Ljava/lang/Object;' in 'org/eclipse/e4/core/internal/di/MethodRequestor')}
  0x000001803fd5a7f0: c075 1648 | b9a0 5972 | 9a80 0100 | 0080 89a9 | 0300 0001 | e9cf 0000 

  0x000001803fd5a808: ;   {metadata('java/lang/Error')}
  0x000001803fd5a808: 0049 b9c8 | 0701 5780 | 0100 0041 | 8b48 0849 | ba00 0000 | 5780 0100 | 0049 03ca | 4c3b 4940 
  0x000001803fd5a828: 0f85 8e00 

  0x000001803fd5a82c: ;   {metadata(method data for {method} {0x00000180997a4828} 'execute' '()Ljava/lang/Object;' in 'org/eclipse/e4/core/internal/di/MethodRequestor')}
  0x000001803fd5a82c: 0000 48b9 | a059 729a | 8001 0000 | 458b 4808 | 49ba 0000 | 0057 8001 | 0000 4d03 | ca4c 3b89 
  0x000001803fd5a84c: c003 0000 | 750d 4883 | 81c8 0300 | 0001 e97e | 0000 004c | 3b89 d003 | 0000 750d | 4883 81d8 
  0x000001803fd5a86c: 0300 0001 | e968 0000 | 0048 83b9 | c003 0000 | 0075 174c | 8989 c003 | 0000 48c7 | 81c8 0300 
  0x000001803fd5a88c: 0001 0000 | 00e9 4700 | 0000 4883 | b9d0 0300 | 0000 7517 | 4c89 89d0 | 0300 0048 | c781 d803 
  0x000001803fd5a8ac: 0000 0100 | 0000 e926 | 0000 00e9 | 2100 0000 

  0x000001803fd5a8bc: ;   {metadata(method data for {method} {0x00000180997a4828} 'execute' '()Ljava/lang/Object;' in 'org/eclipse/e4/core/internal/di/MethodRequestor')}
  0x000001803fd5a8bc: 48b9 a059 | 729a 8001 | 0000 4883 | a9b0 0300 | 0001 e905 | 0000 00e9 | 0500 0000 | 4833 f6eb 
  0x000001803fd5a8dc: 0748 c7c6 | 0100 0000 

  0x000001803fd5a8e4: ;   {metadata(method data for {method} {0x00000180997a4828} 'execute' '()Ljava/lang/Object;' in 'org/eclipse/e4/core/internal/di/MethodRequestor')}
  0x000001803fd5a8e4: 85f6 48be | a059 729a | 8001 0000 | 48c7 c0f8 | 0300 0075 | 0748 c7c0 | e803 0000 | 488b 0c06 
  0x000001803fd5a904: 488d 4901 | 4889 0c06 | 89bc 24d4 | 0000 000f | 85b3 0100 | 000f 1f80 | 0000 0000 

  0x000001803fd5a920: ;   {no_reloc}
  0x000001803fd5a920: e94c 0900 | 0000 0000 | 0000 80ba | 2101 0000 | 040f 8549 | 0900 0049 | 8b87 b801 | 0000 488d 
  0x000001803fd5a940: 7828 493b | bfc8 0100 | 000f 8731 | 0900 0049 | 89bf b801 | 0000 48c7 | 0001 0000 | 0048 8bca 
  0x000001803fd5a960: 49ba 0000 | 0057 8001 | 0000 492b | ca89 4808 | 4833 c989 | 480c 4833 | c948 8948 | 1048 8948 
  0x000001803fd5a980: 1848 8948 | 204d 85c0 

  0x000001803fd5a988: ;   {metadata(method data for {method} {0x00000180997a4828} 'execute' '()Ljava/lang/Object;' in 'org/eclipse/e4/core/internal/di/MethodRequestor')}
  0x000001803fd5a988: 48ba a059 | 729a 8001 | 0000 48c7 | c640 0400 | 0074 0748 | c7c6 5004 | 0000 488b | 3c32 488d 
  0x000001803fd5a9a8: 7f01 4889 | 3c32 488b | 9424 b800 | 0000 0f84 | c700 0000 | e9ad 0000 

  0x000001803fd5a9c0: ;   {metadata(method data for {method} {0x00000180997a28d8} 'clearResolvedArgs' '()V' in 'org/eclipse/e4/core/internal/di/Requestor')}
  0x000001803fd5a9c0: 0048 bed0 | 4272 9a80 | 0100 0048 | 8386 3001 | 0000 0149 

  0x000001803fd5a9d4: ;   {oop(nullptr)}
  0x000001803fd5a9d4: 8bd0 49b8 | 0000 0000 | 0000 0000 | 0f1f 8000 

  0x000001803fd5a9e4: ;   {static_call}
  0x000001803fd5a9e4: 0000 00e8 

  0x000001803fd5a9e8: ; ImmutableOopMap {[184]=Oop [256]=Oop }
                      ;*invokestatic fill {reexecute=0 rethrow=0 return_oop=0}
                      ; - org.eclipse.e4.core.internal.di.Requestor::clearResolvedArgs@13 (line 195)
                      ; - org.eclipse.e4.core.internal.di.MethodRequestor::execute@171 (line 70)
  0x000001803fd5a9e8: d48e 6500 

  0x000001803fd5a9ec: ;   {other}
  0x000001803fd5a9ec: 0f1f 8400 | 5c1e 000e | 410f be47 | 4085 c048 | 8b94 24b8 | 0000 000f | 8584 0800 | 00c7 4228 
  0x000001803fd5aa0c: 0000 0000 | 488b 8424 | 0001 0000 | 4881 c450 | 0100 005d 

  0x000001803fd5aa20: ;   {poll_return}
  0x000001803fd5aa20: 493b a748 | 0400 000f | 877f 0800 

  0x000001803fd5aa2c: ;   {oop(nullptr)}
  0x000001803fd5aa2c: 00c3 48b8 | 0000 0000 | 0000 0000 | 4881 c450 | 0100 005d 

  0x000001803fd5aa40: ;   {poll_return}
  0x000001803fd5aa40: 493b a748 | 0400 000f | 8775 0800 

  0x000001803fd5aa4c: ;   {oop(nullptr)}
  0x000001803fd5aa4c: 00c3 48b8 | 0000 0000 | 0000 0000 | 4881 c450 | 0100 005d 

  0x000001803fd5aa60: ;   {poll_return}
  0x000001803fd5aa60: 493b a748 | 0400 000f | 876b 0800 

  0x000001803fd5aa6c: ;   {metadata(method data for {method} {0x00000180997a4828} 'execute' '()Ljava/lang/Object;' in 'org/eclipse/e4/core/internal/di/MethodRequestor')}
  0x000001803fd5aa6c: 00c3 48be | a059 729a | 8001 0000 | ff86 6004 | 0000 e903 | 0000 004c | 8bc3 488b 

  0x000001803fd5aa88: ;   {metadata(method data for {method} {0x00000180997a4828} 'execute' '()Ljava/lang/Object;' in 'org/eclipse/e4/core/internal/di/MethodRequestor')}
  0x000001803fd5aa88: f048 bba0 | 5972 9a80 | 0100 0048 | 8383 7804 | 0000 0148 | 8bd0 4889 | 8424 0801 

  0x000001803fd5aaa4: ;   {optimized virtual_call}
  0x000001803fd5aaa4: 0000 90e8 

  0x000001803fd5aaa8: ; ImmutableOopMap {[184]=Oop [264]=Oop }
                      ;*invokespecial <init> {reexecute=0 rethrow=0 return_oop=0}
                      ; - org.eclipse.e4.core.internal.di.MethodRequestor::execute@135 (line 66)
  0x000001803fd5aaa8: d43f ca06 

  0x000001803fd5aaac: ;   {other}
  0x000001803fd5aaac: 0f1f 8400 | 1c1f 000f | 488b 8424 

  0x000001803fd5aab8: ; ImmutableOopMap {rax=Oop [184]=Oop }
                      ;*athrow {reexecute=1 rethrow=0 return_oop=0}
                      ; - (reexecute) org.eclipse.e4.core.internal.di.MethodRequestor::execute@138 (line 66)
  0x000001803fd5aab8: 0801 0000 

  0x000001803fd5aabc: ;   {section_word}
  0x000001803fd5aabc: 48ba bcaa | d53f 8001 

  0x000001803fd5aac4: ;   {runtime_call handle_exception_nofpu Runtime1 stub}
  0x000001803fd5aac4: 0000 e8b5 | acd6 0690 | 4d85 c075 

  0x000001803fd5aad0: ;   {metadata(method data for {method} {0x00000180997a4828} 'execute' '()Ljava/lang/Object;' in 'org/eclipse/e4/core/internal/di/MethodRequestor')}
  0x000001803fd5aad0: 1648 bea0 | 5972 9a80 | 0100 0080 | 8e01 0400 | 0001 e9cf 

  0x000001803fd5aae4: ;   {metadata('java/lang/Error')}
  0x000001803fd5aae4: 0000 0048 | bfc8 0701 | 5780 0100 | 0041 8b70 | 0849 ba00 | 0000 5780 | 0100 0049 | 03f2 483b 
  0x000001803fd5ab04: 7e40 0f85 | 8e00 0000 

  0x000001803fd5ab0c: ;   {metadata(method data for {method} {0x00000180997a4828} 'execute' '()Ljava/lang/Object;' in 'org/eclipse/e4/core/internal/di/MethodRequestor')}
  0x000001803fd5ab0c: 48be a059 | 729a 8001 | 0000 418b | 7808 49ba | 0000 0057 | 8001 0000 | 4903 fa48 | 3bbe 1804 
  0x000001803fd5ab2c: 0000 750d | 4883 8620 | 0400 0001 | e979 0000 | 0048 3bbe | 2804 0000 | 750d 4883 | 8630 0400 
  0x000001803fd5ab4c: 0001 e963 | 0000 0048 | 83be 1804 | 0000 0075 | 1748 89be | 1804 0000 | 48c7 8620 | 0400 0001 
  0x000001803fd5ab6c: 0000 00e9 | 4200 0000 | 4883 be28 | 0400 0000 | 7517 4889 | be28 0400 | 0048 c786 | 3004 0000 
  0x000001803fd5ab8c: 0100 0000 | e921 0000 | 00e9 1c00 

  0x000001803fd5ab98: ;   {metadata(method data for {method} {0x00000180997a4828} 'execute' '()Ljava/lang/Object;' in 'org/eclipse/e4/core/internal/di/MethodRequestor')}
  0x000001803fd5ab98: 0000 48be | a059 729a | 8001 0000 | 4883 ae08 | 0400 0001 | e93d 0700 | 00e9 0000 | 0000 498b 
  0x000001803fd5abb8: ; ImmutableOopMap {rax=Oop [184]=Oop }
                      ;*athrow {reexecute=1 rethrow=0 return_oop=0}
                      ; - (reexecute) org.eclipse.e4.core.internal.di.MethodRequestor::execute@118 (line 64)
  0x000001803fd5abb8: c048 3b00 

  0x000001803fd5abbc: ;   {section_word}
  0x000001803fd5abbc: 48ba bcab | d53f 8001 

  0x000001803fd5abc4: ;   {runtime_call handle_exception_nofpu Runtime1 stub}
  0x000001803fd5abc4: 0000 e8b5 | abd6 0690 | 498b 87f8 | 0400 004d | 33d2 4d89 | 97f8 0400 | 004d 33d2 | 4d89 9700 
  0x000001803fd5abe4: 0500 004c | 8bc0 660f | 1f44 0000 

  0x000001803fd5abf0: ;   {no_reloc}
  0x000001803fd5abf0: e916 0700 | 0000 0000 | 0000 80ba | 2101 0000 | 040f 8513 | 0700 0049 | 8b87 b801 | 0000 488d 
  0x000001803fd5ac10: 7828 493b | bfc8 0100 | 000f 87fb | 0600 0049 | 89bf b801 | 0000 48c7 | 0001 0000 | 0048 8bca 
  0x000001803fd5ac30: 49ba 0000 | 0057 8001 | 0000 492b | ca89 4808 | 4833 c989 | 480c 4833 | c948 8948 | 1048 8948 
  0x000001803fd5ac50: 1848 8948 | 2048 8bd0 

  0x000001803fd5ac58: ;   {metadata(method data for {method} {0x00000180997a4828} 'execute' '()Ljava/lang/Object;' in 'org/eclipse/e4/core/internal/di/MethodRequestor')}
  0x000001803fd5ac58: 48be a059 | 729a 8001 | 0000 4883 | 8668 0300 | 0001 488b | d048 8984 | 2410 0100 

  0x000001803fd5ac74: ;   {optimized virtual_call}
  0x000001803fd5ac74: 0066 90e8 

  0x000001803fd5ac78: ; ImmutableOopMap {[184]=Oop [272]=Oop }
                      ;*invokespecial <init> {reexecute=0 rethrow=0 return_oop=0}
                      ; - org.eclipse.e4.core.internal.di.MethodRequestor::execute@92 (line 58)
  0x000001803fd5ac78: 043e ca06 

  0x000001803fd5ac7c: ;   {other}
  0x000001803fd5ac7c: 0f1f 8400 | ec20 0012 | 488b 8424 

  0x000001803fd5ac88: ; ImmutableOopMap {rax=Oop [184]=Oop }
                      ;*athrow {reexecute=1 rethrow=0 return_oop=0}
                      ; - (reexecute) org.eclipse.e4.core.internal.di.MethodRequestor::execute@95 (line 58)
  0x000001803fd5ac88: 1001 0000 

  0x000001803fd5ac8c: ;   {section_word}
  0x000001803fd5ac8c: 48ba 8cac | d53f 8001 

  0x000001803fd5ac94: ;   {runtime_call handle_exception_nofpu Runtime1 stub}
  0x000001803fd5ac94: 0000 e8e5 | aad6 0690 | 498b 87f8 | 0400 004d | 33d2 4d89 | 97f8 0400 | 004d 33d2 | 4d89 9700 
  0x000001803fd5acb4: 0500 0085 

  0x000001803fd5acb8: ;   {metadata(method data for {method} {0x00000180997a4828} 'execute' '()Ljava/lang/Object;' in 'org/eclipse/e4/core/internal/di/MethodRequestor')}
  0x000001803fd5acb8: ff48 baa0 | 5972 9a80 | 0100 0048 | c7c6 8804 | 0000 7407 | 48c7 c698 | 0400 0048 | 8b3c 3248 
  0x000001803fd5acd8: 8d7f 0148 | 893c 3248 | 8984 2418 | 0100 000f | 844f 0000 | 0048 8b94 | 24b8 0000 | 008b 7220 
  0x000001803fd5acf8: 48c1 e603 

  0x000001803fd5acfc: ; implicit exception: dispatches to 0x000001803fd5b327
  0x000001803fd5acfc: 483b 0648 

  0x000001803fd5ad00: ;   {metadata(method data for {method} {0x00000180997a4828} 'execute' '()Ljava/lang/Object;' in 'org/eclipse/e4/core/internal/di/MethodRequestor')}
  0x000001803fd5ad00: 8bfe 48bb | a059 729a | 8001 0000 

  0x000001803fd5ad0c: ;   {metadata('org/eclipse/e4/core/internal/contexts/ContextObjectSupplier')}
  0x000001803fd5ad0c: 49ba 70f8 | 2b58 8001 | 0000 4c89 | 93b8 0400 | 0048 8383 | c004 0000 | 0148 8bd6 | 0f1f 8000 
  0x000001803fd5ad2c: ;   {optimized virtual_call}
  0x000001803fd5ad2c: 0000 00e8 

  0x000001803fd5ad30: ; ImmutableOopMap {[184]=Oop [280]=Oop }
                      ;*invokevirtual resumeRecording {reexecute=0 rethrow=0 return_oop=0}
                      ; - org.eclipse.e4.core.internal.di.MethodRequestor::execute@149 (line 69)
  0x000001803fd5ad30: 4c3d ca06 

  0x000001803fd5ad34: ;   {other}
  0x000001803fd5ad34: 0f1f 8400 | a421 0014 | 488b 9424 | b800 0000 

  0x000001803fd5ad44: ;   {metadata(method data for {method} {0x00000180997a4828} 'execute' '()Ljava/lang/Object;' in 'org/eclipse/e4/core/internal/di/MethodRequestor')}
  0x000001803fd5ad44: 4c8b c248 | bea0 5972 | 9a80 0100 | 0045 8b40 | 0849 ba00 | 0000 5780 | 0100 004d | 03c2 4c3b 
  0x000001803fd5ad64: 86f0 0400 | 0075 0d48 | 8386 f804 | 0000 01e9 | 6000 0000 | 4c3b 8600 | 0500 0075 | 0d48 8386 
  0x000001803fd5ad84: 0805 0000 | 01e9 4a00 | 0000 4883 | bef0 0400 | 0000 7517 | 4c89 86f0 | 0400 0048 | c786 f804 
  0x000001803fd5ada4: 0000 0100 | 0000 e929 | 0000 0048 | 83be 0005 | 0000 0075 | 174c 8986 | 0005 0000 | 48c7 8608 
  0x000001803fd5adc4: 0500 0001 | 0000 00e9 | 0800 0000 | 4883 86e0 | 0400 0001 

  0x000001803fd5add8: ;   {metadata(method data for {method} {0x00000180997a28d8} 'clearResolvedArgs' '()V' in 'org/eclipse/e4/core/internal/di/Requestor')}
  0x000001803fd5add8: 49b8 d042 | 729a 8001 | 0000 418b | b0cc 0000 | 0083 c602 | 4189 b0cc | 0000 0081 | e6fe ff1f 
  0x000001803fd5adf8: 0085 f60f | 842b 0500 | 0044 8b42 | 2849 c1e0 | 034d 85c0 

  0x000001803fd5ae0c: ;   {metadata(method data for {method} {0x00000180997a28d8} 'clearResolvedArgs' '()V' in 'org/eclipse/e4/core/internal/di/Requestor')}
  0x000001803fd5ae0c: 48be d042 | 729a 8001 | 0000 48c7 | c720 0100 | 0074 0748 | c7c7 1001 | 0000 488b | 1c3e 488d 
  0x000001803fd5ae2c: 5b01 4889 | 1c3e 0f84 | 4800 0000 

  0x000001803fd5ae38: ;   {metadata(method data for {method} {0x00000180997a28d8} 'clearResolvedArgs' '()V' in 'org/eclipse/e4/core/internal/di/Requestor')}
  0x000001803fd5ae38: 48be d042 | 729a 8001 | 0000 4883 | 8630 0100 | 0001 498b 

  0x000001803fd5ae4c: ;   {oop(nullptr)}
  0x000001803fd5ae4c: d049 b800 | 0000 0000 

  0x000001803fd5ae54: ;   {static_call}
  0x000001803fd5ae54: 0000 00e8 

  0x000001803fd5ae58: ; ImmutableOopMap {[184]=Oop [280]=Oop }
                      ;*invokestatic fill {reexecute=0 rethrow=0 return_oop=0}
                      ; - org.eclipse.e4.core.internal.di.Requestor::clearResolvedArgs@13 (line 195)
                      ; - org.eclipse.e4.core.internal.di.MethodRequestor::execute@153 (line 70)
  0x000001803fd5ae58: 2442 ca06 

  0x000001803fd5ae5c: ;   {other}
  0x000001803fd5ae5c: 0f1f 8400 | cc22 0015 | 410f be47 | 4085 c048 | 8bb4 24b8 | 0000 000f | 85d4 0400 | 00c7 4628 
  0x000001803fd5ae7c: 0000 0000 | 488b 8424 | 1801 0000 | e93d 0700 | 0048 8bb4 | 24b8 0000 | 0049 8b87 | f804 0000 
  0x000001803fd5ae9c: 4d33 d24d | 8997 f804 | 0000 4d33 | d24d 8997 | 0005 0000 | 488b d048 | 8d84 2430 | 0100 0048 
  0x000001803fd5aebc: 8b18 4885 | db0f 840f | 0000 0048 | 8b48 08f0 | 480f b119 | 0f85 9604 | 0000 49ff | 8f48 0500 
  0x000001803fd5aedc: ; ImmutableOopMap {rdi=Oop rsi=Oop rax=Oop [184]=Oop [296]=Oop }
                      ;*invokevirtual addElement {reexecute=0 rethrow=0 return_oop=0}
                      ; - java.util.Stack::push@2
                      ; - org.eclipse.e4.core.internal.contexts.ContextObjectSupplier::pauseRecording@6 (line 215)
                      ; - org.eclipse.e4.core.internal.di.MethodRequestor::execute@49 (line 51)
  0x000001803fd5aedc: 0048 8bc2 

  0x000001803fd5aee0: ;   {section_word}
  0x000001803fd5aee0: 48ba e0ae | d53f 8001 

  0x000001803fd5aee8: ;   {runtime_call handle_exception_nofpu Runtime1 stub}
  0x000001803fd5aee8: 0000 e891 | a8d6 0690 | 498b 87f8 | 0400 004d | 33d2 4d89 | 97f8 0400 | 004d 33d2 | 4d89 9700 
  0x000001803fd5af08: 0500 0048 | 8bf0 488d | 8424 2001 | 0000 488b | 3848 85ff | 0f84 0f00 | 0000 488b | 5808 f048 
  0x000001803fd5af28: 0fb1 3b0f | 8551 0400 | 0049 ff8f | 4805 0000 | 488b c6e9 | 8a06 0000 

  0x000001803fd5af40: ;   {metadata({method} {0x00000180997a4828} 'execute' '()Ljava/lang/Object;' in 'org/eclipse/e4/core/internal/di/MethodRequestor')}
  0x000001803fd5af40: 49ba 2048 | 7a99 8001 | 0000 4c89 | 5424 0848 | c704 24ff 

  0x000001803fd5af54: ;   {runtime_call counter_overflow Runtime1 stub}
  0x000001803fd5af54: ffff ffe8 

  0x000001803fd5af58: ; ImmutableOopMap {rdx=Oop [184]=Oop }
                      ;*synchronization entry
                      ; - org.eclipse.e4.core.internal.di.MethodRequestor::execute@-1 (line 41)
  0x000001803fd5af58: a4f8 d606 | e90d e1ff | ff48 8934 

  0x000001803fd5af64: ;   {runtime_call throw_class_cast_exception Runtime1 stub}
  0x000001803fd5af64: 24e8 96c2 

  0x000001803fd5af68: ; ImmutableOopMap {rdx=Oop [184]=Oop }
                      ;*checkcast {reexecute=0 rethrow=0 return_oop=0}
                      ; - org.eclipse.e4.core.internal.di.MethodRequestor::execute@11 (line 42)
                      ;   {runtime_call throw_null_pointer_exception Runtime1 stub}
  0x000001803fd5af68: d606 e811 

  0x000001803fd5af6c: ; ImmutableOopMap {rdx=Oop rsi=Oop [184]=Oop }
                      ;*invokevirtual getParameterTypes {reexecute=0 rethrow=0 return_oop=0}
                      ; - org.eclipse.e4.core.internal.di.MethodRequestor::execute@14 (line 42)
                      ;   {metadata({method} {0x0000018057041d00} 'getParameterTypes' '()[Ljava/lang/Class;' in 'java/lang/reflect/Method')}
  0x000001803fd5af6c: 7ed6 0649 | baf8 1c04 | 5780 0100 | 004c 8954 | 2408 48c7 | 0424 ffff 

  0x000001803fd5af84: ;   {runtime_call counter_overflow Runtime1 stub}
  0x000001803fd5af84: ffff e875 

  0x000001803fd5af88: ; ImmutableOopMap {rdx=Oop rsi=Oop [184]=Oop }
                      ;*synchronization entry
                      ; - java.lang.reflect.Method::getParameterTypes@-1
                      ; - org.eclipse.e4.core.internal.di.MethodRequestor::execute@14 (line 42)
  0x000001803fd5af88: f8d6 06e9 | 41e2 ffff 

  0x000001803fd5af90: ;   {runtime_call throw_null_pointer_exception Runtime1 stub}
  0x000001803fd5af90: e8eb 7dd6 

  0x000001803fd5af94: ; ImmutableOopMap {rdx=Oop rsi=Oop [184]=Oop }
                      ;*invokevirtual clone {reexecute=0 rethrow=0 return_oop=0}
                      ; - java.lang.reflect.Method::getParameterTypes@4
                      ; - org.eclipse.e4.core.internal.di.MethodRequestor::execute@14 (line 42)
  0x000001803fd5af94: 0648 8904 

  0x000001803fd5af98: ;   {runtime_call throw_class_cast_exception Runtime1 stub}
  0x000001803fd5af98: 24e8 62c2 

  0x000001803fd5af9c: ; ImmutableOopMap {[184]=Oop }
                      ;*checkcast {reexecute=0 rethrow=0 return_oop=0}
                      ; - java.lang.reflect.Method::getParameterTypes@7
                      ; - org.eclipse.e4.core.internal.di.MethodRequestor::execute@14 (line 42)
                      ;   {runtime_call throw_null_pointer_exception Runtime1 stub}
  0x000001803fd5af9c: d606 e8dd 

  0x000001803fd5afa0: ; ImmutableOopMap {[184]=Oop }
                      ;*arraylength {reexecute=0 rethrow=0 return_oop=0}
                      ; - org.eclipse.e4.core.internal.di.MethodRequestor::execute@17 (line 42)
                      ;   {metadata({method} {0x00000180997a1ed8} 'getRequestingObject' '()Ljava/lang/Object;' in 'org/eclipse/e4/core/internal/di/Requestor')}
  0x000001803fd5afa0: 7dd6 0649 | bad0 1e7a | 9980 0100 | 004c 8954 | 2408 48c7 | 0424 ffff 

  0x000001803fd5afb8: ;   {runtime_call counter_overflow Runtime1 stub}
  0x000001803fd5afb8: ffff e841 

  0x000001803fd5afbc: ; ImmutableOopMap {rdx=Oop [184]=Oop }
                      ;*synchronization entry
                      ; - org.eclipse.e4.core.internal.di.Requestor::getRequestingObject@-1 (line 106)
                      ; - org.eclipse.e4.core.internal.di.MethodRequestor::execute@24 (line 45)
  0x000001803fd5afbc: f8d6 06e9 | a6e4 ffff 

  0x000001803fd5afc4: ;   {runtime_call throw_null_pointer_exception Runtime1 stub}
  0x000001803fd5afc4: e8b7 7dd6 

  0x000001803fd5afc8: ; ImmutableOopMap {rsi=Oop [184]=Oop }
                      ;*invokevirtual get {reexecute=0 rethrow=0 return_oop=0}
                      ; - org.eclipse.e4.core.internal.di.Requestor::getRequestingObject@13 (line 108)
                      ; - org.eclipse.e4.core.internal.di.MethodRequestor::execute@24 (line 45)
                      ;   {runtime_call throw_null_pointer_exception Runtime1 stub}
  0x000001803fd5afc8: 06e8 b27d 

  0x000001803fd5afcc: ; ImmutableOopMap {rdi=Oop [184]=Oop [192]=Oop }
                      ;*invokevirtual pauseRecording {reexecute=0 rethrow=0 return_oop=0}
                      ; - org.eclipse.e4.core.internal.di.MethodRequestor::execute@49 (line 51)
  0x000001803fd5afcc: d606 4889 | 7c24 0848 

  0x000001803fd5afd4: ;   {runtime_call monitorenter_nofpu Runtime1 stub}
  0x000001803fd5afd4: 891c 24e8 

  0x000001803fd5afd8: ; ImmutableOopMap {rdi=Oop [184]=Oop [192]=Oop [296]=Oop }
                      ;*synchronization entry
                      ; - org.eclipse.e4.core.internal.contexts.ContextObjectSupplier::pauseRecording@-1 (line 214)
                      ; - org.eclipse.e4.core.internal.di.MethodRequestor::execute@49 (line 51)
  0x000001803fd5afd8: a4d2 d606 | e977 e6ff 

  0x000001803fd5afe0: ;   {metadata({method} {0x0000018099794080} 'pauseRecording' '()V' in 'org/eclipse/e4/core/internal/contexts/ContextObjectSupplier')}
  0x000001803fd5afe0: ff49 ba78 | 4079 9980 | 0100 004c | 8954 2408 | 48c7 0424 | ffff ffff 

  0x000001803fd5aff8: ;   {runtime_call counter_overflow Runtime1 stub}
  0x000001803fd5aff8: e803 f8d6 

  0x000001803fd5affc: ; ImmutableOopMap {rdi=Oop [184]=Oop [192]=Oop [296]=Oop }
                      ;*synchronization entry
                      ; - org.eclipse.e4.core.internal.contexts.ContextObjectSupplier::pauseRecording@-1 (line 214)
                      ; - org.eclipse.e4.core.internal.di.MethodRequestor::execute@49 (line 51)
  0x000001803fd5affc: 06e9 7ce6 

  0x000001803fd5b000: ;   {metadata({method} {0x000001809977f4e0} 'getCalculatedComputations' '()Ljava/util/Stack;' in 'org/eclipse/e4/core/internal/contexts/EclipseContext')}
  0x000001803fd5b000: ffff 49ba | d8f4 7799 | 8001 0000 | 4c89 5424 | 0848 c704 | 24ff ffff 

  0x000001803fd5b018: ;   {runtime_call counter_overflow Runtime1 stub}
  0x000001803fd5b018: ffe8 e2f7 

  0x000001803fd5b01c: ; ImmutableOopMap {[184]=Oop [192]=Oop [296]=Oop }
                      ;*synchronization entry
                      ; - org.eclipse.e4.core.internal.contexts.EclipseContext::getCalculatedComputations@-1 (line 734)
                      ; - org.eclipse.e4.core.internal.contexts.ContextObjectSupplier::pauseRecording@0 (line 214)
                      ; - org.eclipse.e4.core.internal.di.MethodRequestor::execute@49 (line 51)
  0x000001803fd5b01c: d606 e994 

  0x000001803fd5b020: ;   {runtime_call throw_null_pointer_exception Runtime1 stub}
  0x000001803fd5b020: e6ff ffe8 

  0x000001803fd5b024: ; ImmutableOopMap {rdi=Oop [184]=Oop [192]=Oop [296]=Oop }
                      ;*invokevirtual get {reexecute=0 rethrow=0 return_oop=0}
                      ; - org.eclipse.e4.core.internal.contexts.EclipseContext::getCalculatedComputations@3 (line 734)
                      ; - org.eclipse.e4.core.internal.contexts.ContextObjectSupplier::pauseRecording@0 (line 214)
                      ; - org.eclipse.e4.core.internal.di.MethodRequestor::execute@49 (line 51)
  0x000001803fd5b024: 587d d606 | 4889 0424 

  0x000001803fd5b02c: ;   {runtime_call throw_class_cast_exception Runtime1 stub}
  0x000001803fd5b02c: e8cf c1d6 

  0x000001803fd5b030: ; ImmutableOopMap {[184]=Oop [192]=Oop [296]=Oop }
                      ;*checkcast {reexecute=0 rethrow=0 return_oop=0}
                      ; - org.eclipse.e4.core.internal.contexts.EclipseContext::getCalculatedComputations@6 (line 734)
                      ; - org.eclipse.e4.core.internal.contexts.ContextObjectSupplier::pauseRecording@0 (line 214)
                      ; - org.eclipse.e4.core.internal.di.MethodRequestor::execute@49 (line 51)
  0x000001803fd5b030: 0648 8bd2 

  0x000001803fd5b034: ;   {runtime_call fast_new_instance Runtime1 stub}
  0x000001803fd5b034: e847 8fd6 

  0x000001803fd5b038: ; ImmutableOopMap {[184]=Oop [192]=Oop [296]=Oop }
                      ;*new {reexecute=0 rethrow=0 return_oop=0}
                      ; - org.eclipse.e4.core.internal.contexts.EclipseContext::getCalculatedComputations@14 (line 736)
                      ; - org.eclipse.e4.core.internal.contexts.ContextObjectSupplier::pauseRecording@0 (line 214)
                      ; - org.eclipse.e4.core.internal.di.MethodRequestor::execute@49 (line 51)
  0x000001803fd5b038: 06e9 abe8 

  0x000001803fd5b03c: ;   {metadata({method} {0x00000180989347c0} '<init>' '()V' in 'java/util/Stack')}
  0x000001803fd5b03c: ffff 49ba | b847 9398 | 8001 0000 | 4c89 5424 | 0848 c704 | 24ff ffff 

  0x000001803fd5b054: ;   {runtime_call counter_overflow Runtime1 stub}
  0x000001803fd5b054: ffe8 a6f7 

  0x000001803fd5b058: ; ImmutableOopMap {rax=Oop [184]=Oop [192]=Oop [296]=Oop }
                      ;*synchronization entry
                      ; - java.util.Stack::<init>@-1
                      ; - org.eclipse.e4.core.internal.contexts.EclipseContext::getCalculatedComputations@18 (line 736)
                      ; - org.eclipse.e4.core.internal.contexts.ContextObjectSupplier::pauseRecording@0 (line 214)
                      ; - org.eclipse.e4.core.internal.di.MethodRequestor::execute@49 (line 51)
  0x000001803fd5b058: d606 e9cb 

  0x000001803fd5b05c: ;   {metadata({method} {0x0000018098192af0} '<init>' '()V' in 'java/util/Vector')}
  0x000001803fd5b05c: e8ff ff49 | bae8 2a19 | 9880 0100 | 004c 8954 | 2408 48c7 | 0424 ffff 

  0x000001803fd5b074: ;   {runtime_call counter_overflow Runtime1 stub}
  0x000001803fd5b074: ffff e885 

  0x000001803fd5b078: ; ImmutableOopMap {rax=Oop [184]=Oop [192]=Oop [296]=Oop }
                      ;*synchronization entry
                      ; - java.util.Vector::<init>@-1
                      ; - java.util.Stack::<init>@1
                      ; - org.eclipse.e4.core.internal.contexts.EclipseContext::getCalculatedComputations@18 (line 736)
                      ; - org.eclipse.e4.core.internal.contexts.ContextObjectSupplier::pauseRecording@0 (line 214)
                      ; - org.eclipse.e4.core.internal.di.MethodRequestor::execute@49 (line 51)
  0x000001803fd5b078: f7d6 06e9 | ebe8 ffff 

  0x000001803fd5b080: ;   {metadata({method} {0x0000018098192a58} '<init>' '(I)V' in 'java/util/Vector')}
  0x000001803fd5b080: 49ba 502a | 1998 8001 | 0000 4c89 | 5424 0848 | c704 24ff 

  0x000001803fd5b094: ;   {runtime_call counter_overflow Runtime1 stub}
  0x000001803fd5b094: ffff ffe8 

  0x000001803fd5b098: ; ImmutableOopMap {rax=Oop [184]=Oop [192]=Oop [296]=Oop }
                      ;*synchronization entry
                      ; - java.util.Vector::<init>@-1
                      ; - java.util.Vector::<init>@3
                      ; - java.util.Stack::<init>@1
                      ; - org.eclipse.e4.core.internal.contexts.EclipseContext::getCalculatedComputations@18 (line 736)
                      ; - org.eclipse.e4.core.internal.contexts.ContextObjectSupplier::pauseRecording@0 (line 214)
                      ; - org.eclipse.e4.core.internal.di.MethodRequestor::execute@49 (line 51)
  0x000001803fd5b098: 64f7 d606 | e90b e9ff 

  0x000001803fd5b0a0: ;   {runtime_call throw_null_pointer_exception Runtime1 stub}
  0x000001803fd5b0a0: ffe8 da7c 

  0x000001803fd5b0a4: ; ImmutableOopMap {rdx=Oop [184]=Oop [192]=Oop [200]=Oop [296]=Oop }
                      ;*invokevirtual set {reexecute=0 rethrow=0 return_oop=0}
                      ; - org.eclipse.e4.core.internal.contexts.EclipseContext::getCalculatedComputations@26 (line 737)
                      ; - org.eclipse.e4.core.internal.contexts.ContextObjectSupplier::pauseRecording@0 (line 214)
                      ; - org.eclipse.e4.core.internal.di.MethodRequestor::execute@49 (line 51)
                      ;   {runtime_call throw_null_pointer_exception Runtime1 stub}
  0x000001803fd5b0a4: d606 e8d5 

  0x000001803fd5b0a8: ; ImmutableOopMap {rdx=Oop [184]=Oop [192]=Oop [296]=Oop }
                      ;*invokevirtual push {reexecute=0 rethrow=0 return_oop=0}
                      ; - org.eclipse.e4.core.internal.contexts.ContextObjectSupplier::pauseRecording@6 (line 215)
                      ; - org.eclipse.e4.core.internal.di.MethodRequestor::execute@49 (line 51)
                      ;   {metadata({method} {0x0000018098934860} 'push' '(Ljava/lang/Object;)Ljava/lang/Object;' in 'java/util/Stack')}
  0x000001803fd5b0a8: 7cd6 0649 | ba58 4893 | 9880 0100 | 004c 8954 | 2408 48c7 | 0424 ffff 

  0x000001803fd5b0c0: ;   {runtime_call counter_overflow Runtime1 stub}
  0x000001803fd5b0c0: ffff e839 

  0x000001803fd5b0c4: ; ImmutableOopMap {rdx=Oop [184]=Oop [192]=Oop [296]=Oop }
                      ;*synchronization entry
                      ; - java.util.Stack::push@-1
                      ; - org.eclipse.e4.core.internal.contexts.ContextObjectSupplier::pauseRecording@6 (line 215)
                      ; - org.eclipse.e4.core.internal.di.MethodRequestor::execute@49 (line 51)
  0x000001803fd5b0c4: f7d6 06e9 | 34ea ffff | 4889 5424 | 084c 8904 

  0x000001803fd5b0d4: ;   {runtime_call monitorenter_nofpu Runtime1 stub}
  0x000001803fd5b0d4: 24e8 a6d1 

  0x000001803fd5b0d8: ; ImmutableOopMap {rdx=Oop [184]=Oop [192]=Oop [296]=Oop [312]=Oop }
                      ;*synchronization entry
                      ; - java.util.Vector::addElement@-1
                      ; - java.util.Stack::push@2
                      ; - org.eclipse.e4.core.internal.contexts.ContextObjectSupplier::pauseRecording@6 (line 215)
                      ; - org.eclipse.e4.core.internal.di.MethodRequestor::execute@49 (line 51)
  0x000001803fd5b0d8: d606 e9ee 

  0x000001803fd5b0dc: ;   {metadata({method} {0x0000018098193cf0} 'addElement' '(Ljava/lang/Object;)V' in 'java/util/Vector')}
  0x000001803fd5b0dc: eaff ff49 | bae8 3c19 | 9880 0100 | 004c 8954 | 2408 48c7 | 0424 ffff 

  0x000001803fd5b0f4: ;   {runtime_call counter_overflow Runtime1 stub}
  0x000001803fd5b0f4: ffff e805 

  0x000001803fd5b0f8: ; ImmutableOopMap {rdx=Oop [184]=Oop [192]=Oop [296]=Oop [312]=Oop }
                      ;*synchronization entry
                      ; - java.util.Vector::addElement@-1
                      ; - java.util.Stack::push@2
                      ; - org.eclipse.e4.core.internal.contexts.ContextObjectSupplier::pauseRecording@6 (line 215)
                      ; - org.eclipse.e4.core.internal.di.MethodRequestor::execute@49 (line 51)
  0x000001803fd5b0f8: f7d6 06e9 | f6ea ffff 

  0x000001803fd5b100: ;   {metadata({method} {0x0000018098194450} 'add' '(Ljava/lang/Object;[Ljava/lang/Object;I)V' in 'java/util/Vector')}
  0x000001803fd5b100: 49ba 4844 | 1998 8001 | 0000 4c89 | 5424 0848 | c704 24ff 

  0x000001803fd5b114: ;   {runtime_call counter_overflow Runtime1 stub}
  0x000001803fd5b114: ffff ffe8 

  0x000001803fd5b118: ; ImmutableOopMap {rdx=Oop r8=Oop [184]=Oop [192]=Oop [296]=Oop [312]=Oop }
                      ;*synchronization entry
                      ; - java.util.Vector::add@-1
                      ; - java.util.Vector::addElement@20
                      ; - java.util.Stack::push@2
                      ; - org.eclipse.e4.core.internal.contexts.ContextObjectSupplier::pauseRecording@6 (line 215)
                      ; - org.eclipse.e4.core.internal.di.MethodRequestor::execute@49 (line 51)
  0x000001803fd5b118: e4f6 d606 | e927 ebff 

  0x000001803fd5b120: ;   {runtime_call throw_null_pointer_exception Runtime1 stub}
  0x000001803fd5b120: ffe8 5a7c 

  0x000001803fd5b124: ; ImmutableOopMap {rdx=Oop r8=Oop [184]=Oop [192]=Oop [296]=Oop [312]=Oop }
                      ;*arraylength {reexecute=0 rethrow=0 return_oop=0}
                      ; - java.util.Vector::add@2
                      ; - java.util.Vector::addElement@20
                      ; - java.util.Stack::push@2
                      ; - org.eclipse.e4.core.internal.contexts.ContextObjectSupplier::pauseRecording@6 (line 215)
                      ; - org.eclipse.e4.core.internal.di.MethodRequestor::execute@49 (line 51)
                      ;   {metadata({method} {0x0000018098192f88} 'grow' '()[Ljava/lang/Object;' in 'java/util/Vector')}
  0x000001803fd5b124: d606 49ba | 802f 1998 | 8001 0000 | 4c89 5424 | 0848 c704 | 24ff ffff 

  0x000001803fd5b13c: ;   {runtime_call counter_overflow Runtime1 stub}
  0x000001803fd5b13c: ffe8 bef6 

  0x000001803fd5b140: ; ImmutableOopMap {rdx=Oop [184]=Oop [192]=Oop [296]=Oop [312]=Oop }
                      ;*synchronization entry
                      ; - java.util.Vector::grow@-1
                      ; - java.util.Vector::add@7
                      ; - java.util.Vector::addElement@20
                      ; - java.util.Stack::push@2
                      ; - org.eclipse.e4.core.internal.contexts.ContextObjectSupplier::pauseRecording@6 (line 215)
                      ; - org.eclipse.e4.core.internal.di.MethodRequestor::execute@49 (line 51)
  0x000001803fd5b140: d606 e971 

  0x000001803fd5b144: ;   {runtime_call throw_null_pointer_exception Runtime1 stub}
  0x000001803fd5b144: ebff ffe8 

  0x000001803fd5b148: ; ImmutableOopMap {r8=Oop rdx=Oop rax=Oop [184]=Oop [192]=Oop [296]=Oop [312]=Oop }
                      ;*aastore {reexecute=1 rethrow=0 return_oop=0}
                      ; - (reexecute) java.util.Vector::add@14
                      ; - java.util.Vector::addElement@20
                      ; - java.util.Stack::push@2
                      ; - org.eclipse.e4.core.internal.contexts.ContextObjectSupplier::pauseRecording@6 (line 215)
                      ; - org.eclipse.e4.core.internal.di.MethodRequestor::execute@49 (line 51)
  0x000001803fd5b148: 347c d606 

  0x000001803fd5b14c: ;   {runtime_call throw_null_pointer_exception Runtime1 stub}
  0x000001803fd5b14c: e82f 7cd6 

  0x000001803fd5b150: ; ImmutableOopMap {r8=Oop rdx=Oop rax=Oop [184]=Oop [192]=Oop [296]=Oop [312]=Oop }
                      ;*aastore {reexecute=1 rethrow=0 return_oop=0}
                      ; - (reexecute) java.util.Vector::add@14
                      ; - java.util.Vector::addElement@20
                      ; - java.util.Stack::push@2
                      ; - org.eclipse.e4.core.internal.contexts.ContextObjectSupplier::pauseRecording@6 (line 215)
                      ; - org.eclipse.e4.core.internal.di.MethodRequestor::execute@49 (line 51)
  0x000001803fd5b150: 0648 8934 | 244c 8944 

  0x000001803fd5b158: ;   {runtime_call throw_range_check_failed Runtime1 stub}
  0x000001803fd5b158: 2408 e821 

  0x000001803fd5b15c: ; ImmutableOopMap {r8=Oop rdx=Oop rax=Oop [184]=Oop [192]=Oop [296]=Oop [312]=Oop }
                      ;*aastore {reexecute=1 rethrow=0 return_oop=0}
                      ; - (reexecute) java.util.Vector::add@14
                      ; - java.util.Vector::addElement@20
                      ; - java.util.Stack::push@2
                      ; - org.eclipse.e4.core.internal.contexts.ContextObjectSupplier::pauseRecording@6 (line 215)
                      ; - org.eclipse.e4.core.internal.di.MethodRequestor::execute@49 (line 51)
                      ;   {runtime_call throw_null_pointer_exception Runtime1 stub}
  0x000001803fd5b15c: 73d6 06e8 

  0x000001803fd5b160: ; ImmutableOopMap {r8=Oop rdx=Oop rax=Oop [184]=Oop [192]=Oop [296]=Oop [312]=Oop }
                      ;*aastore {reexecute=1 rethrow=0 return_oop=0}
                      ; - (reexecute) java.util.Vector::add@14
                      ; - java.util.Vector::addElement@20
                      ; - java.util.Stack::push@2
                      ; - org.eclipse.e4.core.internal.contexts.ContextObjectSupplier::pauseRecording@6 (line 215)
                      ; - org.eclipse.e4.core.internal.di.MethodRequestor::execute@49 (line 51)
  0x000001803fd5b160: 1c7c d606 | 4889 0424 

  0x000001803fd5b168: ;   {runtime_call throw_array_store_exception Runtime1 stub}
  0x000001803fd5b168: e893 b8d6 

  0x000001803fd5b16c: ; ImmutableOopMap {r8=Oop rdx=Oop rax=Oop [184]=Oop [192]=Oop [296]=Oop [312]=Oop }
                      ;*aastore {reexecute=1 rethrow=0 return_oop=0}
                      ; - (reexecute) java.util.Vector::add@14
                      ; - java.util.Vector::addElement@20
                      ; - java.util.Stack::push@2
                      ; - org.eclipse.e4.core.internal.contexts.ContextObjectSupplier::pauseRecording@6 (line 215)
                      ; - org.eclipse.e4.core.internal.di.MethodRequestor::execute@49 (line 51)
  0x000001803fd5b16c: 068b 1f48 | c1e3 0348 | 83fb 000f | 84ce ecff | ff48 891c 

  0x000001803fd5b180: ;   {runtime_call g1_pre_barrier_slow}
  0x000001803fd5b180: 24e8 7afc | d606 e9c0 | ecff ff48 | 83f8 000f | 84d4 ecff | ff48 893c 

  0x000001803fd5b198: ;   {runtime_call g1_post_barrier_slow}
  0x000001803fd5b198: 24e8 62ff | d606 e9c6 | ecff ff48 | 8d84 2430 | 0100 0048 

  0x000001803fd5b1ac: ;   {runtime_call monitorexit_nofpu Runtime1 stub}
  0x000001803fd5b1ac: 8904 24e8 | ccd6 d606 | e9df ecff | ff48 8d84 | 2420 0100 | 0048 8904 

  0x000001803fd5b1c4: ;   {runtime_call monitorexit_nofpu Runtime1 stub}
  0x000001803fd5b1c4: 24e8 b6d6 | d606 e9f3 | ecff ff48 

  0x000001803fd5b1d0: ;   {runtime_call throw_class_cast_exception Runtime1 stub}
  0x000001803fd5b1d0: 8934 24e8 

  0x000001803fd5b1d4: ; ImmutableOopMap {rdx=Oop [184]=Oop [192]=Oop }
                      ;*checkcast {reexecute=0 rethrow=0 return_oop=0}
                      ; - org.eclipse.e4.core.internal.di.MethodRequestor::execute@58 (line 55)
  0x000001803fd5b1d4: 28c0 d606 

  0x000001803fd5b1d8: ;   {runtime_call throw_null_pointer_exception Runtime1 stub}
  0x000001803fd5b1d8: e8a3 7bd6 

  0x000001803fd5b1dc: ; ImmutableOopMap {rdx=Oop rsi=Oop [184]=Oop [192]=Oop }
                      ;*invokevirtual trySetAccessible {reexecute=0 rethrow=0 return_oop=0}
                      ; - org.eclipse.e4.core.internal.di.MethodRequestor::execute@61 (line 55)
  0x000001803fd5b1dc: 0648 8934 

  0x000001803fd5b1e0: ;   {runtime_call throw_class_cast_exception Runtime1 stub}
  0x000001803fd5b1e0: 24e8 1ac0 

  0x000001803fd5b1e4: ; ImmutableOopMap {rdx=Oop [184]=Oop [192]=Oop }
                      ;*checkcast {reexecute=0 rethrow=0 return_oop=0}
                      ; - org.eclipse.e4.core.internal.di.MethodRequestor::execute@69 (line 56)
                      ;   {runtime_call throw_null_pointer_exception Runtime1 stub}
  0x000001803fd5b1e4: d606 e895 

  0x000001803fd5b1e8: ; ImmutableOopMap {rdx=Oop rsi=Oop rdi=Oop [184]=Oop [192]=Oop [224]=Oop }
                      ;*invokevirtual invoke {reexecute=0 rethrow=0 return_oop=0}
                      ; - org.eclipse.e4.core.internal.di.MethodRequestor::execute@77 (line 56)
                      ;   {metadata({method} {0x0000018057043cd8} 'invoke' '(Ljava/lang/Object;[Ljava/lang/Object;)Ljava/lang/Object;' in 'java/lang/reflect/Method')}
  0x000001803fd5b1e8: 7bd6 0649 | bad0 3c04 | 5780 0100 | 004c 8954 | 2408 48c7 | 0424 ffff 

  0x000001803fd5b200: ;   {runtime_call counter_overflow Runtime1 stub}
  0x000001803fd5b200: ffff e8f9 

  0x000001803fd5b204: ; ImmutableOopMap {rdx=Oop rsi=Oop rdi=Oop [184]=Oop [192]=Oop [224]=Oop }
                      ;*synchronization entry
                      ; - java.lang.reflect.Method::invoke@-1
                      ; - org.eclipse.e4.core.internal.di.MethodRequestor::execute@77 (line 56)
  0x000001803fd5b204: f5d6 06e9 | 23ef ffff 

  0x000001803fd5b20c: ;   {metadata({method} {0x00000180573dc098} 'isStatic' '(I)Z' in 'java/lang/reflect/Modifier')}
  0x000001803fd5b20c: 49ba 90c0 | 3d57 8001 | 0000 4c89 | 5424 0848 | c704 24ff 

  0x000001803fd5b220: ;   {runtime_call counter_overflow Runtime1 stub}
  0x000001803fd5b220: ffff ffe8 

  0x000001803fd5b224: ; ImmutableOopMap {rbx=Oop rsi=Oop r9=Oop [184]=Oop [192]=Oop [224]=Oop [232]=Oop }
                      ;*synchronization entry
                      ; - java.lang.reflect.Modifier::isStatic@-1
                      ; - java.lang.reflect.Method::invoke@42
                      ; - org.eclipse.e4.core.internal.di.MethodRequestor::execute@77 (line 56)
  0x000001803fd5b224: d8f5 d606 | e969 f0ff 

  0x000001803fd5b22c: ;   {runtime_call throw_null_pointer_exception Runtime1 stub}
  0x000001803fd5b22c: ffe8 4e7b 

  0x000001803fd5b230: ; ImmutableOopMap {rbx=Oop rsi=Oop r9=Oop rax=Oop [184]=Oop [224]=Oop [232]=Oop }
                      ;*invokevirtual getClass {reexecute=0 rethrow=0 return_oop=0}
                      ; - java.lang.reflect.Method::invoke@53
                      ; - org.eclipse.e4.core.internal.di.MethodRequestor::execute@77 (line 56)
                      ;   {runtime_call throw_null_pointer_exception Runtime1 stub}
  0x000001803fd5b230: d606 e849 

  0x000001803fd5b234: ; ImmutableOopMap {rdx=Oop rbx=Oop [184]=Oop [192]=Oop [232]=Oop }
                      ;*invokeinterface invoke {reexecute=0 rethrow=0 return_oop=0}
                      ; - java.lang.reflect.Method::invoke@90
                      ; - org.eclipse.e4.core.internal.di.MethodRequestor::execute@77 (line 56)
                      ;   {runtime_call throw_null_pointer_exception Runtime1 stub}
  0x000001803fd5b234: 7bd6 06e8 

  0x000001803fd5b238: ; ImmutableOopMap {rdi=Oop rdx=Oop [184]=Oop [192]=Oop }
                      ;*invokeinterface invoke {reexecute=0 rethrow=0 return_oop=0}
                      ; - java.lang.reflect.Method::invoke@102
                      ; - org.eclipse.e4.core.internal.di.MethodRequestor::execute@77 (line 56)
  0x000001803fd5b238: 447b d606 

  0x000001803fd5b23c: ;   {runtime_call throw_null_pointer_exception Runtime1 stub}
  0x000001803fd5b23c: e83f 7bd6 

  0x000001803fd5b240: ; ImmutableOopMap {rdx=Oop rsi=Oop [184]=Oop [256]=Oop }
                      ;*invokevirtual resumeRecording {reexecute=0 rethrow=0 return_oop=0}
                      ; - org.eclipse.e4.core.internal.di.MethodRequestor::execute@167 (line 69)
                      ;   {metadata({method} {0x00000180997a28d8} 'clearResolvedArgs' '()V' in 'org/eclipse/e4/core/internal/di/Requestor')}
  0x000001803fd5b240: 0649 bad0 | 287a 9980 | 0100 004c | 8954 2408 | 48c7 0424 | ffff ffff 

  0x000001803fd5b258: ;   {runtime_call counter_overflow Runtime1 stub}
  0x000001803fd5b258: e8a3 f5d6 

  0x000001803fd5b25c: ; ImmutableOopMap {rdx=Oop [184]=Oop [256]=Oop }
                      ;*synchronization entry
                      ; - org.eclipse.e4.core.internal.di.Requestor::clearResolvedArgs@-1 (line 193)
                      ; - org.eclipse.e4.core.internal.di.MethodRequestor::execute@171 (line 70)
  0x000001803fd5b25c: 06e9 fcf4 

  0x000001803fd5b260: ;   {metadata(nullptr)}
  0x000001803fd5b260: ffff 48ba | 0000 0000 | 0000 0000 | b800 0f05 

  0x000001803fd5b270: ;   {runtime_call load_klass_patching Runtime1 stub}
  0x000001803fd5b270: 0ae8 0ae5 

  0x000001803fd5b274: ; ImmutableOopMap {rbx=Oop r8=Oop [184]=Oop }
                      ;*new {reexecute=1 rethrow=0 return_oop=0}
                      ; - (reexecute) org.eclipse.e4.core.internal.di.MethodRequestor::execute@119 (line 66)
  0x000001803fd5b274: d606 e9a5 

  0x000001803fd5b278: ;   {runtime_call throw_null_pointer_exception Runtime1 stub}
  0x000001803fd5b278: f6ff ffe8 

  0x000001803fd5b27c: ; ImmutableOopMap {rbx=Oop r8=Oop [184]=Oop }
                      ;*new {reexecute=0 rethrow=0 return_oop=0}
                      ; - org.eclipse.e4.core.internal.di.MethodRequestor::execute@119 (line 66)
  0x000001803fd5b27c: 007b d606 

  0x000001803fd5b280: ;   {runtime_call fast_new_instance_init_check Runtime1 stub}
  0x000001803fd5b280: 488b d2e8 

  0x000001803fd5b284: ; ImmutableOopMap {rbx=Oop r8=Oop [184]=Oop }
                      ;*new {reexecute=0 rethrow=0 return_oop=0}
                      ; - org.eclipse.e4.core.internal.di.MethodRequestor::execute@119 (line 66)
  0x000001803fd5b284: 7894 d606 | e9f8 f6ff | ff8b 4228 | 48c1 e003 | 4883 f800 | 0f84 6bf7 | ffff 4889 

  0x000001803fd5b2a0: ;   {runtime_call g1_pre_barrier_slow}
  0x000001803fd5b2a0: 0424 e859 | fbd6 06e9 | 5df7 ffff 

  0x000001803fd5b2ac: ;   {internal_word}
  0x000001803fd5b2ac: 49ba 20aa | d53f 8001 | 0000 4d89 | 9760 0400 

  0x000001803fd5b2bc: ;   {runtime_call SafepointBlob}
  0x000001803fd5b2bc: 00e9 3ea4 

  0x000001803fd5b2c0: ;   {internal_word}
  0x000001803fd5b2c0: ca06 49ba | 40aa d53f | 8001 0000 | 4d89 9760 

  0x000001803fd5b2d0: ;   {runtime_call SafepointBlob}
  0x000001803fd5b2d0: 0400 00e9 | 28a4 ca06 

  0x000001803fd5b2d8: ;   {internal_word}
  0x000001803fd5b2d8: 49ba 60aa | d53f 8001 | 0000 4d89 | 9760 0400 

  0x000001803fd5b2e8: ;   {runtime_call SafepointBlob}
  0x000001803fd5b2e8: 00e9 12a4 | ca06 4c89 

  0x000001803fd5b2f0: ;   {runtime_call throw_class_cast_exception Runtime1 stub}
  0x000001803fd5b2f0: 0424 e809 

  0x000001803fd5b2f4: ; ImmutableOopMap {[184]=Oop }
                      ;*checkcast {reexecute=0 rethrow=0 return_oop=0}
                      ; - org.eclipse.e4.core.internal.di.MethodRequestor::execute@115 (line 64)
                      ;   {runtime_call throw_null_pointer_exception Runtime1 stub}
  0x000001803fd5b2f4: bfd6 06e8 

  0x000001803fd5b2f8: ; ImmutableOopMap {rax=Oop [184]=Oop }
                      ;*athrow {reexecute=1 rethrow=0 return_oop=0}
                      ; - (reexecute) org.eclipse.e4.core.internal.di.MethodRequestor::execute@118 (line 64)
  0x000001803fd5b2f8: 847a d606 

  0x000001803fd5b2fc: ;   {metadata(nullptr)}
  0x000001803fd5b2fc: 48ba 0000 | 0000 0000 | 0000 b800 

  0x000001803fd5b308: ;   {runtime_call load_klass_patching Runtime1 stub}
  0x000001803fd5b308: 0f05 0ae8 

  0x000001803fd5b30c: ; ImmutableOopMap {r8=Oop [184]=Oop }
                      ;*new {reexecute=1 rethrow=0 return_oop=0}
                      ; - (reexecute) org.eclipse.e4.core.internal.di.MethodRequestor::execute@86 (line 58)
  0x000001803fd5b30c: 70e4 d606 | e9db f8ff 

  0x000001803fd5b314: ;   {runtime_call throw_null_pointer_exception Runtime1 stub}
  0x000001803fd5b314: ffe8 667a 

  0x000001803fd5b318: ; ImmutableOopMap {r8=Oop [184]=Oop }
                      ;*new {reexecute=0 rethrow=0 return_oop=0}
                      ; - org.eclipse.e4.core.internal.di.MethodRequestor::execute@86 (line 58)
  0x000001803fd5b318: d606 488b 

  0x000001803fd5b31c: ;   {runtime_call fast_new_instance_init_check Runtime1 stub}
  0x000001803fd5b31c: d2e8 de93 

  0x000001803fd5b320: ; ImmutableOopMap {r8=Oop [184]=Oop }
                      ;*new {reexecute=0 rethrow=0 return_oop=0}
                      ; - org.eclipse.e4.core.internal.di.MethodRequestor::execute@86 (line 58)
  0x000001803fd5b320: d606 e92e 

  0x000001803fd5b324: ;   {runtime_call throw_null_pointer_exception Runtime1 stub}
  0x000001803fd5b324: f9ff ffe8 

  0x000001803fd5b328: ; ImmutableOopMap {rdx=Oop rsi=Oop [184]=Oop [280]=Oop }
                      ;*invokevirtual resumeRecording {reexecute=0 rethrow=0 return_oop=0}
                      ; - org.eclipse.e4.core.internal.di.MethodRequestor::execute@149 (line 69)
  0x000001803fd5b328: 547a d606 

  0x000001803fd5b32c: ;   {metadata({method} {0x00000180997a28d8} 'clearResolvedArgs' '()V' in 'org/eclipse/e4/core/internal/di/Requestor')}
  0x000001803fd5b32c: 49ba d028 | 7a99 8001 | 0000 4c89 | 5424 0848 | c704 24ff 

  0x000001803fd5b340: ;   {runtime_call counter_overflow Runtime1 stub}
  0x000001803fd5b340: ffff ffe8 

  0x000001803fd5b344: ; ImmutableOopMap {rdx=Oop [184]=Oop [280]=Oop }
                      ;*synchronization entry
                      ; - org.eclipse.e4.core.internal.di.Requestor::clearResolvedArgs@-1 (line 193)
                      ; - org.eclipse.e4.core.internal.di.MethodRequestor::execute@153 (line 70)
  0x000001803fd5b344: b8f4 d606 | e9b4 faff | ff8b 4628 | 48c1 e003 | 4883 f800 | 0f84 1bfb | ffff 4889 

  0x000001803fd5b360: ;   {runtime_call g1_pre_barrier_slow}
  0x000001803fd5b360: 0424 e899 | fad6 06e9 | 0dfb ffff | 488d 8424 | 3001 0000 | 4889 0424 

  0x000001803fd5b378: ;   {runtime_call monitorexit_nofpu Runtime1 stub}
  0x000001803fd5b378: e803 d5d6 | 06e9 5bfb | ffff 488d | 8424 2001 | 0000 4889 

  0x000001803fd5b38c: ;   {runtime_call monitorexit_nofpu Runtime1 stub}
  0x000001803fd5b38c: 0424 e8ed | d4d6 06e9 | a0fb ffff | 488b bc24 | c000 0000 | e9e8 faff | ff8b bc24 | d400 0000 
  0x000001803fd5b3ac: e9e9 f3ff | ff8b bc24 | d400 0000 | e9df f8ff | ff8b bc24 | d400 0000 | e9d1 f3ff | ff8b bc24 
  0x000001803fd5b3cc: d400 0000 | e9c7 f8ff | ff8b bc24 | d400 0000 | e9b9 f3ff | ff8b bc24 | d400 0000 | e9af f8ff 
  0x000001803fd5b3ec: ff8b bc24 | d400 0000 | e9a1 f3ff | ff8b bc24 | d400 0000 | e997 f8ff | ff8b bc24 | d400 0000 
  0x000001803fd5b40c: e989 f3ff | ff8b bc24 | d400 0000 | e97f f8ff | ff8b bc24 | d400 0000 | e971 f3ff | ff8b bc24 
  0x000001803fd5b42c: d400 0000 | e967 f8ff | ff8b bc24 | d400 0000 | e959 f3ff | ff8b bc24 | d400 0000 | e94f f8ff 
  0x000001803fd5b44c: ff8b bc24 | d400 0000 | e943 f8ff | ff8b bc24 | d400 0000 | e937 f8ff | ff8b bc24 | d400 0000 
  0x000001803fd5b46c: e92b f8ff | ff8b bc24 | d400 0000 | e91f f8ff | ff8b bc24 | d400 0000 | e913 f8ff | ff48 8bbc 
  0x000001803fd5b48c: ;   {no_reloc}
  0x000001803fd5b48c: 24c0 0000 | 00e9 f7f9 | ffff 488b | bc24 c000 | 0000 e9ea | f9ff ff48 | 8bbc 24c0 | 0000 00e9 
  0x000001803fd5b4ac: ddf9 ffff | 488b bc24 | c000 0000 | e9d0 f9ff | ff8b bc24 | d400 0000 | e9d1 f2ff | ff8b bc24 
  0x000001803fd5b4cc: d400 0000 | e9c7 f7ff | ff8b bc24 | d400 0000 | e9b9 f2ff | ff8b bc24 | d400 0000 | e9af f7ff 
  0x000001803fd5b4ec: ff8b bc24 | d400 0000 | e9a1 f2ff | ff8b bc24 | d400 0000 | e997 f7ff | ff8b bc24 | d400 0000 
  0x000001803fd5b50c: e989 f2ff | ff8b bc24 | d400 0000 | e97f f7ff | ff8b bc24 | d400 0000 | e971 f2ff | ff8b bc24 
  0x000001803fd5b52c: d400 0000 | e967 f7ff | ff8b bc24 | d400 0000 | e959 f2ff | ff8b bc24 | d400 0000 | e94f f7ff 
  0x000001803fd5b54c: ff8b bc24 | d400 0000 | e941 f2ff | ff8b bc24 | d400 0000 | e937 f7ff | ff8b bc24 | d400 0000 
  0x000001803fd5b56c: e92b f7ff | ff8b bc24 | d400 0000 | e91f f7ff | ff8b bc24 | d400 0000 | e913 f7ff | ff8b bc24 
  0x000001803fd5b58c: ;   {no_reloc}
  0x000001803fd5b58c: d400 0000 | e907 f7ff | ff8b bc24 | d400 0000 | e9fb f6ff | ff8b bc24 | d400 0000 | e9ef f6ff 
  0x000001803fd5b5ac: ff49 8b87 | f804 0000 | 49c7 87f8 | 0400 0000 | 0000 0049 | c787 0005 | 0000 0000 | 0000 4881 
  0x000001803fd5b5cc: c450 0100 

  0x000001803fd5b5d0: ;   {runtime_call unwind_exception Runtime1 stub}
  0x000001803fd5b5d0: 005d e9a9 | 68d6 06f4 
[Stub Code]
  0x000001803fd5b5d8: ;   {no_reloc}
  0x000001803fd5b5d8: 0f1f 4400 

  0x000001803fd5b5dc: ;   {static_stub}
  0x000001803fd5b5dc: 0048 bb00 | 0000 0000 

  0x000001803fd5b5e4: ;   {runtime_call nmethod}
  0x000001803fd5b5e4: 0000 00e9 | fbff ffff 

  0x000001803fd5b5ec: ;   {static_stub}
  0x000001803fd5b5ec: 9048 bb00 | 0000 0000 

  0x000001803fd5b5f4: ;   {runtime_call nmethod}
  0x000001803fd5b5f4: 0000 00e9 | fbff ffff 

  0x000001803fd5b5fc: ;   {static_stub}
  0x000001803fd5b5fc: 9048 bb00 | 0000 0000 

  0x000001803fd5b604: ;   {runtime_call nmethod}
  0x000001803fd5b604: 0000 00e9 | fbff ffff 

  0x000001803fd5b60c: ;   {static_stub}
  0x000001803fd5b60c: 9048 bb00 | 0000 0000 

  0x000001803fd5b614: ;   {runtime_call nmethod}
  0x000001803fd5b614: 0000 00e9 | fbff ffff 

  0x000001803fd5b61c: ;   {static_stub}
  0x000001803fd5b61c: 9048 bb00 | 0000 0000 

  0x000001803fd5b624: ;   {runtime_call nmethod}
  0x000001803fd5b624: 0000 00e9 | fbff ffff 

  0x000001803fd5b62c: ;   {static_stub}
  0x000001803fd5b62c: 9048 bb00 | 0000 0000 

  0x000001803fd5b634: ;   {runtime_call nmethod}
  0x000001803fd5b634: 0000 00e9 | fbff ffff 

  0x000001803fd5b63c: ;   {static_stub}
  0x000001803fd5b63c: 9048 bb00 | 0000 0000 

  0x000001803fd5b644: ;   {runtime_call nmethod}
  0x000001803fd5b644: 0000 00e9 | fbff ffff 

  0x000001803fd5b64c: ;   {static_stub}
  0x000001803fd5b64c: 9048 bb00 | 0000 0000 

  0x000001803fd5b654: ;   {runtime_call nmethod}
  0x000001803fd5b654: 0000 00e9 | fbff ffff 

  0x000001803fd5b65c: ;   {static_stub}
  0x000001803fd5b65c: 9048 bb00 | 0000 0000 

  0x000001803fd5b664: ;   {runtime_call nmethod}
  0x000001803fd5b664: 0000 00e9 | fbff ffff 

  0x000001803fd5b66c: ;   {static_stub}
  0x000001803fd5b66c: 9048 bb00 | 0000 0000 

  0x000001803fd5b674: ;   {runtime_call nmethod}
  0x000001803fd5b674: 0000 00e9 | fbff ffff 

  0x000001803fd5b67c: ;   {static_stub}
  0x000001803fd5b67c: 48bb 0000 | 0000 0000 

  0x000001803fd5b684: ;   {runtime_call nmethod}
  0x000001803fd5b684: 0000 e9fb 

  0x000001803fd5b688: ;   {static_stub}
  0x000001803fd5b688: ffff ff48 | bb00 0000 | 0000 0000 

  0x000001803fd5b694: ;   {runtime_call nmethod}
  0x000001803fd5b694: 00e9 fbff 

  0x000001803fd5b698: ;   {static_stub}
  0x000001803fd5b698: ffff 48bb | 0000 0000 | 0000 0000 

  0x000001803fd5b6a4: ;   {runtime_call nmethod}
  0x000001803fd5b6a4: e9fb ffff 

  0x000001803fd5b6a8: ;   {static_stub}
  0x000001803fd5b6a8: ff48 bb48 | 4104 5780 

  0x000001803fd5b6b0: ;   {runtime_call I2C/C2I adapters}
  0x000001803fd5b6b0: 0100 00e9 | ab7d ca06 

  0x000001803fd5b6b8: ;   {static_stub}
  0x000001803fd5b6b8: 48bb 0000 | 0000 0000 

  0x000001803fd5b6c0: ;   {runtime_call nmethod}
  0x000001803fd5b6c0: 0000 e9fb 

  0x000001803fd5b6c4: ;   {static_stub}
  0x000001803fd5b6c4: ffff ff48 | bb00 0000 | 0000 0000 

  0x000001803fd5b6d0: ;   {runtime_call nmethod}
  0x000001803fd5b6d0: 00e9 fbff 

  0x000001803fd5b6d4: ;   {static_stub}
  0x000001803fd5b6d4: ffff 48bb | 0000 0000 | 0000 0000 

  0x000001803fd5b6e0: ;   {runtime_call nmethod}
  0x000001803fd5b6e0: e9fb ffff 

  0x000001803fd5b6e4: ;   {static_stub}
  0x000001803fd5b6e4: ff48 bb00 | 0000 0000 

  0x000001803fd5b6ec: ;   {runtime_call nmethod}
  0x000001803fd5b6ec: 0000 00e9 | fbff ffff 
[Exception Handler]
  0x000001803fd5b6f4: ;   {runtime_call handle_exception_from_callee Runtime1 stub}
  0x000001803fd5b6f4: e807 abd6 

  0x000001803fd5b6f8: ;   {external_word}
  0x000001803fd5b6f8: 0648 b990 | 7ff8 bff8 | 7f00 0048 

  0x000001803fd5b704: ;   {runtime_call}
  0x000001803fd5b704: 83e4 f048 | b8e0 44bb | bff8 7f00 | 00ff d0f4 
[Deopt Handler Code]
  0x000001803fd5b714: ;   {section_word}
  0x000001803fd5b714: 49ba 14b7 | d53f 8001 | 0000 4152 

  0x000001803fd5b720: ;   {runtime_call DeoptimizationBlob}
  0x000001803fd5b720: e97b 92ca | 06f4 f4f4 
[/MachCode]


Compiled method (c1) 13969 9903       3       org.eclipse.e4.core.internal.di.InjectorImpl::processAnnotated (417 bytes)
 total in heap  [0x000001803fc27110,0x000001803fc28888] = 6008
 relocation     [0x000001803fc27270,0x000001803fc27400] = 400
 main code      [0x000001803fc27400,0x000001803fc280e0] = 3296
 stub code      [0x000001803fc280e0,0x000001803fc281f0] = 272
 oops           [0x000001803fc281f0,0x000001803fc281f8] = 8
 metadata       [0x000001803fc281f8,0x000001803fc28228] = 48
 scopes data    [0x000001803fc28228,0x000001803fc28610] = 1000
 scopes pcs     [0x000001803fc28610,0x000001803fc28840] = 560
 dependencies   [0x000001803fc28840,0x000001803fc28848] = 8
 nul chk table  [0x000001803fc28848,0x000001803fc28888] = 64

[Constant Pool (empty)]

[MachCode]
[Entry Point]
  # {method} {0x00000180997a02d0} 'processAnnotated' '(Lorg/eclipse/e4/core/internal/di/AnnotationLookup$AnnotationProxy;Ljava/lang/Object;Ljava/lang/Class;Lorg/eclipse/e4/core/di/suppliers/PrimaryObjectSupplier;Lorg/eclipse/e4/core/di/suppliers/PrimaryObjectSupplier;Ljava/util/List;)V' in 'org/eclipse/e4/core/internal/di/InjectorImpl'
  # this:     rdx:rdx   = 'org/eclipse/e4/core/internal/di/InjectorImpl'
  # parm0:    r8:r8     = 'org/eclipse/e4/core/internal/di/AnnotationLookup$AnnotationProxy'
  # parm1:    r9:r9     = 'java/lang/Object'
  # parm2:    rdi:rdi   = 'java/lang/Class'
  # parm3:    rsi:rsi   = 'org/eclipse/e4/core/di/suppliers/PrimaryObjectSupplier'
  # parm4:    rcx:rcx   = 'org/eclipse/e4/core/di/suppliers/PrimaryObjectSupplier'
  # parm5:    [sp+0xf0]   = 'java/util/List'  (sp of caller)
  0x000001803fc27400: 448b 5208 | 49bb 0000 | 0057 8001 | 0000 4d03 | d34c 3bd0 

  0x000001803fc27414: ;   {runtime_call ic_miss_stub}
  0x000001803fc27414: 0f85 6673 | dd06 660f | 1f44 0000 
[Verified Entry Point]
  0x000001803fc27420: 8984 2400 | 80ff ff55 | 4881 ece0 | 0000 0090 | 4181 7f20 | 0a00 0000 

  0x000001803fc27438: ;   {runtime_call StubRoutines (final stubs)}
  0x000001803fc27438: 7405 e821 | d9db 0648 | 8954 2470 | 4c89 4424 | 784c 898c | 2480 0000 | 0048 89b4 | 2488 0000 
  0x000001803fc27458: 0048 898c | 2490 0000 

  0x000001803fc27460: ;   {metadata(method data for {method} {0x00000180997a02d0} 'processAnnotated' '(Lorg/eclipse/e4/core/internal/di/AnnotationLookup$AnnotationProxy;Ljava/lang/Object;Ljava/lang/Class;Lorg/eclipse/e4/core/di/suppliers/PrimaryObjectSupplier;Lorg/eclipse/e4/core/di/suppliers/PrimaryObjectSupplier;Ljava/util/List;)V' in 'org/eclipse/e4/core/internal/di/InjectorImpl')}
  0x000001803fc27460: 0048 bba0 | 5f72 9a80 | 0100 008b | 83cc 0000 | 0083 c002 | 8983 cc00 | 0000 25fe | 0700 0085 
  0x000001803fc27480: c00f 84c2 | 0a00 0048 | 3b07 488b 

  0x000001803fc2748c: ;   {metadata(method data for {method} {0x00000180997a02d0} 'processAnnotated' '(Lorg/eclipse/e4/core/internal/di/AnnotationLookup$AnnotationProxy;Ljava/lang/Object;Ljava/lang/Class;Lorg/eclipse/e4/core/di/suppliers/PrimaryObjectSupplier;Lorg/eclipse/e4/core/di/suppliers/PrimaryObjectSupplier;Ljava/util/List;)V' in 'org/eclipse/e4/core/internal/di/InjectorImpl')}
  0x000001803fc2748c: df48 b8a0 | 5f72 9a80 | 0100 0048 | 8380 1001 | 0000 0148 | 8bd7 4889 

  0x000001803fc274a4: ;   {optimized virtual_call}
  0x000001803fc274a4: 7c24 68e8 

  0x000001803fc274a8: ; ImmutableOopMap {[104]=Oop [112]=Oop [120]=Oop [128]=Oop [136]=Oop [144]=Oop [240]=Oop }
                      ;*invokevirtual getSuperclass {reexecute=0 rethrow=0 return_oop=0}
                      ; - org.eclipse.e4.core.internal.di.InjectorImpl::processAnnotated@1 (line 936)
  0x000001803fc274a8: 34c1 6807 

  0x000001803fc274ac: ;   {other}
  0x000001803fc274ac: 0f1f 8400 | 9c03 0000 | 4889 8424 | 9800 0000 

  0x000001803fc274bc: ;   {metadata(method data for {method} {0x00000180997a02d0} 'processAnnotated' '(Lorg/eclipse/e4/core/internal/di/AnnotationLookup$AnnotationProxy;Ljava/lang/Object;Ljava/lang/Class;Lorg/eclipse/e4/core/di/suppliers/PrimaryObjectSupplier;Lorg/eclipse/e4/core/di/suppliers/PrimaryObjectSupplier;Ljava/util/List;)V' in 'org/eclipse/e4/core/internal/di/InjectorImpl')}
  0x000001803fc274bc: 4885 c048 | baa0 5f72 | 9a80 0100 | 0048 c7c6 | 4801 0000 | 7407 48c7 | c658 0100 | 0048 8b3c 
  0x000001803fc274dc: 3248 8d7f | 0148 893c | 320f 84f9 | 0200 0048 | 3b00 488b 

  0x000001803fc274f0: ;   {metadata(method data for {method} {0x00000180997a02d0} 'processAnnotated' '(Lorg/eclipse/e4/core/internal/di/AnnotationLookup$AnnotationProxy;Ljava/lang/Object;Ljava/lang/Class;Lorg/eclipse/e4/core/di/suppliers/PrimaryObjectSupplier;Lorg/eclipse/e4/core/di/suppliers/PrimaryObjectSupplier;Ljava/util/List;)V' in 'org/eclipse/e4/core/internal/di/InjectorImpl')}
  0x000001803fc274f0: d048 bea0 | 5f72 9a80 | 0100 0048 | 8386 6801 

  0x000001803fc27500: ;   {metadata(method data for {method} {0x0000018057465ac0} 'getName' '()Ljava/lang/String;' in 'java/lang/Class')}
  0x000001803fc27500: 0000 0148 | bad0 ac05 | 9880 0100 | 008b b2cc | 0000 0083 | c602 89b2 | cc00 0000 | 81e6 feff 
  0x000001803fc27520: 1f00 85f6 | 0f84 4a0a | 0000 8b50 | 2c48 c1e2 | 0348 85d2 

  0x000001803fc27534: ;   {metadata(method data for {method} {0x0000018057465ac0} 'getName' '()Ljava/lang/String;' in 'java/lang/Class')}
  0x000001803fc27534: 48be d0ac | 0598 8001 | 0000 48c7 | c710 0100 | 0074 0748 | c7c7 2001 | 0000 488b | 1c3e 488d 
  0x000001803fc27554: 5b01 4889 | 1c3e 0f84 | 1500 0000 

  0x000001803fc27560: ;   {metadata(method data for {method} {0x0000018057465ac0} 'getName' '()Ljava/lang/String;' in 'java/lang/Class')}
  0x000001803fc27560: 48be d0ac | 0598 8001 | 0000 ff86 | 3001 0000 | e92a 0000 | 0048 8bd0 

  0x000001803fc27578: ;   {metadata(method data for {method} {0x0000018057465ac0} 'getName' '()Ljava/lang/String;' in 'java/lang/Class')}
  0x000001803fc27578: 48be d0ac | 0598 8001 | 0000 4883 | 8648 0100 | 0001 488b 

  0x000001803fc2758c: ;   {optimized virtual_call}
  0x000001803fc2758c: d066 90e8 

  0x000001803fc27590: ; ImmutableOopMap {[104]=Oop [112]=Oop [120]=Oop [128]=Oop [136]=Oop [144]=Oop [152]=Oop [240]=Oop }
                      ;*invokevirtual initClassName {reexecute=0 rethrow=0 return_oop=0}
                      ; - java.lang.Class::getName@14
                      ; - org.eclipse.e4.core.internal.di.InjectorImpl::processAnnotated@13 (line 937)
  0x000001803fc27590: ec74 dd06 

  0x000001803fc27594: ;   {other}
  0x000001803fc27594: 0f1f 8400 | 8404 0001 | 488b d048 | 3b02 4c8b 

  0x000001803fc275a4: ;   {metadata(method data for {method} {0x00000180997a02d0} 'processAnnotated' '(Lorg/eclipse/e4/core/internal/di/AnnotationLookup$AnnotationProxy;Ljava/lang/Object;Ljava/lang/Class;Lorg/eclipse/e4/core/di/suppliers/PrimaryObjectSupplier;Lorg/eclipse/e4/core/di/suppliers/PrimaryObjectSupplier;Ljava/util/List;)V' in 'org/eclipse/e4/core/internal/di/InjectorImpl')}
  0x000001803fc275a4: c248 bea0 | 5f72 9a80 | 0100 0048 | 8386 a001 

  0x000001803fc275b4: ;   {oop("java.lang.Object"{0x0000000740bd8790})}
  0x000001803fc275b4: 0000 0149 | b890 87bd | 4007 0000 | 0066 0f1f 

  0x000001803fc275c4: ;   {optimized virtual_call}
  0x000001803fc275c4: 4400 00e8 

  0x000001803fc275c8: ; ImmutableOopMap {[104]=Oop [112]=Oop [120]=Oop [128]=Oop [136]=Oop [144]=Oop [152]=Oop [240]=Oop }
                      ;*invokevirtual equals {reexecute=0 rethrow=0 return_oop=0}
                      ; - org.eclipse.e4.core.internal.di.InjectorImpl::processAnnotated@18 (line 937)
  0x000001803fc275c8: f4c4 5707 

  0x000001803fc275cc: ;   {other}
  0x000001803fc275cc: 0f1f 8400 | bc04 0002 

  0x000001803fc275d4: ;   {metadata(method data for {method} {0x00000180997a02d0} 'processAnnotated' '(Lorg/eclipse/e4/core/internal/di/AnnotationLookup$AnnotationProxy;Ljava/lang/Object;Ljava/lang/Class;Lorg/eclipse/e4/core/di/suppliers/PrimaryObjectSupplier;Lorg/eclipse/e4/core/di/suppliers/PrimaryObjectSupplier;Ljava/util/List;)V' in 'org/eclipse/e4/core/internal/di/InjectorImpl')}
  0x000001803fc275d4: 85c0 49b8 | a05f 729a | 8001 0000 | 48c7 c2d8 | 0100 0075 | 0748 c7c2 | e801 0000 | 498b 3410 
  0x000001803fc275f4: 488d 7601 | 4989 3410 | 0f85 e201 | 0000 488b | b424 f000 | 0000 483b | 064c 8bc6 

  0x000001803fc27610: ;   {metadata(method data for {method} {0x00000180997a02d0} 'processAnnotated' '(Lorg/eclipse/e4/core/internal/di/AnnotationLookup$AnnotationProxy;Ljava/lang/Object;Ljava/lang/Class;Lorg/eclipse/e4/core/di/suppliers/PrimaryObjectSupplier;Lorg/eclipse/e4/core/di/suppliers/PrimaryObjectSupplier;Ljava/util/List;)V' in 'org/eclipse/e4/core/internal/di/InjectorImpl')}
  0x000001803fc27610: 48ba a05f | 729a 8001 | 0000 458b | 4008 49ba | 0000 0057 | 8001 0000 | 4d03 c24c | 3b82 0802 
  0x000001803fc27630: 0000 750d | 4883 8210 | 0200 0001 | e960 0000 | 004c 3b82 | 1802 0000 | 750d 4883 | 8220 0200 
  0x000001803fc27650: 0001 e94a | 0000 0048 | 83ba 0802 | 0000 0075 | 174c 8982 | 0802 0000 | 48c7 8210 | 0200 0001 
  0x000001803fc27670: 0000 00e9 | 2900 0000 | 4883 ba18 | 0200 0000 | 7517 4c89 | 8218 0200 | 0048 c782 | 2002 0000 
  0x000001803fc27690: 0100 0000 | e908 0000 | 0048 8382 | f801 0000 | 014c 8b44 | 2468 488b | d60f 1f40 | 0048 b8e0 
  0x000001803fc276b0: a50b 5780 

  0x000001803fc276b4: ;   {virtual_call}
  0x000001803fc276b4: 0100 00e8 

  0x000001803fc276b8: ; ImmutableOopMap {[104]=Oop [112]=Oop [120]=Oop [128]=Oop [136]=Oop [144]=Oop [152]=Oop [240]=Oop }
                      ;*invokeinterface add {reexecute=0 rethrow=0 return_oop=0}
                      ; - org.eclipse.e4.core.internal.di.InjectorImpl::processAnnotated@27 (line 938)
  0x000001803fc276b8: a4ee 5407 

  0x000001803fc276bc: ;   {other}
  0x000001803fc276bc: 0f1f 8400 | ac05 0003 | 488b 5424 

  0x000001803fc276c8: ;   {metadata(method data for {method} {0x00000180997a02d0} 'processAnnotated' '(Lorg/eclipse/e4/core/internal/di/AnnotationLookup$AnnotationProxy;Ljava/lang/Object;Ljava/lang/Class;Lorg/eclipse/e4/core/di/suppliers/PrimaryObjectSupplier;Lorg/eclipse/e4/core/di/suppliers/PrimaryObjectSupplier;Ljava/util/List;)V' in 'org/eclipse/e4/core/internal/di/InjectorImpl')}
  0x000001803fc276c8: 7049 b8a0 | 5f72 9a80 | 0100 0049 | 8380 3002 | 0000 014c | 8b44 2478 | 4c8b 8c24 | 8000 0000 
  0x000001803fc276e8: 488b bc24 | 9800 0000 | 488b b424 | 8800 0000 | 488b 8c24 | 9000 0000 | 488b 9c24 | f000 0000 
  0x000001803fc27708: 4889 1c24 | 488b 5424 | 7066 0f1f 

  0x000001803fc27714: ;   {optimized virtual_call}
  0x000001803fc27714: 4400 00e8 

  0x000001803fc27718: ; ImmutableOopMap {[104]=Oop [112]=Oop [120]=Oop [128]=Oop [136]=Oop [144]=Oop [240]=Oop }
                      ;*invokevirtual processAnnotated {reexecute=0 rethrow=0 return_oop=0}
                      ; - org.eclipse.e4.core.internal.di.InjectorImpl::processAnnotated@44 (line 939)
  0x000001803fc27718: 04fd ffff 

  0x000001803fc2771c: ;   {other}
  0x000001803fc2771c: 0f1f 8400 | 0c06 0004 | 488b b424 | f000 0000 

  0x000001803fc2772c: ;   {metadata(method data for {method} {0x00000180997a02d0} 'processAnnotated' '(Lorg/eclipse/e4/core/internal/di/AnnotationLookup$AnnotationProxy;Ljava/lang/Object;Ljava/lang/Class;Lorg/eclipse/e4/core/di/suppliers/PrimaryObjectSupplier;Lorg/eclipse/e4/core/di/suppliers/PrimaryObjectSupplier;Ljava/util/List;)V' in 'org/eclipse/e4/core/internal/di/InjectorImpl')}
  0x000001803fc2772c: 49b8 a05f | 729a 8001 | 0000 8b76 | 0849 ba00 | 0000 5780 | 0100 0049 | 03f2 493b | b078 0200 
  0x000001803fc2774c: 0075 0d49 | 8380 8002 | 0000 01e9 | 6000 0000 | 493b b088 | 0200 0075 | 0d49 8380 | 9002 0000 
  0x000001803fc2776c: 01e9 4a00 | 0000 4983 | b878 0200 | 0000 7517 | 4989 b078 | 0200 0049 | c780 8002 | 0000 0100 
  0x000001803fc2778c: 0000 e929 | 0000 0049 | 83b8 8802 | 0000 0075 | 1749 89b0 | 8802 0000 | 49c7 8090 | 0200 0001 
  0x000001803fc277ac: 0000 00e9 | 0800 0000 | 4983 8068 | 0200 0001 | 4c8b 4424 | 6848 8b94 | 24f0 0000 | 000f 1f40 
  0x000001803fc277cc: 0048 b8e0 | a50b 5780 

  0x000001803fc277d4: ;   {virtual_call}
  0x000001803fc277d4: 0100 00e8 

  0x000001803fc277d8: ; ImmutableOopMap {[104]=Oop [112]=Oop [120]=Oop [128]=Oop [136]=Oop [144]=Oop [240]=Oop }
                      ;*invokeinterface remove {reexecute=0 rethrow=0 return_oop=0}
                      ; - org.eclipse.e4.core.internal.di.InjectorImpl::processAnnotated@50 (line 940)
  0x000001803fc277d8: e47b b007 

  0x000001803fc277dc: ;   {other}
  0x000001803fc277dc: 0f1f 8400 | cc06 0005 | 488b 7c24 | 6848 8b54 

  0x000001803fc277ec: ;   {metadata(method data for {method} {0x00000180997a02d0} 'processAnnotated' '(Lorg/eclipse/e4/core/internal/di/AnnotationLookup$AnnotationProxy;Ljava/lang/Object;Ljava/lang/Class;Lorg/eclipse/e4/core/di/suppliers/PrimaryObjectSupplier;Lorg/eclipse/e4/core/di/suppliers/PrimaryObjectSupplier;Ljava/util/List;)V' in 'org/eclipse/e4/core/internal/di/InjectorImpl')}
  0x000001803fc277ec: 2470 49b8 | a05f 729a | 8001 0000 | 4983 80a0 | 0200 0001 | 4c8b c748 | 8b54 2470 | 0f1f 8000 
  0x000001803fc2780c: ;   {optimized virtual_call}
  0x000001803fc2780c: 0000 00e8 

  0x000001803fc27810: ; ImmutableOopMap {[112]=Oop [120]=Oop [128]=Oop [136]=Oop [144]=Oop [240]=Oop }
                      ;*invokevirtual getDeclaredMethods {reexecute=0 rethrow=0 return_oop=0}
                      ; - org.eclipse.e4.core.internal.di.InjectorImpl::processAnnotated@58 (line 942)
  0x000001803fc27810: cc31 baff 

  0x000001803fc27814: ;   {other}
  0x000001803fc27814: 0f1f 8400 | 0407 0006 | 4889 8424 | b000 0000 

  0x000001803fc27824: ; implicit exception: dispatches to 0x000001803fc27f9f
  0x000001803fc27824: 8b70 0c89 | b424 a400 

  0x000001803fc2782c: ;   {metadata(method data for {method} {0x00000180997a02d0} 'processAnnotated' '(Lorg/eclipse/e4/core/internal/di/AnnotationLookup$AnnotationProxy;Ljava/lang/Object;Ljava/lang/Class;Lorg/eclipse/e4/core/di/suppliers/PrimaryObjectSupplier;Lorg/eclipse/e4/core/di/suppliers/PrimaryObjectSupplier;Ljava/util/List;)V' in 'org/eclipse/e4/core/internal/di/InjectorImpl')}
  0x000001803fc2782c: 0000 49b8 | a05f 729a | 8001 0000 | 41ff 80d8 | 0200 00bf | 0000 0000 | 0f1f 4000 | 4c8b 4424 
  0x000001803fc2784c: 783b fe41 | bd02 0000 | 007c 0641 | bd00 0000 

  0x000001803fc2785c: ;   {metadata(method data for {method} {0x00000180997a02d0} 'processAnnotated' '(Lorg/eclipse/e4/core/internal/di/AnnotationLookup$AnnotationProxy;Ljava/lang/Object;Ljava/lang/Class;Lorg/eclipse/e4/core/di/suppliers/PrimaryObjectSupplier;Lorg/eclipse/e4/core/di/suppliers/PrimaryObjectSupplier;Ljava/util/List;)V' in 'org/eclipse/e4/core/internal/di/InjectorImpl')}
  0x000001803fc2785c: 0049 bea0 | 5f72 9a80 | 0100 0041 | 8b96 d000 | 0000 4103 | d541 8996 | d000 0000 | 4585 ed75 
  0x000001803fc2787c: 05ba 0200 | 0000 81e2 | fe3f 0000 | 85d2 0f84 | 1407 0000 | 4d8b 9750 

  0x000001803fc27894: ; ImmutableOopMap {rax=Oop r8=Oop [112]=Oop [120]=Oop [128]=Oop [136]=Oop [144]=Oop [176]=Oop [240]=Oop }
                      ;*if_icmplt {reexecute=1 rethrow=0 return_oop=0}
                      ; - (reexecute) org.eclipse.e4.core.internal.di.InjectorImpl::processAnnotated@413 (line 943)
                      ;   {poll}
  0x000001803fc27894: 0400 0041 | 8502 3bfe 

  0x000001803fc2789c: ;   {metadata(method data for {method} {0x00000180997a02d0} 'processAnnotated' '(Lorg/eclipse/e4/core/internal/di/AnnotationLookup$AnnotationProxy;Ljava/lang/Object;Ljava/lang/Class;Lorg/eclipse/e4/core/di/suppliers/PrimaryObjectSupplier;Lorg/eclipse/e4/core/di/suppliers/PrimaryObjectSupplier;Ljava/util/List;)V' in 'org/eclipse/e4/core/internal/di/InjectorImpl')}
  0x000001803fc2789c: 48ba a05f | 729a 8001 | 0000 49c7 | c508 0c00 | 007d 0749 | c7c5 f80b | 0000 4e8b | 342a 4d8d 
  0x000001803fc278bc: 7601 4e89 | 342a 0f8d | 3905 0000 | 488b 5424 | 704c 63ef | 468b 6ca8 | 1049 c1e5 | 034c 8bf2 
  0x000001803fc278dc: 89bc 24a0 

  0x000001803fc278e0: ;   {metadata(method data for {method} {0x00000180997a02d0} 'processAnnotated' '(Lorg/eclipse/e4/core/internal/di/AnnotationLookup$AnnotationProxy;Ljava/lang/Object;Ljava/lang/Class;Lorg/eclipse/e4/core/di/suppliers/PrimaryObjectSupplier;Lorg/eclipse/e4/core/di/suppliers/PrimaryObjectSupplier;Ljava/util/List;)V' in 'org/eclipse/e4/core/internal/di/InjectorImpl')}
  0x000001803fc278e0: 0000 0048 | bea0 5f72 | 9a80 0100 | 0048 8386 | f002 0000 | 0149 8bf0 | 4d8b c54c | 8bce 4c8b 
  0x000001803fc27900: f249 8bd6 | 4c89 ac24 | a800 0000 

  0x000001803fc2790c: ;   {optimized virtual_call}
  0x000001803fc2790c: 6666 90e8 

  0x000001803fc27910: ; ImmutableOopMap {[112]=Oop [120]=Oop [128]=Oop [136]=Oop [144]=Oop [168]=Oop [176]=Oop [240]=Oop }
                      ;*invokevirtual isAnnotationPresent {reexecute=0 rethrow=0 return_oop=0}
                      ; - org.eclipse.e4.core.internal.di.InjectorImpl::processAnnotated@88 (line 944)
  0x000001803fc27910: ec59 6307 

  0x000001803fc27914: ;   {other}
  0x000001803fc27914: 0f1f 8400 | 0408 0008 

  0x000001803fc2791c: ;   {metadata(method data for {method} {0x00000180997a02d0} 'processAnnotated' '(Lorg/eclipse/e4/core/internal/di/AnnotationLookup$AnnotationProxy;Ljava/lang/Object;Ljava/lang/Class;Lorg/eclipse/e4/core/di/suppliers/PrimaryObjectSupplier;Lorg/eclipse/e4/core/di/suppliers/PrimaryObjectSupplier;Ljava/util/List;)V' in 'org/eclipse/e4/core/internal/di/InjectorImpl')}
  0x000001803fc2791c: 85c0 49b8 | a05f 729a | 8001 0000 | 49c7 c128 | 0300 0075 | 0749 c7c1 | 3803 0000 | 4b8b 1408 
  0x000001803fc2793c: 488d 5201 | 4b89 1408 | 0f85 1600 

  0x000001803fc27948: ;   {metadata(method data for {method} {0x00000180997a02d0} 'processAnnotated' '(Lorg/eclipse/e4/core/internal/di/AnnotationLookup$AnnotationProxy;Ljava/lang/Object;Ljava/lang/Class;Lorg/eclipse/e4/core/di/suppliers/PrimaryObjectSupplier;Lorg/eclipse/e4/core/di/suppliers/PrimaryObjectSupplier;Ljava/util/List;)V' in 'org/eclipse/e4/core/internal/di/InjectorImpl')}
  0x000001803fc27948: 0000 49b8 | a05f 729a | 8001 0000 | 41ff 8048 | 0300 00e9 | 8404 0000 | 488b 5424 

  0x000001803fc27964: ;   {metadata(method data for {method} {0x00000180997a02d0} 'processAnnotated' '(Lorg/eclipse/e4/core/internal/di/AnnotationLookup$AnnotationProxy;Ljava/lang/Object;Ljava/lang/Class;Lorg/eclipse/e4/core/di/suppliers/PrimaryObjectSupplier;Lorg/eclipse/e4/core/di/suppliers/PrimaryObjectSupplier;Ljava/util/List;)V' in 'org/eclipse/e4/core/internal/di/InjectorImpl')}
  0x000001803fc27964: 7049 b8a0 | 5f72 9a80 | 0100 0049 | 8380 d009 | 0000 014c | 8b84 24a8 | 0000 004c | 8b8c 24f0 
  0x000001803fc27984: 0000 0048 | 8b54 2470 

  0x000001803fc2798c: ;   {optimized virtual_call}
  0x000001803fc2798c: 6666 90e8 

  0x000001803fc27990: ; ImmutableOopMap {[112]=Oop [120]=Oop [128]=Oop [136]=Oop [144]=Oop [168]=Oop [176]=Oop [240]=Oop }
                      ;*invokevirtual isOverridden {reexecute=0 rethrow=0 return_oop=0}
                      ; - org.eclipse.e4.core.internal.di.InjectorImpl::processAnnotated@314 (line 964)
  0x000001803fc27990: 6cbb bd07 

  0x000001803fc27994: ;   {other}
  0x000001803fc27994: 0f1f 8400 | 8408 0009 

  0x000001803fc2799c: ;   {metadata(method data for {method} {0x00000180997a02d0} 'processAnnotated' '(Lorg/eclipse/e4/core/internal/di/AnnotationLookup$AnnotationProxy;Ljava/lang/Object;Ljava/lang/Class;Lorg/eclipse/e4/core/di/suppliers/PrimaryObjectSupplier;Lorg/eclipse/e4/core/di/suppliers/PrimaryObjectSupplier;Ljava/util/List;)V' in 'org/eclipse/e4/core/internal/di/InjectorImpl')}
  0x000001803fc2799c: 85c0 48ba | a05f 729a | 8001 0000 | 48c7 c608 | 0a00 0074 | 0748 c7c6 | 180a 0000 | 488b 3c32 
  0x000001803fc279bc: 488d 7f01 | 4889 3c32 | 0f84 1500 

  0x000001803fc279c8: ;   {metadata(method data for {method} {0x00000180997a02d0} 'processAnnotated' '(Lorg/eclipse/e4/core/internal/di/AnnotationLookup$AnnotationProxy;Ljava/lang/Object;Ljava/lang/Class;Lorg/eclipse/e4/core/di/suppliers/PrimaryObjectSupplier;Lorg/eclipse/e4/core/di/suppliers/PrimaryObjectSupplier;Ljava/util/List;)V' in 'org/eclipse/e4/core/internal/di/InjectorImpl')}
  0x000001803fc279c8: 0000 48ba | a05f 729a | 8001 0000 | ff82 280a | 0000 e905 

  0x000001803fc279dc: ;   {metadata('org/eclipse/e4/core/internal/di/MethodRequestor')}
  0x000001803fc279dc: 0400 0048 | bab0 3a30 | 5880 0100 | 0049 8b87 | b801 0000 | 488d 7830 | 493b bfc8 | 0100 000f 
  0x000001803fc279fc: 87c4 0500 | 0049 89bf | b801 0000 | 48c7 0001 | 0000 0048 | 8bca 49ba | 0000 0057 | 8001 0000 
  0x000001803fc27a1c: 492b ca89 | 4808 4833 | c989 480c | 4833 c948 | 8948 1048 | 8948 1848 | 8948 2048 | 8948 2848 
  0x000001803fc27a3c: 8984 24b8 | 0000 004c 

  0x000001803fc27a44: ;   {metadata(method data for {method} {0x00000180997a02d0} 'processAnnotated' '(Lorg/eclipse/e4/core/internal/di/AnnotationLookup$AnnotationProxy;Ljava/lang/Object;Ljava/lang/Class;Lorg/eclipse/e4/core/di/suppliers/PrimaryObjectSupplier;Lorg/eclipse/e4/core/di/suppliers/PrimaryObjectSupplier;Ljava/util/List;)V' in 'org/eclipse/e4/core/internal/di/InjectorImpl')}
  0x000001803fc27a44: 8bc0 49b9 | a05f 729a | 8001 0000 | 4983 8140 | 0a00 0001 | 4c8b 8424 | a800 0000 | 4c8b 4c24 
  0x000001803fc27a64: 7048 8bbc | 2488 0000 | 0048 8bb4 | 2490 0000 | 0048 8b8c | 2480 0000 | 00c7 0424 | 0000 0000 
  0x000001803fc27a84: ;   {optimized virtual_call}
  0x000001803fc27a84: 488b d0e8 

  0x000001803fc27a88: ; ImmutableOopMap {[112]=Oop [120]=Oop [128]=Oop [136]=Oop [144]=Oop [168]=Oop [176]=Oop [184]=Oop [240]=Oop }
                      ;*invokespecial <init> {reexecute=0 rethrow=0 return_oop=0}
                      ; - org.eclipse.e4.core.internal.di.InjectorImpl::processAnnotated@336 (line 967)
  0x000001803fc27a88: 0107 0000 

  0x000001803fc27a8c: ;   {other}
  0x000001803fc27a8c: 0f1f 8400 | 7c09 000a | 488b 5424 

  0x000001803fc27a98: ;   {metadata(method data for {method} {0x00000180997a02d0} 'processAnnotated' '(Lorg/eclipse/e4/core/internal/di/AnnotationLookup$AnnotationProxy;Ljava/lang/Object;Ljava/lang/Class;Lorg/eclipse/e4/core/di/suppliers/PrimaryObjectSupplier;Lorg/eclipse/e4/core/di/suppliers/PrimaryObjectSupplier;Ljava/util/List;)V' in 'org/eclipse/e4/core/internal/di/InjectorImpl')}
  0x000001803fc27a98: 7049 b8a0 | 5f72 9a80 | 0100 0049 | 8380 500a | 0000 014c | 8b84 24b8 | 0000 004c | 8b8c 2488 
  0x000001803fc27ab8: 0000 0048 | 8bbc 2490 | 0000 00be | 0000 0000 | b900 0000 | 00c7 0424 | 0000 0000 | 488b 5424 
  0x000001803fc27ad8: 7066 0f1f 

  0x000001803fc27adc: ;   {optimized virtual_call}
  0x000001803fc27adc: 4400 00e8 

  0x000001803fc27ae0: ; ImmutableOopMap {[112]=Oop [120]=Oop [128]=Oop [136]=Oop [144]=Oop [168]=Oop [176]=Oop [184]=Oop [240]=Oop }
                      ;*invokevirtual resolveArgs {reexecute=0 rethrow=0 return_oop=0}
                      ; - org.eclipse.e4.core.internal.di.InjectorImpl::processAnnotated@351 (line 968)
  0x000001803fc27ae0: 9c6c a5ff 

  0x000001803fc27ae4: ;   {other}
  0x000001803fc27ae4: 0f1f 8400 | d409 000b | 4889 8424 | c000 0000 | 488b 5424 

  0x000001803fc27af8: ;   {metadata(method data for {method} {0x00000180997a02d0} 'processAnnotated' '(Lorg/eclipse/e4/core/internal/di/AnnotationLookup$AnnotationProxy;Ljava/lang/Object;Ljava/lang/Class;Lorg/eclipse/e4/core/di/suppliers/PrimaryObjectSupplier;Lorg/eclipse/e4/core/di/suppliers/PrimaryObjectSupplier;Ljava/util/List;)V' in 'org/eclipse/e4/core/internal/di/InjectorImpl')}
  0x000001803fc27af8: 7049 b8a0 | 5f72 9a80 | 0100 0049 | 8380 880a 

  0x000001803fc27b08: ;   {metadata(method data for {method} {0x000001809979b338} 'unresolved' '([Ljava/lang/Object;)I' in 'org/eclipse/e4/core/internal/di/InjectorImpl')}
  0x000001803fc27b08: 0000 0149 | b878 2f62 | 9a80 0100 | 0045 8b88 | cc00 0000 | 4183 c102 | 4589 88cc | 0000 0041 
  0x000001803fc27b28: 81e1 feff | 1f00 4585 | c90f 849b 

  0x000001803fc27b34: ;   {metadata(method data for {method} {0x000001809979b338} 'unresolved' '([Ljava/lang/Object;)I' in 'org/eclipse/e4/core/internal/di/InjectorImpl')}
  0x000001803fc27b34: 0400 0049 | b878 2f62 | 9a80 0100 | 0041 ff80 | 1001 0000 | 41b8 0000 | 0000 e94d | 0000 000f 
  0x000001803fc27b54: 1f44 0000 | 4d63 c846 | 8b4c 8810 | 49c1 e103 

  0x000001803fc27b64: ;   {oop(a 'java/lang/Object'{0x000000074989ce18})}
  0x000001803fc27b64: 49ba 18ce | 8949 0700 | 0000 4d3b 

  0x000001803fc27b70: ;   {metadata(method data for {method} {0x000001809979b338} 'unresolved' '([Ljava/lang/Object;)I' in 'org/eclipse/e4/core/internal/di/InjectorImpl')}
  0x000001803fc27b70: ca49 b978 | 2f62 9a80 | 0100 0048 | c7c2 3801 | 0000 7407 | 48c7 c228 | 0100 0049 | 8b34 1148 
  0x000001803fc27b90: 8d76 0149 | 8934 110f | 8484 0000 | 0041 ffc0 

  0x000001803fc27ba0: ; implicit exception: dispatches to 0x000001803fc27ff3
  0x000001803fc27ba0: 448b 480c | 453b c1ba | 0200 0000 | 7c05 ba00 

  0x000001803fc27bb0: ;   {metadata(method data for {method} {0x000001809979b338} 'unresolved' '([Ljava/lang/Object;)I' in 'org/eclipse/e4/core/internal/di/InjectorImpl')}
  0x000001803fc27bb0: 0000 0048 | be78 2f62 | 9a80 0100 | 008b bed0 | 0000 0003 | fa89 bed0 | 0000 0085 | d275 05bf 
  0x000001803fc27bd0: 0200 0000 | 81e7 fe3f | 0000 85ff | 0f84 1604 | 0000 4d8b | 9750 0400 

  0x000001803fc27be8: ; ImmutableOopMap {rax=Oop [112]=Oop [120]=Oop [128]=Oop [136]=Oop [144]=Oop [168]=Oop [176]=Oop [184]=Oop [192]=Oop [240]=Oop }
                      ;*if_icmplt {reexecute=1 rethrow=0 return_oop=0}
                      ; - (reexecute) org.eclipse.e4.core.internal.di.InjectorImpl::unresolved@22 (line 625)
                      ; - org.eclipse.e4.core.internal.di.InjectorImpl::processAnnotated@359 (line 969)
                      ;   {poll}
  0x000001803fc27be8: 0041 8502 

  0x000001803fc27bec: ;   {metadata(method data for {method} {0x000001809979b338} 'unresolved' '([Ljava/lang/Object;)I' in 'org/eclipse/e4/core/internal/di/InjectorImpl')}
  0x000001803fc27bec: 453b c149 | b978 2f62 | 9a80 0100 | 0048 c7c2 | 4801 0000 | 7c07 48c7 | c258 0100 | 0049 8b34 
  0x000001803fc27c0c: 1148 8d76 | 0149 8934 | 110f 8c3d | ffff ff41 | b8ff ffff | ff41 83f8 

  0x000001803fc27c24: ;   {metadata(method data for {method} {0x00000180997a02d0} 'processAnnotated' '(Lorg/eclipse/e4/core/internal/di/AnnotationLookup$AnnotationProxy;Ljava/lang/Object;Ljava/lang/Class;Lorg/eclipse/e4/core/di/suppliers/PrimaryObjectSupplier;Lorg/eclipse/e4/core/di/suppliers/PrimaryObjectSupplier;Ljava/util/List;)V' in 'org/eclipse/e4/core/internal/di/InjectorImpl')}
  0x000001803fc27c24: ff49 b9a0 | 5f72 9a80 | 0100 0048 | c7c2 c00a | 0000 7407 | 48c7 c2d0 | 0a00 0049 | 8b34 1148 
  0x000001803fc27c44: 8d76 0149 | 8934 110f | 848e 0000 | 0044 8984 | 24c8 0000 | 004c 8bac | 24a8 0000 | 0048 8b54 
  0x000001803fc27c64: ;   {metadata(method data for {method} {0x00000180997a02d0} 'processAnnotated' '(Lorg/eclipse/e4/core/internal/di/AnnotationLookup$AnnotationProxy;Ljava/lang/Object;Ljava/lang/Class;Lorg/eclipse/e4/core/di/suppliers/PrimaryObjectSupplier;Lorg/eclipse/e4/core/di/suppliers/PrimaryObjectSupplier;Ljava/util/List;)V' in 'org/eclipse/e4/core/internal/di/InjectorImpl')}
  0x000001803fc27c64: 2470 49b9 | a05f 729a | 8001 0000 | 4983 81e0 | 0a00 0001 

  0x000001803fc27c78: ;   {oop(a 'org/eclipse/e4/core/internal/di/AnnotationLookup$AnnotationProxy'{0x0000000749dc1d18})}
  0x000001803fc27c78: 4d8b c549 | b918 1ddc | 4907 0000 | 0048 8b54 | 2470 0f1f 

  0x000001803fc27c8c: ;   {optimized virtual_call}
  0x000001803fc27c8c: 4400 00e8 

  0x000001803fc27c90: ; ImmutableOopMap {[112]=Oop [120]=Oop [128]=Oop [136]=Oop [144]=Oop [176]=Oop [184]=Oop [192]=Oop [240]=Oop }
                      ;*invokevirtual isAnnotationPresent {reexecute=0 rethrow=0 return_oop=0}
                      ; - org.eclipse.e4.core.internal.di.InjectorImpl::processAnnotated@376 (line 971)
  0x000001803fc27c90: ec6d dd06 

  0x000001803fc27c94: ;   {other}
  0x000001803fc27c94: 0f1f 8400 | 840b 000d 

  0x000001803fc27c9c: ;   {metadata(method data for {method} {0x00000180997a02d0} 'processAnnotated' '(Lorg/eclipse/e4/core/internal/di/AnnotationLookup$AnnotationProxy;Ljava/lang/Object;Ljava/lang/Class;Lorg/eclipse/e4/core/di/suppliers/PrimaryObjectSupplier;Lorg/eclipse/e4/core/di/suppliers/PrimaryObjectSupplier;Ljava/util/List;)V' in 'org/eclipse/e4/core/internal/di/InjectorImpl')}
  0x000001803fc27c9c: 85c0 48ba | a05f 729a | 8001 0000 | 48c7 c618 | 0b00 0074 | 0748 c7c6 | 280b 0000 | 488b 3c32 
  0x000001803fc27cbc: 488d 7f01 | 4889 3c32 | 0f84 4d01 

  0x000001803fc27cc8: ;   {metadata(method data for {method} {0x00000180997a02d0} 'processAnnotated' '(Lorg/eclipse/e4/core/internal/di/AnnotationLookup$AnnotationProxy;Ljava/lang/Object;Ljava/lang/Class;Lorg/eclipse/e4/core/di/suppliers/PrimaryObjectSupplier;Lorg/eclipse/e4/core/di/suppliers/PrimaryObjectSupplier;Ljava/util/List;)V' in 'org/eclipse/e4/core/internal/di/InjectorImpl')}
  0x000001803fc27cc8: 0000 48ba | a05f 729a | 8001 0000 | ff82 380b | 0000 e905 | 0100 0048 | 8bf0 488b | 8424 b800 
  0x000001803fc27ce8: 0000 488b 

  0x000001803fc27cec: ;   {metadata(method data for {method} {0x00000180997a02d0} 'processAnnotated' '(Lorg/eclipse/e4/core/internal/di/AnnotationLookup$AnnotationProxy;Ljava/lang/Object;Ljava/lang/Class;Lorg/eclipse/e4/core/di/suppliers/PrimaryObjectSupplier;Lorg/eclipse/e4/core/di/suppliers/PrimaryObjectSupplier;Ljava/util/List;)V' in 'org/eclipse/e4/core/internal/di/InjectorImpl')}
  0x000001803fc27cec: d048 bfa0 | 5f72 9a80 | 0100 008b | 5208 49ba | 0000 0057 | 8001 0000 | 4903 d248 | 3b97 980b 
  0x000001803fc27d0c: 0000 750d | 4883 87a0 | 0b00 0001 | e960 0000 | 0048 3b97 | a80b 0000 | 750d 4883 | 87b0 0b00 
  0x000001803fc27d2c: 0001 e94a | 0000 0048 | 83bf 980b | 0000 0075 | 1748 8997 | 980b 0000 | 48c7 87a0 | 0b00 0001 
  0x000001803fc27d4c: 0000 00e9 | 2900 0000 | 4883 bfa8 | 0b00 0000 | 7517 4889 | 97a8 0b00 | 0048 c787 | b00b 0000 
  0x000001803fc27d6c: 0100 0000 | e908 0000 | 0048 8387 | 880b 0000 | 0141 0fbe | 5740 85d2 | 0f85 8f02 | 0000 4c8b 
  0x000001803fc27d8c: d649 c1ea | 0344 8950 | 2848 8bd0 | 4833 d648 | c1ea 1548 | 83fa 000f | 858f 0200 | 0048 8bd0 
  0x000001803fc27dac: ;   {metadata(method data for {method} {0x00000180997a02d0} 'processAnnotated' '(Lorg/eclipse/e4/core/internal/di/AnnotationLookup$AnnotationProxy;Ljava/lang/Object;Ljava/lang/Class;Lorg/eclipse/e4/core/di/suppliers/PrimaryObjectSupplier;Lorg/eclipse/e4/core/di/suppliers/PrimaryObjectSupplier;Ljava/util/List;)V' in 'org/eclipse/e4/core/internal/di/InjectorImpl')}
  0x000001803fc27dac: 48be a05f | 729a 8001 

  0x000001803fc27db4: ;   {metadata('org/eclipse/e4/core/internal/di/MethodRequestor')}
  0x000001803fc27db4: 0000 49ba | b03a 3058 | 8001 0000 | 4c89 96d0 | 0b00 0048 | 8386 d80b | 0000 0148 | 8bd0 0f1f 
  0x000001803fc27dd4: ;   {optimized virtual_call}
  0x000001803fc27dd4: 4400 00e8 

  0x000001803fc27dd8: ; ImmutableOopMap {[112]=Oop [120]=Oop [128]=Oop [136]=Oop [144]=Oop [176]=Oop [240]=Oop }
                      ;*invokevirtual execute {reexecute=0 rethrow=0 return_oop=0}
                      ; - org.eclipse.e4.core.internal.di.InjectorImpl::processAnnotated@402 (line 977)
  0x000001803fc27dd8: 4412 1300 

  0x000001803fc27ddc: ;   {other}
  0x000001803fc27ddc: 0f1f 8400 | cc0c 000e | 8bbc 24a0 | 0000 00ff | c78b b424 | a400 0000 | 488b 8424 | b000 0000 
  0x000001803fc27dfc: e947 faff | ff48 81c4 | e000 0000 

  0x000001803fc27e08: ;   {poll_return}
  0x000001803fc27e08: 5d49 3ba7 | 4804 0000 | 0f87 3a02 | 0000 c344 | 8b8c 24c8 | 0000 0048 | 8b84 24b8 | 0000 0048 
  0x000001803fc27e28: 8b54 2470 

  0x000001803fc27e2c: ;   {metadata(method data for {method} {0x00000180997a02d0} 'processAnnotated' '(Lorg/eclipse/e4/core/internal/di/AnnotationLookup$AnnotationProxy;Ljava/lang/Object;Ljava/lang/Class;Lorg/eclipse/e4/core/di/suppliers/PrimaryObjectSupplier;Lorg/eclipse/e4/core/di/suppliers/PrimaryObjectSupplier;Ljava/util/List;)V' in 'org/eclipse/e4/core/internal/di/InjectorImpl')}
  0x000001803fc27e2c: 49b8 a05f | 729a 8001 | 0000 4983 | 8050 0b00 

  0x000001803fc27e3c: ;   {metadata(method data for {method} {0x000001809979a810} 'reportUnresolvedArgument' '(Lorg/eclipse/e4/core/internal/di/Requestor;I)V' in 'org/eclipse/e4/core/internal/di/InjectorImpl')}
  0x000001803fc27e3c: 0001 49b8 | 286c 729a | 8001 0000 | 418b 90cc | 0000 0083 | c202 4189 | 90cc 0000 | 0081 e2fe 
  0x000001803fc27e5c: ff1f 0085 | d20f 84ff | 0100 0048 | 8b54 2470 

  0x000001803fc27e6c: ;   {metadata(method data for {method} {0x000001809979a810} 'reportUnresolvedArgument' '(Lorg/eclipse/e4/core/internal/di/Requestor;I)V' in 'org/eclipse/e4/core/internal/di/InjectorImpl')}
  0x000001803fc27e6c: 49b8 286c | 729a 8001 | 0000 4983 | 8010 0100 | 0001 4c8b | c048 8b54 

  0x000001803fc27e84: ;   {optimized virtual_call}
  0x000001803fc27e84: 2470 90e8 

  0x000001803fc27e88: ; ImmutableOopMap {[112]=Oop [120]=Oop [128]=Oop [136]=Oop [144]=Oop [176]=Oop [184]=Oop [192]=Oop [240]=Oop }
                      ;*invokevirtual resolutionError {reexecute=0 rethrow=0 return_oop=0}
                      ; - org.eclipse.e4.core.internal.di.InjectorImpl::reportUnresolvedArgument@3 (line 458)
                      ; - org.eclipse.e4.core.internal.di.InjectorImpl::processAnnotated@390 (line 974)
  0x000001803fc27e88: f46b dd06 

  0x000001803fc27e8c: ;   {other}
  0x000001803fc27e8c: 0f1f 8400 | 7c0d 000f 

  0x000001803fc27e94: ;   {metadata(method data for {method} {0x000001809979a810} 'reportUnresolvedArgument' '(Lorg/eclipse/e4/core/internal/di/Requestor;I)V' in 'org/eclipse/e4/core/internal/di/InjectorImpl')}
  0x000001803fc27e94: 4c8b c048 | ba28 6c72 | 9a80 0100 | 00ff 8248 | 0100 0090 

  0x000001803fc27ea8: ;   {no_reloc}
  0x000001803fc27ea8: e9e9 0100 | 0000 0000 | 0000 80ba | 2101 0000 | 040f 85e6 | 0100 0049 | 8b87 b801 | 0000 488d 
  0x000001803fc27ec8: 7828 493b | bfc8 0100 | 000f 87ce | 0100 0049 | 89bf b801 | 0000 48c7 | 0001 0000 | 0048 8bca 
  0x000001803fc27ee8: 49ba 0000 | 0057 8001 | 0000 492b | ca89 4808 | 4833 c989 | 480c 4833 | c948 8948 | 1048 8948 
  0x000001803fc27f08: 1848 8948 | 2048 8bd0 

  0x000001803fc27f10: ;   {metadata(method data for {method} {0x000001809979a810} 'reportUnresolvedArgument' '(Lorg/eclipse/e4/core/internal/di/Requestor;I)V' in 'org/eclipse/e4/core/internal/di/InjectorImpl')}
  0x000001803fc27f10: 48be 286c | 729a 8001 | 0000 4883 | 8678 0100 | 0001 488b | d048 8984 | 24d0 0000 

  0x000001803fc27f2c: ;   {optimized virtual_call}
  0x000001803fc27f2c: 0066 90e8 

  0x000001803fc27f30: ; ImmutableOopMap {[112]=Oop [120]=Oop [128]=Oop [136]=Oop [144]=Oop [176]=Oop [184]=Oop [192]=Oop [208]=Oop [240]=Oop }
                      ;*invokespecial <init> {reexecute=0 rethrow=0 return_oop=0}
                      ; - org.eclipse.e4.core.internal.di.InjectorImpl::reportUnresolvedArgument@23 (line 462)
                      ; - org.eclipse.e4.core.internal.di.InjectorImpl::processAnnotated@390 (line 974)
  0x000001803fc27f30: 4c6b dd06 

  0x000001803fc27f34: ;   {other}
  0x000001803fc27f34: 0f1f 8400 | 240e 0010 | 488b 8424 | d000 0000 | e986 0100 

  0x000001803fc27f48: ;   {metadata({method} {0x00000180997a02d0} 'processAnnotated' '(Lorg/eclipse/e4/core/internal/di/AnnotationLookup$AnnotationProxy;Ljava/lang/Object;Ljava/lang/Class;Lorg/eclipse/e4/core/di/suppliers/PrimaryObjectSupplier;Lorg/eclipse/e4/core/di/suppliers/PrimaryObjectSupplier;Ljava/util/List;)V' in 'org/eclipse/e4/core/internal/di/InjectorImpl')}
  0x000001803fc27f48: 0049 bac8 | 027a 9980 | 0100 004c | 8954 2408 | 48c7 0424 | ffff ffff 

  0x000001803fc27f60: ;   {runtime_call counter_overflow Runtime1 stub}
  0x000001803fc27f60: e89b 28ea 

  0x000001803fc27f64: ; ImmutableOopMap {rdx=Oop r8=Oop r9=Oop rdi=Oop rsi=Oop rcx=Oop [112]=Oop [120]=Oop [128]=Oop [136]=Oop [144]=Oop [240]=Oop }
                      ;*synchronization entry
                      ; - org.eclipse.e4.core.internal.di.InjectorImpl::processAnnotated@-1 (line 936)
  0x000001803fc27f64: 06e9 1df5 

  0x000001803fc27f68: ;   {runtime_call throw_null_pointer_exception Runtime1 stub}
  0x000001803fc27f68: ffff e811 

  0x000001803fc27f6c: ; ImmutableOopMap {rdi=Oop [112]=Oop [120]=Oop [128]=Oop [136]=Oop [144]=Oop [240]=Oop }
                      ;*invokevirtual getSuperclass {reexecute=0 rethrow=0 return_oop=0}
                      ; - org.eclipse.e4.core.internal.di.InjectorImpl::processAnnotated@1 (line 936)
                      ;   {runtime_call throw_null_pointer_exception Runtime1 stub}
  0x000001803fc27f6c: aee9 06e8 

  0x000001803fc27f70: ; ImmutableOopMap {rax=Oop [104]=Oop [112]=Oop [120]=Oop [128]=Oop [136]=Oop [144]=Oop [152]=Oop [240]=Oop }
                      ;*invokevirtual getName {reexecute=0 rethrow=0 return_oop=0}
                      ; - org.eclipse.e4.core.internal.di.InjectorImpl::processAnnotated@13 (line 937)
  0x000001803fc27f70: 0cae e906 

  0x000001803fc27f74: ;   {metadata({method} {0x0000018057465ac0} 'getName' '()Ljava/lang/String;' in 'java/lang/Class')}
  0x000001803fc27f74: 49ba b85a | 4657 8001 | 0000 4c89 | 5424 0848 | c704 24ff 

  0x000001803fc27f88: ;   {runtime_call counter_overflow Runtime1 stub}
  0x000001803fc27f88: ffff ffe8 

  0x000001803fc27f8c: ; ImmutableOopMap {rax=Oop [104]=Oop [112]=Oop [120]=Oop [128]=Oop [136]=Oop [144]=Oop [152]=Oop [240]=Oop }
                      ;*synchronization entry
                      ; - java.lang.Class::getName@-1
                      ; - org.eclipse.e4.core.internal.di.InjectorImpl::processAnnotated@13 (line 937)
  0x000001803fc27f8c: 7028 ea06 | e995 f5ff 

  0x000001803fc27f94: ;   {runtime_call throw_null_pointer_exception Runtime1 stub}
  0x000001803fc27f94: ffe8 e6ad 

  0x000001803fc27f98: ; ImmutableOopMap {rdx=Oop [104]=Oop [112]=Oop [120]=Oop [128]=Oop [136]=Oop [144]=Oop [152]=Oop [240]=Oop }
                      ;*invokevirtual equals {reexecute=0 rethrow=0 return_oop=0}
                      ; - org.eclipse.e4.core.internal.di.InjectorImpl::processAnnotated@18 (line 937)
                      ;   {runtime_call throw_null_pointer_exception Runtime1 stub}
  0x000001803fc27f98: e906 e8e1 

  0x000001803fc27f9c: ; ImmutableOopMap {rsi=Oop [104]=Oop [112]=Oop [120]=Oop [128]=Oop [136]=Oop [144]=Oop [152]=Oop [240]=Oop }
                      ;*invokeinterface add {reexecute=0 rethrow=0 return_oop=0}
                      ; - org.eclipse.e4.core.internal.di.InjectorImpl::processAnnotated@27 (line 938)
                      ;   {runtime_call throw_null_pointer_exception Runtime1 stub}
  0x000001803fc27f9c: ade9 06e8 

  0x000001803fc27fa0: ; ImmutableOopMap {rax=Oop [112]=Oop [120]=Oop [128]=Oop [136]=Oop [144]=Oop [176]=Oop [240]=Oop }
                      ;*arraylength {reexecute=0 rethrow=0 return_oop=0}
                      ; - org.eclipse.e4.core.internal.di.InjectorImpl::processAnnotated@68 (line 943)
  0x000001803fc27fa0: dcad e906 

  0x000001803fc27fa4: ;   {metadata({method} {0x00000180997a02d0} 'processAnnotated' '(Lorg/eclipse/e4/core/internal/di/AnnotationLookup$AnnotationProxy;Ljava/lang/Object;Ljava/lang/Class;Lorg/eclipse/e4/core/di/suppliers/PrimaryObjectSupplier;Lorg/eclipse/e4/core/di/suppliers/PrimaryObjectSupplier;Ljava/util/List;)V' in 'org/eclipse/e4/core/internal/di/InjectorImpl')}
  0x000001803fc27fa4: 49ba c802 | 7a99 8001 | 0000 4c89 | 5424 0848 | c704 249d 

  0x000001803fc27fb8: ;   {runtime_call counter_overflow Runtime1 stub}
  0x000001803fc27fb8: 0100 00e8 

  0x000001803fc27fbc: ; ImmutableOopMap {rax=Oop r8=Oop [112]=Oop [120]=Oop [128]=Oop [136]=Oop [144]=Oop [176]=Oop [240]=Oop }
                      ;*if_icmplt {reexecute=1 rethrow=0 return_oop=0}
                      ; - (reexecute) org.eclipse.e4.core.internal.di.InjectorImpl::processAnnotated@413 (line 943)
  0x000001803fc27fbc: 4028 ea06 | e9cb f8ff | ff48 8bd2 

  0x000001803fc27fc8: ;   {runtime_call fast_new_instance Runtime1 stub}
  0x000001803fc27fc8: e8b3 bfe9 

  0x000001803fc27fcc: ; ImmutableOopMap {[112]=Oop [120]=Oop [128]=Oop [136]=Oop [144]=Oop [168]=Oop [176]=Oop [240]=Oop }
                      ;*new {reexecute=0 rethrow=0 return_oop=0}
                      ; - org.eclipse.e4.core.internal.di.InjectorImpl::processAnnotated@323 (line 967)
  0x000001803fc27fcc: 06e9 69fa 

  0x000001803fc27fd0: ;   {metadata({method} {0x000001809979b338} 'unresolved' '([Ljava/lang/Object;)I' in 'org/eclipse/e4/core/internal/di/InjectorImpl')}
  0x000001803fc27fd0: ffff 49ba | 30b3 7999 | 8001 0000 | 4c89 5424 | 0848 c704 | 24ff ffff 

  0x000001803fc27fe8: ;   {runtime_call counter_overflow Runtime1 stub}
  0x000001803fc27fe8: ffe8 1228 

  0x000001803fc27fec: ; ImmutableOopMap {rax=Oop [112]=Oop [120]=Oop [128]=Oop [136]=Oop [144]=Oop [168]=Oop [176]=Oop [184]=Oop [192]=Oop [240]=Oop }
                      ;*synchronization entry
                      ; - org.eclipse.e4.core.internal.di.InjectorImpl::unresolved@-1 (line 625)
                      ; - org.eclipse.e4.core.internal.di.InjectorImpl::processAnnotated@359 (line 969)
  0x000001803fc27fec: ea06 e944 

  0x000001803fc27ff0: ;   {runtime_call throw_null_pointer_exception Runtime1 stub}
  0x000001803fc27ff0: fbff ffe8 

  0x000001803fc27ff4: ; ImmutableOopMap {rax=Oop [112]=Oop [120]=Oop [128]=Oop [136]=Oop [144]=Oop [168]=Oop [176]=Oop [184]=Oop [192]=Oop [240]=Oop }
                      ;*arraylength {reexecute=0 rethrow=0 return_oop=0}
                      ; - org.eclipse.e4.core.internal.di.InjectorImpl::unresolved@21 (line 625)
                      ; - org.eclipse.e4.core.internal.di.InjectorImpl::processAnnotated@359 (line 969)
  0x000001803fc27ff4: 88ad e906 

  0x000001803fc27ff8: ;   {metadata({method} {0x000001809979b338} 'unresolved' '([Ljava/lang/Object;)I' in 'org/eclipse/e4/core/internal/di/InjectorImpl')}
  0x000001803fc27ff8: 49ba 30b3 | 7999 8001 | 0000 4c89 | 5424 0848 | c704 2416 

  0x000001803fc2800c: ;   {runtime_call counter_overflow Runtime1 stub}
  0x000001803fc2800c: 0000 00e8 

  0x000001803fc28010: ; ImmutableOopMap {rax=Oop [112]=Oop [120]=Oop [128]=Oop [136]=Oop [144]=Oop [168]=Oop [176]=Oop [184]=Oop [192]=Oop [240]=Oop }
                      ;*if_icmplt {reexecute=1 rethrow=0 return_oop=0}
                      ; - (reexecute) org.eclipse.e4.core.internal.di.InjectorImpl::unresolved@22 (line 625)
                      ; - org.eclipse.e4.core.internal.di.InjectorImpl::processAnnotated@359 (line 969)
  0x000001803fc28010: ec27 ea06 | e9c9 fbff | ff8b 5028 | 48c1 e203 | 4883 fa00 | 0f84 60fd | ffff 4889 

  0x000001803fc2802c: ;   {runtime_call g1_pre_barrier_slow}
  0x000001803fc2802c: 1424 e8cd | 2dea 06e9 | 52fd ffff | 4883 fe00 | 0f84 67fd | ffff 4889 

  0x000001803fc28044: ;   {runtime_call g1_post_barrier_slow}
  0x000001803fc28044: 0424 e8b5 | 30ea 06e9 | 59fd ffff 

  0x000001803fc28050: ;   {internal_word}
  0x000001803fc28050: 49ba 097e | c23f 8001 | 0000 4d89 | 9760 0400 

  0x000001803fc28060: ;   {runtime_call SafepointBlob}
  0x000001803fc28060: 00e9 9ad6 

  0x000001803fc28064: ;   {metadata({method} {0x000001809979a810} 'reportUnresolvedArgument' '(Lorg/eclipse/e4/core/internal/di/Requestor;I)V' in 'org/eclipse/e4/core/internal/di/InjectorImpl')}
  0x000001803fc28064: dd06 49ba | 08a8 7999 | 8001 0000 | 4c89 5424 | 0848 c704 | 24ff ffff 

  0x000001803fc2807c: ;   {runtime_call counter_overflow Runtime1 stub}
  0x000001803fc2807c: ffe8 7e27 

  0x000001803fc28080: ; ImmutableOopMap {rax=Oop [112]=Oop [120]=Oop [128]=Oop [136]=Oop [144]=Oop [176]=Oop [184]=Oop [192]=Oop [240]=Oop }
                      ;*synchronization entry
                      ; - org.eclipse.e4.core.internal.di.InjectorImpl::reportUnresolvedArgument@-1 (line 458)
                      ; - org.eclipse.e4.core.internal.di.InjectorImpl::processAnnotated@390 (line 974)
  0x000001803fc28080: ea06 e9e0 

  0x000001803fc28084: ;   {metadata(nullptr)}
  0x000001803fc28084: fdff ff48 | ba00 0000 | 0000 0000 | 00b8 000f 

  0x000001803fc28094: ;   {runtime_call load_klass_patching Runtime1 stub}
  0x000001803fc28094: 050a e8e5 

  0x000001803fc28098: ; ImmutableOopMap {r8=Oop [112]=Oop [120]=Oop [128]=Oop [136]=Oop [144]=Oop [176]=Oop [184]=Oop [192]=Oop [240]=Oop }
                      ;*new {reexecute=1 rethrow=0 return_oop=0}
                      ; - (reexecute) org.eclipse.e4.core.internal.di.InjectorImpl::reportUnresolvedArgument@18 (line 462)
                      ; - org.eclipse.e4.core.internal.di.InjectorImpl::processAnnotated@390 (line 974)
  0x000001803fc28098: 16ea 06e9 | 08fe ffff 

  0x000001803fc280a0: ;   {runtime_call throw_null_pointer_exception Runtime1 stub}
  0x000001803fc280a0: e8db ace9 

  0x000001803fc280a4: ; ImmutableOopMap {r8=Oop [112]=Oop [120]=Oop [128]=Oop [136]=Oop [144]=Oop [176]=Oop [184]=Oop [192]=Oop [240]=Oop }
                      ;*new {reexecute=0 rethrow=0 return_oop=0}
                      ; - org.eclipse.e4.core.internal.di.InjectorImpl::reportUnresolvedArgument@18 (line 462)
                      ; - org.eclipse.e4.core.internal.di.InjectorImpl::processAnnotated@390 (line 974)
  0x000001803fc280a4: 0648 8bd2 

  0x000001803fc280a8: ;   {runtime_call fast_new_instance_init_check Runtime1 stub}
  0x000001803fc280a8: e853 c6e9 

  0x000001803fc280ac: ; ImmutableOopMap {r8=Oop [112]=Oop [120]=Oop [128]=Oop [136]=Oop [144]=Oop [176]=Oop [184]=Oop [192]=Oop [240]=Oop }
                      ;*new {reexecute=0 rethrow=0 return_oop=0}
                      ; - org.eclipse.e4.core.internal.di.InjectorImpl::reportUnresolvedArgument@18 (line 462)
                      ; - org.eclipse.e4.core.internal.di.InjectorImpl::processAnnotated@390 (line 974)
  0x000001803fc280ac: 06e9 5bfe | ffff 498b | 87f8 0400 | 0049 c787 | f804 0000 | 0000 0000 | 49c7 8700 | 0500 0000 
  0x000001803fc280cc: 0000 0048 | 81c4 e000 

  0x000001803fc280d4: ;   {runtime_call unwind_exception Runtime1 stub}
  0x000001803fc280d4: 0000 5de9 | a49d e906 | f4f4 f4f4 
[Stub Code]
  0x000001803fc280e0: ;   {no_reloc}
  0x000001803fc280e0: 0f1f 4400 

  0x000001803fc280e4: ;   {static_stub}
  0x000001803fc280e4: 0048 bb00 | 0000 0000 

  0x000001803fc280ec: ;   {runtime_call nmethod}
  0x000001803fc280ec: 0000 00e9 | fbff ffff 

  0x000001803fc280f4: ;   {static_stub}
  0x000001803fc280f4: 9048 bb00 | 0000 0000 

  0x000001803fc280fc: ;   {runtime_call nmethod}
  0x000001803fc280fc: 0000 00e9 | fbff ffff 

  0x000001803fc28104: ;   {static_stub}
  0x000001803fc28104: 9048 bb00 | 0000 0000 

  0x000001803fc2810c: ;   {runtime_call nmethod}
  0x000001803fc2810c: 0000 00e9 | fbff ffff 

  0x000001803fc28114: ;   {static_stub}
  0x000001803fc28114: 9048 bb00 | 0000 0000 

  0x000001803fc2811c: ;   {runtime_call nmethod}
  0x000001803fc2811c: 0000 00e9 | fbff ffff 

  0x000001803fc28124: ;   {static_stub}
  0x000001803fc28124: 48bb 0000 | 0000 0000 

  0x000001803fc2812c: ;   {runtime_call nmethod}
  0x000001803fc2812c: 0000 e9fb 

  0x000001803fc28130: ;   {static_stub}
  0x000001803fc28130: ffff ff48 | bb00 0000 | 0000 0000 

  0x000001803fc2813c: ;   {runtime_call nmethod}
  0x000001803fc2813c: 00e9 fbff 

  0x000001803fc28140: ;   {static_stub}
  0x000001803fc28140: ffff 48bb | 0000 0000 | 0000 0000 

  0x000001803fc2814c: ;   {runtime_call nmethod}
  0x000001803fc2814c: e9fb ffff 

  0x000001803fc28150: ;   {static_stub}
  0x000001803fc28150: ff48 bb00 | 0000 0000 

  0x000001803fc28158: ;   {runtime_call nmethod}
  0x000001803fc28158: 0000 00e9 | fbff ffff 

  0x000001803fc28160: ;   {static_stub}
  0x000001803fc28160: 48bb 0000 | 0000 0000 

  0x000001803fc28168: ;   {runtime_call nmethod}
  0x000001803fc28168: 0000 e9fb 

  0x000001803fc2816c: ;   {static_stub}
  0x000001803fc2816c: ffff ff48 | bb00 0000 | 0000 0000 

  0x000001803fc28178: ;   {runtime_call nmethod}
  0x000001803fc28178: 00e9 fbff 

  0x000001803fc2817c: ;   {static_stub}
  0x000001803fc2817c: ffff 48bb | 0000 0000 | 0000 0000 

  0x000001803fc28188: ;   {runtime_call nmethod}
  0x000001803fc28188: e9fb ffff 

  0x000001803fc2818c: ;   {static_stub}
  0x000001803fc2818c: ff48 bb38 | 467a 9980 

  0x000001803fc28194: ;   {runtime_call I2C/C2I adapters}
  0x000001803fc28194: 0100 00e9 | e885 f406 

  0x000001803fc2819c: ;   {static_stub}
  0x000001803fc2819c: 48bb 0000 | 0000 0000 

  0x000001803fc281a4: ;   {runtime_call nmethod}
  0x000001803fc281a4: 0000 e9fb 

  0x000001803fc281a8: ;   {static_stub}
  0x000001803fc281a8: ffff ff48 | bb00 0000 | 0000 0000 

  0x000001803fc281b4: ;   {runtime_call nmethod}
  0x000001803fc281b4: 00e9 fbff 

  0x000001803fc281b8: ;   {runtime_call handle_exception_from_callee Runtime1 stub}
  0x000001803fc281b8: ffff e841 

  0x000001803fc281bc: ;   {external_word}
  0x000001803fc281bc: e0e9 0648 | b990 7ff8 | bff8 7f00 | 0048 83e4 

  0x000001803fc281cc: ;   {runtime_call}
  0x000001803fc281cc: f048 b8e0 | 44bb bff8 | 7f00 00ff 

  0x000001803fc281d8: ;   {section_word}
  0x000001803fc281d8: d0f4 49ba | da81 c23f | 8001 0000 

  0x000001803fc281e4: ;   {runtime_call DeoptimizationBlob}
  0x000001803fc281e4: 4152 e9b5 | c7dd 06f4 | f4f4 f4f4 
[/MachCode]


---------------  P R O C E S S  ---------------

Threads class SMR info:
_java_thread_list=0x00000180a1730650, length=45, elements={
0x000001803c37b140, 0x0000018056574540, 0x0000018056577fb0, 0x00000180565797d0,
0x000001805657d130, 0x0000018055dfd770, 0x0000018055dfe940, 0x0000018055e07b40,
0x0000018055e16790, 0x00000180565b4f60, 0x000001805665ffb0, 0x000001805669a670,
0x00000180567aee30, 0x000001805687c580, 0x000001809c1f04e0, 0x000001809d95fd60,
0x000001809e4e1990, 0x000001809dec38c0, 0x000001809eb5e620, 0x000001809e195a30,
0x00000180a01761b0, 0x00000180a0b2b860, 0x00000180a0b2b1d0, 0x00000180a0b29e20,
0x00000180a0b2a4b0, 0x00000180a0b2bef0, 0x00000180a0b2c580, 0x00000180a0b29790,
0x000001809ddfc2c0, 0x000001809ddfcfe0, 0x000001809ddfea20, 0x000001809ddfdd00,
0x000001809ddfc950, 0x000001809ddfb5a0, 0x000001809ddfbc30, 0x000001809de01810,
0x000001809ddfe390, 0x000001809ddff740, 0x000001809de00af0, 0x000001809de01ea0,
0x000001809de02530, 0x000001809d056ff0, 0x000001809f63c720, 0x000001809f63b2b0,
0x000001809d07ac20
}

Java Threads: ( => current thread )
=>0x000001803c37b140 JavaThread "main"                              [_thread_in_native, id=64124, stack(0x0000005946600000,0x0000005946700000) (1024K)]
  0x0000018056574540 JavaThread "Reference Handler"          daemon [_thread_blocked, id=44924, stack(0x0000005947100000,0x0000005947200000) (1024K)]
  0x0000018056577fb0 JavaThread "Finalizer"                  daemon [_thread_blocked, id=50344, stack(0x0000005947200000,0x0000005947300000) (1024K)]
  0x00000180565797d0 JavaThread "Signal Dispatcher"          daemon [_thread_blocked, id=8368, stack(0x0000005947300000,0x0000005947400000) (1024K)]
  0x000001805657d130 JavaThread "Attach Listener"            daemon [_thread_blocked, id=56144, stack(0x0000005947400000,0x0000005947500000) (1024K)]
  0x0000018055dfd770 JavaThread "Service Thread"             daemon [_thread_blocked, id=63052, stack(0x0000005947500000,0x0000005947600000) (1024K)]
  0x0000018055dfe940 JavaThread "Monitor Deflation Thread"   daemon [_thread_blocked, id=54408, stack(0x0000005947600000,0x0000005947700000) (1024K)]
  0x0000018055e07b40 JavaThread "C2 CompilerThread0"         daemon [_thread_blocked, id=35420, stack(0x0000005947700000,0x0000005947800000) (1024K)]
  0x0000018055e16790 JavaThread "C1 CompilerThread0"         daemon [_thread_blocked, id=61052, stack(0x0000005947800000,0x0000005947900000) (1024K)]
  0x00000180565b4f60 JavaThread "StringDedupThread"          daemon [_thread_blocked, id=30752, stack(0x0000005947900000,0x0000005947a00000) (1024K)]
  0x000001805665ffb0 JavaThread "C1 CompilerThread1"         daemon [_thread_blocked, id=32432, stack(0x0000005947a00000,0x0000005947b00000) (1024K)]
  0x000001805669a670 JavaThread "Common-Cleaner"             daemon [_thread_blocked, id=12208, stack(0x0000005947b00000,0x0000005947c00000) (1024K)]
  0x00000180567aee30 JavaThread "Notification Thread"        daemon [_thread_blocked, id=42904, stack(0x0000005947d00000,0x0000005947e00000) (1024K)]
  0x000001805687c580 JavaThread "C1 CompilerThread2"         daemon [_thread_blocked, id=48944, stack(0x0000005947e00000,0x0000005947f00000) (1024K)]
  0x000001809c1f04e0 JavaThread "C1 CompilerThread3"         daemon [_thread_blocked, id=49484, stack(0x0000005947c00000,0x0000005947d00000) (1024K)]
  0x000001809d95fd60 JavaThread "Active Thread: Equinox Container: 7a7ad0ef-96ea-40bd-9db6-d64186338285"        [_thread_blocked, id=51164, stack(0x0000005949b00000,0x0000005949c00000) (1024K)]
  0x000001809e4e1990 JavaThread "Framework Event Dispatcher: Equinox Container: 7a7ad0ef-96ea-40bd-9db6-d64186338285" daemon [_thread_blocked, id=56292, stack(0x0000005949c00000,0x0000005949d00000) (1024K)]
  0x000001809dec38c0 JavaThread "Start Level: Equinox Container: 7a7ad0ef-96ea-40bd-9db6-d64186338285" daemon [_thread_blocked, id=54584, stack(0x0000005949d00000,0x0000005949e00000) (1024K)]
  0x000001809eb5e620 JavaThread "Bundle File Closer"         daemon [_thread_blocked, id=63288, stack(0x000000594a000000,0x000000594a100000) (1024K)]
  0x000001809e195a30 JavaThread "SCR Component Actor"        daemon [_thread_blocked, id=25628, stack(0x000000594a100000,0x000000594a200000) (1024K)]
  0x00000180a01761b0 JavaThread "SCR Component Registry"     daemon [_thread_blocked, id=40052, stack(0x000000594a200000,0x000000594a300000) (1024K)]
  0x00000180a0b2b860 JavaThread "EMF Reference Cleaner"      daemon [_thread_blocked, id=56116, stack(0x000000594a300000,0x000000594a400000) (1024K)]
  0x00000180a0b2b1d0 JavaThread "Gogo shell"                        [_thread_blocked, id=55568, stack(0x000000594a400000,0x000000594a500000) (1024K)]
  0x00000180a0b29e20 JavaThread "Worker-JM"                         [_thread_blocked, id=54616, stack(0x000000594a500000,0x000000594a600000) (1024K)]
  0x00000180a0b2a4b0 JavaThread "FileSystemWatchService"     daemon [_thread_in_native, id=55884, stack(0x000000594aa00000,0x000000594ab00000) (1024K)]
  0x00000180a0b2bef0 JavaThread "Thread-3"                          [_thread_blocked, id=64204, stack(0x000000594ab00000,0x000000594ac00000) (1024K)]
  0x00000180a0b2c580 JavaThread "Worker-0"                          [_thread_blocked, id=61788, stack(0x0000005948800000,0x0000005948900000) (1024K)]
  0x00000180a0b29790 JavaThread "Java2D Disposer"            daemon [_thread_blocked, id=48684, stack(0x0000005948600000,0x0000005948700000) (1024K)]
  0x000001809ddfc2c0 JavaThread "StandaloneQueueProcessor"   daemon [_thread_blocked, id=52516, stack(0x000000594ad00000,0x000000594ae00000) (1024K)]
  0x000001809ddfcfe0 JavaThread "AWT-Windows"                daemon [_thread_in_native, id=42220, stack(0x000000594af00000,0x000000594b000000) (1024K)]
  0x000001809ddfea20 JavaThread "Worker-1"                          [_thread_blocked, id=7528, stack(0x0000005948300000,0x0000005948400000) (1024K)]
  0x000001809ddfdd00 JavaThread "EventAdmin Async Event Dispatcher Thread" daemon [_thread_blocked, id=62796, stack(0x0000005948400000,0x0000005948500000) (1024K)]
  0x000001809ddfc950 JavaThread "pool-2-thread-1"                   [_thread_blocked, id=54940, stack(0x0000005948500000,0x0000005948600000) (1024K)]
  0x000001809ddfb5a0 JavaThread "pool-3-thread-1"                   [_thread_blocked, id=41100, stack(0x0000005948700000,0x0000005948800000) (1024K)]
  0x000001809ddfbc30 JavaThread "JNA Cleaner"                daemon [_thread_blocked, id=55760, stack(0x000000594ae00000,0x000000594af00000) (1024K)]
  0x000001809de01810 JavaThread "Worker-2"                          [_thread_blocked, id=55688, stack(0x000000594b100000,0x000000594b200000) (1024K)]
  0x000001809ddfe390 JavaThread "Worker-3"                          [_thread_blocked, id=59228, stack(0x000000594b200000,0x000000594b300000) (1024K)]
  0x000001809ddff740 JavaThread "Worker-4"                          [_thread_blocked, id=56652, stack(0x000000594b300000,0x000000594b400000) (1024K)]
  0x000001809de00af0 JavaThread "Worker-5"                          [_thread_blocked, id=53472, stack(0x000000594b400000,0x000000594b500000) (1024K)]
  0x000001809de01ea0 JavaThread "Worker-6"                          [_thread_blocked, id=7984, stack(0x000000594b000000,0x000000594b100000) (1024K)]
  0x000001809de02530 JavaThread "Worker-7"                          [_thread_blocked, id=51560, stack(0x000000594b500000,0x000000594b600000) (1024K)]
  0x000001809d056ff0 JavaThread "Keep-Alive-Timer"           daemon [_thread_blocked, id=57416, stack(0x0000005949a00000,0x0000005949b00000) (1024K)]
  0x000001809f63c720 JavaThread "C2 CompilerThread1"         daemon [_thread_blocked, id=26412, stack(0x000000594b600000,0x000000594b700000) (1024K)]
  0x000001809f63b2b0 JavaThread "C2 CompilerThread2"         daemon [_thread_blocked, id=57120, stack(0x000000594b700000,0x000000594b800000) (1024K)]
  0x000001809d07ac20 JavaThread "chromium-EDT"               daemon [_thread_blocked, id=56088, stack(0x000000594ba00000,0x000000594bb00000) (1024K)]
Total: 45

Other Threads:
  0x0000018055de26c0 VMThread "VM Thread"                           [id=63668, stack(0x0000005947000000,0x0000005947100000) (1024K)]
  0x0000018055dcb0c0 WatcherThread "VM Periodic Task Thread"        [id=62608, stack(0x0000005946f00000,0x0000005947000000) (1024K)]
  0x000001803c3cedc0 WorkerThread "GC Thread#0"                     [id=58304, stack(0x0000005946a00000,0x0000005946b00000) (1024K)]
  0x000001809d0b5160 WorkerThread "GC Thread#1"                     [id=49708, stack(0x0000005948900000,0x0000005948a00000) (1024K)]
  0x000001809c736250 WorkerThread "GC Thread#2"                     [id=57788, stack(0x0000005948a00000,0x0000005948b00000) (1024K)]
  0x000001809c735b10 WorkerThread "GC Thread#3"                     [id=56172, stack(0x0000005948b00000,0x0000005948c00000) (1024K)]
  0x000001809c7365f0 WorkerThread "GC Thread#4"                     [id=55240, stack(0x0000005948c00000,0x0000005948d00000) (1024K)]
  0x000001809c735030 WorkerThread "GC Thread#5"                     [id=50440, stack(0x0000005948d00000,0x0000005948e00000) (1024K)]
  0x000001809c7353d0 WorkerThread "GC Thread#6"                     [id=50952, stack(0x0000005948e00000,0x0000005948f00000) (1024K)]
  0x000001809c735eb0 WorkerThread "GC Thread#7"                     [id=53932, stack(0x0000005948f00000,0x0000005949000000) (1024K)]
  0x000001809c735770 WorkerThread "GC Thread#8"                     [id=56216, stack(0x0000005949000000,0x0000005949100000) (1024K)]
  0x000001809c734c90 WorkerThread "GC Thread#9"                     [id=54020, stack(0x0000005949100000,0x0000005949200000) (1024K)]
  0x000001809d238390 WorkerThread "GC Thread#10"                    [id=51392, stack(0x0000005949200000,0x0000005949300000) (1024K)]
  0x000001809d239210 WorkerThread "GC Thread#11"                    [id=43684, stack(0x0000005949300000,0x0000005949400000) (1024K)]
  0x000001809d238730 WorkerThread "GC Thread#12"                    [id=47196, stack(0x0000005949400000,0x0000005949500000) (1024K)]
  0x000001809d238ad0 WorkerThread "GC Thread#13"                    [id=53012, stack(0x0000005949500000,0x0000005949600000) (1024K)]
  0x000001809d2395b0 WorkerThread "GC Thread#14"                    [id=25664, stack(0x0000005949600000,0x0000005949700000) (1024K)]
  0x000001809d237ff0 WorkerThread "GC Thread#15"                    [id=54820, stack(0x0000005949700000,0x0000005949800000) (1024K)]
  0x000001809d239cf0 WorkerThread "GC Thread#16"                    [id=42664, stack(0x0000005949800000,0x0000005949900000) (1024K)]
  0x000001809d239950 WorkerThread "GC Thread#17"                    [id=55392, stack(0x0000005949900000,0x0000005949a00000) (1024K)]
  0x000001803c3fa4d0 ConcurrentGCThread "G1 Main Marker"            [id=50968, stack(0x0000005946b00000,0x0000005946c00000) (1024K)]
  0x000001803c3fafa0 WorkerThread "G1 Conc#0"                       [id=7380, stack(0x0000005946c00000,0x0000005946d00000) (1024K)]
  0x000001809d237510 WorkerThread "G1 Conc#1"                       [id=52304, stack(0x000000594a600000,0x000000594a700000) (1024K)]
  0x000001809d2378b0 WorkerThread "G1 Conc#2"                       [id=54160, stack(0x000000594a700000,0x000000594a800000) (1024K)]
  0x00000180a090a9a0 WorkerThread "G1 Conc#3"                       [id=55528, stack(0x000000594a800000,0x000000594a900000) (1024K)]
  0x00000180a090cde0 WorkerThread "G1 Conc#4"                       [id=52696, stack(0x000000594a900000,0x000000594aa00000) (1024K)]
  0x0000018055d753e0 ConcurrentGCThread "G1 Refine#0"               [id=64212, stack(0x0000005946d00000,0x0000005946e00000) (1024K)]
  0x0000018055d75d00 ConcurrentGCThread "G1 Service"                [id=63240, stack(0x0000005946e00000,0x0000005946f00000) (1024K)]
Total: 28

Threads with active compile tasks:
Total: 0

VM state: not at safepoint (normal execution)

VM Mutex/Monitor currently owned by a thread: None

Heap address: 0x0000000740000000, size: 3072 MB, Compressed Oops mode: Zero based, Oop shift amount: 3

CDS archive(s) mapped at: [0x0000018057000000-0x0000018057ba0000-0x0000018057ba0000), size 12189696, SharedBaseAddress: 0x0000018057000000, ArchiveRelocationMode: 1.
Compressed class space mapped at: 0x0000018058000000-0x0000018098000000, reserved size: 1073741824
Narrow klass base: 0x0000018057000000, Narrow klass shift: 0, Narrow klass range: 0x100000000

GC Precious Log:
 CardTable entry size: 512
 Card Set container configuration: InlinePtr #cards 4 size 8 Array Of Cards #cards 16 size 48 Howl #buckets 8 coarsen threshold 3686 Howl Bitmap #cards 512 size 80 coarsen threshold 460 Card regions per heap region 1 cards per card region 4096
 CPUs: 24 total, 24 available
 Memory: 16115M
 Large Page Support: Disabled
 NUMA Support: Disabled
 Compressed Oops: Enabled (Zero based)
 Heap Region Size: 2M
 Heap Min Capacity: 512M
 Heap Initial Capacity: 512M
 Heap Max Capacity: 3G
 Pre-touch: Disabled
 Parallel Workers: 18
 Concurrent Workers: 5
 Concurrent Refinement Workers: 18
 Periodic GC: Disabled
 String Deduplication is enabled

Heap:
 garbage-first heap   total 761856K, used 542720K [0x0000000740000000, 0x0000000800000000)
  region size 2048K, 27 young (55296K), 5 survivors (10240K)
 Metaspace       used 75540K, committed 78208K, reserved 1179648K
  class space    used 8705K, committed 9728K, reserved 1048576K

Heap Regions: E=young(eden), S=young(survivor), O=old, HS=humongous(starts), HC=humongous(continues), CS=collection set, F=free, TAMS=top-at-mark-start, PB=parsable bottom
|   0|0x0000000740000000, 0x0000000740200000, 0x0000000740200000|100%| O|  |TAMS 0x0000000740000000| PB 0x0000000740000000| Untracked 
|   1|0x0000000740200000, 0x0000000740400000, 0x0000000740400000|100%| O|  |TAMS 0x0000000740200000| PB 0x0000000740200000| Untracked 
|   2|0x0000000740400000, 0x0000000740600000, 0x0000000740600000|100%| O|  |TAMS 0x0000000740400000| PB 0x0000000740400000| Untracked 
|   3|0x0000000740600000, 0x0000000740800000, 0x0000000740800000|100%| O|  |TAMS 0x0000000740600000| PB 0x0000000740600000| Untracked 
|   4|0x0000000740800000, 0x0000000740a00000, 0x0000000740a00000|100%| O|  |TAMS 0x0000000740800000| PB 0x0000000740800000| Untracked 
|   5|0x0000000740a00000, 0x0000000740c00000, 0x0000000740c00000|100%| O|  |TAMS 0x0000000740a00000| PB 0x0000000740a00000| Untracked 
|   6|0x0000000740c00000, 0x0000000740e00000, 0x0000000740e00000|100%| O|  |TAMS 0x0000000740c00000| PB 0x0000000740c00000| Untracked 
|   7|0x0000000740e00000, 0x0000000741000000, 0x0000000741000000|100%| O|  |TAMS 0x0000000740e00000| PB 0x0000000740e00000| Untracked 
|   8|0x0000000741000000, 0x0000000741200000, 0x0000000741200000|100%| O|  |TAMS 0x0000000741000000| PB 0x0000000741000000| Untracked 
|   9|0x0000000741200000, 0x0000000741400000, 0x0000000741400000|100%| O|  |TAMS 0x0000000741200000| PB 0x0000000741200000| Untracked 
|  10|0x0000000741400000, 0x0000000741600000, 0x0000000741600000|100%| O|  |TAMS 0x0000000741400000| PB 0x0000000741400000| Untracked 
|  11|0x0000000741600000, 0x0000000741800000, 0x0000000741800000|100%| O|  |TAMS 0x0000000741600000| PB 0x0000000741600000| Untracked 
|  12|0x0000000741800000, 0x0000000741a00000, 0x0000000741a00000|100%| O|  |TAMS 0x0000000741800000| PB 0x0000000741800000| Untracked 
|  13|0x0000000741a00000, 0x0000000741c00000, 0x0000000741c00000|100%| O|  |TAMS 0x0000000741a00000| PB 0x0000000741a00000| Untracked 
|  14|0x0000000741c00000, 0x0000000741e00000, 0x0000000741e00000|100%| O|  |TAMS 0x0000000741c00000| PB 0x0000000741c00000| Untracked 
|  15|0x0000000741e00000, 0x0000000742000000, 0x0000000742000000|100%| O|  |TAMS 0x0000000741e00000| PB 0x0000000741e00000| Untracked 
|  16|0x0000000742000000, 0x0000000742200000, 0x0000000742200000|100%| O|  |TAMS 0x0000000742000000| PB 0x0000000742000000| Untracked 
|  17|0x0000000742200000, 0x0000000742400000, 0x0000000742400000|100%| O|  |TAMS 0x0000000742200000| PB 0x0000000742200000| Untracked 
|  18|0x0000000742400000, 0x0000000742600000, 0x0000000742600000|100%| O|  |TAMS 0x0000000742400000| PB 0x0000000742400000| Untracked 
|  19|0x0000000742600000, 0x0000000742800000, 0x0000000742800000|100%| O|  |TAMS 0x0000000742600000| PB 0x0000000742600000| Untracked 
|  20|0x0000000742800000, 0x0000000742a00000, 0x0000000742a00000|100%| O|  |TAMS 0x0000000742800000| PB 0x0000000742800000| Untracked 
|  21|0x0000000742a00000, 0x0000000742c00000, 0x0000000742c00000|100%| O|  |TAMS 0x0000000742a00000| PB 0x0000000742a00000| Untracked 
|  22|0x0000000742c00000, 0x0000000742e00000, 0x0000000742e00000|100%| O|  |TAMS 0x0000000742c00000| PB 0x0000000742c00000| Untracked 
|  23|0x0000000742e00000, 0x0000000743000000, 0x0000000743000000|100%| O|  |TAMS 0x0000000742e00000| PB 0x0000000742e00000| Untracked 
|  24|0x0000000743000000, 0x0000000743200000, 0x0000000743200000|100%| O|  |TAMS 0x0000000743000000| PB 0x0000000743000000| Untracked 
|  25|0x0000000743200000, 0x0000000743400000, 0x0000000743400000|100%| O|  |TAMS 0x0000000743200000| PB 0x0000000743200000| Untracked 
|  26|0x0000000743400000, 0x0000000743600000, 0x0000000743600000|100%| O|  |TAMS 0x0000000743400000| PB 0x0000000743400000| Untracked 
|  27|0x0000000743600000, 0x0000000743800000, 0x0000000743800000|100%| O|  |TAMS 0x0000000743600000| PB 0x0000000743600000| Untracked 
|  28|0x0000000743800000, 0x0000000743a00000, 0x0000000743a00000|100%| O|  |TAMS 0x0000000743800000| PB 0x0000000743800000| Untracked 
|  29|0x0000000743a00000, 0x0000000743c00000, 0x0000000743c00000|100%| O|  |TAMS 0x0000000743a00000| PB 0x0000000743a00000| Untracked 
|  30|0x0000000743c00000, 0x0000000743e00000, 0x0000000743e00000|100%| O|  |TAMS 0x0000000743c00000| PB 0x0000000743c00000| Untracked 
|  31|0x0000000743e00000, 0x0000000744000000, 0x0000000744000000|100%| O|  |TAMS 0x0000000743e00000| PB 0x0000000743e00000| Untracked 
|  32|0x0000000744000000, 0x0000000744200000, 0x0000000744200000|100%| O|  |TAMS 0x0000000744000000| PB 0x0000000744000000| Untracked 
|  33|0x0000000744200000, 0x0000000744400000, 0x0000000744400000|100%| O|  |TAMS 0x0000000744200000| PB 0x0000000744200000| Untracked 
|  34|0x0000000744400000, 0x0000000744600000, 0x0000000744600000|100%| O|  |TAMS 0x0000000744400000| PB 0x0000000744400000| Untracked 
|  35|0x0000000744600000, 0x0000000744800000, 0x0000000744800000|100%| O|  |TAMS 0x0000000744600000| PB 0x0000000744600000| Untracked 
|  36|0x0000000744800000, 0x0000000744a00000, 0x0000000744a00000|100%| O|  |TAMS 0x0000000744800000| PB 0x0000000744800000| Untracked 
|  37|0x0000000744a00000, 0x0000000744c00000, 0x0000000744c00000|100%| O|  |TAMS 0x0000000744a00000| PB 0x0000000744a00000| Untracked 
|  38|0x0000000744c00000, 0x0000000744e00000, 0x0000000744e00000|100%| O|  |TAMS 0x0000000744c00000| PB 0x0000000744c00000| Untracked 
|  39|0x0000000744e00000, 0x0000000745000000, 0x0000000745000000|100%| O|  |TAMS 0x0000000744e00000| PB 0x0000000744e00000| Untracked 
|  40|0x0000000745000000, 0x0000000745200000, 0x0000000745200000|100%| O|  |TAMS 0x0000000745000000| PB 0x0000000745000000| Untracked 
|  41|0x0000000745200000, 0x0000000745400000, 0x0000000745400000|100%| O|  |TAMS 0x0000000745200000| PB 0x0000000745200000| Untracked 
|  42|0x0000000745400000, 0x0000000745600000, 0x0000000745600000|100%| O|Cm|TAMS 0x0000000745400000| PB 0x0000000745400000| Complete 
|  43|0x0000000745600000, 0x0000000745800000, 0x0000000745800000|100%| O|  |TAMS 0x0000000745600000| PB 0x0000000745600000| Untracked 
|  44|0x0000000745800000, 0x0000000745a00000, 0x0000000745a00000|100%| O|  |TAMS 0x0000000745800000| PB 0x0000000745800000| Untracked 
|  45|0x0000000745a00000, 0x0000000745c00000, 0x0000000745c00000|100%| O|  |TAMS 0x0000000745a00000| PB 0x0000000745a00000| Untracked 
|  46|0x0000000745c00000, 0x0000000745e00000, 0x0000000745e00000|100%| O|  |TAMS 0x0000000745c00000| PB 0x0000000745c00000| Untracked 
|  47|0x0000000745e00000, 0x0000000746000000, 0x0000000746000000|100%| O|  |TAMS 0x0000000745e00000| PB 0x0000000745e00000| Untracked 
|  48|0x0000000746000000, 0x0000000746200000, 0x0000000746200000|100%| O|  |TAMS 0x0000000746000000| PB 0x0000000746000000| Untracked 
|  49|0x0000000746200000, 0x0000000746400000, 0x0000000746400000|100%| O|  |TAMS 0x0000000746200000| PB 0x0000000746200000| Untracked 
|  50|0x0000000746400000, 0x0000000746600000, 0x0000000746600000|100%| O|Cm|TAMS 0x0000000746400000| PB 0x0000000746400000| Complete 
|  51|0x0000000746600000, 0x0000000746800000, 0x0000000746800000|100%| O|  |TAMS 0x0000000746600000| PB 0x0000000746600000| Untracked 
|  52|0x0000000746800000, 0x0000000746a00000, 0x0000000746a00000|100%| O|Cm|TAMS 0x0000000746800000| PB 0x0000000746800000| Complete 
|  53|0x0000000746a00000, 0x0000000746c00000, 0x0000000746c00000|100%| O|  |TAMS 0x0000000746a00000| PB 0x0000000746a00000| Untracked 
|  54|0x0000000746c00000, 0x0000000746e00000, 0x0000000746e00000|100%| O|  |TAMS 0x0000000746c00000| PB 0x0000000746c00000| Untracked 
|  55|0x0000000746e00000, 0x0000000747000000, 0x0000000747000000|100%| O|Cm|TAMS 0x0000000746e00000| PB 0x0000000746e00000| Complete 
|  56|0x0000000747000000, 0x0000000747200000, 0x0000000747200000|100%| O|  |TAMS 0x0000000747000000| PB 0x0000000747000000| Untracked 
|  57|0x0000000747200000, 0x0000000747400000, 0x0000000747400000|100%| O|Cm|TAMS 0x0000000747200000| PB 0x0000000747200000| Complete 
|  58|0x0000000747400000, 0x0000000747600000, 0x0000000747600000|100%| O|  |TAMS 0x0000000747400000| PB 0x0000000747400000| Untracked 
|  59|0x0000000747600000, 0x0000000747800000, 0x0000000747800000|100%| O|  |TAMS 0x0000000747600000| PB 0x0000000747600000| Untracked 
|  60|0x0000000747800000, 0x0000000747a00000, 0x0000000747a00000|100%| O|  |TAMS 0x0000000747800000| PB 0x0000000747800000| Untracked 
|  61|0x0000000747a00000, 0x0000000747c00000, 0x0000000747c00000|100%| O|Cm|TAMS 0x0000000747a00000| PB 0x0000000747a00000| Complete 
|  62|0x0000000747c00000, 0x0000000747e00000, 0x0000000747e00000|100%| O|  |TAMS 0x0000000747c00000| PB 0x0000000747c00000| Untracked 
|  63|0x0000000747e00000, 0x0000000748000000, 0x0000000748000000|100%| O|  |TAMS 0x0000000747e00000| PB 0x0000000747e00000| Untracked 
|  64|0x0000000748000000, 0x0000000748200000, 0x0000000748200000|100%| O|  |TAMS 0x0000000748000000| PB 0x0000000748000000| Untracked 
|  65|0x0000000748200000, 0x0000000748400000, 0x0000000748400000|100%| O|  |TAMS 0x0000000748200000| PB 0x0000000748200000| Untracked 
|  66|0x0000000748400000, 0x0000000748600000, 0x0000000748600000|100%| O|  |TAMS 0x0000000748400000| PB 0x0000000748400000| Untracked 
|  67|0x0000000748600000, 0x0000000748800000, 0x0000000748800000|100%| O|  |TAMS 0x0000000748600000| PB 0x0000000748600000| Untracked 
|  68|0x0000000748800000, 0x0000000748a00000, 0x0000000748a00000|100%| O|  |TAMS 0x0000000748800000| PB 0x0000000748800000| Untracked 
|  69|0x0000000748a00000, 0x0000000748c00000, 0x0000000748c00000|100%| O|  |TAMS 0x0000000748a00000| PB 0x0000000748a00000| Untracked 
|  70|0x0000000748c00000, 0x0000000748e00000, 0x0000000748e00000|100%| O|  |TAMS 0x0000000748c00000| PB 0x0000000748c00000| Untracked 
|  71|0x0000000748e00000, 0x0000000749000000, 0x0000000749000000|100%| O|  |TAMS 0x0000000748e00000| PB 0x0000000748e00000| Untracked 
|  72|0x0000000749000000, 0x0000000749200000, 0x0000000749200000|100%| O|  |TAMS 0x0000000749000000| PB 0x0000000749000000| Untracked 
|  73|0x0000000749200000, 0x0000000749400000, 0x0000000749400000|100%| O|  |TAMS 0x0000000749200000| PB 0x0000000749200000| Untracked 
|  74|0x0000000749400000, 0x0000000749600000, 0x0000000749600000|100%| O|  |TAMS 0x0000000749400000| PB 0x0000000749400000| Untracked 
|  75|0x0000000749600000, 0x0000000749800000, 0x0000000749800000|100%| O|  |TAMS 0x0000000749600000| PB 0x0000000749600000| Untracked 
|  76|0x0000000749800000, 0x0000000749a00000, 0x0000000749a00000|100%| O|  |TAMS 0x0000000749800000| PB 0x0000000749800000| Untracked 
|  77|0x0000000749a00000, 0x0000000749c00000, 0x0000000749c00000|100%| O|  |TAMS 0x0000000749a00000| PB 0x0000000749a00000| Untracked 
|  78|0x0000000749c00000, 0x0000000749e00000, 0x0000000749e00000|100%| O|  |TAMS 0x0000000749c00000| PB 0x0000000749c00000| Untracked 
|  79|0x0000000749e00000, 0x000000074a000000, 0x000000074a000000|100%| O|  |TAMS 0x0000000749e00000| PB 0x0000000749e00000| Untracked 
|  80|0x000000074a000000, 0x000000074a200000, 0x000000074a200000|100%| O|  |TAMS 0x000000074a000000| PB 0x000000074a000000| Untracked 
|  81|0x000000074a200000, 0x000000074a400000, 0x000000074a400000|100%| O|  |TAMS 0x000000074a200000| PB 0x000000074a200000| Untracked 
|  82|0x000000074a400000, 0x000000074a600000, 0x000000074a600000|100%| O|  |TAMS 0x000000074a400000| PB 0x000000074a400000| Untracked 
|  83|0x000000074a600000, 0x000000074a800000, 0x000000074a800000|100%| O|  |TAMS 0x000000074a600000| PB 0x000000074a600000| Untracked 
|  84|0x000000074a800000, 0x000000074aa00000, 0x000000074aa00000|100%| O|  |TAMS 0x000000074a800000| PB 0x000000074a800000| Untracked 
|  85|0x000000074aa00000, 0x000000074ac00000, 0x000000074ac00000|100%| O|  |TAMS 0x000000074aa00000| PB 0x000000074aa00000| Untracked 
|  86|0x000000074ac00000, 0x000000074ae00000, 0x000000074ae00000|100%| O|  |TAMS 0x000000074ac00000| PB 0x000000074ac00000| Untracked 
|  87|0x000000074ae00000, 0x000000074b000000, 0x000000074b000000|100%| O|  |TAMS 0x000000074ae00000| PB 0x000000074ae00000| Untracked 
|  88|0x000000074b000000, 0x000000074b200000, 0x000000074b200000|100%| O|  |TAMS 0x000000074b000000| PB 0x000000074b000000| Untracked 
|  89|0x000000074b200000, 0x000000074b400000, 0x000000074b400000|100%| O|  |TAMS 0x000000074b200000| PB 0x000000074b200000| Untracked 
|  90|0x000000074b400000, 0x000000074b600000, 0x000000074b600000|100%| O|  |TAMS 0x000000074b400000| PB 0x000000074b400000| Untracked 
|  91|0x000000074b600000, 0x000000074b800000, 0x000000074b800000|100%| O|  |TAMS 0x000000074b600000| PB 0x000000074b600000| Untracked 
|  92|0x000000074b800000, 0x000000074ba00000, 0x000000074ba00000|100%| O|Cm|TAMS 0x000000074b800000| PB 0x000000074b800000| Complete 
|  93|0x000000074ba00000, 0x000000074bc00000, 0x000000074bc00000|100%| O|  |TAMS 0x000000074ba00000| PB 0x000000074ba00000| Untracked 
|  94|0x000000074bc00000, 0x000000074be00000, 0x000000074be00000|100%| O|  |TAMS 0x000000074bc00000| PB 0x000000074bc00000| Untracked 
|  95|0x000000074be00000, 0x000000074c000000, 0x000000074c000000|100%| O|  |TAMS 0x000000074be00000| PB 0x000000074be00000| Untracked 
|  96|0x000000074c000000, 0x000000074c200000, 0x000000074c200000|100%| O|  |TAMS 0x000000074c000000| PB 0x000000074c000000| Untracked 
|  97|0x000000074c200000, 0x000000074c400000, 0x000000074c400000|100%| O|  |TAMS 0x000000074c200000| PB 0x000000074c200000| Untracked 
|  98|0x000000074c400000, 0x000000074c600000, 0x000000074c600000|100%| O|  |TAMS 0x000000074c400000| PB 0x000000074c400000| Untracked 
|  99|0x000000074c600000, 0x000000074c800000, 0x000000074c800000|100%| O|  |TAMS 0x000000074c600000| PB 0x000000074c600000| Untracked 
| 100|0x000000074c800000, 0x000000074ca00000, 0x000000074ca00000|100%| O|  |TAMS 0x000000074c800000| PB 0x000000074c800000| Untracked 
| 101|0x000000074ca00000, 0x000000074cc00000, 0x000000074cc00000|100%| O|  |TAMS 0x000000074ca00000| PB 0x000000074ca00000| Untracked 
| 102|0x000000074cc00000, 0x000000074ce00000, 0x000000074ce00000|100%| O|Cm|TAMS 0x000000074cc00000| PB 0x000000074cc00000| Complete 
| 103|0x000000074ce00000, 0x000000074d000000, 0x000000074d000000|100%| O|  |TAMS 0x000000074ce00000| PB 0x000000074ce00000| Untracked 
| 104|0x000000074d000000, 0x000000074d200000, 0x000000074d200000|100%| O|  |TAMS 0x000000074d000000| PB 0x000000074d000000| Untracked 
| 105|0x000000074d200000, 0x000000074d400000, 0x000000074d400000|100%| O|Cm|TAMS 0x000000074d200000| PB 0x000000074d200000| Complete 
| 106|0x000000074d400000, 0x000000074d600000, 0x000000074d600000|100%| O|  |TAMS 0x000000074d400000| PB 0x000000074d400000| Untracked 
| 107|0x000000074d600000, 0x000000074d800000, 0x000000074d800000|100%| O|  |TAMS 0x000000074d600000| PB 0x000000074d600000| Untracked 
| 108|0x000000074d800000, 0x000000074da00000, 0x000000074da00000|100%| O|  |TAMS 0x000000074d800000| PB 0x000000074d800000| Untracked 
| 109|0x000000074da00000, 0x000000074dc00000, 0x000000074dc00000|100%| O|  |TAMS 0x000000074da00000| PB 0x000000074da00000| Untracked 
| 110|0x000000074dc00000, 0x000000074de00000, 0x000000074de00000|100%| O|  |TAMS 0x000000074dc00000| PB 0x000000074dc00000| Untracked 
| 111|0x000000074de00000, 0x000000074e000000, 0x000000074e000000|100%| O|  |TAMS 0x000000074de00000| PB 0x000000074de00000| Untracked 
| 112|0x000000074e000000, 0x000000074e200000, 0x000000074e200000|100%| O|  |TAMS 0x000000074e000000| PB 0x000000074e000000| Untracked 
| 113|0x000000074e200000, 0x000000074e400000, 0x000000074e400000|100%| O|  |TAMS 0x000000074e200000| PB 0x000000074e200000| Untracked 
| 114|0x000000074e400000, 0x000000074e600000, 0x000000074e600000|100%| O|  |TAMS 0x000000074e400000| PB 0x000000074e400000| Untracked 
| 115|0x000000074e600000, 0x000000074e800000, 0x000000074e800000|100%| O|  |TAMS 0x000000074e600000| PB 0x000000074e600000| Untracked 
| 116|0x000000074e800000, 0x000000074ea00000, 0x000000074ea00000|100%| O|  |TAMS 0x000000074e800000| PB 0x000000074e800000| Untracked 
| 117|0x000000074ea00000, 0x000000074ec00000, 0x000000074ec00000|100%| O|Cm|TAMS 0x000000074ea00000| PB 0x000000074ea00000| Complete 
| 118|0x000000074ec00000, 0x000000074ee00000, 0x000000074ee00000|100%| O|  |TAMS 0x000000074ec00000| PB 0x000000074ec00000| Untracked 
| 119|0x000000074ee00000, 0x000000074f000000, 0x000000074f000000|100%| O|Cm|TAMS 0x000000074ee00000| PB 0x000000074ee00000| Complete 
| 120|0x000000074f000000, 0x000000074f200000, 0x000000074f200000|100%| O|  |TAMS 0x000000074f000000| PB 0x000000074f000000| Untracked 
| 121|0x000000074f200000, 0x000000074f400000, 0x000000074f400000|100%| O|  |TAMS 0x000000074f200000| PB 0x000000074f200000| Untracked 
| 122|0x000000074f400000, 0x000000074f600000, 0x000000074f600000|100%| O|  |TAMS 0x000000074f400000| PB 0x000000074f400000| Untracked 
| 123|0x000000074f600000, 0x000000074f800000, 0x000000074f800000|100%| O|  |TAMS 0x000000074f600000| PB 0x000000074f600000| Untracked 
| 124|0x000000074f800000, 0x000000074fa00000, 0x000000074fa00000|100%| O|  |TAMS 0x000000074f800000| PB 0x000000074f800000| Untracked 
| 125|0x000000074fa00000, 0x000000074fc00000, 0x000000074fc00000|100%| O|  |TAMS 0x000000074fa00000| PB 0x000000074fa00000| Untracked 
| 126|0x000000074fc00000, 0x000000074fe00000, 0x000000074fe00000|100%| O|  |TAMS 0x000000074fc00000| PB 0x000000074fc00000| Untracked 
| 127|0x000000074fe00000, 0x0000000750000000, 0x0000000750000000|100%| O|  |TAMS 0x000000074fe00000| PB 0x000000074fe00000| Untracked 
| 128|0x0000000750000000, 0x0000000750200000, 0x0000000750200000|100%| O|  |TAMS 0x0000000750000000| PB 0x0000000750000000| Untracked 
| 129|0x0000000750200000, 0x0000000750400000, 0x0000000750400000|100%| O|  |TAMS 0x0000000750200000| PB 0x0000000750200000| Untracked 
| 130|0x0000000750400000, 0x0000000750600000, 0x0000000750600000|100%| O|Cm|TAMS 0x0000000750400000| PB 0x0000000750400000| Complete 
| 131|0x0000000750600000, 0x0000000750800000, 0x0000000750800000|100%| O|  |TAMS 0x0000000750600000| PB 0x0000000750600000| Untracked 
| 132|0x0000000750800000, 0x0000000750a00000, 0x0000000750a00000|100%| O|  |TAMS 0x0000000750800000| PB 0x0000000750800000| Untracked 
| 133|0x0000000750a00000, 0x0000000750c00000, 0x0000000750c00000|100%| O|  |TAMS 0x0000000750a00000| PB 0x0000000750a00000| Untracked 
| 134|0x0000000750c00000, 0x0000000750e00000, 0x0000000750e00000|100%| O|  |TAMS 0x0000000750c00000| PB 0x0000000750c00000| Untracked 
| 135|0x0000000750e00000, 0x0000000751000000, 0x0000000751000000|100%| O|Cm|TAMS 0x0000000750e00000| PB 0x0000000750e00000| Complete 
| 136|0x0000000751000000, 0x0000000751200000, 0x0000000751200000|100%| O|Cm|TAMS 0x0000000751000000| PB 0x0000000751000000| Complete 
| 137|0x0000000751200000, 0x0000000751400000, 0x0000000751400000|100%| O|  |TAMS 0x0000000751200000| PB 0x0000000751200000| Untracked 
| 138|0x0000000751400000, 0x0000000751600000, 0x0000000751600000|100%| O|Cm|TAMS 0x0000000751400000| PB 0x0000000751400000| Complete 
| 139|0x0000000751600000, 0x0000000751800000, 0x0000000751800000|100%| O|  |TAMS 0x0000000751600000| PB 0x0000000751600000| Untracked 
| 140|0x0000000751800000, 0x0000000751a00000, 0x0000000751a00000|100%| O|  |TAMS 0x0000000751800000| PB 0x0000000751800000| Untracked 
| 141|0x0000000751a00000, 0x0000000751c00000, 0x0000000751c00000|100%| O|  |TAMS 0x0000000751a00000| PB 0x0000000751a00000| Untracked 
| 142|0x0000000751c00000, 0x0000000751e00000, 0x0000000751e00000|100%| O|Cm|TAMS 0x0000000751c00000| PB 0x0000000751c00000| Complete 
| 143|0x0000000751e00000, 0x0000000752000000, 0x0000000752000000|100%| O|Cm|TAMS 0x0000000751e00000| PB 0x0000000751e00000| Complete 
| 144|0x0000000752000000, 0x0000000752200000, 0x0000000752200000|100%| O|  |TAMS 0x0000000752000000| PB 0x0000000752000000| Untracked 
| 145|0x0000000752200000, 0x0000000752400000, 0x0000000752400000|100%| O|  |TAMS 0x0000000752200000| PB 0x0000000752200000| Untracked 
| 146|0x0000000752400000, 0x0000000752600000, 0x0000000752600000|100%| O|  |TAMS 0x0000000752400000| PB 0x0000000752400000| Untracked 
| 147|0x0000000752600000, 0x0000000752800000, 0x0000000752800000|100%| O|  |TAMS 0x0000000752600000| PB 0x0000000752600000| Untracked 
| 148|0x0000000752800000, 0x0000000752a00000, 0x0000000752a00000|100%| O|  |TAMS 0x0000000752800000| PB 0x0000000752800000| Untracked 
| 149|0x0000000752a00000, 0x0000000752c00000, 0x0000000752c00000|100%| O|Cm|TAMS 0x0000000752a00000| PB 0x0000000752a00000| Complete 
| 150|0x0000000752c00000, 0x0000000752e00000, 0x0000000752e00000|100%| O|  |TAMS 0x0000000752c00000| PB 0x0000000752c00000| Untracked 
| 151|0x0000000752e00000, 0x0000000753000000, 0x0000000753000000|100%| O|  |TAMS 0x0000000752e00000| PB 0x0000000752e00000| Untracked 
| 152|0x0000000753000000, 0x0000000753200000, 0x0000000753200000|100%| O|  |TAMS 0x0000000753000000| PB 0x0000000753000000| Untracked 
| 153|0x0000000753200000, 0x0000000753400000, 0x0000000753400000|100%| O|  |TAMS 0x0000000753200000| PB 0x0000000753200000| Untracked 
| 154|0x0000000753400000, 0x0000000753600000, 0x0000000753600000|100%| O|Cm|TAMS 0x0000000753400000| PB 0x0000000753400000| Complete 
| 155|0x0000000753600000, 0x0000000753800000, 0x0000000753800000|100%| O|Cm|TAMS 0x0000000753600000| PB 0x0000000753600000| Complete 
| 156|0x0000000753800000, 0x0000000753a00000, 0x0000000753a00000|100%| O|  |TAMS 0x0000000753800000| PB 0x0000000753800000| Untracked 
| 157|0x0000000753a00000, 0x0000000753c00000, 0x0000000753c00000|100%| O|Cm|TAMS 0x0000000753a00000| PB 0x0000000753a00000| Complete 
| 158|0x0000000753c00000, 0x0000000753e00000, 0x0000000753e00000|100%| O|  |TAMS 0x0000000753c00000| PB 0x0000000753c00000| Untracked 
| 159|0x0000000753e00000, 0x0000000754000000, 0x0000000754000000|100%| O|Cm|TAMS 0x0000000753e00000| PB 0x0000000753e00000| Complete 
| 160|0x0000000754000000, 0x0000000754200000, 0x0000000754200000|100%| O|  |TAMS 0x0000000754000000| PB 0x0000000754000000| Untracked 
| 161|0x0000000754200000, 0x0000000754400000, 0x0000000754400000|100%| O|  |TAMS 0x0000000754200000| PB 0x0000000754200000| Untracked 
| 162|0x0000000754400000, 0x0000000754600000, 0x0000000754600000|100%| O|  |TAMS 0x0000000754400000| PB 0x0000000754400000| Untracked 
| 163|0x0000000754600000, 0x0000000754800000, 0x0000000754800000|100%| O|Cm|TAMS 0x0000000754600000| PB 0x0000000754600000| Complete 
| 164|0x0000000754800000, 0x0000000754a00000, 0x0000000754a00000|100%| O|Cm|TAMS 0x0000000754800000| PB 0x0000000754800000| Complete 
| 165|0x0000000754a00000, 0x0000000754c00000, 0x0000000754c00000|100%| O|  |TAMS 0x0000000754a00000| PB 0x0000000754a00000| Untracked 
| 166|0x0000000754c00000, 0x0000000754e00000, 0x0000000754e00000|100%| O|  |TAMS 0x0000000754c00000| PB 0x0000000754c00000| Untracked 
| 167|0x0000000754e00000, 0x0000000755000000, 0x0000000755000000|100%| O|  |TAMS 0x0000000754e00000| PB 0x0000000754e00000| Untracked 
| 168|0x0000000755000000, 0x0000000755200000, 0x0000000755200000|100%| O|  |TAMS 0x0000000755000000| PB 0x0000000755000000| Untracked 
| 169|0x0000000755200000, 0x0000000755400000, 0x0000000755400000|100%| O|Cm|TAMS 0x0000000755200000| PB 0x0000000755200000| Complete 
| 170|0x0000000755400000, 0x0000000755600000, 0x0000000755600000|100%| O|Cm|TAMS 0x0000000755400000| PB 0x0000000755400000| Complete 
| 171|0x0000000755600000, 0x0000000755800000, 0x0000000755800000|100%| O|Cm|TAMS 0x0000000755600000| PB 0x0000000755600000| Complete 
| 172|0x0000000755800000, 0x0000000755a00000, 0x0000000755a00000|100%| O|Cm|TAMS 0x0000000755800000| PB 0x0000000755800000| Complete 
| 173|0x0000000755a00000, 0x0000000755c00000, 0x0000000755c00000|100%| O|Cm|TAMS 0x0000000755a00000| PB 0x0000000755a00000| Complete 
| 174|0x0000000755c00000, 0x0000000755e00000, 0x0000000755e00000|100%| O|Cm|TAMS 0x0000000755c00000| PB 0x0000000755c00000| Complete 
| 175|0x0000000755e00000, 0x0000000756000000, 0x0000000756000000|100%| O|  |TAMS 0x0000000755e00000| PB 0x0000000755e00000| Untracked 
| 176|0x0000000756000000, 0x0000000756200000, 0x0000000756200000|100%| O|  |TAMS 0x0000000756000000| PB 0x0000000756000000| Untracked 
| 177|0x0000000756200000, 0x0000000756400000, 0x0000000756400000|100%| O|  |TAMS 0x0000000756200000| PB 0x0000000756200000| Untracked 
| 178|0x0000000756400000, 0x0000000756600000, 0x0000000756600000|100%| O|  |TAMS 0x0000000756400000| PB 0x0000000756400000| Untracked 
| 179|0x0000000756600000, 0x0000000756800000, 0x0000000756800000|100%| O|Cm|TAMS 0x0000000756600000| PB 0x0000000756600000| Complete 
| 180|0x0000000756800000, 0x0000000756a00000, 0x0000000756a00000|100%| O|Cm|TAMS 0x0000000756800000| PB 0x0000000756800000| Complete 
| 181|0x0000000756a00000, 0x0000000756c00000, 0x0000000756c00000|100%| O|Cm|TAMS 0x0000000756a00000| PB 0x0000000756a00000| Complete 
| 182|0x0000000756c00000, 0x0000000756e00000, 0x0000000756e00000|100%| O|Cm|TAMS 0x0000000756c00000| PB 0x0000000756c00000| Complete 
| 183|0x0000000756e00000, 0x0000000757000000, 0x0000000757000000|100%| O|Cm|TAMS 0x0000000756e00000| PB 0x0000000756e00000| Complete 
| 184|0x0000000757000000, 0x0000000757200000, 0x0000000757200000|100%| O|Cm|TAMS 0x0000000757000000| PB 0x0000000757000000| Complete 
| 185|0x0000000757200000, 0x0000000757400000, 0x0000000757400000|100%| O|Cm|TAMS 0x0000000757200000| PB 0x0000000757200000| Complete 
| 186|0x0000000757400000, 0x0000000757600000, 0x0000000757600000|100%| O|  |TAMS 0x0000000757400000| PB 0x0000000757400000| Untracked 
| 187|0x0000000757600000, 0x0000000757800000, 0x0000000757800000|100%| O|  |TAMS 0x0000000757600000| PB 0x0000000757600000| Untracked 
| 188|0x0000000757800000, 0x0000000757a00000, 0x0000000757a00000|100%| O|  |TAMS 0x0000000757800000| PB 0x0000000757800000| Untracked 
| 189|0x0000000757a00000, 0x0000000757c00000, 0x0000000757c00000|100%| O|  |TAMS 0x0000000757a00000| PB 0x0000000757a00000| Untracked 
| 190|0x0000000757c00000, 0x0000000757e00000, 0x0000000757e00000|100%| O|  |TAMS 0x0000000757c00000| PB 0x0000000757c00000| Untracked 
| 191|0x0000000757e00000, 0x0000000758000000, 0x0000000758000000|100%| O|  |TAMS 0x0000000757e00000| PB 0x0000000757e00000| Untracked 
| 192|0x0000000758000000, 0x0000000758200000, 0x0000000758200000|100%| O|  |TAMS 0x0000000758000000| PB 0x0000000758000000| Untracked 
| 193|0x0000000758200000, 0x0000000758400000, 0x0000000758400000|100%| O|  |TAMS 0x0000000758200000| PB 0x0000000758200000| Untracked 
| 194|0x0000000758400000, 0x0000000758600000, 0x0000000758600000|100%| O|  |TAMS 0x0000000758400000| PB 0x0000000758400000| Untracked 
| 195|0x0000000758600000, 0x0000000758800000, 0x0000000758800000|100%| O|  |TAMS 0x0000000758600000| PB 0x0000000758600000| Untracked 
| 196|0x0000000758800000, 0x0000000758a00000, 0x0000000758a00000|100%| O|Cm|TAMS 0x0000000758800000| PB 0x0000000758800000| Complete 
| 197|0x0000000758a00000, 0x0000000758c00000, 0x0000000758c00000|100%| O|  |TAMS 0x0000000758a00000| PB 0x0000000758a00000| Untracked 
| 198|0x0000000758c00000, 0x0000000758e00000, 0x0000000758e00000|100%| O|  |TAMS 0x0000000758c00000| PB 0x0000000758c00000| Untracked 
| 199|0x0000000758e00000, 0x0000000759000000, 0x0000000759000000|100%| O|  |TAMS 0x0000000758e00000| PB 0x0000000758e00000| Untracked 
| 200|0x0000000759000000, 0x0000000759200000, 0x0000000759200000|100%| O|  |TAMS 0x0000000759000000| PB 0x0000000759000000| Untracked 
| 201|0x0000000759200000, 0x0000000759400000, 0x0000000759400000|100%| O|  |TAMS 0x0000000759200000| PB 0x0000000759200000| Untracked 
| 202|0x0000000759400000, 0x0000000759600000, 0x0000000759600000|100%| O|Cm|TAMS 0x0000000759400000| PB 0x0000000759400000| Complete 
| 203|0x0000000759600000, 0x0000000759800000, 0x0000000759800000|100%| O|  |TAMS 0x0000000759600000| PB 0x0000000759600000| Untracked 
| 204|0x0000000759800000, 0x0000000759a00000, 0x0000000759a00000|100%| O|Cm|TAMS 0x0000000759800000| PB 0x0000000759800000| Complete 
| 205|0x0000000759a00000, 0x0000000759c00000, 0x0000000759c00000|100%| O|Cm|TAMS 0x0000000759a00000| PB 0x0000000759a00000| Complete 
| 206|0x0000000759c00000, 0x0000000759e00000, 0x0000000759e00000|100%| O|Cm|TAMS 0x0000000759c00000| PB 0x0000000759c00000| Complete 
| 207|0x0000000759e00000, 0x000000075a000000, 0x000000075a000000|100%| O|Cm|TAMS 0x0000000759e00000| PB 0x0000000759e00000| Complete 
| 208|0x000000075a000000, 0x000000075a200000, 0x000000075a200000|100%| O|  |TAMS 0x000000075a000000| PB 0x000000075a000000| Untracked 
| 209|0x000000075a200000, 0x000000075a400000, 0x000000075a400000|100%| O|Cm|TAMS 0x000000075a200000| PB 0x000000075a200000| Complete 
| 210|0x000000075a400000, 0x000000075a600000, 0x000000075a600000|100%| O|  |TAMS 0x000000075a400000| PB 0x000000075a400000| Untracked 
| 211|0x000000075a600000, 0x000000075a800000, 0x000000075a800000|100%| O|Cm|TAMS 0x000000075a600000| PB 0x000000075a600000| Complete 
| 212|0x000000075a800000, 0x000000075aa00000, 0x000000075aa00000|100%| O|  |TAMS 0x000000075a800000| PB 0x000000075a800000| Untracked 
| 213|0x000000075aa00000, 0x000000075ac00000, 0x000000075ac00000|100%| O|  |TAMS 0x000000075aa00000| PB 0x000000075aa00000| Untracked 
| 214|0x000000075ac00000, 0x000000075ae00000, 0x000000075ae00000|100%| O|  |TAMS 0x000000075ac00000| PB 0x000000075ac00000| Untracked 
| 215|0x000000075ae00000, 0x000000075b000000, 0x000000075b000000|100%| O|Cm|TAMS 0x000000075ae00000| PB 0x000000075ae00000| Complete 
| 216|0x000000075b000000, 0x000000075b200000, 0x000000075b200000|100%| O|Cm|TAMS 0x000000075b000000| PB 0x000000075b000000| Complete 
| 217|0x000000075b200000, 0x000000075b400000, 0x000000075b400000|100%| O|Cm|TAMS 0x000000075b200000| PB 0x000000075b200000| Complete 
| 218|0x000000075b400000, 0x000000075b600000, 0x000000075b600000|100%| O|Cm|TAMS 0x000000075b400000| PB 0x000000075b400000| Complete 
| 219|0x000000075b600000, 0x000000075b800000, 0x000000075b800000|100%| O|Cm|TAMS 0x000000075b600000| PB 0x000000075b600000| Complete 
| 220|0x000000075b800000, 0x000000075ba00000, 0x000000075ba00000|100%| O|Cm|TAMS 0x000000075b800000| PB 0x000000075b800000| Complete 
| 221|0x000000075ba00000, 0x000000075bc00000, 0x000000075bc00000|100%| O|  |TAMS 0x000000075ba00000| PB 0x000000075ba00000| Untracked 
| 222|0x000000075bc00000, 0x000000075be00000, 0x000000075be00000|100%| O|  |TAMS 0x000000075bc00000| PB 0x000000075bc00000| Untracked 
| 223|0x000000075be00000, 0x000000075c000000, 0x000000075c000000|100%| O|  |TAMS 0x000000075be00000| PB 0x000000075be00000| Untracked 
| 224|0x000000075c000000, 0x000000075c200000, 0x000000075c200000|100%| O|  |TAMS 0x000000075c000000| PB 0x000000075c000000| Untracked 
| 225|0x000000075c200000, 0x000000075c400000, 0x000000075c400000|100%| O|  |TAMS 0x000000075c200000| PB 0x000000075c200000| Untracked 
| 226|0x000000075c400000, 0x000000075c600000, 0x000000075c600000|100%| O|  |TAMS 0x000000075c400000| PB 0x000000075c400000| Untracked 
| 227|0x000000075c600000, 0x000000075c800000, 0x000000075c800000|100%| O|  |TAMS 0x000000075c600000| PB 0x000000075c600000| Untracked 
| 228|0x000000075c800000, 0x000000075ca00000, 0x000000075ca00000|100%| O|  |TAMS 0x000000075c800000| PB 0x000000075c800000| Untracked 
| 229|0x000000075ca00000, 0x000000075cc00000, 0x000000075cc00000|100%| O|  |TAMS 0x000000075ca00000| PB 0x000000075ca00000| Untracked 
| 230|0x000000075cc00000, 0x000000075ce00000, 0x000000075ce00000|100%| O|  |TAMS 0x000000075cc00000| PB 0x000000075cc00000| Untracked 
| 231|0x000000075ce00000, 0x000000075d000000, 0x000000075d000000|100%| O|  |TAMS 0x000000075ce00000| PB 0x000000075ce00000| Untracked 
| 232|0x000000075d000000, 0x000000075d200000, 0x000000075d200000|100%| O|  |TAMS 0x000000075d000000| PB 0x000000075d000000| Untracked 
| 233|0x000000075d200000, 0x000000075d400000, 0x000000075d400000|100%| O|  |TAMS 0x000000075d200000| PB 0x000000075d200000| Untracked 
| 234|0x000000075d400000, 0x000000075d600000, 0x000000075d600000|100%| O|  |TAMS 0x000000075d400000| PB 0x000000075d400000| Untracked 
| 235|0x000000075d600000, 0x000000075d800000, 0x000000075d800000|100%| O|  |TAMS 0x000000075d600000| PB 0x000000075d600000| Untracked 
| 236|0x000000075d800000, 0x000000075da00000, 0x000000075da00000|100%| O|  |TAMS 0x000000075d800000| PB 0x000000075d800000| Untracked 
| 237|0x000000075da00000, 0x000000075dc00000, 0x000000075dc00000|100%| O|  |TAMS 0x000000075da00000| PB 0x000000075da00000| Untracked 
| 238|0x000000075dc00000, 0x000000075de00000, 0x000000075de00000|100%| O|  |TAMS 0x000000075dc00000| PB 0x000000075dc00000| Untracked 
| 239|0x000000075de00000, 0x000000075de00000, 0x000000075e000000|  0%| F|  |TAMS 0x000000075de00000| PB 0x000000075de00000| Untracked 
| 240|0x000000075e000000, 0x000000075e000000, 0x000000075e200000|  0%| F|  |TAMS 0x000000075e000000| PB 0x000000075e000000| Untracked 
| 241|0x000000075e200000, 0x000000075e200000, 0x000000075e400000|  0%| F|  |TAMS 0x000000075e200000| PB 0x000000075e200000| Untracked 
| 242|0x000000075e400000, 0x000000075e400000, 0x000000075e600000|  0%| F|  |TAMS 0x000000075e400000| PB 0x000000075e400000| Untracked 
| 243|0x000000075e600000, 0x000000075e600000, 0x000000075e800000|  0%| F|  |TAMS 0x000000075e600000| PB 0x000000075e600000| Untracked 
| 244|0x000000075e800000, 0x000000075e800000, 0x000000075ea00000|  0%| F|  |TAMS 0x000000075e800000| PB 0x000000075e800000| Untracked 
| 245|0x000000075ea00000, 0x000000075ea00000, 0x000000075ec00000|  0%| F|  |TAMS 0x000000075ea00000| PB 0x000000075ea00000| Untracked 
| 246|0x000000075ec00000, 0x000000075ec00000, 0x000000075ee00000|  0%| F|  |TAMS 0x000000075ec00000| PB 0x000000075ec00000| Untracked 
| 247|0x000000075ee00000, 0x000000075ee00000, 0x000000075f000000|  0%| F|  |TAMS 0x000000075ee00000| PB 0x000000075ee00000| Untracked 
| 248|0x000000075f000000, 0x000000075f000000, 0x000000075f200000|  0%| F|  |TAMS 0x000000075f000000| PB 0x000000075f000000| Untracked 
| 249|0x000000075f200000, 0x000000075f200000, 0x000000075f400000|  0%| F|  |TAMS 0x000000075f200000| PB 0x000000075f200000| Untracked 
| 250|0x000000075f400000, 0x000000075f400000, 0x000000075f600000|  0%| F|  |TAMS 0x000000075f400000| PB 0x000000075f400000| Untracked 
| 251|0x000000075f600000, 0x000000075f600000, 0x000000075f800000|  0%| F|  |TAMS 0x000000075f600000| PB 0x000000075f600000| Untracked 
| 252|0x000000075f800000, 0x000000075f800000, 0x000000075fa00000|  0%| F|  |TAMS 0x000000075f800000| PB 0x000000075f800000| Untracked 
| 253|0x000000075fa00000, 0x000000075fa00000, 0x000000075fc00000|  0%| F|  |TAMS 0x000000075fa00000| PB 0x000000075fa00000| Untracked 
| 254|0x000000075fc00000, 0x000000075fc00000, 0x000000075fe00000|  0%| F|  |TAMS 0x000000075fc00000| PB 0x000000075fc00000| Untracked 
| 255|0x000000075fe00000, 0x000000075fe00000, 0x0000000760000000|  0%| F|  |TAMS 0x000000075fe00000| PB 0x000000075fe00000| Untracked 
| 256|0x0000000760000000, 0x0000000760000000, 0x0000000760200000|  0%| F|  |TAMS 0x0000000760000000| PB 0x0000000760000000| Untracked 
| 257|0x0000000760200000, 0x0000000760200000, 0x0000000760400000|  0%| F|  |TAMS 0x0000000760200000| PB 0x0000000760200000| Untracked 
| 258|0x0000000760400000, 0x0000000760400000, 0x0000000760600000|  0%| F|  |TAMS 0x0000000760400000| PB 0x0000000760400000| Untracked 
| 259|0x0000000760600000, 0x0000000760600000, 0x0000000760800000|  0%| F|  |TAMS 0x0000000760600000| PB 0x0000000760600000| Untracked 
| 260|0x0000000760800000, 0x0000000760800000, 0x0000000760a00000|  0%| F|  |TAMS 0x0000000760800000| PB 0x0000000760800000| Untracked 
| 261|0x0000000760a00000, 0x0000000760a00000, 0x0000000760c00000|  0%| F|  |TAMS 0x0000000760a00000| PB 0x0000000760a00000| Untracked 
| 262|0x0000000760c00000, 0x0000000760c00000, 0x0000000760e00000|  0%| F|  |TAMS 0x0000000760c00000| PB 0x0000000760c00000| Untracked 
| 263|0x0000000760e00000, 0x0000000760e00000, 0x0000000761000000|  0%| F|  |TAMS 0x0000000760e00000| PB 0x0000000760e00000| Untracked 
| 264|0x0000000761000000, 0x0000000761000000, 0x0000000761200000|  0%| F|  |TAMS 0x0000000761000000| PB 0x0000000761000000| Untracked 
| 265|0x0000000761200000, 0x0000000761200000, 0x0000000761400000|  0%| F|  |TAMS 0x0000000761200000| PB 0x0000000761200000| Untracked 
| 266|0x0000000761400000, 0x0000000761400000, 0x0000000761600000|  0%| F|  |TAMS 0x0000000761400000| PB 0x0000000761400000| Untracked 
| 267|0x0000000761600000, 0x0000000761600000, 0x0000000761800000|  0%| F|  |TAMS 0x0000000761600000| PB 0x0000000761600000| Untracked 
| 268|0x0000000761800000, 0x0000000761800000, 0x0000000761a00000|  0%| F|  |TAMS 0x0000000761800000| PB 0x0000000761800000| Untracked 
| 269|0x0000000761a00000, 0x0000000761a00000, 0x0000000761c00000|  0%| F|  |TAMS 0x0000000761a00000| PB 0x0000000761a00000| Untracked 
| 270|0x0000000761c00000, 0x0000000761c00000, 0x0000000761e00000|  0%| F|  |TAMS 0x0000000761c00000| PB 0x0000000761c00000| Untracked 
| 271|0x0000000761e00000, 0x0000000761e00000, 0x0000000762000000|  0%| F|  |TAMS 0x0000000761e00000| PB 0x0000000761e00000| Untracked 
| 272|0x0000000762000000, 0x0000000762000000, 0x0000000762200000|  0%| F|  |TAMS 0x0000000762000000| PB 0x0000000762000000| Untracked 
| 273|0x0000000762200000, 0x0000000762200000, 0x0000000762400000|  0%| F|  |TAMS 0x0000000762200000| PB 0x0000000762200000| Untracked 
| 274|0x0000000762400000, 0x0000000762400000, 0x0000000762600000|  0%| F|  |TAMS 0x0000000762400000| PB 0x0000000762400000| Untracked 
| 275|0x0000000762600000, 0x0000000762600000, 0x0000000762800000|  0%| F|  |TAMS 0x0000000762600000| PB 0x0000000762600000| Untracked 
| 276|0x0000000762800000, 0x0000000762800000, 0x0000000762a00000|  0%| F|  |TAMS 0x0000000762800000| PB 0x0000000762800000| Untracked 
| 277|0x0000000762a00000, 0x0000000762a00000, 0x0000000762c00000|  0%| F|  |TAMS 0x0000000762a00000| PB 0x0000000762a00000| Untracked 
| 278|0x0000000762c00000, 0x0000000762c00000, 0x0000000762e00000|  0%| F|  |TAMS 0x0000000762c00000| PB 0x0000000762c00000| Untracked 
| 279|0x0000000762e00000, 0x0000000762e00000, 0x0000000763000000|  0%| F|  |TAMS 0x0000000762e00000| PB 0x0000000762e00000| Untracked 
| 280|0x0000000763000000, 0x0000000763000000, 0x0000000763200000|  0%| F|  |TAMS 0x0000000763000000| PB 0x0000000763000000| Untracked 
| 281|0x0000000763200000, 0x0000000763200000, 0x0000000763400000|  0%| F|  |TAMS 0x0000000763200000| PB 0x0000000763200000| Untracked 
| 282|0x0000000763400000, 0x0000000763400000, 0x0000000763600000|  0%| F|  |TAMS 0x0000000763400000| PB 0x0000000763400000| Untracked 
| 283|0x0000000763600000, 0x0000000763600000, 0x0000000763800000|  0%| F|  |TAMS 0x0000000763600000| PB 0x0000000763600000| Untracked 
| 284|0x0000000763800000, 0x0000000763800000, 0x0000000763a00000|  0%| F|  |TAMS 0x0000000763800000| PB 0x0000000763800000| Untracked 
| 285|0x0000000763a00000, 0x0000000763a00000, 0x0000000763c00000|  0%| F|  |TAMS 0x0000000763a00000| PB 0x0000000763a00000| Untracked 
| 286|0x0000000763c00000, 0x0000000763c00000, 0x0000000763e00000|  0%| F|  |TAMS 0x0000000763c00000| PB 0x0000000763c00000| Untracked 
| 287|0x0000000763e00000, 0x0000000763e00000, 0x0000000764000000|  0%| F|  |TAMS 0x0000000763e00000| PB 0x0000000763e00000| Untracked 
| 288|0x0000000764000000, 0x0000000764000000, 0x0000000764200000|  0%| F|  |TAMS 0x0000000764000000| PB 0x0000000764000000| Untracked 
| 289|0x0000000764200000, 0x0000000764200000, 0x0000000764400000|  0%| F|  |TAMS 0x0000000764200000| PB 0x0000000764200000| Untracked 
| 290|0x0000000764400000, 0x0000000764400000, 0x0000000764600000|  0%| F|  |TAMS 0x0000000764400000| PB 0x0000000764400000| Untracked 
| 291|0x0000000764600000, 0x0000000764600000, 0x0000000764800000|  0%| F|  |TAMS 0x0000000764600000| PB 0x0000000764600000| Untracked 
| 292|0x0000000764800000, 0x0000000764800000, 0x0000000764a00000|  0%| F|  |TAMS 0x0000000764800000| PB 0x0000000764800000| Untracked 
| 293|0x0000000764a00000, 0x0000000764a00000, 0x0000000764c00000|  0%| F|  |TAMS 0x0000000764a00000| PB 0x0000000764a00000| Untracked 
| 294|0x0000000764c00000, 0x0000000764c00000, 0x0000000764e00000|  0%| F|  |TAMS 0x0000000764c00000| PB 0x0000000764c00000| Untracked 
| 295|0x0000000764e00000, 0x0000000764e00000, 0x0000000765000000|  0%| F|  |TAMS 0x0000000764e00000| PB 0x0000000764e00000| Untracked 
| 296|0x0000000765000000, 0x0000000765000000, 0x0000000765200000|  0%| F|  |TAMS 0x0000000765000000| PB 0x0000000765000000| Untracked 
| 297|0x0000000765200000, 0x0000000765200000, 0x0000000765400000|  0%| F|  |TAMS 0x0000000765200000| PB 0x0000000765200000| Untracked 
| 298|0x0000000765400000, 0x0000000765400000, 0x0000000765600000|  0%| F|  |TAMS 0x0000000765400000| PB 0x0000000765400000| Untracked 
| 299|0x0000000765600000, 0x0000000765600000, 0x0000000765800000|  0%| F|  |TAMS 0x0000000765600000| PB 0x0000000765600000| Untracked 
| 300|0x0000000765800000, 0x0000000765800000, 0x0000000765a00000|  0%| F|  |TAMS 0x0000000765800000| PB 0x0000000765800000| Untracked 
| 301|0x0000000765a00000, 0x0000000765a00000, 0x0000000765c00000|  0%| F|  |TAMS 0x0000000765a00000| PB 0x0000000765a00000| Untracked 
| 302|0x0000000765c00000, 0x0000000765c00000, 0x0000000765e00000|  0%| F|  |TAMS 0x0000000765c00000| PB 0x0000000765c00000| Untracked 
| 303|0x0000000765e00000, 0x0000000765e00000, 0x0000000766000000|  0%| F|  |TAMS 0x0000000765e00000| PB 0x0000000765e00000| Untracked 
| 304|0x0000000766000000, 0x0000000766000000, 0x0000000766200000|  0%| F|  |TAMS 0x0000000766000000| PB 0x0000000766000000| Untracked 
| 305|0x0000000766200000, 0x0000000766200000, 0x0000000766400000|  0%| F|  |TAMS 0x0000000766200000| PB 0x0000000766200000| Untracked 
| 306|0x0000000766400000, 0x0000000766400000, 0x0000000766600000|  0%| F|  |TAMS 0x0000000766400000| PB 0x0000000766400000| Untracked 
| 307|0x0000000766600000, 0x0000000766600000, 0x0000000766800000|  0%| F|  |TAMS 0x0000000766600000| PB 0x0000000766600000| Untracked 
| 308|0x0000000766800000, 0x0000000766800000, 0x0000000766a00000|  0%| F|  |TAMS 0x0000000766800000| PB 0x0000000766800000| Untracked 
| 309|0x0000000766a00000, 0x0000000766a00000, 0x0000000766c00000|  0%| F|  |TAMS 0x0000000766a00000| PB 0x0000000766a00000| Untracked 
| 310|0x0000000766c00000, 0x0000000766c00000, 0x0000000766e00000|  0%| F|  |TAMS 0x0000000766c00000| PB 0x0000000766c00000| Untracked 
| 311|0x0000000766e00000, 0x0000000766e00000, 0x0000000767000000|  0%| F|  |TAMS 0x0000000766e00000| PB 0x0000000766e00000| Untracked 
| 312|0x0000000767000000, 0x0000000767000000, 0x0000000767200000|  0%| F|  |TAMS 0x0000000767000000| PB 0x0000000767000000| Untracked 
| 313|0x0000000767200000, 0x0000000767200000, 0x0000000767400000|  0%| F|  |TAMS 0x0000000767200000| PB 0x0000000767200000| Untracked 
| 314|0x0000000767400000, 0x0000000767400000, 0x0000000767600000|  0%| F|  |TAMS 0x0000000767400000| PB 0x0000000767400000| Untracked 
| 315|0x0000000767600000, 0x0000000767600000, 0x0000000767800000|  0%| F|  |TAMS 0x0000000767600000| PB 0x0000000767600000| Untracked 
| 316|0x0000000767800000, 0x0000000767800000, 0x0000000767a00000|  0%| F|  |TAMS 0x0000000767800000| PB 0x0000000767800000| Untracked 
| 317|0x0000000767a00000, 0x0000000767a00000, 0x0000000767c00000|  0%| F|  |TAMS 0x0000000767a00000| PB 0x0000000767a00000| Untracked 
| 318|0x0000000767c00000, 0x0000000767c00000, 0x0000000767e00000|  0%| F|  |TAMS 0x0000000767c00000| PB 0x0000000767c00000| Untracked 
| 319|0x0000000767e00000, 0x0000000767e00000, 0x0000000768000000|  0%| F|  |TAMS 0x0000000767e00000| PB 0x0000000767e00000| Untracked 
| 320|0x0000000768000000, 0x0000000768000000, 0x0000000768200000|  0%| F|  |TAMS 0x0000000768000000| PB 0x0000000768000000| Untracked 
| 321|0x0000000768200000, 0x0000000768200000, 0x0000000768400000|  0%| F|  |TAMS 0x0000000768200000| PB 0x0000000768200000| Untracked 
| 322|0x0000000768400000, 0x0000000768400000, 0x0000000768600000|  0%| F|  |TAMS 0x0000000768400000| PB 0x0000000768400000| Untracked 
| 323|0x0000000768600000, 0x0000000768600000, 0x0000000768800000|  0%| F|  |TAMS 0x0000000768600000| PB 0x0000000768600000| Untracked 
| 324|0x0000000768800000, 0x0000000768800000, 0x0000000768a00000|  0%| F|  |TAMS 0x0000000768800000| PB 0x0000000768800000| Untracked 
| 325|0x0000000768a00000, 0x0000000768a00000, 0x0000000768c00000|  0%| F|  |TAMS 0x0000000768a00000| PB 0x0000000768a00000| Untracked 
| 326|0x0000000768c00000, 0x0000000768c00000, 0x0000000768e00000|  0%| F|  |TAMS 0x0000000768c00000| PB 0x0000000768c00000| Untracked 
| 327|0x0000000768e00000, 0x0000000768e00000, 0x0000000769000000|  0%| F|  |TAMS 0x0000000768e00000| PB 0x0000000768e00000| Untracked 
| 328|0x0000000769000000, 0x0000000769000000, 0x0000000769200000|  0%| F|  |TAMS 0x0000000769000000| PB 0x0000000769000000| Untracked 
| 329|0x0000000769200000, 0x0000000769200000, 0x0000000769400000|  0%| F|  |TAMS 0x0000000769200000| PB 0x0000000769200000| Untracked 
| 330|0x0000000769400000, 0x0000000769400000, 0x0000000769600000|  0%| F|  |TAMS 0x0000000769400000| PB 0x0000000769400000| Untracked 
| 331|0x0000000769600000, 0x0000000769600000, 0x0000000769800000|  0%| F|  |TAMS 0x0000000769600000| PB 0x0000000769600000| Untracked 
| 332|0x0000000769800000, 0x0000000769800000, 0x0000000769a00000|  0%| F|  |TAMS 0x0000000769800000| PB 0x0000000769800000| Untracked 
| 333|0x0000000769a00000, 0x0000000769a00000, 0x0000000769c00000|  0%| F|  |TAMS 0x0000000769a00000| PB 0x0000000769a00000| Untracked 
| 334|0x0000000769c00000, 0x0000000769c00000, 0x0000000769e00000|  0%| F|  |TAMS 0x0000000769c00000| PB 0x0000000769c00000| Untracked 
| 335|0x0000000769e00000, 0x0000000769e00000, 0x000000076a000000|  0%| F|  |TAMS 0x0000000769e00000| PB 0x0000000769e00000| Untracked 
| 336|0x000000076a000000, 0x000000076a000000, 0x000000076a200000|  0%| F|  |TAMS 0x000000076a000000| PB 0x000000076a000000| Untracked 
| 337|0x000000076a200000, 0x000000076a200000, 0x000000076a400000|  0%| F|  |TAMS 0x000000076a200000| PB 0x000000076a200000| Untracked 
| 338|0x000000076a400000, 0x000000076a400000, 0x000000076a600000|  0%| F|  |TAMS 0x000000076a400000| PB 0x000000076a400000| Untracked 
| 339|0x000000076a600000, 0x000000076a600000, 0x000000076a800000|  0%| F|  |TAMS 0x000000076a600000| PB 0x000000076a600000| Untracked 
| 340|0x000000076a800000, 0x000000076a800000, 0x000000076aa00000|  0%| F|  |TAMS 0x000000076a800000| PB 0x000000076a800000| Untracked 
| 341|0x000000076aa00000, 0x000000076aa00000, 0x000000076ac00000|  0%| F|  |TAMS 0x000000076aa00000| PB 0x000000076aa00000| Untracked 
| 342|0x000000076ac00000, 0x000000076ac00000, 0x000000076ae00000|  0%| F|  |TAMS 0x000000076ac00000| PB 0x000000076ac00000| Untracked 
| 343|0x000000076ae00000, 0x000000076ae00000, 0x000000076b000000|  0%| F|  |TAMS 0x000000076ae00000| PB 0x000000076ae00000| Untracked 
| 344|0x000000076b000000, 0x000000076b000000, 0x000000076b200000|  0%| F|  |TAMS 0x000000076b000000| PB 0x000000076b000000| Untracked 
| 345|0x000000076b200000, 0x000000076b287af8, 0x000000076b400000| 26%| E|  |TAMS 0x000000076b200000| PB 0x000000076b200000| Complete 
| 346|0x000000076b400000, 0x000000076b600000, 0x000000076b600000|100%| E|CS|TAMS 0x000000076b400000| PB 0x000000076b400000| Complete 
| 347|0x000000076b600000, 0x000000076b800000, 0x000000076b800000|100%| E|CS|TAMS 0x000000076b600000| PB 0x000000076b600000| Complete 
| 348|0x000000076b800000, 0x000000076ba00000, 0x000000076ba00000|100%| S|CS|TAMS 0x000000076b800000| PB 0x000000076b800000| Complete 
| 349|0x000000076ba00000, 0x000000076bc00000, 0x000000076bc00000|100%| S|CS|TAMS 0x000000076ba00000| PB 0x000000076ba00000| Complete 
| 350|0x000000076bc00000, 0x000000076be00000, 0x000000076be00000|100%| S|CS|TAMS 0x000000076bc00000| PB 0x000000076bc00000| Complete 
| 351|0x000000076be00000, 0x000000076c000000, 0x000000076c000000|100%| S|CS|TAMS 0x000000076be00000| PB 0x000000076be00000| Complete 
| 352|0x000000076c000000, 0x000000076c200000, 0x000000076c200000|100%| S|CS|TAMS 0x000000076c000000| PB 0x000000076c000000| Complete 
| 353|0x000000076c200000, 0x000000076c400000, 0x000000076c400000|100%| E|CS|TAMS 0x000000076c200000| PB 0x000000076c200000| Complete 
| 354|0x000000076c400000, 0x000000076c600000, 0x000000076c600000|100%| E|CS|TAMS 0x000000076c400000| PB 0x000000076c400000| Complete 
| 355|0x000000076c600000, 0x000000076c800000, 0x000000076c800000|100%| E|CS|TAMS 0x000000076c600000| PB 0x000000076c600000| Complete 
| 356|0x000000076c800000, 0x000000076ca00000, 0x000000076ca00000|100%| E|CS|TAMS 0x000000076c800000| PB 0x000000076c800000| Complete 
| 357|0x000000076ca00000, 0x000000076cc00000, 0x000000076cc00000|100%| E|CS|TAMS 0x000000076ca00000| PB 0x000000076ca00000| Complete 
| 358|0x000000076cc00000, 0x000000076ce00000, 0x000000076ce00000|100%| E|CS|TAMS 0x000000076cc00000| PB 0x000000076cc00000| Complete 
| 359|0x000000076ce00000, 0x000000076d000000, 0x000000076d000000|100%| E|CS|TAMS 0x000000076ce00000| PB 0x000000076ce00000| Complete 
| 360|0x000000076d000000, 0x000000076d200000, 0x000000076d200000|100%| E|CS|TAMS 0x000000076d000000| PB 0x000000076d000000| Complete 
| 361|0x000000076d200000, 0x000000076d400000, 0x000000076d400000|100%| E|CS|TAMS 0x000000076d200000| PB 0x000000076d200000| Complete 
| 362|0x000000076d400000, 0x000000076d600000, 0x000000076d600000|100%| E|CS|TAMS 0x000000076d400000| PB 0x000000076d400000| Complete 
| 363|0x000000076d600000, 0x000000076d800000, 0x000000076d800000|100%| E|CS|TAMS 0x000000076d600000| PB 0x000000076d600000| Complete 
| 364|0x000000076d800000, 0x000000076da00000, 0x000000076da00000|100%| E|CS|TAMS 0x000000076d800000| PB 0x000000076d800000| Complete 
| 365|0x000000076da00000, 0x000000076dc00000, 0x000000076dc00000|100%| E|CS|TAMS 0x000000076da00000| PB 0x000000076da00000| Complete 
| 366|0x000000076dc00000, 0x000000076de00000, 0x000000076de00000|100%| E|CS|TAMS 0x000000076dc00000| PB 0x000000076dc00000| Complete 
| 367|0x000000076de00000, 0x000000076e000000, 0x000000076e000000|100%| E|CS|TAMS 0x000000076de00000| PB 0x000000076de00000| Complete 
| 368|0x000000076e000000, 0x000000076e200000, 0x000000076e200000|100%| E|CS|TAMS 0x000000076e000000| PB 0x000000076e000000| Complete 
| 369|0x000000076e200000, 0x000000076e400000, 0x000000076e400000|100%| E|CS|TAMS 0x000000076e200000| PB 0x000000076e200000| Complete 
| 370|0x000000076e400000, 0x000000076e600000, 0x000000076e600000|100%| E|CS|TAMS 0x000000076e400000| PB 0x000000076e400000| Complete 
| 371|0x000000076e600000, 0x000000076e800000, 0x000000076e800000|100%| E|CS|TAMS 0x000000076e600000| PB 0x000000076e600000| Complete 

Card table byte_map: [0x000001804f950000,0x000001804ff50000] _byte_map_base: 0x000001804bf50000

Marking Bits: (CMBitMap*) 0x000001803c3cf360
 Bits: [0x000001804ff50000, 0x0000018052f50000)

Polling page: 0x000001803a120000

Metaspace:

Usage:
  Non-class:     65.27 MB used.
      Class:      8.50 MB used.
       Both:     73.77 MB used.

Virtual space:
  Non-class space:      128.00 MB reserved,      66.88 MB ( 52%) committed,  2 nodes.
      Class space:        1.00 GB reserved,       9.50 MB ( <1%) committed,  1 nodes.
             Both:        1.12 GB reserved,      76.38 MB (  7%) committed. 

Chunk freelists:
   Non-Class:  12.66 MB
       Class:  6.45 MB
        Both:  19.11 MB

MaxMetaspaceSize: unlimited
CompressedClassSpaceSize: 1.00 GB
Initial GC threshold: 21.00 MB
Current GC threshold: 125.31 MB
CDS: on
 - commit_granule_bytes: 65536.
 - commit_granule_words: 8192.
 - virtual_space_node_default_size: 8388608.
 - enlarge_chunks_in_place: 1.
 - use_allocation_guard: 0.


Internal statistics:

num_allocs_failed_limit: 17.
num_arena_births: 1796.
num_arena_deaths: 0.
num_vsnodes_births: 3.
num_vsnodes_deaths: 0.
num_space_committed: 1221.
num_space_uncommitted: 0.
num_chunks_returned_to_freelist: 17.
num_chunks_taken_from_freelist: 5146.
num_chunk_merges: 12.
num_chunk_splits: 3238.
num_chunks_enlarged: 1862.
num_inconsistent_stats: 0.

CodeHeap 'non-profiled nmethods': size=119168Kb used=9250Kb max_used=10099Kb free=109917Kb
 bounds [0x0000018047100000, 0x0000018047af0000, 0x000001804e560000]
CodeHeap 'profiled nmethods': size=119104Kb used=21541Kb max_used=26294Kb free=97562Kb
 bounds [0x000001803f560000, 0x0000018040f10000, 0x00000180469b0000]
CodeHeap 'non-nmethods': size=7488Kb used=3887Kb max_used=3965Kb free=3600Kb
 bounds [0x00000180469b0000, 0x0000018046da0000, 0x0000018047100000]
 total_blobs=12224 nmethods=11087 adapters=1037
 compilation: enabled
              stopped_count=0, restarted_count=0
 full_count=0

Compilation events (20 events):
Event: 12.997 Thread 0x000001805665ffb0 14588       3       java.nio.file.Files$AcceptAllFilter::accept (9 bytes)
Event: 12.997 Thread 0x000001805687c580 14589       3       org.cef.OS::getOSType (82 bytes)
Event: 12.997 Thread 0x000001805665ffb0 nmethod 14588 0x000001803fd54810 code [0x000001803fd549c0, 0x000001803fd54c38]
Event: 12.997 Thread 0x000001805687c580 nmethod 14589 0x000001803fb33510 code [0x000001803fb337c0, 0x000001803fb342f8]
Event: 12.998 Thread 0x0000018055e16790 14590       1       java.nio.file.FileTreeWalker$Event::file (5 bytes)
Event: 12.998 Thread 0x0000018055e16790 nmethod 14590 0x00000180475a4e10 code [0x00000180475a4fa0, 0x00000180475a5070]
Event: 13.009 Thread 0x000001809f63cdf0 nmethod 14363 0x00000180473a1390 code [0x00000180473a19a0, 0x00000180473a6878]
Event: 13.028 Thread 0x000001805665ffb0 14591       3       java.util.logging.LogManager$LoggerContext::requiresDefaultLoggers (29 bytes)
Event: 13.029 Thread 0x000001805665ffb0 nmethod 14591 0x000001804047df90 code [0x000001804047e140, 0x000001804047e348]
Event: 13.030 Thread 0x000001809f63cdf0 14593       4       java.lang.StringBuilder::append (8 bytes)
Event: 13.031 Thread 0x000001805665ffb0 14595       3       java.lang.StringUTF16::indexOfChar (14 bytes)
Event: 13.031 Thread 0x000001809c1f04e0 14594       3       java.lang.StringUTF16::indexOf (44 bytes)
Event: 13.031 Thread 0x000001805665ffb0 nmethod 14595 0x000001803f789410 code [0x000001803f789600, 0x000001803f789aa0]
Event: 13.031 Thread 0x000001809c1f04e0 nmethod 14594 0x00000180403ed510 code [0x00000180403ed740, 0x00000180403ede68]
Event: 13.035 Thread 0x000001809f63cdf0 nmethod 14593 0x00000180471a7410 code [0x00000180471a75e0, 0x00000180471a7ce8]
Event: 13.095 Thread 0x000001809f63b980 nmethod 14577 0x00000180471c4b10 code [0x00000180471c5580, 0x00000180471cdbe0]
Event: 13.382 Thread 0x000001805665ffb0 14596       3       org.cef.CefApp$6::accept (31 bytes)
Event: 13.382 Thread 0x000001805665ffb0 nmethod 14596 0x000001803fe21f10 code [0x000001803fe220e0, 0x000001803fe22368]
Event: 13.392 Thread 0x000001809f63b2b0 14597       4       org.cef.CefApp$6::accept (31 bytes)
Event: 13.393 Thread 0x000001809f63b2b0 nmethod 14597 0x0000018047912790 code [0x0000018047912960, 0x0000018047912b78]

GC Heap History (20 events):
Event: 7.907 GC heap before
{Heap before GC invocations=11 (full 0):
 garbage-first heap   total 524288K, used 83994K [0x0000000740000000, 0x0000000800000000)
  region size 2048K, 15 young (30720K), 11 survivors (22528K)
 Metaspace       used 58897K, committed 60800K, reserved 1114112K
  class space    used 6687K, committed 7424K, reserved 1048576K
}
Event: 7.913 GC heap after
{Heap after GC invocations=12 (full 0):
 garbage-first heap   total 524288K, used 77994K [0x0000000740000000, 0x0000000800000000)
  region size 2048K, 11 young (22528K), 11 survivors (22528K)
 Metaspace       used 58897K, committed 60800K, reserved 1114112K
  class space    used 6687K, committed 7424K, reserved 1048576K
}
Event: 7.965 GC heap before
{Heap before GC invocations=12 (full 0):
 garbage-first heap   total 524288K, used 82090K [0x0000000740000000, 0x0000000800000000)
  region size 2048K, 14 young (28672K), 11 survivors (22528K)
 Metaspace       used 59157K, committed 61120K, reserved 1114112K
  class space    used 6724K, committed 7488K, reserved 1048576K
}
Event: 7.969 GC heap after
{Heap after GC invocations=13 (full 0):
 garbage-first heap   total 524288K, used 78054K [0x0000000740000000, 0x0000000800000000)
  region size 2048K, 11 young (22528K), 11 survivors (22528K)
 Metaspace       used 59157K, committed 61120K, reserved 1114112K
  class space    used 6724K, committed 7488K, reserved 1048576K
}
Event: 10.000 GC heap before
{Heap before GC invocations=14 (full 0):
 garbage-first heap   total 524288K, used 368870K [0x0000000740000000, 0x0000000800000000)
  region size 2048K, 153 young (313344K), 11 survivors (22528K)
 Metaspace       used 66052K, committed 68416K, reserved 1114112K
  class space    used 7568K, committed 8448K, reserved 1048576K
}
Event: 10.030 GC heap after
{Heap after GC invocations=15 (full 0):
 garbage-first heap   total 524288K, used 180701K [0x0000000740000000, 0x0000000800000000)
  region size 2048K, 20 young (40960K), 20 survivors (40960K)
 Metaspace       used 66052K, committed 68416K, reserved 1114112K
  class space    used 7568K, committed 8448K, reserved 1048576K
}
Event: 10.209 GC heap before
{Heap before GC invocations=15 (full 0):
 garbage-first heap   total 524288K, used 217565K [0x0000000740000000, 0x0000000800000000)
  region size 2048K, 38 young (77824K), 20 survivors (40960K)
 Metaspace       used 66053K, committed 68416K, reserved 1114112K
  class space    used 7568K, committed 8448K, reserved 1048576K
}
Event: 10.223 GC heap after
{Heap after GC invocations=16 (full 0):
 garbage-first heap   total 524288K, used 201361K [0x0000000740000000, 0x0000000800000000)
  region size 2048K, 5 young (10240K), 5 survivors (10240K)
 Metaspace       used 66053K, committed 68416K, reserved 1114112K
  class space    used 7568K, committed 8448K, reserved 1048576K
}
Event: 10.944 GC heap before
{Heap before GC invocations=16 (full 0):
 garbage-first heap   total 524288K, used 389777K [0x0000000740000000, 0x0000000800000000)
  region size 2048K, 97 young (198656K), 5 survivors (10240K)
 Metaspace       used 68069K, committed 70336K, reserved 1114112K
  class space    used 7828K, committed 8704K, reserved 1048576K
}
Event: 10.962 GC heap after
{Heap after GC invocations=17 (full 0):
 garbage-first heap   total 524288K, used 288296K [0x0000000740000000, 0x0000000800000000)
  region size 2048K, 13 young (26624K), 13 survivors (26624K)
 Metaspace       used 68069K, committed 70336K, reserved 1114112K
  class space    used 7828K, committed 8704K, reserved 1048576K
}
Event: 11.414 GC heap before
{Heap before GC invocations=17 (full 0):
 garbage-first heap   total 524288K, used 411176K [0x0000000740000000, 0x0000000800000000)
  region size 2048K, 73 young (149504K), 13 survivors (26624K)
 Metaspace       used 68069K, committed 70336K, reserved 1114112K
  class space    used 7828K, committed 8704K, reserved 1048576K
}
Event: 11.434 GC heap after
{Heap after GC invocations=18 (full 0):
 garbage-first heap   total 524288K, used 349184K [0x0000000740000000, 0x0000000800000000)
  region size 2048K, 10 young (20480K), 10 survivors (20480K)
 Metaspace       used 68069K, committed 70336K, reserved 1114112K
  class space    used 7828K, committed 8704K, reserved 1048576K
}
Event: 11.778 GC heap before
{Heap before GC invocations=19 (full 0):
 garbage-first heap   total 583680K, used 433152K [0x0000000740000000, 0x0000000800000000)
  region size 2048K, 51 young (104448K), 10 survivors (20480K)
 Metaspace       used 68137K, committed 70400K, reserved 1114112K
  class space    used 7838K, committed 8704K, reserved 1048576K
}
Event: 11.790 GC heap after
{Heap after GC invocations=20 (full 0):
 garbage-first heap   total 583680K, used 395264K [0x0000000740000000, 0x0000000800000000)
  region size 2048K, 7 young (14336K), 7 survivors (14336K)
 Metaspace       used 68137K, committed 70400K, reserved 1114112K
  class space    used 7838K, committed 8704K, reserved 1048576K
}
Event: 12.102 GC heap before
{Heap before GC invocations=20 (full 0):
 garbage-first heap   total 583680K, used 483328K [0x0000000740000000, 0x0000000800000000)
  region size 2048K, 50 young (102400K), 7 survivors (14336K)
 Metaspace       used 68137K, committed 70400K, reserved 1114112K
  class space    used 7838K, committed 8704K, reserved 1048576K
}
Event: 12.118 GC heap after
{Heap after GC invocations=21 (full 0):
 garbage-first heap   total 583680K, used 417792K [0x0000000740000000, 0x0000000800000000)
  region size 2048K, 7 young (14336K), 7 survivors (14336K)
 Metaspace       used 68137K, committed 70400K, reserved 1114112K
  class space    used 7838K, committed 8704K, reserved 1048576K
}
Event: 12.528 GC heap before
{Heap before GC invocations=21 (full 0):
 garbage-first heap   total 583680K, used 493568K [0x0000000740000000, 0x0000000800000000)
  region size 2048K, 44 young (90112K), 7 survivors (14336K)
 Metaspace       used 74297K, committed 76992K, reserved 1179648K
  class space    used 8560K, committed 9600K, reserved 1048576K
}
Event: 12.537 GC heap after
{Heap after GC invocations=22 (full 0):
 garbage-first heap   total 583680K, used 456015K [0x0000000740000000, 0x0000000800000000)
  region size 2048K, 6 young (12288K), 6 survivors (12288K)
 Metaspace       used 74297K, committed 76992K, reserved 1179648K
  class space    used 8560K, committed 9600K, reserved 1048576K
}
Event: 12.823 GC heap before
{Heap before GC invocations=23 (full 0):
 garbage-first heap   total 761856K, used 511311K [0x0000000740000000, 0x0000000800000000)
  region size 2048K, 33 young (67584K), 6 survivors (12288K)
 Metaspace       used 74785K, committed 77504K, reserved 1179648K
  class space    used 8609K, committed 9664K, reserved 1048576K
}
Event: 12.831 GC heap after
{Heap after GC invocations=24 (full 0):
 garbage-first heap   total 761856K, used 499712K [0x0000000740000000, 0x0000000800000000)
  region size 2048K, 5 young (10240K), 5 survivors (10240K)
 Metaspace       used 74785K, committed 77504K, reserved 1179648K
  class space    used 8609K, committed 9664K, reserved 1048576K
}

Dll operation events (18 events):
Event: 0.005 Loaded shared library E:\Software\Renesas\RA\sc_v2025-12_fsp_v6.4.0\eclipse\plugins\org.eclipse.justj.openjdk.hotspot.jre.full.stripped.win32.x86_64_21.0.7.v20250502-0916\jre\bin\java.dll
Event: 0.022 Loaded shared library E:\Software\Renesas\RA\sc_v2025-12_fsp_v6.4.0\eclipse\plugins\org.eclipse.justj.openjdk.hotspot.jre.full.stripped.win32.x86_64_21.0.7.v20250502-0916\jre\bin\zip.dll
Event: 0.047 Loaded shared library E:\Software\Renesas\RA\sc_v2025-12_fsp_v6.4.0\eclipse\plugins\org.eclipse.justj.openjdk.hotspot.jre.full.stripped.win32.x86_64_21.0.7.v20250502-0916\jre\bin\net.dll
Event: 0.049 Loaded shared library E:\Software\Renesas\RA\sc_v2025-12_fsp_v6.4.0\eclipse\plugins\org.eclipse.justj.openjdk.hotspot.jre.full.stripped.win32.x86_64_21.0.7.v20250502-0916\jre\bin\nio.dll
Event: 0.050 Loaded shared library E:\Software\Renesas\RA\sc_v2025-12_fsp_v6.4.0\eclipse\plugins\org.eclipse.justj.openjdk.hotspot.jre.full.stripped.win32.x86_64_21.0.7.v20250502-0916\jre\bin\zip.dll
Event: 0.070 Loaded shared library E:\Software\Renesas\RA\sc_v2025-12_fsp_v6.4.0\eclipse\plugins\org.eclipse.justj.openjdk.hotspot.jre.full.stripped.win32.x86_64_21.0.7.v20250502-0916\jre\bin\jimage.dll
Event: 1.268 Loaded shared library E:\Software\Renesas\RA\sc_v2025-12_fsp_v6.4.0\eclipse\plugins\org.eclipse.justj.openjdk.hotspot.jre.full.stripped.win32.x86_64_21.0.7.v20250502-0916\jre\bin\verify.dll
Event: 4.504 Loaded shared library E:\Software\Renesas\RA\sc_v2025-12_fsp_v6.4.0\eclipse\configuration\org.eclipse.osgi\366\0\.cp\swt-osversion-win32-4969r18.dll
Event: 4.513 Loaded shared library E:\Software\Renesas\RA\sc_v2025-12_fsp_v6.4.0\eclipse\configuration\org.eclipse.osgi\366\0\.cp\swt-win32-4969r18.dll
Event: 4.563 Loaded shared library E:\Software\Renesas\RA\sc_v2025-12_fsp_v6.4.0\eclipse\configuration\org.eclipse.osgi\366\0\.cp\swt-gdip-win32-4969r18.dll
Event: 5.578 Loaded shared library E:\Software\Renesas\RA\sc_v2025-12_fsp_v6.4.0\eclipse\plugins\org.eclipse.justj.openjdk.hotspot.jre.full.stripped.win32.x86_64_21.0.7.v20250502-0916\jre\bin\awt.dll
Event: 6.403 Loaded shared library E:\Software\Renesas\RA\sc_v2025-12_fsp_v6.4.0\eclipse\plugins\org.eclipse.justj.openjdk.hotspot.jre.full.stripped.win32.x86_64_21.0.7.v20250502-0916\jre\bin\mlib_image.dll
Event: 7.311 Loaded shared library C:\Users\31634\AppData\Local\Temp\jna-48612857\jna14108528970877038633.dll
Event: 7.744 Loaded shared library E:\Software\Renesas\RA\sc_v2025-12_fsp_v6.4.0\eclipse\plugins\org.eclipse.justj.openjdk.hotspot.jre.full.stripped.win32.x86_64_21.0.7.v20250502-0916\jre\bin\sunmscapi.dll
Event: 10.234 Loaded shared library E:\Software\Renesas\RA\sc_v2025-12_fsp_v6.4.0\eclipse\plugins\org.eclipse.justj.openjdk.hotspot.jre.full.stripped.win32.x86_64_21.0.7.v20250502-0916\jre\bin\extnet.dll
Event: 13.011 Loaded shared library E:\Software\Renesas\RA\sc_v2025-12_fsp_v6.4.0\eclipse\plugins\com.equo.chromium.cef.win32.win32.x86_64_128.0.20\chromium-6613\chrome_elf.dll
Event: 13.020 Loaded shared library E:\Software\Renesas\RA\sc_v2025-12_fsp_v6.4.0\eclipse\plugins\com.equo.chromium.cef.win32.win32.x86_64_128.0.20\chromium-6613\libcef.dll
Event: 13.026 Loaded shared library E:\Software\Renesas\RA\sc_v2025-12_fsp_v6.4.0\eclipse\plugins\com.equo.chromium.cef.win32.win32.x86_64_128.0.20\chromium-6613\equochro.dll

Deoptimization events (20 events):
Event: 12.966 Thread 0x000001803c37b140 Uncommon trap: trap_request=0xffffffc6 fr.pc=0x00000180477c03f0 relative=0x0000000000000a70
Event: 12.966 Thread 0x000001803c37b140 Uncommon trap: reason=bimorphic_or_optimized_type_check action=maybe_recompile pc=0x00000180477c03f0 method=org.apache.felix.resolver.util.OpenHashMap.getOrCompute(Ljava/lang/Object;)Ljava/lang/Object; @ 122 c2
Event: 12.966 Thread 0x000001803c37b140 DEOPT PACKING pc=0x00000180477c03f0 sp=0x00000059466fa230
Event: 12.966 Thread 0x000001803c37b140 DEOPT UNPACKING pc=0x0000018046a046a2 sp=0x00000059466fa1e0 mode 2
Event: 12.966 Thread 0x000001803c37b140 Uncommon trap: trap_request=0xffffffc6 fr.pc=0x00000180477c03f0 relative=0x0000000000000a70
Event: 12.966 Thread 0x000001803c37b140 Uncommon trap: reason=bimorphic_or_optimized_type_check action=maybe_recompile pc=0x00000180477c03f0 method=org.apache.felix.resolver.util.OpenHashMap.getOrCompute(Ljava/lang/Object;)Ljava/lang/Object; @ 122 c2
Event: 12.966 Thread 0x000001803c37b140 DEOPT PACKING pc=0x00000180477c03f0 sp=0x00000059466fa230
Event: 12.966 Thread 0x000001803c37b140 DEOPT UNPACKING pc=0x0000018046a046a2 sp=0x00000059466fa1e0 mode 2
Event: 12.966 Thread 0x000001803c37b140 Uncommon trap: trap_request=0xffffffc6 fr.pc=0x00000180477c03f0 relative=0x0000000000000a70
Event: 12.966 Thread 0x000001803c37b140 Uncommon trap: reason=bimorphic_or_optimized_type_check action=maybe_recompile pc=0x00000180477c03f0 method=org.apache.felix.resolver.util.OpenHashMap.getOrCompute(Ljava/lang/Object;)Ljava/lang/Object; @ 122 c2
Event: 12.966 Thread 0x000001803c37b140 DEOPT PACKING pc=0x00000180477c03f0 sp=0x00000059466fa230
Event: 12.966 Thread 0x000001803c37b140 DEOPT UNPACKING pc=0x0000018046a046a2 sp=0x00000059466fa1e0 mode 2
Event: 13.436 Thread 0x000001803c37b140 Uncommon trap: trap_request=0xffffff45 fr.pc=0x0000018047a29294 relative=0x0000000000000654
Event: 13.436 Thread 0x000001803c37b140 Uncommon trap: reason=unstable_if action=reinterpret pc=0x0000018047a29294 method=java.io.WinNTFileSystem.prefixLength(Ljava/lang/String;)I @ 11 c2
Event: 13.436 Thread 0x000001803c37b140 DEOPT PACKING pc=0x0000018047a29294 sp=0x00000059466fb2d0
Event: 13.436 Thread 0x000001803c37b140 DEOPT UNPACKING pc=0x0000018046a046a2 sp=0x00000059466fb230 mode 2
Event: 13.436 Thread 0x000001803c37b140 Uncommon trap: trap_request=0xffffff45 fr.pc=0x00000180471be4ec relative=0x000000000000028c
Event: 13.436 Thread 0x000001803c37b140 Uncommon trap: reason=unstable_if action=reinterpret pc=0x00000180471be4ec method=java.io.WinNTFileSystem.prefixLength(Ljava/lang/String;)I @ 11 c2
Event: 13.436 Thread 0x000001803c37b140 DEOPT PACKING pc=0x00000180471be4ec sp=0x00000059466fb290
Event: 13.436 Thread 0x000001803c37b140 DEOPT UNPACKING pc=0x0000018046a046a2 sp=0x00000059466fb230 mode 2

Classes loaded (20 events):
Event: 12.326 Loading class java/io/IOError
Event: 12.326 Loading class java/io/IOError done
Event: 12.343 Loading class java/util/LinkedList$DescendingIterator
Event: 12.343 Loading class java/util/LinkedList$DescendingIterator done
Event: 12.368 Loading class java/lang/VerifyError
Event: 12.368 Loading class java/lang/VerifyError done
Event: 12.374 Loading class java/util/Collections$UnmodifiableList$1
Event: 12.374 Loading class java/util/Collections$UnmodifiableList$1 done
Event: 12.994 Loading class java/nio/file/SimpleFileVisitor
Event: 12.994 Loading class java/nio/file/SimpleFileVisitor done
Event: 12.995 Loading class java/nio/file/Files$3
Event: 12.995 Loading class java/nio/file/Files$3 done
Event: 12.995 Loading class java/nio/file/FileVisitResult
Event: 12.995 Loading class java/nio/file/FileVisitResult done
Event: 12.995 Loading class java/nio/file/FileAlreadyExistsException
Event: 12.995 Loading class java/nio/file/FileAlreadyExistsException done
Event: 12.996 Loading class sun/nio/fs/WindowsFileCopy
Event: 12.996 Loading class sun/nio/fs/WindowsFileCopy done
Event: 12.998 Loading class sun/nio/fs/WindowsPath$1
Event: 12.998 Loading class sun/nio/fs/WindowsPath$1 done

Classes unloaded (0 events):
No events

Classes redefined (0 events):
No events

Internal exceptions (20 events):
Event: 12.320 Thread 0x000001803c37b140 Exception <a 'java/lang/NoSuchMethodError'{0x0000000761b9a250}: 'long java.lang.invoke.DirectMethodHandle$Holder.invokeStatic(java.lang.Object, java.lang.Object, long, long)'> (0x0000000761b9a250) 
thrown [s\src\hotspot\share\interpreter\linkResolver.cpp, line 773]
Event: 12.320 Thread 0x000001803c37b140 Exception <a 'java/lang/NoSuchMethodError'{0x0000000761b9e1e8}: 'long java.lang.invoke.DirectMethodHandle$Holder.invokeStaticInit(java.lang.Object, java.lang.Object, long, long)'> (0x0000000761b9e1e8) 
thrown [s\src\hotspot\share\interpreter\linkResolver.cpp, line 773]
Event: 12.321 Thread 0x000001803c37b140 Exception <a 'java/lang/NoSuchMethodError'{0x0000000761bbcbb0}: 'java.lang.Object java.lang.invoke.DirectMethodHandle$Holder.invokeStatic(java.lang.Object, java.lang.Object, java.lang.Object, java.lang.Object, java.lang.Object, int, java.lang.Object, java.lang.Object)'> (0x0000000761bbcbb0) 
thrown [s\src\hotspot\share\interpreter\linkResolver.cpp, line 773]
Event: 12.324 Thread 0x000001803c37b140 Exception <a 'java/lang/NoSuchMethodError'{0x0000000761bf5a70}: 'void java.lang.invoke.DirectMethodHandle$Holder.invokeSpecial(java.lang.Object, java.lang.Object, int, java.lang.Object)'> (0x0000000761bf5a70) 
thrown [s\src\hotspot\share\interpreter\linkResolver.cpp, line 773]
Event: 12.325 Thread 0x000001803c37b140 Exception <a 'java/lang/NoSuchMethodError'{0x0000000761804330}: 'java.lang.Object java.lang.invoke.DirectMethodHandle$Holder.newInvokeSpecial(java.lang.Object, java.lang.Object, int, java.lang.Object, java.lang.Object, java.lang.Object)'> (0x0000000761804330) 
thrown [s\src\hotspot\share\interpreter\linkResolver.cpp, line 773]
Event: 12.325 Thread 0x000001803c37b140 Exception <a 'java/lang/NoSuchMethodError'{0x00000007618089b0}: 'java.lang.Object java.lang.invoke.DirectMethodHandle$Holder.invokeSpecial(java.lang.Object, java.lang.Object, java.lang.Object, int, java.lang.Object, java.lang.Object, java.lang.Object)'> (0x00000007618089b0) 
thrown [s\src\hotspot\share\interpreter\linkResolver.cpp, line 773]
Event: 12.359 Thread 0x000001803c37b140 Exception <a 'java/lang/NoSuchMethodError'{0x00000007616babb8}: 'java.lang.Class sun.misc.Unsafe.defineAnonymousClass(java.lang.Class, byte[], java.lang.Object[])'> (0x00000007616babb8) 
thrown [s\src\hotspot\share\interpreter\linkResolver.cpp, line 773]
Event: 12.372 Thread 0x000001803c37b140 Exception <a 'java/lang/NoSuchMethodError'{0x0000000761419230}: 'java.lang.Object java.lang.invoke.Invokers$Holder.linkToTargetMethod(int, java.lang.Object, int, java.lang.Object)'> (0x0000000761419230) 
thrown [s\src\hotspot\share\interpreter\linkResolver.cpp, line 773]
Event: 12.385 Thread 0x000001803c37b140 Exception <a 'java/lang/NoSuchMethodError'{0x000000076155ffa0}: 'java.lang.Object java.lang.invoke.DirectMethodHandle$Holder.invokeStatic(java.lang.Object, java.lang.Object, int, java.lang.Object)'> (0x000000076155ffa0) 
thrown [s\src\hotspot\share\interpreter\linkResolver.cpp, line 773]
Event: 12.386 Thread 0x000001803c37b140 Exception <a 'java/lang/NoSuchMethodError'{0x0000000761563fc8}: 'java.lang.Object java.lang.invoke.DirectMethodHandle$Holder.invokeStaticInit(java.lang.Object, java.lang.Object, int, java.lang.Object)'> (0x0000000761563fc8) 
thrown [s\src\hotspot\share\interpreter\linkResolver.cpp, line 773]
Event: 12.389 Thread 0x000001803c37b140 Implicit null exception at 0x0000018047932ce6 to 0x0000018047933d18
Event: 12.391 Thread 0x000001803c37b140 Implicit null exception at 0x0000018047306006 to 0x0000018047306140
Event: 12.392 Thread 0x000001803c37b140 Exception <a 'java/lang/NoSuchMethodError'{0x00000007615d8230}: 'java.lang.Object java.lang.invoke.Invokers$Holder.invoke_MT(java.lang.Object, java.lang.Object, java.lang.Object, java.lang.Object, java.lang.Object, java.lang.Object)'> (0x00000007615d8230) 
thrown [s\src\hotspot\share\interpreter\linkResolver.cpp, line 773]
Event: 12.392 Thread 0x000001803c37b140 Exception <a 'java/lang/NoSuchMethodError'{0x00000007615dc1c0}: 'java.lang.Object java.lang.invoke.DelegatingMethodHandle$Holder.reinvoke_L(java.lang.Object, java.lang.Object, java.lang.Object, java.lang.Object, int)'> (0x00000007615dc1c0) 
thrown [s\src\hotspot\share\interpreter\linkResolver.cpp, line 773]
Event: 12.392 Thread 0x000001803c37b140 Exception <a 'java/lang/NoSuchMethodError'{0x00000007615e6d28}: 'void java.lang.invoke.Invokers$Holder.exactInvoker(java.lang.Object, java.lang.Object, java.lang.Object, java.lang.Object)'> (0x00000007615e6d28) 
thrown [s\src\hotspot\share\interpreter\linkResolver.cpp, line 773]
Event: 12.392 Thread 0x000001803c37b140 Exception <a 'java/lang/NoSuchMethodError'{0x00000007615ee958}: 'void java.lang.invoke.Invokers$Holder.linkToCallSite(java.lang.Object, java.lang.Object, java.lang.Object)'> (0x00000007615ee958) 
thrown [s\src\hotspot\share\interpreter\linkResolver.cpp, line 773]
Event: 12.962 Thread 0x000001803c37b140 Exception <a 'java/io/FileNotFoundException'{0x000000076c5cd930}> (0x000000076c5cd930) 
thrown [s\src\hotspot\share\prims\jni.cpp, line 520]
Event: 12.979 Thread 0x000001803c37b140 Exception <a 'sun/nio/fs/WindowsException'{0x000000076b721aa0}> (0x000000076b721aa0) 
thrown [s\src\hotspot\share\prims\jni.cpp, line 520]
Event: 13.000 Thread 0x000001803c37b140 Exception <a 'sun/nio/fs/WindowsException'{0x000000076b411c20}> (0x000000076b411c20) 
thrown [s\src\hotspot\share\prims\jni.cpp, line 520]
Event: 13.002 Thread 0x000001803c37b140 Exception <a 'java/lang/NoSuchMethodError'{0x000000076b42ad40}: 'int java.lang.invoke.DelegatingMethodHandle$Holder.reinvoke_L(java.lang.Object)'> (0x000000076b42ad40) 
thrown [s\src\hotspot\share\interpreter\linkResolver.cpp, line 773]

ZGC Phase Switch (0 events):
No events

VM Operations (20 events):
Event: 12.228 Executing VM operation: HandshakeAllThreads (Deoptimize)
Event: 12.228 Executing VM operation: HandshakeAllThreads (Deoptimize) done
Event: 12.279 Executing VM operation: HandshakeAllThreads (Deoptimize)
Event: 12.279 Executing VM operation: HandshakeAllThreads (Deoptimize) done
Event: 12.418 Executing VM operation: ICBufferFull
Event: 12.418 Executing VM operation: ICBufferFull done
Event: 12.528 Executing VM operation: G1CollectForAllocation (G1 Evacuation Pause)
Event: 12.537 Executing VM operation: G1CollectForAllocation (G1 Evacuation Pause) done
Event: 12.595 Executing VM operation: G1PauseRemark
Event: 12.602 Executing VM operation: G1PauseRemark done
Event: 12.697 Executing VM operation: G1PauseCleanup
Event: 12.697 Executing VM operation: G1PauseCleanup done
Event: 12.822 Executing VM operation: G1CollectForAllocation (G1 Evacuation Pause)
Event: 12.831 Executing VM operation: G1CollectForAllocation (G1 Evacuation Pause) done
Event: 12.911 Executing VM operation: HandshakeAllThreads (Deoptimize)
Event: 12.911 Executing VM operation: HandshakeAllThreads (Deoptimize) done
Event: 12.965 Executing VM operation: HandshakeAllThreads (Deoptimize)
Event: 12.966 Executing VM operation: HandshakeAllThreads (Deoptimize) done
Event: 12.980 Executing VM operation: HandshakeAllThreads (Deoptimize)
Event: 12.980 Executing VM operation: HandshakeAllThreads (Deoptimize) done

Memory protections (0 events):
No events

Nmethod flushes (20 events):
Event: 12.601 Thread 0x0000018055de26c0 flushing  nmethod 0x00000180402ee190
Event: 12.601 Thread 0x0000018055de26c0 flushing  nmethod 0x00000180402ee810
Event: 12.601 Thread 0x0000018055de26c0 flushing  nmethod 0x00000180402f0290
Event: 12.601 Thread 0x0000018055de26c0 flushing  nmethod 0x00000180402f0790
Event: 12.601 Thread 0x0000018055de26c0 flushing  nmethod 0x00000180404b0f10
Event: 12.601 Thread 0x0000018055de26c0 flushing  nmethod 0x00000180404b4610
Event: 12.601 Thread 0x0000018055de26c0 flushing  nmethod 0x00000180404b7d10
Event: 12.601 Thread 0x0000018055de26c0 flushing  nmethod 0x00000180404b8890
Event: 12.601 Thread 0x0000018055de26c0 flushing  nmethod 0x00000180404c3b10
Event: 12.601 Thread 0x0000018055de26c0 flushing  nmethod 0x00000180404f8790
Event: 12.601 Thread 0x0000018055de26c0 flushing  nmethod 0x0000018040506590
Event: 12.601 Thread 0x0000018055de26c0 flushing  nmethod 0x0000018040506f10
Event: 12.601 Thread 0x0000018055de26c0 flushing  nmethod 0x00000180406d0310
Event: 12.601 Thread 0x0000018055de26c0 flushing  nmethod 0x00000180406dab10
Event: 12.601 Thread 0x0000018055de26c0 flushing  nmethod 0x00000180406f2b90
Event: 12.601 Thread 0x0000018055de26c0 flushing  nmethod 0x0000018040723010
Event: 12.601 Thread 0x0000018055de26c0 flushing  nmethod 0x0000018040d6da10
Event: 12.601 Thread 0x0000018055de26c0 flushing  nmethod 0x0000018040de6090
Event: 12.601 Thread 0x0000018055de26c0 flushing  nmethod 0x0000018040de8510
Event: 12.601 Thread 0x0000018055de26c0 flushing  nmethod 0x0000018040e45310

Events (20 events):
Event: 10.572 Thread 0x00000180a0b2c580 Thread added: 0x00000180a0b2cc10
Event: 10.572 Thread 0x000001809de01810 Thread added: 0x000001809db4e540
Event: 10.572 Thread 0x000001809ddff740 Thread added: 0x000001809db4ebd0
Event: 10.572 Thread 0x00000180a0b2cc10 Thread exited: 0x00000180a0b2cc10
Event: 10.572 Thread 0x000001809de00460 Thread exited: 0x000001809de00460
Event: 10.572 Thread 0x000001809db4e540 Thread exited: 0x000001809db4e540
Event: 10.572 Thread 0x000001809db4ebd0 Thread exited: 0x000001809db4ebd0
Event: 10.691 Thread 0x000001809f639770 Thread exited: 0x000001809f639770
Event: 10.697 Thread 0x000001809f63c720 Thread exited: 0x000001809f63c720
Event: 10.770 Thread 0x000001809f63b2b0 Thread exited: 0x000001809f63b2b0
Event: 10.827 Thread 0x000001809f63abe0 Thread exited: 0x000001809f63abe0
Event: 10.827 Thread 0x000001809f63a510 Thread exited: 0x000001809f63a510
Event: 11.667 Thread 0x00000180a0b2c580 Thread added: 0x000001809d056ff0
Event: 12.201 Thread 0x0000018055e07b40 Thread added: 0x000001809f63c720
Event: 12.401 Thread 0x000001809c1f04e0 Thread added: 0x000001809f63b2b0
Event: 12.494 Thread 0x000001805665ffb0 Thread added: 0x000001809f63b980
Event: 12.499 Thread 0x000001809f63b2b0 Thread added: 0x000001809f63cdf0
Event: 13.382 Thread 0x000001809f63b980 Thread exited: 0x000001809f63b980
Event: 13.382 Thread 0x000001809f63cdf0 Thread exited: 0x000001809f63cdf0
Event: 13.841 Thread 0x000001803c37b140 Thread added: 0x000001809d07ac20


Dynamic libraries:
0x00007ff7a5cb0000 - 0x00007ff7a5d39000 	E:\Software\Renesas\RA\sc_v2025-12_fsp_v6.4.0\eclipse\rasc.exe
0x00007ffad0540000 - 0x00007ffad07a7000 	C:\WINDOWS\SYSTEM32\ntdll.dll
0x00007fface2e0000 - 0x00007fface3a9000 	C:\WINDOWS\System32\KERNEL32.DLL
0x00007ffacdb00000 - 0x00007ffacdef1000 	C:\WINDOWS\System32\KERNELBASE.dll
0x00007ffaceb70000 - 0x00007ffaced35000 	C:\WINDOWS\System32\USER32.dll
0x00007ffacda10000 - 0x00007ffacda37000 	C:\WINDOWS\System32\win32u.dll
0x00007ffad03f0000 - 0x00007ffad041b000 	C:\WINDOWS\System32\GDI32.dll
0x00007fface1b0000 - 0x00007fface2db000 	C:\WINDOWS\System32\gdi32full.dll
0x00007ffacd960000 - 0x00007ffacda03000 	C:\WINDOWS\System32\msvcp_win.dll
0x00007ffacd810000 - 0x00007ffacd95b000 	C:\WINDOWS\System32\ucrtbase.dll
0x00007ffaa9910000 - 0x00007ffaa9ba3000 	C:\WINDOWS\WinSxS\amd64_microsoft.windows.common-controls_6595b64144ccf1df_6.0.26100.8037_none_3e092faae333b53b\COMCTL32.dll
0x00007ffad02f0000 - 0x00007ffad0399000 	C:\WINDOWS\System32\msvcrt.dll
0x00007fface6a0000 - 0x00007fface6d1000 	C:\WINDOWS\System32\IMM32.DLL
0x00007ffa7bc30000 - 0x00007ffa7bc75000 	E:\Software\Renesas\RA\sc_v2025-12_fsp_v6.4.0\eclipse\plugins\org.eclipse.equinox.launcher.win32.win32.x86_64_1.2.1300.v20250331-1702\eclipse_11911.dll
0x00007fface440000 - 0x00007fface4fb000 	C:\WINDOWS\System32\ADVAPI32.dll
0x00007ffad0180000 - 0x00007ffad0227000 	C:\WINDOWS\System32\sechost.dll
0x00007fface580000 - 0x00007fface698000 	C:\WINDOWS\System32\RPCRT4.dll
0x00007ffacf4c0000 - 0x00007ffacf655000 	C:\WINDOWS\System32\ole32.dll
0x00007ffacee40000 - 0x00007ffacf1c2000 	C:\WINDOWS\System32\combase.dll
0x00007ffac58d0000 - 0x00007ffac58db000 	C:\WINDOWS\SYSTEM32\VERSION.dll
0x00007ff8bf590000 - 0x00007ff8c0320000 	E:\Software\Renesas\RA\sc_v2025-12_fsp_v6.4.0\eclipse\plugins\org.eclipse.justj.openjdk.hotspot.jre.full.stripped.win32.x86_64_21.0.7.v20250502-0916\jre\bin\server\jvm.dll
0x00007ffacf1d0000 - 0x00007ffacf244000 	C:\WINDOWS\System32\WS2_32.dll
0x00007ffacb9a0000 - 0x00007ffacb9fe000 	C:\WINDOWS\SYSTEM32\POWRPROF.dll
0x00007ffac0c30000 - 0x00007ffac0c65000 	C:\WINDOWS\SYSTEM32\WINMM.dll
0x00007ffab1c80000 - 0x00007ffab1c9e000 	C:\WINDOWS\SYSTEM32\VCRUNTIME140.dll
0x00007ffab1c70000 - 0x00007ffab1c7c000 	C:\WINDOWS\SYSTEM32\VCRUNTIME140_1.dll
0x00007ffacb980000 - 0x00007ffacb994000 	C:\WINDOWS\SYSTEM32\UMPDC.dll
0x00007ffac75d0000 - 0x00007ffac75da000 	E:\Software\Renesas\RA\sc_v2025-12_fsp_v6.4.0\eclipse\plugins\org.eclipse.justj.openjdk.hotspot.jre.full.stripped.win32.x86_64_21.0.7.v20250502-0916\jre\bin\jimage.dll
0x00007ffacab40000 - 0x00007ffacad82000 	C:\WINDOWS\SYSTEM32\DBGHELP.DLL
0x00007ffacf3e0000 - 0x00007ffacf4b7000 	C:\WINDOWS\System32\OLEAUT32.dll
0x00007ffaa9520000 - 0x00007ffaa955b000 	C:\WINDOWS\SYSTEM32\dbgcore.DLL
0x00007ffacdf00000 - 0x00007ffacdfa5000 	C:\WINDOWS\System32\bcryptPrimitives.dll
0x00007ffa89990000 - 0x00007ffa899af000 	E:\Software\Renesas\RA\sc_v2025-12_fsp_v6.4.0\eclipse\plugins\org.eclipse.justj.openjdk.hotspot.jre.full.stripped.win32.x86_64_21.0.7.v20250502-0916\jre\bin\java.dll
0x00007ffacbc60000 - 0x00007ffacbc7b000 	C:\WINDOWS\SYSTEM32\kernel.appcore.dll
0x00007ffacfa10000 - 0x00007ffad016f000 	C:\WINDOWS\System32\SHELL32.dll
0x00007ffacdfb0000 - 0x00007fface11a000 	C:\WINDOWS\System32\wintypes.dll
0x00007ffacce20000 - 0x00007ffacd684000 	C:\WINDOWS\System32\windows.storage.dll
0x00007ffaced40000 - 0x00007ffacee37000 	C:\WINDOWS\System32\SHCORE.dll
0x00007fface500000 - 0x00007fface567000 	C:\WINDOWS\System32\shlwapi.dll
0x00007ffaccd00000 - 0x00007ffaccd29000 	C:\WINDOWS\SYSTEM32\profapi.dll
0x00007ffa89970000 - 0x00007ffa89988000 	E:\Software\Renesas\RA\sc_v2025-12_fsp_v6.4.0\eclipse\plugins\org.eclipse.justj.openjdk.hotspot.jre.full.stripped.win32.x86_64_21.0.7.v20250502-0916\jre\bin\zip.dll
0x00007ffa96b80000 - 0x00007ffa96b90000 	E:\Software\Renesas\RA\sc_v2025-12_fsp_v6.4.0\eclipse\plugins\org.eclipse.justj.openjdk.hotspot.jre.full.stripped.win32.x86_64_21.0.7.v20250502-0916\jre\bin\net.dll
0x00007ffac5920000 - 0x00007ffac5a47000 	C:\WINDOWS\SYSTEM32\WINHTTP.dll
0x00007ffacc1e0000 - 0x00007ffacc24b000 	C:\WINDOWS\system32\mswsock.dll
0x00007ffa89860000 - 0x00007ffa89876000 	E:\Software\Renesas\RA\sc_v2025-12_fsp_v6.4.0\eclipse\plugins\org.eclipse.justj.openjdk.hotspot.jre.full.stripped.win32.x86_64_21.0.7.v20250502-0916\jre\bin\nio.dll
0x00007ffac9690000 - 0x00007ffac973a000 	C:\WINDOWS\system32\uxtheme.dll
0x00007ffa5f5e0000 - 0x00007ffa5f713000 	C:\ProgramData\A-Volute\A-Volute.Nahimic\Modules\Scheduled\x64\AudioDevProps2.dll
0x00007ffacf6c0000 - 0x00007ffacf81d000 	C:\WINDOWS\System32\MSCTF.dll
0x00007ffad0440000 - 0x00007ffad04ee000 	C:\WINDOWS\System32\clbcatq.dll
0x00007ffa9ea00000 - 0x00007ffa9eb48000 	C:\WINDOWS\SYSTEM32\textinputframework.dll
0x00007ffac7bd0000 - 0x00007ffac7cf7000 	C:\WINDOWS\SYSTEM32\CoreMessaging.dll
0x00007ffac2b80000 - 0x00007ffac2e62000 	C:\WINDOWS\SYSTEM32\CoreUIComponents.dll
0x00007ffacc500000 - 0x00007ffacc50c000 	C:\WINDOWS\SYSTEM32\CRYPTBASE.DLL
0x00007ffaa3c10000 - 0x00007ffaa4030000 	C:\WINDOWS\SYSTEM32\uiautomationcore.dll
0x00007ffaa9620000 - 0x00007ffaa9696000 	C:\WINDOWS\SYSTEM32\OLEACC.dll
0x00007ffa982f0000 - 0x00007ffa98306000 	C:\Windows\System32\threadpoolwinrt.dll
0x00007ffa89930000 - 0x00007ffa89940000 	E:\Software\Renesas\RA\sc_v2025-12_fsp_v6.4.0\eclipse\plugins\org.eclipse.justj.openjdk.hotspot.jre.full.stripped.win32.x86_64_21.0.7.v20250502-0916\jre\bin\verify.dll
0x00007ffa7bbd0000 - 0x00007ffa7bbf1000 	E:\Software\Renesas\RA\sc_v2025-12_fsp_v6.4.0\eclipse\configuration\org.eclipse.osgi\366\0\.cp\swt-osversion-win32-4969r18.dll
0x00007ff984e10000 - 0x00007ff984eda000 	E:\Software\Renesas\RA\sc_v2025-12_fsp_v6.4.0\eclipse\configuration\org.eclipse.osgi\366\0\.cp\swt-win32-4969r18.dll
0x00007ffacf2e0000 - 0x00007ffacf3ce000 	C:\WINDOWS\System32\COMDLG32.dll
0x00007ffaaa000000 - 0x00007ffaaa0af000 	C:\WINDOWS\SYSTEM32\WINSPOOL.DRV
0x00007ffaa54f0000 - 0x00007ffaa5778000 	C:\WINDOWS\SYSTEM32\WININET.dll
0x00007ffac8e60000 - 0x00007ffac8f63000 	C:\WINDOWS\SYSTEM32\PROPSYS.dll
0x00007ffaa8eb0000 - 0x00007ffaa8ec9000 	C:\WINDOWS\SYSTEM32\USP10.dll
0x00007ffaa96a0000 - 0x00007ffaa987d000 	C:\WINDOWS\SYSTEM32\urlmon.dll
0x00007ffaa9da0000 - 0x00007ffaa9da8000 	C:\WINDOWS\SYSTEM32\MSIMG32.dll
0x00007ffac9800000 - 0x00007ffac982e000 	C:\WINDOWS\SYSTEM32\dwmapi.dll
0x00007ffaa82b0000 - 0x00007ffaa8574000 	C:\WINDOWS\SYSTEM32\iertutil.dll
0x00007ffaccaa0000 - 0x00007ffaccaf7000 	C:\WINDOWS\SYSTEM32\cfgmgr32.dll
0x00007ffaba840000 - 0x00007ffaba869000 	C:\WINDOWS\SYSTEM32\srvcli.dll
0x00007ffacb4c0000 - 0x00007ffacb4cd000 	C:\WINDOWS\SYSTEM32\netutils.dll
0x00007ffa7bba0000 - 0x00007ffa7bbcc000 	E:\Software\Renesas\RA\sc_v2025-12_fsp_v6.4.0\eclipse\configuration\org.eclipse.osgi\366\0\.cp\swt-gdip-win32-4969r18.dll
0x00007ffaa9db0000 - 0x00007ffaa9f88000 	C:\WINDOWS\WinSxS\amd64_microsoft.windows.gdiplus_6595b64144ccf1df_1.1.26100.8036_none_6ef439583dc61568\gdiplus.dll
0x00007ffac6bf0000 - 0x00007ffac6e1d000 	C:\WINDOWS\SYSTEM32\WindowsCodecs.dll
0x00007ffacc4e0000 - 0x00007ffacc4fb000 	C:\WINDOWS\SYSTEM32\CRYPTSP.dll
0x00007ffacbbc0000 - 0x00007ffacbbf9000 	C:\WINDOWS\system32\rsaenh.dll
0x00007ffacc290000 - 0x00007ffacc2c2000 	C:\WINDOWS\SYSTEM32\USERENV.dll
0x00007ffacccd0000 - 0x00007ffacccfa000 	C:\WINDOWS\SYSTEM32\bcrypt.dll
0x00007ffacb4d0000 - 0x00007ffacb503000 	C:\WINDOWS\SYSTEM32\IPHLPAPI.DLL
0x00007fface570000 - 0x00007fface57a000 	C:\WINDOWS\System32\NSI.dll
0x00007ffa8a360000 - 0x00007ffa8a413000 	C:\WINDOWS\SYSTEM32\TextShaping.dll
0x00007ff8c2490000 - 0x00007ff8c261e000 	E:\Software\Renesas\RA\sc_v2025-12_fsp_v6.4.0\eclipse\plugins\org.eclipse.justj.openjdk.hotspot.jre.full.stripped.win32.x86_64_21.0.7.v20250502-0916\jre\bin\awt.dll
0x00007ffab1be0000 - 0x00007ffab1c69000 	C:\WINDOWS\SYSTEM32\MSVCP140.dll
0x00007ffac8b00000 - 0x00007ffac8b9f000 	C:\WINDOWS\SYSTEM32\apphelp.dll
0x00007ff984d80000 - 0x00007ff984e02000 	E:\Software\Renesas\RA\sc_v2025-12_fsp_v6.4.0\eclipse\plugins\org.eclipse.justj.openjdk.hotspot.jre.full.stripped.win32.x86_64_21.0.7.v20250502-0916\jre\bin\mlib_image.dll
0x00007ffaca780000 - 0x00007ffaca9e7000 	C:\WINDOWS\SYSTEM32\DWrite.dll
0x00007ff94d460000 - 0x00007ff94d4a9000 	C:\Users\31634\AppData\Local\Temp\jna-48612857\jna14108528970877038633.dll
0x00007ffad0260000 - 0x00007ffad0268000 	C:\WINDOWS\System32\PSAPI.DLL
0x00007ffacd690000 - 0x00007ffacd807000 	C:\WINDOWS\System32\Crypt32.dll
0x00007ffacca70000 - 0x00007ffacca7a000 	C:\WINDOWS\System32\DPAPI.dll
0x00007ffa87fb0000 - 0x00007ffa87fbe000 	E:\Software\Renesas\RA\sc_v2025-12_fsp_v6.4.0\eclipse\plugins\org.eclipse.justj.openjdk.hotspot.jre.full.stripped.win32.x86_64_21.0.7.v20250502-0916\jre\bin\sunmscapi.dll
0x00007ffacc700000 - 0x00007ffacc730000 	C:\WINDOWS\SYSTEM32\ncrypt.dll
0x00007ffacc6b0000 - 0x00007ffacc6ef000 	C:\WINDOWS\SYSTEM32\NTASN1.dll
0x00007ffacb640000 - 0x00007ffacb76a000 	C:\WINDOWS\SYSTEM32\DNSAPI.dll
0x00000000706d0000 - 0x00000000706db000 	C:\Program Files\National Instruments\Shared\mDNS Responder\nimdnsNSP.dll
0x00000000706b0000 - 0x00000000706c1000 	C:\WINDOWS\SYSTEM32\nimdnsResponder.dll
0x00007ffac5400000 - 0x00007ffac540b000 	C:\Windows\System32\rasadhlp.dll
0x00007ffac4c40000 - 0x00007ffac4c84000 	C:\WINDOWS\system32\mlang.dll
0x00007ffac7620000 - 0x00007ffac76a6000 	C:\WINDOWS\System32\fwpuclnt.dll
0x00007ffa7bb70000 - 0x00007ffa7bb79000 	E:\Software\Renesas\RA\sc_v2025-12_fsp_v6.4.0\eclipse\plugins\org.eclipse.justj.openjdk.hotspot.jre.full.stripped.win32.x86_64_21.0.7.v20250502-0916\jre\bin\extnet.dll
0x00007ff8bf220000 - 0x00007ff8bf381000 	E:\Software\Renesas\RA\sc_v2025-12_fsp_v6.4.0\eclipse\plugins\com.equo.chromium.cef.win32.win32.x86_64_128.0.20\chromium-6613\chrome_elf.dll
0x00007ff8b0a00000 - 0x00007ff8bf217000 	E:\Software\Renesas\RA\sc_v2025-12_fsp_v6.4.0\eclipse\plugins\com.equo.chromium.cef.win32.win32.x86_64_128.0.20\chromium-6613\libcef.dll
0x00007fface120000 - 0x00007fface1a1000 	C:\WINDOWS\System32\WINTRUST.dll
0x00007ffac8bb0000 - 0x00007ffac8bbd000 	C:\WINDOWS\SYSTEM32\Secur32.dll
0x00007ffac6710000 - 0x00007ffac6733000 	C:\WINDOWS\SYSTEM32\dhcpcsvc.DLL
0x00007ffacbf00000 - 0x00007ffacbf49000 	C:\WINDOWS\SYSTEM32\SSPICLI.DLL
0x00007ffacc550000 - 0x00007ffacc563000 	C:\WINDOWS\SYSTEM32\MSASN1.dll
0x00007ff8b0730000 - 0x00007ff8b09f8000 	E:\Software\Renesas\RA\sc_v2025-12_fsp_v6.4.0\eclipse\plugins\com.equo.chromium.cef.win32.win32.x86_64_128.0.20\chromium-6613\equochro.dll
0x00007ffacbd80000 - 0x00007ffacbdb6000 	C:\WINDOWS\system32\ntmarta.dll

dbghelp: loaded successfully - version: 4.0.5 - missing functions: none
symbol engine: initialized successfully - sym options: 0x614 - pdb path: .;E:\Software\Renesas\RA\sc_v2025-12_fsp_v6.4.0\eclipse;C:\WINDOWS\SYSTEM32;C:\WINDOWS\WinSxS\amd64_microsoft.windows.common-controls_6595b64144ccf1df_6.0.26100.8037_none_3e092faae333b53b;E:\Software\Renesas\RA\sc_v2025-12_fsp_v6.4.0\eclipse\plugins\org.eclipse.equinox.launcher.win32.win32.x86_64_1.2.1300.v20250331-1702;E:\Software\Renesas\RA\sc_v2025-12_fsp_v6.4.0\eclipse\plugins\org.eclipse.justj.openjdk.hotspot.jre.full.stripped.win32.x86_64_21.0.7.v20250502-0916\jre\bin\server;E:\Software\Renesas\RA\sc_v2025-12_fsp_v6.4.0\eclipse\plugins\org.eclipse.justj.openjdk.hotspot.jre.full.stripped.win32.x86_64_21.0.7.v20250502-0916\jre\bin;C:\ProgramData\A-Volute\A-Volute.Nahimic\Modules\Scheduled\x64;E:\Software\Renesas\RA\sc_v2025-12_fsp_v6.4.0\eclipse\configuration\org.eclipse.osgi\366\0\.cp;C:\WINDOWS\WinSxS\amd64_microsoft.windows.gdiplus_6595b64144ccf1df_1.1.26100.8036_none_6ef439583dc61568;C:\Users\31634\AppData\Local\Temp\jna-48612857;C:\Program Files\National Instruments\Shared\mDNS Responder;E:\Software\Renesas\RA\sc_v2025-12_fsp_v6.4.0\eclipse\plugins\com.equo.chromium.cef.win32.win32.x86_64_128.0.20\chromium-6613

VM Arguments:
jvm_args: -Declipse.p2.max.threads=10 -Dosgi.requiredJavaVersion=17 -Dorg.slf4j.simpleLogger.defaultLogLevel=off -XX:+UseG1GC -XX:+UseStringDeduplication -Xms512m -Xmx3g --add-modules=ALL-SYSTEM -Dcom.renesas.cdt.core.ui.menus.RenesasViewsMenuFactory.hide=true -Dswt.autoScale=quarter -Dswt.autoScale.method=smooth 
java_command: <unknown>
java_class_path (initial): E:\Software\Renesas\RA\sc_v2025-12_fsp_v6.4.0\eclipse\\plugins/org.eclipse.equinox.launcher_1.7.0.v20250717-1148.jar
Launcher Type: generic

[Global flags]
     intx CICompilerCount                          = 12                                        {product} {ergonomic}
     uint ConcGCThreads                            = 5                                         {product} {ergonomic}
     uint G1ConcRefinementThreads                  = 18                                        {product} {ergonomic}
   size_t G1HeapRegionSize                         = 2097152                                   {product} {ergonomic}
    uintx GCDrainStackTargetSize                   = 64                                        {product} {ergonomic}
   size_t InitialHeapSize                          = 536870912                                 {product} {command line}
   size_t MarkStackSize                            = 4194304                                   {product} {ergonomic}
   size_t MaxHeapSize                              = 3221225472                                {product} {command line}
   size_t MaxNewSize                               = 1931476992                                {product} {ergonomic}
   size_t MinHeapDeltaBytes                        = 2097152                                   {product} {ergonomic}
   size_t MinHeapSize                              = 536870912                                 {product} {command line}
    uintx NonNMethodCodeHeapSize                   = 7602480                                {pd product} {ergonomic}
    uintx NonProfiledCodeHeapSize                  = 122027880                              {pd product} {ergonomic}
    uintx ProfiledCodeHeapSize                     = 122027880                              {pd product} {ergonomic}
    uintx ReservedCodeCacheSize                    = 251658240                              {pd product} {ergonomic}
     bool SegmentedCodeCache                       = true                                      {product} {ergonomic}
   size_t SoftMaxHeapSize                          = 3221225472                             {manageable} {ergonomic}
     bool UseCompressedOops                        = true                           {product lp64_product} {ergonomic}
     bool UseG1GC                                  = true                                      {product} {command line}
     bool UseLargePagesIndividualAllocation        = false                                  {pd product} {ergonomic}
     bool UseStringDeduplication                   = true                                      {product} {command line}

Logging:
Log output configuration:
 #0: stdout all=warning uptime,level,tags foldmultilines=false
 #1: stderr all=off uptime,level,tags foldmultilines=false

Environment Variables:
CLASSPATH=D:\software\LINGO64_18\Lingo18.jar
PATH=E:\Software\KEIL543\ARM\ARMCLANG\Bin;C:\Program Files\Common Files\Oracle\Java\javapath;C:\Program Files (x86)\STMicroelectronics\stlink_server;D:\software\cubeCLT\STM32CubeCLT_1.18.0;D:\software\cubeCLT\STM32CubeCLT_1.18.0\CMake\bin;D:\software\cubeCLT\STM32CubeCLT_1.18.0\Ninja\bin;D:\software\cubeCLT\STM32CubeCLT_1.18.0\GNU-tools-for-STM32\bin;D:\software\cubeCLT\STM32CubeCLT_1.18.0\STLink-gdb-server\bin;D:\software\cubeCLT\STM32CubeCLT_1.18.0\STM32CubeProgrammer\bin;C:\WINDOWS\system32;C:\WINDOWS;C:\WINDOWS\System32\Wbem;C:\WINDOWS\System32\WindowsPowerShell\v1.0\;C:\WINDOWS\System32\OpenSSH\;C:\Program Files\dotnet\;C:\Program Files (x86)\NVIDIA Corporation\PhysX\Common;C:\Program Files\NVIDIA Corporation\NVIDIA NvDLISR;C:\Program Files (x86)\Windows Kits\10\Windows Performance Toolkit\;D:\matlab\runtime\win64;D:\matlab\bin;C:\Program Files (x86)\Microsoft SQL Server\160\Tools\Binn\;C:\Program Files\Microsoft SQL Server\160\Tools\Binn\;C:\Program Files\Microsoft SQL Server\Client SDK\ODBC\170\Tools\Binn\;C:\Program Files\Microsoft SQL Server\160\DTS\Binn\;C:\Program Files (x86)\Windows Kits\8.1\Windows Performance Toolkit\;D:\software\Visual Studio Code2025\VScode\Microsoft VS Code\bin;D:\software\git\Git\cmd;D:\software\LINGO64_18\;D:\texlive\2025\bin\windows;D:\pandoc\;C:\Users\31634\AppData\Local\Muse Hub\lib;D:\software\cursor\cursor\resources\app\bin;D:\python\Pythonn\Scripts\;D:\python\Pythonn\;C:\Users\31634\AppData\Local\Programs\Python\Launcher\;C:\Users\31634\AppData\Local\Microsoft\WindowsApps;C:\Users\31634\Desktop\缂栫▼\CodeBlocks\MinGW\bin;;C:\WINDOWS\System32\Wbem;D:\python\PyCharm 2024.1.3\bin;;D:\software\clion\CLion 2025.1.3\bin;;D:\DevEnv\DevEnv\DevEnv\GNU-tools-for-STM32\bin;C:\Users\31634\AppData\Roaming\Programs\Zero Install;C:\Users\31634\AppData\Local\Muse Hub\lib;D:\FPGA\FPGA_Software\ModelSim\win64;D:\FPGA\FPGA_Software\ModelSim2020.4\win64
USERNAME=31634
OS=Windows_NT
PROCESSOR_IDENTIFIER=Intel64 Family 6 Model 183 Stepping 1, GenuineIntel
TMP=C:\Users\31634\AppData\Local\Temp
TEMP=C:\Users\31634\AppData\Local\Temp




Periodic native trim disabled

---------------  S Y S T E M  ---------------

OS:
 Windows 11 , 64 bit Build 26100 (10.0.26100.7920)
OS uptime: 1 days 0:02 hours
Hyper-V role detected

CPU: total 24 (initial active 24) (12 cores per cpu, 2 threads per core) family 6 model 183 stepping 1 microcode 0x120, cx8, cmov, fxsr, ht, mmx, 3dnowpref, sse, sse2, sse3, ssse3, sse4.1, sse4.2, popcnt, lzcnt, tsc, tscinvbit, avx, avx2, aes, erms, clmul, bmi1, bmi2, adx, sha, fma, vzeroupper, clflush, clflushopt, clwb, hv, serialize, rdtscp, rdpid, fsrm, f16c, cet_ibt, cet_ss
Processor Information for processor 0
  Max Mhz: 2200, Current Mhz: 2200, Mhz Limit: 2200
Processor Information for processor 1
  Max Mhz: 2200, Current Mhz: 2200, Mhz Limit: 2200
Processor Information for processor 2
  Max Mhz: 2200, Current Mhz: 2200, Mhz Limit: 2200
Processor Information for processor 3
  Max Mhz: 2200, Current Mhz: 1466, Mhz Limit: 2200
Processor Information for processor 4
  Max Mhz: 2200, Current Mhz: 2200, Mhz Limit: 2200
Processor Information for processor 5
  Max Mhz: 2200, Current Mhz: 2200, Mhz Limit: 2200
Processor Information for processor 6
  Max Mhz: 2200, Current Mhz: 2200, Mhz Limit: 2200
Processor Information for processor 7
  Max Mhz: 2200, Current Mhz: 1466, Mhz Limit: 2200
Processor Information for processor 8
  Max Mhz: 2200, Current Mhz: 2200, Mhz Limit: 2200
Processor Information for processor 9
  Max Mhz: 2200, Current Mhz: 2200, Mhz Limit: 2200
Processor Information for processor 10
  Max Mhz: 2200, Current Mhz: 2200, Mhz Limit: 2200
Processor Information for processor 11
  Max Mhz: 2200, Current Mhz: 2200, Mhz Limit: 2200
Processor Information for processor 12
  Max Mhz: 2200, Current Mhz: 2200, Mhz Limit: 2200
Processor Information for processor 13
  Max Mhz: 2200, Current Mhz: 2200, Mhz Limit: 2200
Processor Information for processor 14
  Max Mhz: 2200, Current Mhz: 2200, Mhz Limit: 2200
Processor Information for processor 15
  Max Mhz: 2200, Current Mhz: 2200, Mhz Limit: 2200
Processor Information for processor 16
  Max Mhz: 2200, Current Mhz: 1500, Mhz Limit: 1584
Processor Information for processor 17
  Max Mhz: 2200, Current Mhz: 1500, Mhz Limit: 1584
Processor Information for processor 18
  Max Mhz: 2200, Current Mhz: 1500, Mhz Limit: 1584
Processor Information for processor 19
  Max Mhz: 2200, Current Mhz: 1500, Mhz Limit: 1584
Processor Information for processor 20
  Max Mhz: 2200, Current Mhz: 1500, Mhz Limit: 1584
Processor Information for processor 21
  Max Mhz: 2200, Current Mhz: 1500, Mhz Limit: 1584
Processor Information for processor 22
  Max Mhz: 2200, Current Mhz: 1500, Mhz Limit: 1584
Processor Information for processor 23
  Max Mhz: 2200, Current Mhz: 1500, Mhz Limit: 1584

Memory: 4k page, system-wide physical 16115M (935M free)
TotalPageFile size 38550M (AvailPageFile size 1034M)
current process WorkingSet (physical memory assigned to process): 962M, peak: 962M
current process commit charge ("private bytes"): 1112M, peak: 1116M

vm_info: OpenJDK 64-Bit Server VM (21.0.7+6-LTS) for windows-amd64 JRE (21.0.7+6-LTS), built on 2025-04-15T00:00:00Z by "admin" with MS VC++ 17.7 (VS2022)

END.
