#
# A fatal error has been detected by the Java Runtime Environment:
#
#  EXCEPTION_ACCESS_VIOLATION (0xc0000005) at pc=0x00007ff885507fff, pid=48236, tid=61420
#
# JRE version: OpenJDK Runtime Environment Temurin-21.0.7+6 (21.0.7+6) (build 21.0.7+6-LTS)
# Java VM: OpenJDK 64-Bit Server VM Temurin-21.0.7+6 (21.0.7+6-LTS, mixed mode, sharing, tiered, compressed oops, compressed class ptrs, g1 gc, windows-amd64)
# Problematic frame:
# C  [libcef.dll+0x4717fff]
#
# No core dump will be written. Minidumps are not enabled by default on client versions of Windows
#
# If you would like to submit a bug report, please visit:
#   https://github.com/adoptium/adoptium-support/issues
# The crash happened outside the Java Virtual Machine in native code.
# See problematic frame for where to report the bug.
#

---------------  S U M M A R Y ------------

Command Line: -Declipse.p2.max.threads=10 -Dosgi.requiredJavaVersion=17 -Dorg.slf4j.simpleLogger.defaultLogLevel=off -XX:+UseG1GC -XX:+UseStringDeduplication -Xms512m -Xmx3g --add-modules=ALL-SYSTEM -Dcom.renesas.cdt.core.ui.menus.RenesasViewsMenuFactory.hide=true -Dswt.autoScale=quarter -Dswt.autoScale.method=smooth 

Host: Intel(R) Core(TM) i7-14650HX, 24 cores, 15G,  Windows 11 , 64 bit Build 26100 (10.0.26100.7920)
Time: Sun Mar 15 19:47:32 2026  Windows 11 , 64 bit Build 26100 (10.0.26100.7920) elapsed time: 14.852212 seconds (0d 0h 0m 14s)

---------------  T H R E A D  ---------------

Current thread (0x00000235a38d5380):  JavaThread "main"             [_thread_in_native, id=61420, stack(0x00000044098e0000,0x00000044099e0000) (1024K)]

Stack: [0x00000044098e0000,0x00000044099e0000],  sp=0x00000044099db2e0,  free space=1004k
Native frames: (J=compiled Java code, j=interpreted, Vv=VM code, C=native code)
C  [libcef.dll+0x4717fff]

Java frames: (J=compiled Java code, j=interpreted, Vv=VM code)
j  org.cef.CefApp.N_Initialize(Lorg/cef/handler/CefAppHandler;Lorg/cef/CefSettings;)Z+0
j  org.cef.CefApp.access$5(Lorg/cef/CefApp;Lorg/cef/handler/CefAppHandler;Lorg/cef/CefSettings;)Z+3
j  org.cef.CefApp$2.run()V+264
j  org.cef.CefApp.initialize()V+21
j  org.cef.CefApp.createClient()Lorg/cef/CefClient;+43
j  com.equo.chromium.internal.Engine.createClient()Lorg/cef/CefClient;+3
j  com.equo.chromium.swt.internal.Chromium.createClienthandler()V+0
j  com.equo.chromium.swt.internal.Chromium.getClientHandler()Lorg/cef/CefClientSwt;+15
j  com.equo.chromium.swt.internal.Chromium.prepareBrowser()V+38
j  com.equo.chromium.swt.internal.Chromium.createBrowser()V+1
j  com.equo.chromium.swt.internal.Chromium.create(Lorg/eclipse/swt/widgets/Composite;I)V+87
j  com.equo.chromium.swt.Browser.<init>(Lorg/eclipse/swt/widgets/Composite;I)V+129
j  org.eclipse.swt.browser.Browser.<init>(Lorg/eclipse/swt/widgets/Composite;I)V+6
j  com.renesas.cdt.ddsc.settingseditor.pages.PageSummary.createContents(Lorg/eclipse/swt/widgets/Composite;)Lorg/eclipse/swt/widgets/Control;+216
j  com.renesas.cdt.ddsc.settingseditor.pages.ConfigPageCompositeWrapper.createContents(Lorg/eclipse/swt/widgets/Composite;)Lorg/eclipse/swt/widgets/Control;+18
j  com.renesas.cdt.ddsc.settingseditor.pages.ConfigPageCompositeWrapper.createFormContent(Lorg/eclipse/ui/forms/IManagedForm;)V+70
j  org.eclipse.ui.forms.editor.FormPage.lambda$0()V+5
j  org.eclipse.ui.forms.editor.FormPage$$Lambda+0x00000235bf817de0.run()V+4
j  org.eclipse.swt.custom.BusyIndicator.showWhile(Lorg/eclipse/swt/widgets/Display;Ljava/lang/Runnable;)V+33
j  org.eclipse.ui.forms.editor.FormPage.createPartControl(Lorg/eclipse/swt/widgets/Composite;)V+35
j  org.eclipse.ui.part.MultiPageEditorPart.addPage(ILorg/eclipse/ui/IEditorPart;Lorg/eclipse/ui/IEditorInput;)V+49
j  org.eclipse.ui.forms.editor.FormEditor.addPage(ILorg/eclipse/ui/IEditorPart;Lorg/eclipse/ui/IEditorInput;)V+4
j  org.eclipse.ui.part.MultiPageEditorPart.addPage(Lorg/eclipse/ui/IEditorPart;Lorg/eclipse/ui/IEditorInput;)I+9
j  org.eclipse.ui.forms.editor.FormEditor.addPage(Lorg/eclipse/ui/IEditorPart;Lorg/eclipse/ui/IEditorInput;)I+3
j  com.renesas.cdt.ddsc.settingseditor.internal.editors.DDSCSettingsEditor.addConfigurationPages()V+335
j  com.renesas.cdt.ddsc.settingseditor.internal.editors.DDSCSettingsEditor.createPages()V+53
j  org.eclipse.ui.part.MultiPageEditorPart.createPartControl(Lorg/eclipse/swt/widgets/Composite;)V+16
j  org.eclipse.ui.internal.e4.compatibility.CompatibilityPart.createPartControl(Lorg/eclipse/ui/IWorkbenchPart;Lorg/eclipse/swt/widgets/Composite;)Z+65
j  org.eclipse.ui.internal.e4.compatibility.CompatibilityEditor.createPartControl(Lorg/eclipse/ui/IWorkbenchPart;Lorg/eclipse/swt/widgets/Composite;)Z+3
j  org.eclipse.ui.internal.e4.compatibility.CompatibilityPart.create()V+145
j  java.lang.invoke.LambdaForm$DMH+0x00000235bf017400.invokeVirtual(Ljava/lang/Object;Ljava/lang/Object;)V+10 java.base@21.0.7
j  java.lang.invoke.LambdaForm$MH+0x00000235bf10a400.invoke(Ljava/lang/Object;Ljava/lang/Object;)Ljava/lang/Object;+31 java.base@21.0.7
J 1595 c1 jdk.internal.reflect.DirectMethodHandleAccessor.invoke(Ljava/lang/Object;[Ljava/lang/Object;)Ljava/lang/Object; java.base@21.0.7 (92 bytes) @ 0x00000235a6d8defc [0x00000235a6d8c2e0+0x0000000000001c1c]
J 10000 c1 org.eclipse.e4.core.internal.di.MethodRequestor.execute()Ljava/lang/Object; (176 bytes) @ 0x00000235a732206c [0x00000235a7320a80+0x00000000000015ec]
J 9929 c1 org.eclipse.e4.core.internal.di.InjectorImpl.processAnnotated(Lorg/eclipse/e4/core/internal/di/AnnotationLookup$AnnotationProxy;Ljava/lang/Object;Ljava/lang/Class;Lorg/eclipse/e4/core/di/suppliers/PrimaryObjectSupplier;Lorg/eclipse/e4/core/di/suppliers/PrimaryObjectSupplier;Ljava/util/List;)V (417 bytes) @ 0x00000235a6b2835c [0x00000235a6b27980+0x00000000000009dc]
J 9929 c1 org.eclipse.e4.core.internal.di.InjectorImpl.processAnnotated(Lorg/eclipse/e4/core/internal/di/AnnotationLookup$AnnotationProxy;Ljava/lang/Object;Ljava/lang/Class;Lorg/eclipse/e4/core/di/suppliers/PrimaryObjectSupplier;Lorg/eclipse/e4/core/di/suppliers/PrimaryObjectSupplier;Ljava/util/List;)V (417 bytes) @ 0x00000235a6b27c9c [0x00000235a6b27980+0x000000000000031c]
j  org.eclipse.e4.core.internal.di.InjectorImpl.internalInject(Ljava/lang/Object;Lorg/eclipse/e4/core/di/suppliers/PrimaryObjectSupplier;Lorg/eclipse/e4/core/di/suppliers/PrimaryObjectSupplier;)V+175
j  org.eclipse.e4.core.internal.di.InjectorImpl.internalMake(Ljava/lang/Class;Lorg/eclipse/e4/core/di/suppliers/PrimaryObjectSupplier;Lorg/eclipse/e4/core/di/suppliers/PrimaryObjectSupplier;)Ljava/lang/Object;+310
j  org.eclipse.e4.core.internal.di.InjectorImpl.make(Ljava/lang/Class;Lorg/eclipse/e4/core/di/suppliers/PrimaryObjectSupplier;)Ljava/lang/Object;+11
j  org.eclipse.e4.core.contexts.ContextInjectionFactory.make(Ljava/lang/Class;Lorg/eclipse/e4/core/contexts/IEclipseContext;)Ljava/lang/Object;+13
j  org.eclipse.e4.ui.internal.workbench.ReflectionContributionFactory.createFromBundle(Lorg/osgi/framework/Bundle;Lorg/eclipse/e4/core/contexts/IEclipseContext;Lorg/eclipse/e4/core/contexts/IEclipseContext;Lorg/eclipse/emf/common/util/URI;)Ljava/lang/Object;+158
j  org.eclipse.e4.ui.internal.workbench.ReflectionContributionFactory.doCreate(Ljava/lang/String;Lorg/eclipse/e4/core/contexts/IEclipseContext;Lorg/eclipse/e4/core/contexts/IEclipseContext;)Ljava/lang/Object;+78
j  org.eclipse.e4.ui.internal.workbench.ReflectionContributionFactory.create(Ljava/lang/String;Lorg/eclipse/e4/core/contexts/IEclipseContext;)Ljava/lang/Object;+4
j  org.eclipse.ui.internal.WorkbenchContributionFactory.create(Ljava/lang/String;Lorg/eclipse/e4/core/contexts/IEclipseContext;)Ljava/lang/Object;+6
j  org.eclipse.e4.ui.workbench.renderers.swt.ContributedPartRenderer.createWidget(Lorg/eclipse/e4/ui/model/application/ui/MUIElement;Ljava/lang/Object;)Ljava/lang/Object;+132
j  org.eclipse.e4.ui.internal.workbench.swt.PartRenderingEngine.createWidget(Lorg/eclipse/e4/ui/model/application/ui/MUIElement;Ljava/lang/Object;)Ljava/lang/Object;+21
j  org.eclipse.e4.ui.internal.workbench.swt.PartRenderingEngine.safeCreateGui(Lorg/eclipse/e4/ui/model/application/ui/MUIElement;Ljava/lang/Object;Lorg/eclipse/e4/core/contexts/IEclipseContext;)Ljava/lang/Object;+563
j  org.eclipse.e4.ui.internal.workbench.swt.PartRenderingEngine.safeCreateGui(Lorg/eclipse/e4/ui/model/application/ui/MUIElement;)Ljava/lang/Object;+168
j  org.eclipse.e4.ui.internal.workbench.swt.PartRenderingEngine$2.run()V+13
J 8461 c1 org.eclipse.core.runtime.SafeRunner.run(Lorg/eclipse/core/runtime/ISafeRunnable;)V (20 bytes) @ 0x00000235a7ec9dbc [0x00000235a7ec9c20+0x000000000000019c]
j  org.eclipse.e4.ui.internal.workbench.swt.PartRenderingEngine.createGui(Lorg/eclipse/e4/ui/model/application/ui/MUIElement;)Ljava/lang/Object;+15
j  org.eclipse.e4.ui.internal.workbench.PartServiceImpl.lambda$0(Lorg/osgi/service/event/Event;)V+183
j  org.eclipse.e4.ui.internal.workbench.PartServiceImpl$$Lambda+0x00000235bf4ad000.handleEvent(Lorg/osgi/service/event/Event;)V+5
J 9980 c1 org.eclipse.e4.ui.services.internal.events.UIEventHandler$$Lambda+0x00000235bf452000.run()V (12 bytes) @ 0x00000235a74d7a2c [0x00000235a74d78c0+0x000000000000016c]
J 9905 c1 org.eclipse.swt.widgets.Synchronizer.syncExec(Ljava/lang/Runnable;)V (312 bytes) @ 0x00000235a7190394 [0x00000235a718f9c0+0x00000000000009d4]
J 9903 c1 org.eclipse.ui.internal.UISynchronizer.syncExec(Ljava/lang/Runnable;)V (144 bytes) @ 0x00000235a72b977c [0x00000235a72b88c0+0x0000000000000ebc]
J 9902 c1 org.eclipse.swt.widgets.Display.syncExec(Ljava/lang/Runnable;)V (37 bytes) @ 0x00000235a72bc184 [0x00000235a72bbe00+0x0000000000000384]
J 9978 c1 org.eclipse.e4.ui.services.internal.events.UIEventHandler.handleEvent(Lorg/osgi/service/event/Event;)V (35 bytes) @ 0x00000235a6cf67c4 [0x00000235a6cf61e0+0x00000000000005e4]
J 9894 c1 org.eclipse.equinox.internal.event.EventHandlerWrapper.handleEvent(Lorg/osgi/service/event/Event;Ljava/security/Permission;)V (135 bytes) @ 0x00000235a72bd604 [0x00000235a72bcfe0+0x0000000000000624]
J 9892 c1 org.eclipse.equinox.internal.event.EventHandlerTracker.dispatchEvent(Ljava/lang/Object;Ljava/lang/Object;ILjava/lang/Object;)V (19 bytes) @ 0x00000235a7152104 [0x00000235a7151d60+0x00000000000003a4]
J 11382 c2 org.eclipse.osgi.framework.eventmgr.ListenerQueue.dispatchEventSynchronous(ILjava/lang/Object;)V (81 bytes) @ 0x00000235aee30aac [0x00000235aee30680+0x000000000000042c]
J 9359 c1 org.eclipse.equinox.internal.event.EventAdminImpl.dispatchEvent(Lorg/osgi/service/event/Event;Z)V (228 bytes) @ 0x00000235a6ca62bc [0x00000235a6ca53c0+0x0000000000000efc]
J 10145 c1 org.eclipse.equinox.internal.event.EventComponent.sendEvent(Lorg/osgi/service/event/Event;)V (9 bytes) @ 0x00000235a7feb6a4 [0x00000235a7feb5c0+0x00000000000000e4]
J 9706 c1 org.eclipse.e4.ui.internal.workbench.UIEventPublisher.notifyChanged(Lorg/eclipse/emf/common/notify/Notification;)V (61 bytes) @ 0x00000235a6f207cc [0x00000235a6f1fc60+0x0000000000000b6c]
J 7738 c1 org.eclipse.emf.common.notify.impl.BasicNotifierImpl.eNotify(Lorg/eclipse/emf/common/notify/Notification;)V (44 bytes) @ 0x00000235a7d04d9c [0x00000235a7d04a80+0x000000000000031c]
j  org.eclipse.e4.ui.model.application.ui.impl.ElementContainerImpl.setSelectedElementGen(Lorg/eclipse/e4/ui/model/application/ui/MUIElement;)V+34
j  org.eclipse.e4.ui.model.application.ui.impl.ElementContainerImpl.setSelectedElement(Lorg/eclipse/e4/ui/model/application/ui/MUIElement;)V+63
j  org.eclipse.e4.ui.internal.workbench.ModelServiceImpl.showElementInWindow(Lorg/eclipse/e4/ui/model/application/ui/basic/MWindow;Lorg/eclipse/e4/ui/model/application/ui/MUIElement;)V+121
j  org.eclipse.e4.ui.internal.workbench.ModelServiceImpl.bringToTop(Lorg/eclipse/e4/ui/model/application/ui/MUIElement;)V+53
j  org.eclipse.e4.ui.internal.workbench.PartServiceImpl.delegateBringToTop(Lorg/eclipse/e4/ui/model/application/ui/basic/MPart;)V+5
j  org.eclipse.e4.ui.internal.workbench.PartServiceImpl.bringToTop(Lorg/eclipse/e4/ui/model/application/ui/basic/MPart;)V+140
j  org.eclipse.e4.ui.internal.workbench.PartServiceImpl.showPart(Lorg/eclipse/e4/ui/model/application/ui/basic/MPart;Lorg/eclipse/e4/ui/workbench/modeling/EPartService$PartState;)Lorg/eclipse/e4/ui/model/application/ui/basic/MPart;+133
j  org.eclipse.ui.internal.WorkbenchPage.busyOpenEditor(Lorg/eclipse/ui/IEditorInput;Ljava/lang/String;ZILorg/eclipse/ui/IMemento;Z)Lorg/eclipse/ui/IEditorPart;+540
j  org.eclipse.ui.internal.WorkbenchPage.lambda$11([Lorg/eclipse/ui/IEditorPart;Lorg/eclipse/ui/IEditorInput;Ljava/lang/String;ZILorg/eclipse/ui/IMemento;Z[Lorg/eclipse/ui/PartInitException;)V+13
j  org.eclipse.ui.internal.WorkbenchPage$$Lambda+0x00000235bf6bd380.run()V+36
j  org.eclipse.swt.custom.BusyIndicator.showWhile(Lorg/eclipse/swt/widgets/Display;Ljava/lang/Runnable;)V+33
j  org.eclipse.ui.internal.WorkbenchPage.openEditor(Lorg/eclipse/ui/IEditorInput;Ljava/lang/String;ZILorg/eclipse/ui/IMemento;Z)Lorg/eclipse/ui/IEditorPart;+59
j  org.eclipse.ui.internal.WorkbenchPage.openEditor(Lorg/eclipse/ui/IEditorInput;Ljava/lang/String;ZI)Lorg/eclipse/ui/IEditorPart;+8
j  org.eclipse.ui.internal.WorkbenchPage.openEditor(Lorg/eclipse/ui/IEditorInput;Ljava/lang/String;)Lorg/eclipse/ui/IEditorPart;+5
j  com.renesas.cdt.ddsc.standalone.internal.StandaloneApplication.runConfiguratorFlow(Lorg/eclipse/ui/IWorkbenchWindow;Lcom/renesas/cdt/ddsc/standalone/internal/StandaloneApplication$StandaloneOperation;)V+56
j  com.renesas.cdt.ddsc.standalone.internal.StandaloneApplication.performWorkbenchOperation(Lcom/renesas/cdt/ddsc/standalone/internal/StandaloneApplication$StandaloneOperation;Lorg/eclipse/ui/IWorkbenchWindow;)V+47
j  com.renesas.cdt.ddsc.standalone.internal.StandaloneApplication$4.run()V+35
j  org.eclipse.swt.widgets.RunnableLock.run(Lorg/eclipse/swt/widgets/Display;)V+11
j  org.eclipse.swt.widgets.Synchronizer.runAsyncMessages(Z)Z+41
j  org.eclipse.swt.widgets.Display.runAsyncMessages(Z)Z+5
j  org.eclipse.swt.widgets.Display.readAndDispatch()Z+84
j  org.eclipse.e4.ui.internal.workbench.swt.PartRenderingEngine$5.run()V+564
j  org.eclipse.core.databinding.observable.Realm.runWithDefault(Lorg/eclipse/core/databinding/observable/Realm;Ljava/lang/Runnable;)V+12
j  org.eclipse.e4.ui.internal.workbench.swt.PartRenderingEngine.run(Lorg/eclipse/e4/ui/model/application/MApplicationElement;Lorg/eclipse/e4/core/contexts/IEclipseContext;)Ljava/lang/Object;+57
j  org.eclipse.e4.ui.internal.workbench.E4Workbench.createAndRunUI(Lorg/eclipse/e4/ui/model/application/MApplicationElement;)V+20
j  org.eclipse.ui.internal.Workbench.lambda$3(Lorg/eclipse/swt/widgets/Display;Lorg/eclipse/ui/application/WorkbenchAdvisor;[I)V+334
j  org.eclipse.ui.internal.Workbench$$Lambda+0x00000235bf20e7d0.run()V+12
j  org.eclipse.core.databinding.observable.Realm.runWithDefault(Lorg/eclipse/core/databinding/observable/Realm;Ljava/lang/Runnable;)V+12
j  org.eclipse.ui.internal.Workbench.createAndRunWorkbench(Lorg/eclipse/swt/widgets/Display;Lorg/eclipse/ui/application/WorkbenchAdvisor;)I+16
j  org.eclipse.ui.PlatformUI.createAndRunWorkbench(Lorg/eclipse/swt/widgets/Display;Lorg/eclipse/ui/application/WorkbenchAdvisor;)I+2
j  com.renesas.cdt.ddsc.standalone.internal.StandaloneApplication.runWorkbench()Ljava/lang/Object;+23
j  com.renesas.cdt.ddsc.standalone.internal.StandaloneApplication.queueWorkbenchOperation(Lcom/renesas/cdt/ddsc/standalone/internal/StandaloneApplication$StandaloneOperation;)V+49
j  com.renesas.cdt.ddsc.standalone.internal.StandaloneApplication.doRcpEdit(Lcom/renesas/cdt/ddsc/standalone/internal/options/IEditOptions;)Ljava/lang/Object;+39
j  com.renesas.cdt.ddsc.standalone.internal.StandaloneApplication.start(Lorg/eclipse/equinox/app/IApplicationContext;)Ljava/lang/Object;+150
j  org.eclipse.equinox.internal.app.EclipseAppHandle.run(Ljava/lang/Object;)Ljava/lang/Object;+138
j  org.eclipse.core.runtime.internal.adaptor.EclipseAppLauncher.runApplication(Ljava/lang/Object;)Ljava/lang/Object;+85
j  org.eclipse.core.runtime.internal.adaptor.EclipseAppLauncher.start(Ljava/lang/Object;)Ljava/lang/Object;+79
j  org.eclipse.core.runtime.adaptor.EclipseStarter.run(Ljava/lang/Object;)Ljava/lang/Object;+99
j  org.eclipse.core.runtime.adaptor.EclipseStarter.run([Ljava/lang/String;Ljava/lang/Runnable;)Ljava/lang/Object;+132
J 428 c1 java.lang.invoke.DirectMethodHandle$Holder.invokeStatic(Ljava/lang/Object;Ljava/lang/Object;Ljava/lang/Object;)Ljava/lang/Object; java.base@21.0.7 (15 bytes) @ 0x00000235a6b444d4 [0x00000235a6b440e0+0x00000000000003f4]
j  java.lang.invoke.LambdaForm$MH+0x00000235bf01c800.invoke(Ljava/lang/Object;Ljava/lang/Object;Ljava/lang/Object;Ljava/lang/Object;)Ljava/lang/Object;+54 java.base@21.0.7
j  java.lang.invoke.LambdaForm$MH+0x00000235bf01cc00.invokeExact_MT(Ljava/lang/Object;Ljava/lang/Object;Ljava/lang/Object;Ljava/lang/Object;Ljava/lang/Object;)Ljava/lang/Object;+22 java.base@21.0.7
j  jdk.internal.reflect.DirectMethodHandleAccessor.invokeImpl(Ljava/lang/Object;[Ljava/lang/Object;)Ljava/lang/Object;+72 java.base@21.0.7
j  jdk.internal.reflect.DirectMethodHandleAccessor.invoke(Ljava/lang/Object;[Ljava/lang/Object;)Ljava/lang/Object;+23 java.base@21.0.7
j  java.lang.reflect.Method.invoke(Ljava/lang/Object;[Ljava/lang/Object;)Ljava/lang/Object;+102 java.base@21.0.7
j  org.eclipse.equinox.launcher.Main.invokeFramework([Ljava/lang/String;[Ljava/net/URL;)V+155
j  org.eclipse.equinox.launcher.Main.basicRun([Ljava/lang/String;)V+310
j  org.eclipse.equinox.launcher.Main.run([Ljava/lang/String;)I+4
v  ~StubRoutines::call_stub 0x00000235adf1100d

siginfo: EXCEPTION_ACCESS_VIOLATION (0xc0000005), reading address 0xffffffffffffffff


Registers:
RAX=0x00c60a0070130000, RBX=0x00000044099db310, RCX=0x00001370000ac300, RDX=0x00000044099db2a0
RSP=0x00000044099db2e0, RBP=0x00000044099db730, RSI=0x00001370000780e0, RDI=0x00001370000680f0
R8 =0x00000044099db2a0, R9 =0x0000000000000000, R10=0x0000000000000000, R11=0x0000000000000246
R12=0x0000137000018500, R13=0x0000000000000000, R14=0x0000000000000000, R15=0x00000044099db668
RIP=0x00007ff885507fff, EFLAGS=0x0000000000010202

XMM[0]=0x0000000000000000 0x0000000000000000
XMM[1]=0x0000000000000000 0x0000000000000000
XMM[2]=0x0000000000000000 0x0000000000000000
XMM[3]=0x0000000000000000 0x0000000000000000
XMM[4]=0x0000000000000000 0x0000000000000000
XMM[5]=0x0000000000000000 0x0000000000000000
XMM[6]=0x0000000000000000 0xaf633f92e69b3021
XMM[7]=0x0000000000000000 0x592856ef513bda7e
XMM[8]=0x0000000000000000 0xadf9a5f47d8dcbb6
XMM[9]=0x0000000000000000 0x941786f131186232
XMM[10]=0x0000000000000000 0x000000009d00db41
XMM[11]=0x0000000000000000 0xfbf399ad2d0bfbdf
XMM[12]=0x0000000000000000 0x0000000031186232
XMM[13]=0x0000000000000000 0x00000000c695f4be
XMM[14]=0x0000000000000000 0x646131f5924665ff
XMM[15]=0x0000000000000000 0x000000002de5340a
  MXCSR=0x00001fa2


Register to memory mapping:

RAX=0x00c60a0070130000 is an unknown value
RBX=0x00000044099db310 is pointing into the stack for thread: 0x00000235a38d5380
RCX=0x00001370000ac300 points into unknown readable memory: 0x00c60a0070130000 | 00 00 13 70 00 0a c6 00
RDX=0x00000044099db2a0 is pointing into the stack for thread: 0x00000235a38d5380
RSP=0x00000044099db2e0 is pointing into the stack for thread: 0x00000235a38d5380
RBP=0x00000044099db730 is pointing into the stack for thread: 0x00000235a38d5380
RSI=0x00001370000780e0 points into unknown readable memory: 0x00007ff88da75520 | 20 55 a7 8d f8 7f 00 00
RDI=0x00001370000680f0 points into unknown readable memory: 0x0000000000000000 | 00 00 00 00 00 00 00 00
R8 =0x00000044099db2a0 is pointing into the stack for thread: 0x00000235a38d5380
R9 =0x0 is null
R10=0x0 is null
R11=0x0000000000000246 is an unknown value
R12=0x0000137000018500 points into unknown readable memory: 0x0000001870130101 | 01 01 13 70 18 00 00 00
R13=0x0 is null
R14=0x0 is null
R15=0x00000044099db668 is pointing into the stack for thread: 0x00000235a38d5380

Top of Stack: (sp=0x00000044099db2e0)
0x00000044099db2e0:   00001370000ac390 00001370000ac368
0x00000044099db2f0:   0000137000001560 00007ff885c43aa1
0x00000044099db300:   00007ff88d6bdf31 0000000000000004
0x00000044099db310:   0000000000000000 0000000000000000
0x00000044099db320:   0000000000000000 0000acc56e506997
0x00000044099db330:   0000137000018500 0000000000000001
0x00000044099db340:   00001370000780e0 00007ff885506ae7
0x00000044099db350:   0000137000068d20 0000137000018500
0x00000044099db360:   00000044099db730 0000137000018500
0x00000044099db370:   000013700005c0d0 0000000000000001
0x00000044099db380:   00001370000780e0 00007ff885508120
0x00000044099db390:   00001370000d4320 0000137000018500
0x00000044099db3a0:   00000044099db730 aaaaaaaaaaaa0000
0x00000044099db3b0:   aaaaaaaaaaaaaaaa 00001370000c0060
0x00000044099db3c0:   0000137000018500 00007ff880e95257
0x00000044099db3d0:   8000000000000088 0000acc56e5069a7
0x00000044099db3e0:   00000044099db4a0 00000044099db401
0x00000044099db3f0:   0000137000058250 0000137000018500
0x00000044099db400:   00000044099db401 0000137000058250
0x00000044099db410:   0000000000000000 00007ff880e94bdb
0x00000044099db420:   00000044099db758 00000044099db4a8
0x00000044099db430:   000002358ba9af70 00007ff880df4f65
0x00000044099db440:   0000000000000000 000002358ba9af70
0x00000044099db450:   00000044099db4a8 0000000000000000
0x00000044099db460:   00007ff88d2f6040 0000137000058250
0x00000044099db470:   0000137000058240 00007ff880df1308
0x00000044099db480:   0000000000000030 00007ffad055ce64
0x00000044099db490:   00000235a10c0000 0000000000000000
0x00000044099db4a0:   00007ff88d2f6040 00000000000001b8
0x00000044099db4b0:   0000000000000001 00001370000b0280
0x00000044099db4c0:   0000000000000091 0000000000000000
0x00000044099db4d0:   0000000000000000 0000000000000000 

Instructions: (pc=0x00007ff885507fff)
0x00007ff885507eff:   00 00 00 48 85 c9 74 0b f0 ff 49 08 75 05 e8 0e
0x00007ff885507f0f:   21 1f fc e8 79 02 c0 fe e9 47 fa ff ff 0f b6 c8
0x00007ff885507f1f:   48 8d 05 a4 d6 56 08 48 89 84 24 a0 00 00 00 48
0x00007ff885507f2f:   8d 05 43 bf e1 07 48 89 44 24 20 c7 44 24 30 08
0x00007ff885507f3f:   00 00 00 c6 44 24 28 49 48 8d 94 24 88 00 00 00
0x00007ff885507f4f:   4c 8d 84 24 a0 00 00 00 41 b9 03 00 00 00 e8 be
0x00007ff885507f5f:   e7 a2 fb e9 c9 f9 ff ff cc cc cc cc cc cc cc cc
0x00007ff885507f6f:   cc 56 57 53 48 83 ec 50 48 89 ce 48 8b 05 bf e8
0x00007ff885507f7f:   74 09 48 31 e0 48 89 44 24 48 48 8b 79 18 48 c7
0x00007ff885507f8f:   41 18 00 00 00 00 48 85 ff 74 10 48 89 f9 e8 fe
0x00007ff885507f9f:   e5 ff ff 48 89 f9 e8 46 d2 d7 07 e8 d1 33 72 00
0x00007ff885507faf:   48 89 c7 48 b8 aa aa aa aa aa aa aa aa 48 89 44
0x00007ff885507fbf:   24 40 0f 28 05 68 e0 de 07 0f 29 44 24 30 48 8d
0x00007ff885507fcf:   0d 5d 5f 1b 08 48 89 4c 24 20 e8 c2 75 db 07 48
0x00007ff885507fdf:   89 44 24 28 48 8d 5c 24 30 4c 8d 44 24 20 48 89
0x00007ff885507fef:   f9 48 89 da e8 b8 3c 72 00 48 8b 4e 28 48 8b 01
0x00007ff885507fff:   48 8b 40 28 48 89 da ff 15 9c e1 67 09 e8 8f cd
0x00007ff88550800f:   ad fe 48 8b 7e 30 48 c7 46 30 00 00 00 00 48 85
0x00007ff88550801f:   ff 74 10 48 89 f9 e8 06 af 72 00 48 89 f9 e8 be
0x00007ff88550802f:   d1 d7 07 48 8b 4e 28 48 b8 00 00 00 00 fc ff ff
0x00007ff88550803f:   ff 48 21 c8 48 3b 05 7e 33 73 09 75 05 e8 0f c4
0x00007ff88550804f:   72 00 48 c7 46 28 00 00 00 00 c6 46 21 01 80 7c
0x00007ff88550805f:   24 47 00 79 0a 48 8b 4c 24 30 e8 82 d1 d7 07 48
0x00007ff88550806f:   8b 4c 24 48 48 31 e1 e8 f5 d3 d7 07 90 48 83 c4
0x00007ff88550807f:   50 5b 5f 5e c3 cc cc cc cc cc cc cc cc cc cc cc
0x00007ff88550808f:   cc 48 89 c8 48 8b 49 10 48 c7 40 10 00 00 00 00
0x00007ff88550809f:   48 85 c9 74 15 48 8b 01 48 8b 00 4c 8b 05 f7 e0
0x00007ff8855080af:   67 09 ba 01 00 00 00 49 ff e0 c3 cc cc cc cc cc
0x00007ff8855080bf:   cc 56 48 83 ec 20 48 89 ce b9 70 00 00 00 e8 8e
0x00007ff8855080cf:   d0 d7 07 48 8d 0d 47 d4 56 08 48 89 08 c6 40 08
0x00007ff8855080df:   00 c6 40 68 00 0f 57 c0 0f 11 40 10 c7 40 1f 00
0x00007ff8855080ef:   00 00 00 0f 11 40 28 c6 40 38 00 48 89 06 48 89 


Stack slot to memory mapping:

stack at sp + 0 slots: 0x00001370000ac390 points into unknown readable memory: 0x00007ff88d316fe0 | e0 6f 31 8d f8 7f 00 00
stack at sp + 1 slots: 0x00001370000ac368 points into unknown readable memory: 0x00007ff88d2f61e0 | e0 61 2f 8d f8 7f 00 00
stack at sp + 2 slots: 0x0000137000001560 points into unknown readable memory: 0x00001370000ac300 | 00 c3 0a 00 70 13 00 00
stack at sp + 3 slots: 0x00007ff885c43aa1 libcef.dll
stack at sp + 4 slots: 0x00007ff88d6bdf31 libcef.dll
stack at sp + 5 slots: 0x0000000000000004 is an unknown value
stack at sp + 6 slots: 0x0 is null
stack at sp + 7 slots: 0x0 is null


Compiled method (c1) 14897 1595   !   3       jdk.internal.reflect.DirectMethodHandleAccessor::invoke (92 bytes)
 total in heap  [0x00000235a6d8be10,0x00000235a6d900d0] = 17088
 relocation     [0x00000235a6d8bf70,0x00000235a6d8c2e0] = 880
 main code      [0x00000235a6d8c2e0,0x00000235a6d8eb48] = 10344
 stub code      [0x00000235a6d8eb48,0x00000235a6d8ec88] = 320
 oops           [0x00000235a6d8ec88,0x00000235a6d8ecb8] = 48
 metadata       [0x00000235a6d8ecb8,0x00000235a6d8ed30] = 120
 scopes data    [0x00000235a6d8ed30,0x00000235a6d8f210] = 1248
 scopes pcs     [0x00000235a6d8f210,0x00000235a6d8f7f0] = 1504
 dependencies   [0x00000235a6d8f7f0,0x00000235a6d8f7f8] = 8
 handler table  [0x00000235a6d8f7f8,0x00000235a6d90008] = 2064
 nul chk table  [0x00000235a6d90008,0x00000235a6d900d0] = 200

[Constant Pool (empty)]

[MachCode]
[Entry Point]
  # {method} {0x00000235be19def0} 'invoke' '(Ljava/lang/Object;[Ljava/lang/Object;)Ljava/lang/Object;' in 'jdk/internal/reflect/DirectMethodHandleAccessor'
  # this:     rdx:rdx   = 'jdk/internal/reflect/DirectMethodHandleAccessor'
  # parm0:    r8:r8     = 'java/lang/Object'
  # parm1:    r9:r9     = '[Ljava/lang/Object;'
  #           [sp+0x170]  (sp of caller)
  0x00000235a6d8c2e0: 448b 5208 | 49bb 0000 | 00be 3502 | 0000 4d03 | d34c 3bd0 

  0x00000235a6d8c2f4: ;   {runtime_call ic_miss_stub}
  0x00000235a6d8c2f4: 0f85 8624 | 1d07 660f | 1f44 0000 
[Verified Entry Point]
  0x00000235a6d8c300: 8984 2400 | 80ff ff55 | 4881 ec60 | 0100 0090 | 4181 7f20 | 0b00 0000 

  0x00000235a6d8c318: ;   {runtime_call StubRoutines (final stubs)}
  0x00000235a6d8c318: 7405 e841 | 8a1b 0748 | 8994 24b0 | 0000 004c | 8984 24c0 | 0000 004c | 898c 24b8 

  0x00000235a6d8c334: ;   {metadata(method data for {method} {0x00000235be19def0} 'invoke' '(Ljava/lang/Object;[Ljava/lang/Object;)Ljava/lang/Object;' in 'jdk/internal/reflect/DirectMethodHandleAccessor')}
  0x00000235a6d8c334: 0000 0048 | be88 cd36 | 8035 0200 | 008b becc | 0000 0083 | c702 89be | cc00 0000 | 81e7 fe07 
  0x00000235a6d8c354: 0000 85ff | 0f84 9b22 | 0000 488b 

  0x00000235a6d8c360: ;   {metadata(method data for {method} {0x00000235be19def0} 'invoke' '(Ljava/lang/Object;[Ljava/lang/Object;)Ljava/lang/Object;' in 'jdk/internal/reflect/DirectMethodHandleAccessor')}
  0x00000235a6d8c360: f248 bf88 | cd36 8035 | 0200 0048 | 8387 1001 

  0x00000235a6d8c370: ;   {metadata(method data for {method} {0x00000235be3c4948} 'isStatic' '()Z' in 'jdk/internal/reflect/DirectMethodHandleAccessor')}
  0x00000235a6d8c370: 0000 0148 | be30 c936 | 8035 0200 | 008b becc | 0000 0083 | c702 89be | cc00 0000 | 81e7 feff 
  0x00000235a6d8c390: 1f00 85ff | 0f84 8022 | 0000 8b72 | 1081 e600 | 0200 0081 | fe00 0200 

  0x00000235a6d8c3a8: ;   {metadata(method data for {method} {0x00000235be3c4948} 'isStatic' '()Z' in 'jdk/internal/reflect/DirectMethodHandleAccessor')}
  0x00000235a6d8c3a8: 0048 be30 | c936 8035 | 0200 0048 | c7c7 1001 | 0000 7507 | 48c7 c720 | 0100 0048 | 8b1c 3e48 
  0x00000235a6d8c3c8: 8d5b 0148 | 891c 3e0f | 851a 0000 

  0x00000235a6d8c3d4: ;   {metadata(method data for {method} {0x00000235be3c4948} 'isStatic' '()Z' in 'jdk/internal/reflect/DirectMethodHandleAccessor')}
  0x00000235a6d8c3d4: 0048 be30 | c936 8035 | 0200 00ff | 8630 0100 | 00be 0100 | 0000 e905 | 0000 00be | 0000 0000 
  0x00000235a6d8c3f4: 83e6 0185 

  0x00000235a6d8c3f8: ;   {metadata(method data for {method} {0x00000235be19def0} 'invoke' '(Ljava/lang/Object;[Ljava/lang/Object;)Ljava/lang/Object;' in 'jdk/internal/reflect/DirectMethodHandleAccessor')}
  0x00000235a6d8c3f8: f648 be88 | cd36 8035 | 0200 0048 | c7c7 4801 | 0000 7507 | 48c7 c758 | 0100 0048 | 8b1c 3e48 
  0x00000235a6d8c418: 8d5b 0148 | 891c 3e0f | 85d5 0000 | 0048 8bf2 

  0x00000235a6d8c428: ;   {metadata(method data for {method} {0x00000235be19def0} 'invoke' '(Ljava/lang/Object;[Ljava/lang/Object;)Ljava/lang/Object;' in 'jdk/internal/reflect/DirectMethodHandleAccessor')}
  0x00000235a6d8c428: 48bf 88cd | 3680 3502 | 0000 4883 | 8768 0100 

  0x00000235a6d8c438: ;   {metadata(method data for {method} {0x00000235be3c4898} 'checkReceiver' '(Ljava/lang/Object;)V' in 'jdk/internal/reflect/DirectMethodHandleAccessor')}
  0x00000235a6d8c438: 0001 48be | d8d4 3680 | 3502 0000 | 8bbe cc00 | 0000 83c7 | 0289 becc | 0000 0081 | e7fe ff1f 
  0x00000235a6d8c458: 0085 ff0f | 84da 2100 | 008b 7214 | 48c1 e603 

  0x00000235a6d8c468: ; implicit exception: dispatches to 0x00000235a6d8e65c
  0x00000235a6d8c468: 493b 0049 

  0x00000235a6d8c46c: ;   {metadata(method data for {method} {0x00000235be3c4898} 'checkReceiver' '(Ljava/lang/Object;)V' in 'jdk/internal/reflect/DirectMethodHandleAccessor')}
  0x00000235a6d8c46c: 8bf8 48bb | d8d4 3680 | 3502 0000 | 4883 8310 | 0100 0001 | 418b 7808 | 49ba 0000 | 00be 3502 
  0x00000235a6d8c48c: 0000 4903 | fa48 8b7f | 7048 8b3f 

  0x00000235a6d8c498: ; implicit exception: dispatches to 0x00000235a6d8e661
  0x00000235a6d8c498: 483b 0648 

  0x00000235a6d8c49c: ;   {metadata(method data for {method} {0x00000235be3c4898} 'checkReceiver' '(Ljava/lang/Object;)V' in 'jdk/internal/reflect/DirectMethodHandleAccessor')}
  0x00000235a6d8c49c: 8bde 48b8 | d8d4 3680 | 3502 0000 | 4883 8048 | 0100 0001 | 4c8b c748 

  0x00000235a6d8c4b4: ;   {optimized virtual_call}
  0x00000235a6d8c4b4: 8bd6 90e8 

  0x00000235a6d8c4b8: ; ImmutableOopMap {[176]=Oop [184]=Oop [192]=Oop }
                      ;*invokevirtual isAssignableFrom {reexecute=0 rethrow=0 return_oop=0}
                      ; - jdk.internal.reflect.DirectMethodHandleAccessor::checkReceiver@8
                      ; - jdk.internal.reflect.DirectMethodHandleAccessor::invoke@9
  0x00000235a6d8c4b8: 848c 8e07 

  0x00000235a6d8c4bc: ;   {other}
  0x00000235a6d8c4bc: 0f1f 8400 | ac06 0000 

  0x00000235a6d8c4c4: ;   {metadata(method data for {method} {0x00000235be3c4898} 'checkReceiver' '(Ljava/lang/Object;)V' in 'jdk/internal/reflect/DirectMethodHandleAccessor')}
  0x00000235a6d8c4c4: 85c0 48ba | d8d4 3680 | 3502 0000 | 49c7 c090 | 0100 0074 | 0749 c7c0 | 8001 0000 | 4a8b 3402 
  0x00000235a6d8c4e4: 488d 7601 | 4a89 3402 | 0f84 9f1f | 0000 488b | 9424 b000 | 0000 448b 

  0x00000235a6d8c4fc: ;   {metadata(method data for {method} {0x00000235be19def0} 'invoke' '(Ljava/lang/Object;[Ljava/lang/Object;)Ljava/lang/Object;' in 'jdk/internal/reflect/DirectMethodHandleAccessor')}
  0x00000235a6d8c4fc: 420c 48be | 88cd 3680 | 3502 0000 | 4883 86a0 | 0100 0001 | 498b d04c | 8b84 24b8 | 0000 000f 
  0x00000235a6d8c51c: ;   {static_call}
  0x00000235a6d8c51c: 1f40 00e8 

  0x00000235a6d8c520: ; ImmutableOopMap {[176]=Oop [184]=Oop [192]=Oop }
                      ;*invokestatic checkArgumentCount {reexecute=0 rethrow=0 return_oop=0}
                      ; - jdk.internal.reflect.DirectMethodHandleAccessor::invoke@17
  0x00000235a6d8c520: 5caa ffff 

  0x00000235a6d8c524: ;   {other}
  0x00000235a6d8c524: 0f1f 8400 | 1407 0001 | 488b 9424 | b000 0000 

  0x00000235a6d8c534: ;   {metadata(method data for {method} {0x00000235be19def0} 'invoke' '(Ljava/lang/Object;[Ljava/lang/Object;)Ljava/lang/Object;' in 'jdk/internal/reflect/DirectMethodHandleAccessor')}
  0x00000235a6d8c534: 4c8b c249 | b988 cd36 | 8035 0200 | 0049 8381 | b001 0000 

  0x00000235a6d8c548: ;   {metadata(method data for {method} {0x00000235be3c46e0} 'invokeImpl' '(Ljava/lang/Object;[Ljava/lang/Object;)Ljava/lang/Object;' in 'jdk/internal/reflect/DirectMethodHandleAccessor')}
  0x00000235a6d8c548: 0149 b8c0 | d036 8035 | 0200 0045 | 8b88 cc00 | 0000 4183 | c102 4589 | 88cc 0000 | 0041 81e1 
  0x00000235a6d8c568: feff 1f00 | 4585 c90f | 84f1 2000 | 0044 8b42 

  0x00000235a6d8c578: ;   {metadata(method data for {method} {0x00000235be3c46e0} 'invokeImpl' '(Ljava/lang/Object;[Ljava/lang/Object;)Ljava/lang/Object;' in 'jdk/internal/reflect/DirectMethodHandleAccessor')}
  0x00000235a6d8c578: 0c49 b9c0 | d036 8035 | 0200 0048 | c7c7 1801 | 0000 4585 | c048 8bf7 | 48c7 c728 | 0100 0048 
  0x00000235a6d8c598: 0f45 fe41 | 83f8 0148 | 8bf7 48c7 | c738 0100 | 0048 0f45 | fe41 83f8 | 0248 8bf7 | 48c7 c748 
  0x00000235a6d8c5b8: 0100 0048 | 0f45 fe41 | 83f8 0348 | 8bf7 48c7 | c758 0100 | 0048 0f45 | fe49 8b34 | 3949 c7c2 
  0x00000235a6d8c5d8: 0100 0000 | 4903 f249 | 8934 3945 | 85c0 0f84 | 2616 0000 | 4183 f801 | 0f84 b40f | 0000 4183 
  0x00000235a6d8c5f8: f802 0f84 | 0a09 0000 | 4183 f803 | 0f84 1802 | 0000 4c8b | 8c24 b800 | 0000 4c8b | 8424 c000 
  0x00000235a6d8c618: 0000 8b72 | 1848 c1e6 | 030f 1f80 | 0000 0000 

  0x00000235a6d8c628: ;   {oop(a 'java/lang/invoke/MethodType'{0x0000000740271fd0} = (Ljava/lang/Object;[Ljava/lang/Object;)Ljava/lang/Object;)}
  0x00000235a6d8c628: 48bf d01f | 2740 0700 | 0000 483b 

  0x00000235a6d8c634: ;   {metadata(method data for {method} {0x00000235be3c46e0} 'invokeImpl' '(Ljava/lang/Object;[Ljava/lang/Object;)Ljava/lang/Object;' in 'jdk/internal/reflect/DirectMethodHandleAccessor')}
  0x00000235a6d8c634: 0648 bbc0 | d036 8035 | 0200 0048 | 8d9b 9803 | 0000 4d85 | c075 0ef6 | 4308 0175 | 50f0 4883 
  0x00000235a6d8c654: 4b08 01eb | 4841 8b40 | 0849 ba00 | 0000 be35 | 0200 0049 | 03c2 4c8b | d048 3343 | 0848 a9fc 
  0x00000235a6d8c674: ffff ff74 | 28a8 0275 | 2448 f743 | 08fe ffff | ff74 1649 | 8bc2 4833 | 4308 48a9 | fcff ffff 
  0x00000235a6d8c694: 740b 4883 | 4b08 02eb | 0448 8943 | 084d 85c9 | 750e f643 | 1801 7550 | f048 834b | 1801 eb48 
  0x00000235a6d8c6b4: 418b 4108 | 49ba 0000 | 00be 3502 | 0000 4903 | c24c 8bd0 | 4833 4318 | 48a9 fcff | ffff 7428 
  0x00000235a6d8c6d4: a802 7524 | 48f7 4318 | feff ffff | 7416 498b | c248 3343 | 1848 a9fc | ffff ff74 | 0b48 834b 
  0x00000235a6d8c6f4: 1802 eb04 | 4889 4318 

  0x00000235a6d8c6fc: ;   {metadata(method data for {method} {0x00000235be3c46e0} 'invokeImpl' '(Ljava/lang/Object;[Ljava/lang/Object;)Ljava/lang/Object;' in 'jdk/internal/reflect/DirectMethodHandleAccessor')}
  0x00000235a6d8c6fc: 488b de48 | b8c0 d036 | 8035 0200 | 008b 5b08 | 49ba 0000 | 00be 3502 | 0000 4903 | da48 3b98 
  0x00000235a6d8c71c: 7003 0000 | 750d 4883 | 8078 0300 | 0001 e960 | 0000 0048 | 3b98 8003 | 0000 750d | 4883 8088 
  0x00000235a6d8c73c: 0300 0001 | e94a 0000 | 0048 83b8 | 7003 0000 | 0075 1748 | 8998 7003 | 0000 48c7 | 8078 0300 
  0x00000235a6d8c75c: 0001 0000 | 00e9 2900 | 0000 4883 | b880 0300 | 0000 7517 | 4889 9880 | 0300 0048 | c780 8803 
  0x00000235a6d8c77c: 0000 0100 | 0000 e908 | 0000 0048 | 8380 6003 | 0000 0148 | 8bd6 0f1f 

  0x00000235a6d8c794: ;   {optimized virtual_call}
  0x00000235a6d8c794: 4400 00e8 

  0x00000235a6d8c798: ; ImmutableOopMap {[176]=Oop }
                      ;*invokevirtual invokeExact {reexecute=0 rethrow=0 return_oop=0}
                      ; - jdk.internal.reflect.DirectMethodHandleAccessor::invokeImpl@104
                      ; - jdk.internal.reflect.DirectMethodHandleAccessor::invoke@23
  0x00000235a6d8c798: b123 0000 

  0x00000235a6d8c79c: ;   {other}
  0x00000235a6d8c79c: 0f1f 8400 | 8c09 0002 

  0x00000235a6d8c7a4: ;   {metadata(method data for {method} {0x00000235be3c46e0} 'invokeImpl' '(Ljava/lang/Object;[Ljava/lang/Object;)Ljava/lang/Object;' in 'jdk/internal/reflect/DirectMethodHandleAccessor')}
  0x00000235a6d8c7a4: 48ba c0d0 | 3680 3502 | 0000 488d | 92b8 0300 | 0048 85c0 | 750c f602 | 0175 4df0 | 4883 0a01 
  0x00000235a6d8c7c4: eb46 8b70 | 0849 ba00 | 0000 be35 | 0200 0049 | 03f2 4c8b | d648 3332 | 48f7 c6fc | ffff ff74 
  0x00000235a6d8c7e4: 2740 f6c6 | 0275 2148 | f702 feff | ffff 7415 | 498b f248 | 3332 48f7 | c6fc ffff | ff74 0948 
  0x00000235a6d8c804: 830a 02eb | 0348 8932 | 4881 c460 | 0100 005d 

  0x00000235a6d8c814: ;   {poll_return}
  0x00000235a6d8c814: 493b a748 | 0400 000f | 8784 1e00 | 00c3 4c8b | 8c24 b800 | 0000 4c8b | 8424 c000 | 0000 8b72 
  0x00000235a6d8c834: 1848 c1e6 | 0348 89b4 | 24d0 0000 | 0041 8379 | 0c00 0f86 | 791e 0000 | 418b 7910 | 48c1 e703 
  0x00000235a6d8c854: 4889 bc24 | c800 0000 | 4183 790c | 010f 8670 | 1e00 0041 | 8b59 1448 | c1e3 0348 | 899c 24d8 
  0x00000235a6d8c874: 0000 0041 | 8379 0c02 | 0f86 671e | 0000 418b | 4118 48c1 | e003 4889 | 8424 e000 

  0x00000235a6d8c890: ;   {metadata(method data for {method} {0x00000235be3c46e0} 'invokeImpl' '(Ljava/lang/Object;[Ljava/lang/Object;)Ljava/lang/Object;' in 'jdk/internal/reflect/DirectMethodHandleAccessor')}
  0x00000235a6d8c890: 0000 48b9 | c0d0 3680 | 3502 0000 | 488d 8918 | 0300 004d | 85c0 750e | f641 0801 | 7554 f048 
  0x00000235a6d8c8b0: 8349 0801 | eb4c 458b | 4808 49ba | 0000 00be | 3502 0000 | 4d03 ca4d | 8bd1 4c33 | 4908 49f7 
  0x00000235a6d8c8d0: c1fc ffff | ff74 2b41 | f6c1 0275 | 2548 f741 | 08fe ffff | ff74 174d | 8bca 4c33 | 4908 49f7 
  0x00000235a6d8c8f0: c1fc ffff | ff74 0b48 | 8349 0802 | eb04 4c89 

  0x00000235a6d8c900: ;   {metadata(method data for {method} {0x000002358042b6b8} 'invokeExact_MT' '(Ljava/lang/Object;Ljava/lang/Object;Ljava/lang/Object;Ljava/lang/Object;Ljava/lang/Object;Ljava/lang/Object;)Ljava/lang/Object;' in 'java/lang/invoke/LambdaForm$MH+0x00000235bf00f400')}
  0x00000235a6d8c900: 4908 48b9 | 00e8 5d80 | 3502 0000 | 488d 89c8 | 0200 0048 | 85f6 750c | f601 0175 | 4ef0 4883 
  0x00000235a6d8c920: 0901 eb47 | 448b 4e08 | 49ba 0000 | 00be 3502 | 0000 4d03 | ca4d 8bd1 | 4c33 0949 | f7c1 fcff 
  0x00000235a6d8c940: ffff 7427 | 41f6 c102 | 7521 48f7 | 01fe ffff | ff74 154d | 8bca 4c33 | 0949 f7c1 | fcff ffff 
  0x00000235a6d8c960: 7409 4883 | 0902 eb03 | 4c89 094d | 85c0 750e | f641 1001 | 7554 f048 | 8349 1001 | eb4c 458b 
  0x00000235a6d8c980: 4808 49ba | 0000 00be | 3502 0000 | 4d03 ca4d | 8bd1 4c33 | 4910 49f7 | c1fc ffff | ff74 2b41 
  0x00000235a6d8c9a0: f6c1 0275 | 2548 f741 | 10fe ffff | ff74 174d | 8bca 4c33 | 4910 49f7 | c1fc ffff | ff74 0b48 
  0x00000235a6d8c9c0: 8349 1002 | eb04 4c89 

  0x00000235a6d8c9c8: ;   {metadata(method data for {method} {0x00000235be3c46e0} 'invokeImpl' '(Ljava/lang/Object;[Ljava/lang/Object;)Ljava/lang/Object;' in 'jdk/internal/reflect/DirectMethodHandleAccessor')}
  0x00000235a6d8c9c8: 4910 48b9 | c0d0 3680 | 3502 0000 | 4883 81e0 | 0200 0001 

  0x00000235a6d8c9dc: ;   {metadata(method data for {method} {0x000002358042b6b8} 'invokeExact_MT' '(Ljava/lang/Object;Ljava/lang/Object;Ljava/lang/Object;Ljava/lang/Object;Ljava/lang/Object;Ljava/lang/Object;)Ljava/lang/Object;' in 'java/lang/invoke/LambdaForm$MH+0x00000235bf00f400')}
  0x00000235a6d8c9dc: 48b9 00e8 | 5d80 3502 | 0000 448b | 89cc 0000 | 0041 83c1 | 0244 8989 | cc00 0000 | 4181 e1fe 
  0x00000235a6d8c9fc: ff1f 0045 | 85c9 0f84 | f31c 0000 

  0x00000235a6d8ca08: ;   {metadata(method data for {method} {0x000002358042b6b8} 'invokeExact_MT' '(Ljava/lang/Object;Ljava/lang/Object;Ljava/lang/Object;Ljava/lang/Object;Ljava/lang/Object;Ljava/lang/Object;)Ljava/lang/Object;' in 'java/lang/invoke/LambdaForm$MH+0x00000235bf00f400')}
  0x00000235a6d8ca08: 48b9 00e8 | 5d80 3502 | 0000 488d | 8990 0100 | 0048 85f6 | 750e f641 | 0801 7554 | f048 8349 
  0x00000235a6d8ca28: 0801 eb4c | 448b 4e08 | 49ba 0000 | 00be 3502 | 0000 4d03 | ca4d 8bd1 | 4c33 4908 | 49f7 c1fc 
  0x00000235a6d8ca48: ffff ff74 | 2b41 f6c1 | 0275 2548 | f741 08fe | ffff ff74 | 174d 8bca | 4c33 4908 | 49f7 c1fc 
  0x00000235a6d8ca68: ffff ff74 | 0b48 8349 | 0802 eb04 | 4c89 4908 

  0x00000235a6d8ca78: ;   {oop(a 'java/lang/invoke/MethodType'{0x0000000740272098} = (Ljava/lang/Object;Ljava/lang/Object;Ljava/lang/Object;Ljava/lang/Object;)Ljava/lang/Object;)}
  0x00000235a6d8ca78: 49b9 9820 | 2740 0700 | 0000 4d85 | c975 0cf6 | 4118 0175 | 06f0 4883 

  0x00000235a6d8ca90: ;   {metadata(method data for {method} {0x000002358042b6b8} 'invokeExact_MT' '(Ljava/lang/Object;Ljava/lang/Object;Ljava/lang/Object;Ljava/lang/Object;Ljava/lang/Object;Ljava/lang/Object;)Ljava/lang/Object;' in 'java/lang/invoke/LambdaForm$MH+0x00000235bf00f400')}
  0x00000235a6d8ca90: 4918 0148 | b900 e85d | 8035 0200 | 0048 8381 | 8001 0000 

  0x00000235a6d8caa4: ;   {metadata(method data for {method} {0x00000235be3d94e0} 'checkExactType' '(Ljava/lang/invoke/MethodHandle;Ljava/lang/invoke/MethodType;)V' in 'java/lang/invoke/Invokers')}
  0x00000235a6d8caa4: 0148 b950 | 5f2a 8035 | 0200 0044 | 8b99 cc00 | 0000 4183 | c302 4489 | 99cc 0000 | 0041 81e3 
  0x00000235a6d8cac4: feff 1f00 | 4585 db0f | 844b 1c00 | 0048 3b06 

  0x00000235a6d8cad4: ;   {metadata(method data for {method} {0x00000235be3d94e0} 'checkExactType' '(Ljava/lang/invoke/MethodHandle;Ljava/lang/invoke/MethodType;)V' in 'java/lang/invoke/Invokers')}
  0x00000235a6d8cad4: 488b ce49 | bb50 5f2a | 8035 0200 | 008b 4908 | 49ba 0000 | 00be 3502 | 0000 4903 | ca49 3b8b 
  0x00000235a6d8caf4: 2001 0000 | 750d 4983 | 8328 0100 | 0001 e960 | 0000 0049 | 3b8b 3001 | 0000 750d | 4983 8338 
  0x00000235a6d8cb14: 0100 0001 | e94a 0000 | 0049 83bb | 2001 0000 | 0075 1749 | 898b 2001 | 0000 49c7 | 8328 0100 
  0x00000235a6d8cb34: 0001 0000 | 00e9 2900 | 0000 4983 | bb30 0100 | 0000 7517 | 4989 8b30 | 0100 0049 | c783 3801 
  0x00000235a6d8cb54: 0000 0100 | 0000 e908 | 0000 0049 | 8383 1001 | 0000 018b | 4e10 48c1 | e103 493b 

  0x00000235a6d8cb70: ;   {metadata(method data for {method} {0x00000235be3d94e0} 'checkExactType' '(Ljava/lang/invoke/MethodHandle;Ljava/lang/invoke/MethodType;)V' in 'java/lang/invoke/Invokers')}
  0x00000235a6d8cb70: c949 b950 | 5f2a 8035 | 0200 0049 | c7c3 5801 | 0000 7507 | 49c7 c348 | 0100 004f | 8b2c 194d 
  0x00000235a6d8cb90: 8d6d 014f | 892c 190f | 8592 1400 

  0x00000235a6d8cb9c: ;   {metadata(method data for {method} {0x000002358042b6b8} 'invokeExact_MT' '(Ljava/lang/Object;Ljava/lang/Object;Ljava/lang/Object;Ljava/lang/Object;Ljava/lang/Object;Ljava/lang/Object;)Ljava/lang/Object;' in 'java/lang/invoke/LambdaForm$MH+0x00000235bf00f400')}
  0x00000235a6d8cb9c: 0048 b900 | e85d 8035 | 0200 0048 | 8d89 c801 | 0000 448b | 4e08 49ba | 0000 00be | 3502 0000 
  0x00000235a6d8cbbc: 4d03 ca4d | 8bd1 4c33 | 4908 49f7 | c1fc ffff | ff74 2b41 | f6c1 0275 | 2548 f741 | 08fe ffff 
  0x00000235a6d8cbdc: ff74 174d | 8bca 4c33 | 4908 49f7 | c1fc ffff | ff74 0b48 | 8349 0802 | eb04 4c89 

  0x00000235a6d8cbf8: ;   {metadata(method data for {method} {0x000002358042b6b8} 'invokeExact_MT' '(Ljava/lang/Object;Ljava/lang/Object;Ljava/lang/Object;Ljava/lang/Object;Ljava/lang/Object;Ljava/lang/Object;)Ljava/lang/Object;' in 'java/lang/invoke/LambdaForm$MH+0x00000235bf00f400')}
  0x00000235a6d8cbf8: 4908 48b9 | 00e8 5d80 | 3502 0000 | 4883 81b8 | 0100 0001 

  0x00000235a6d8cc0c: ;   {metadata(method data for {method} {0x00000235be3d93d8} 'checkCustomized' '(Ljava/lang/invoke/MethodHandle;)V' in 'java/lang/invoke/Invokers')}
  0x00000235a6d8cc0c: 48b9 1061 | 2a80 3502 | 0000 448b | 89cc 0000 | 0041 83c1 | 0244 8989 | cc00 0000 | 4181 e1fe 
  0x00000235a6d8cc2c: ff1f 0045 | 85c9 0f84 | 0a1b 0000 

  0x00000235a6d8cc38: ;   {metadata(method data for {method} {0x00000235be3d93d8} 'checkCustomized' '(Ljava/lang/invoke/MethodHandle;)V' in 'java/lang/invoke/Invokers')}
  0x00000235a6d8cc38: 48b9 1061 | 2a80 3502 | 0000 4883 | 8110 0100 

  0x00000235a6d8cc48: ;   {metadata(method data for {method} {0x00000235be095ff0} 'isCompileConstant' '(Ljava/lang/Object;)Z' in 'java/lang/invoke/MethodHandleImpl')}
  0x00000235a6d8cc48: 0001 48b9 | 5065 2a80 | 3502 0000 | 448b 89cc | 0000 0041 | 83c1 0244 | 8989 cc00 | 0000 4181 
  0x00000235a6d8cc68: e1fe ff1f | 0045 85c9 | 0f84 ed1a 

  0x00000235a6d8cc74: ;   {metadata(method data for {method} {0x00000235be3d93d8} 'checkCustomized' '(Ljava/lang/invoke/MethodHandle;)V' in 'java/lang/invoke/Invokers')}
  0x00000235a6d8cc74: 0000 48b9 | 1061 2a80 | 3502 0000 | ff81 2001 | 0000 8b4e | 1448 c1e1 | 038b 491c | 48c1 e103 
  0x00000235a6d8cc94: ;   {metadata(method data for {method} {0x00000235be3d93d8} 'checkCustomized' '(Ljava/lang/invoke/MethodHandle;)V' in 'java/lang/invoke/Invokers')}
  0x00000235a6d8cc94: 4885 c948 | b910 612a | 8035 0200 | 0049 c7c1 | 4001 0000 | 7507 49c7 | c150 0100 | 004e 8b1c 
  0x00000235a6d8ccb4: 094d 8d5b | 014e 891c | 090f 8529 

  0x00000235a6d8ccc0: ;   {metadata(method data for {method} {0x00000235be3d93d8} 'checkCustomized' '(Ljava/lang/invoke/MethodHandle;)V' in 'java/lang/invoke/Invokers')}
  0x00000235a6d8ccc0: 0000 0048 | b910 612a | 8035 0200 | 0048 8381 | 6001 0000 | 0148 8bd6 | 0f1f 8000 

  0x00000235a6d8ccdc: ;   {static_call}
  0x00000235a6d8ccdc: 0000 00e8 

  0x00000235a6d8cce0: ; ImmutableOopMap {[176]=Oop [192]=Oop [200]=Oop [208]=Oop [216]=Oop [224]=Oop }
                      ;*invokestatic maybeCustomize {reexecute=0 rethrow=0 return_oop=0}
                      ; - java.lang.invoke.Invokers::checkCustomized@19
                      ; - java.lang.invoke.LambdaForm$MH/0x00000235bf00f400::invokeExact_MT@15
                      ; - jdk.internal.reflect.DirectMethodHandleAccessor::invokeImpl@92
                      ; - jdk.internal.reflect.DirectMethodHandleAccessor::invoke@23
  0x00000235a6d8cce0: 9c23 1d07 

  0x00000235a6d8cce4: ;   {other}
  0x00000235a6d8cce4: 0f1f 8400 | d40e 0003 | 488b bc24 | c800 0000 | 4c8b 8424 | c000 0000 

  0x00000235a6d8ccfc: ;   {metadata(method data for {method} {0x000002358042b6b8} 'invokeExact_MT' '(Ljava/lang/Object;Ljava/lang/Object;Ljava/lang/Object;Ljava/lang/Object;Ljava/lang/Object;Ljava/lang/Object;)Ljava/lang/Object;' in 'java/lang/invoke/LambdaForm$MH+0x00000235bf00f400')}
  0x00000235a6d8ccfc: 49b9 00e8 | 5d80 3502 | 0000 4d8d | 8918 0200 | 004d 85c0 | 750f 41f6 | 4108 0175 | 54f0 4983 
  0x00000235a6d8cd1c: 4908 01eb | 4c41 8b70 | 0849 ba00 | 0000 be35 | 0200 0049 | 03f2 4c8b | d649 3371 | 0848 f7c6 
  0x00000235a6d8cd3c: fcff ffff | 742b 40f6 | c602 7525 | 49f7 4108 | feff ffff | 7417 498b | f249 3371 | 0848 f7c6 
  0x00000235a6d8cd5c: fcff ffff | 740b 4983 | 4908 02eb | 0449 8971 | 0848 85ff | 750f 41f6 | 4118 0175 | 53f0 4983 
  0x00000235a6d8cd7c: 4918 01eb | 4b8b 7708 | 49ba 0000 | 00be 3502 | 0000 4903 | f24c 8bd6 | 4933 7118 | 48f7 c6fc 
  0x00000235a6d8cd9c: ffff ff74 | 2b40 f6c6 | 0275 2549 | f741 18fe | ffff ff74 | 1749 8bf2 | 4933 7118 | 48f7 c6fc 
  0x00000235a6d8cdbc: ffff ff74 | 0b49 8349 | 1802 eb04 | 4989 7118 | 488b b424 | d000 0000 

  0x00000235a6d8cdd4: ;   {metadata(method data for {method} {0x000002358042b6b8} 'invokeExact_MT' '(Ljava/lang/Object;Ljava/lang/Object;Ljava/lang/Object;Ljava/lang/Object;Ljava/lang/Object;Ljava/lang/Object;)Ljava/lang/Object;' in 'java/lang/invoke/LambdaForm$MH+0x00000235bf00f400')}
  0x00000235a6d8cdd4: 49b9 00e8 | 5d80 3502 | 0000 4983 | 81e0 0100 | 0001 4c8b | cf48 8bbc | 24d8 0000 | 0048 8bb4 
  0x00000235a6d8cdf4: 24e0 0000 | 0048 8b94 | 24d0 0000 | 0066 0f1f 

  0x00000235a6d8ce04: ;   {optimized virtual_call}
  0x00000235a6d8ce04: 4400 00e8 

  0x00000235a6d8ce08: ; ImmutableOopMap {[176]=Oop }
                      ;*invokevirtual invokeBasic {reexecute=0 rethrow=0 return_oop=0}
                      ; - java.lang.invoke.LambdaForm$MH/0x00000235bf00f400::invokeExact_MT@24
                      ; - jdk.internal.reflect.DirectMethodHandleAccessor::invokeImpl@92
                      ; - jdk.internal.reflect.DirectMethodHandleAccessor::invoke@23
  0x00000235a6d8ce08: f4b9 8e07 

  0x00000235a6d8ce0c: ;   {other}
  0x00000235a6d8ce0c: 0f1f 8400 | fc0f 0004 

  0x00000235a6d8ce14: ;   {metadata(method data for {method} {0x000002358042b6b8} 'invokeExact_MT' '(Ljava/lang/Object;Ljava/lang/Object;Ljava/lang/Object;Ljava/lang/Object;Ljava/lang/Object;Ljava/lang/Object;)Ljava/lang/Object;' in 'java/lang/invoke/LambdaForm$MH+0x00000235bf00f400')}
  0x00000235a6d8ce14: 48ba 00e8 | 5d80 3502 | 0000 488d | 9238 0200 | 0048 85c0 | 750c f602 | 0175 4df0 | 4883 0a01 
  0x00000235a6d8ce34: eb46 8b70 | 0849 ba00 | 0000 be35 | 0200 0049 | 03f2 4c8b | d648 3332 | 48f7 c6fc | ffff ff74 
  0x00000235a6d8ce54: 2740 f6c6 | 0275 2148 | f702 feff | ffff 7415 | 498b f248 | 3332 48f7 | c6fc ffff | ff74 0948 
  0x00000235a6d8ce74: 830a 02eb | 0348 8932 

  0x00000235a6d8ce7c: ;   {metadata(method data for {method} {0x00000235be3c46e0} 'invokeImpl' '(Ljava/lang/Object;[Ljava/lang/Object;)Ljava/lang/Object;' in 'jdk/internal/reflect/DirectMethodHandleAccessor')}
  0x00000235a6d8ce7c: 48ba c0d0 | 3680 3502 | 0000 488d | 9238 0300 | 0048 85c0 | 750c f602 | 0175 4df0 | 4883 0a01 
  0x00000235a6d8ce9c: eb46 8b70 | 0849 ba00 | 0000 be35 | 0200 0049 | 03f2 4c8b | d648 3332 | 48f7 c6fc | ffff ff74 
  0x00000235a6d8cebc: 2740 f6c6 | 0275 2148 | f702 feff | ffff 7415 | 498b f248 | 3332 48f7 | c6fc ffff | ff74 0948 
  0x00000235a6d8cedc: 830a 02eb | 0348 8932 

  0x00000235a6d8cee4: ;   {metadata(method data for {method} {0x00000235be3c46e0} 'invokeImpl' '(Ljava/lang/Object;[Ljava/lang/Object;)Ljava/lang/Object;' in 'jdk/internal/reflect/DirectMethodHandleAccessor')}
  0x00000235a6d8cee4: 48ba c0d0 | 3680 3502 | 0000 ff82 | 4803 0000 | 4881 c460 | 0100 005d 

  0x00000235a6d8cefc: ;   {poll_return}
  0x00000235a6d8cefc: 493b a748 | 0400 000f | 8780 1800 | 00c3 4c8b | 8c24 b800 | 0000 4c8b | 8424 c000 | 0000 8b72 
  0x00000235a6d8cf1c: 1848 c1e6 | 0348 89b4 | 24f0 0000 | 0041 8379 | 0c00 0f86 | 7518 0000 | 418b 7910 | 48c1 e703 
  0x00000235a6d8cf3c: 4889 bc24 | e800 0000 | 4183 790c | 010f 866c | 1800 0041 | 8b59 1448 | c1e3 0348 | 899c 24f8 
  0x00000235a6d8cf5c: ;   {metadata(method data for {method} {0x00000235be3c46e0} 'invokeImpl' '(Ljava/lang/Object;[Ljava/lang/Object;)Ljava/lang/Object;' in 'jdk/internal/reflect/DirectMethodHandleAccessor')}
  0x00000235a6d8cf5c: 0000 0048 | b8c0 d036 | 8035 0200 | 0048 8d80 | 9802 0000 | 4d85 c075 | 0ef6 4008 | 0175 53f0 
  0x00000235a6d8cf7c: 4883 4808 | 01eb 4b41 | 8b48 0849 | ba00 0000 | be35 0200 | 0049 03ca | 4c8b d148 | 3348 0848 
  0x00000235a6d8cf9c: f7c1 fcff | ffff 742a | f6c1 0275 | 2548 f740 | 08fe ffff | ff74 1749 | 8bca 4833 | 4808 48f7 
  0x00000235a6d8cfbc: c1fc ffff | ff74 0b48 | 8348 0802 | eb04 4889 

  0x00000235a6d8cfcc: ;   {metadata(method data for {method} {0x0000023580455ab8} 'invokeExact_MT' '(Ljava/lang/Object;Ljava/lang/Object;Ljava/lang/Object;Ljava/lang/Object;Ljava/lang/Object;)Ljava/lang/Object;' in 'java/lang/invoke/LambdaForm$MH+0x00000235bf01cc00')}
  0x00000235a6d8cfcc: 4808 48b8 | 185d 4580 | 3502 0000 | 488d 80c0 | 0200 0048 | 85f6 750c | f600 0175 | 4cf0 4883 
  0x00000235a6d8cfec: 0801 eb45 | 8b4e 0849 | ba00 0000 | be35 0200 | 0049 03ca | 4c8b d148 | 3308 48f7 | c1fc ffff 
  0x00000235a6d8d00c: ff74 26f6 | c102 7521 | 48f7 00fe | ffff ff74 | 1549 8bca | 4833 0848 | f7c1 fcff | ffff 7409 
  0x00000235a6d8d02c: 4883 0802 | eb03 4889 | 084d 85c0 | 750e f640 | 1001 7553 | f048 8348 | 1001 eb4b | 418b 4808 
  0x00000235a6d8d04c: 49ba 0000 | 00be 3502 | 0000 4903 | ca4c 8bd1 | 4833 4810 | 48f7 c1fc | ffff ff74 | 2af6 c102 
  0x00000235a6d8d06c: 7525 48f7 | 4010 feff | ffff 7417 | 498b ca48 | 3348 1048 | f7c1 fcff | ffff 740b | 4883 4810 
  0x00000235a6d8d08c: 02eb 0448 

  0x00000235a6d8d090: ;   {metadata(method data for {method} {0x00000235be3c46e0} 'invokeImpl' '(Ljava/lang/Object;[Ljava/lang/Object;)Ljava/lang/Object;' in 'jdk/internal/reflect/DirectMethodHandleAccessor')}
  0x00000235a6d8d090: 8948 1048 | b8c0 d036 | 8035 0200 | 0048 8380 | 6002 0000 

  0x00000235a6d8d0a4: ;   {metadata(method data for {method} {0x0000023580455ab8} 'invokeExact_MT' '(Ljava/lang/Object;Ljava/lang/Object;Ljava/lang/Object;Ljava/lang/Object;Ljava/lang/Object;)Ljava/lang/Object;' in 'java/lang/invoke/LambdaForm$MH+0x00000235bf01cc00')}
  0x00000235a6d8d0a4: 0148 b818 | 5d45 8035 | 0200 008b | 88cc 0000 | 0083 c102 | 8988 cc00 | 0000 81e1 | feff 1f00 
  0x00000235a6d8d0c4: 85c9 0f84 | 0117 0000 

  0x00000235a6d8d0cc: ;   {metadata(method data for {method} {0x0000023580455ab8} 'invokeExact_MT' '(Ljava/lang/Object;Ljava/lang/Object;Ljava/lang/Object;Ljava/lang/Object;Ljava/lang/Object;)Ljava/lang/Object;' in 'java/lang/invoke/LambdaForm$MH+0x00000235bf01cc00')}
  0x00000235a6d8d0cc: 48b8 185d | 4580 3502 | 0000 488d | 8090 0100 | 0048 85f6 | 750e f640 | 0801 7552 | f048 8348 
  0x00000235a6d8d0ec: 0801 eb4a | 8b4e 0849 | ba00 0000 | be35 0200 | 0049 03ca | 4c8b d148 | 3348 0848 | f7c1 fcff 
  0x00000235a6d8d10c: ffff 742a | f6c1 0275 | 2548 f740 | 08fe ffff | ff74 1749 | 8bca 4833 | 4808 48f7 | c1fc ffff 
  0x00000235a6d8d12c: ff74 0b48 | 8348 0802 | eb04 4889 

  0x00000235a6d8d138: ;   {oop(a 'java/lang/invoke/MethodType'{0x00000007402635c0} = (Ljava/lang/Object;Ljava/lang/Object;Ljava/lang/Object;)Ljava/lang/Object;)}
  0x00000235a6d8d138: 4808 48b9 | c035 2640 | 0700 0000 | 4885 c975 | 0cf6 4018 | 0175 06f0 | 4883 4818 

  0x00000235a6d8d154: ;   {metadata(method data for {method} {0x0000023580455ab8} 'invokeExact_MT' '(Ljava/lang/Object;Ljava/lang/Object;Ljava/lang/Object;Ljava/lang/Object;Ljava/lang/Object;)Ljava/lang/Object;' in 'java/lang/invoke/LambdaForm$MH+0x00000235bf01cc00')}
  0x00000235a6d8d154: 0148 b818 | 5d45 8035 | 0200 0048 | 8380 8001 

  0x00000235a6d8d164: ;   {metadata(method data for {method} {0x00000235be3d94e0} 'checkExactType' '(Ljava/lang/invoke/MethodHandle;Ljava/lang/invoke/MethodType;)V' in 'java/lang/invoke/Invokers')}
  0x00000235a6d8d164: 0000 0148 | b850 5f2a | 8035 0200 | 0044 8b88 | cc00 0000 | 4183 c102 | 4489 88cc | 0000 0041 
  0x00000235a6d8d184: 81e1 feff | 1f00 4585 | c90f 845b | 1600 0048 | 3b06 488b 

  0x00000235a6d8d198: ;   {metadata(method data for {method} {0x00000235be3d94e0} 'checkExactType' '(Ljava/lang/invoke/MethodHandle;Ljava/lang/invoke/MethodType;)V' in 'java/lang/invoke/Invokers')}
  0x00000235a6d8d198: c649 b950 | 5f2a 8035 | 0200 008b | 4008 49ba | 0000 00be | 3502 0000 | 4903 c249 | 3b81 2001 
  0x00000235a6d8d1b8: 0000 750d | 4983 8128 | 0100 0001 | e960 0000 | 0049 3b81 | 3001 0000 | 750d 4983 | 8138 0100 
  0x00000235a6d8d1d8: 0001 e94a | 0000 0049 | 83b9 2001 | 0000 0075 | 1749 8981 | 2001 0000 | 49c7 8128 | 0100 0001 
  0x00000235a6d8d1f8: 0000 00e9 | 2900 0000 | 4983 b930 | 0100 0000 | 7517 4989 | 8130 0100 | 0049 c781 | 3801 0000 
  0x00000235a6d8d218: 0100 0000 | e908 0000 | 0049 8381 | 1001 0000 | 018b 4610 | 48c1 e003 

  0x00000235a6d8d230: ;   {metadata(method data for {method} {0x00000235be3d94e0} 'checkExactType' '(Ljava/lang/invoke/MethodHandle;Ljava/lang/invoke/MethodType;)V' in 'java/lang/invoke/Invokers')}
  0x00000235a6d8d230: 483b c148 | b950 5f2a | 8035 0200 | 0049 c7c1 | 5801 0000 | 7507 49c7 | c148 0100 | 004e 8b1c 
  0x00000235a6d8d250: 094d 8d5b | 014e 891c | 090f 8590 

  0x00000235a6d8d25c: ;   {metadata(method data for {method} {0x0000023580455ab8} 'invokeExact_MT' '(Ljava/lang/Object;Ljava/lang/Object;Ljava/lang/Object;Ljava/lang/Object;Ljava/lang/Object;)Ljava/lang/Object;' in 'java/lang/invoke/LambdaForm$MH+0x00000235bf01cc00')}
  0x00000235a6d8d25c: 0d00 0048 | b818 5d45 | 8035 0200 | 0048 8d80 | c801 0000 | 8b4e 0849 | ba00 0000 | be35 0200 
  0x00000235a6d8d27c: 0049 03ca | 4c8b d148 | 3348 0848 | f7c1 fcff | ffff 742a | f6c1 0275 | 2548 f740 | 08fe ffff 
  0x00000235a6d8d29c: ff74 1749 | 8bca 4833 | 4808 48f7 | c1fc ffff | ff74 0b48 | 8348 0802 | eb04 4889 

  0x00000235a6d8d2b8: ;   {metadata(method data for {method} {0x0000023580455ab8} 'invokeExact_MT' '(Ljava/lang/Object;Ljava/lang/Object;Ljava/lang/Object;Ljava/lang/Object;Ljava/lang/Object;)Ljava/lang/Object;' in 'java/lang/invoke/LambdaForm$MH+0x00000235bf01cc00')}
  0x00000235a6d8d2b8: 4808 48b8 | 185d 4580 | 3502 0000 | 4883 80b8 | 0100 0001 

  0x00000235a6d8d2cc: ;   {metadata(method data for {method} {0x00000235be3d93d8} 'checkCustomized' '(Ljava/lang/invoke/MethodHandle;)V' in 'java/lang/invoke/Invokers')}
  0x00000235a6d8d2cc: 48b8 1061 | 2a80 3502 | 0000 8b88 | cc00 0000 | 83c1 0289 | 88cc 0000 | 0081 e1fe | ff1f 0085 
  0x00000235a6d8d2ec: c90f 8421 

  0x00000235a6d8d2f0: ;   {metadata(method data for {method} {0x00000235be3d93d8} 'checkCustomized' '(Ljava/lang/invoke/MethodHandle;)V' in 'java/lang/invoke/Invokers')}
  0x00000235a6d8d2f0: 1500 0048 | b810 612a | 8035 0200 | 0048 8380 | 1001 0000 

  0x00000235a6d8d304: ;   {metadata(method data for {method} {0x00000235be095ff0} 'isCompileConstant' '(Ljava/lang/Object;)Z' in 'java/lang/invoke/MethodHandleImpl')}
  0x00000235a6d8d304: 0148 b850 | 652a 8035 | 0200 008b | 88cc 0000 | 0083 c102 | 8988 cc00 | 0000 81e1 | feff 1f00 
  0x00000235a6d8d324: 85c9 0f84 | 0915 0000 

  0x00000235a6d8d32c: ;   {metadata(method data for {method} {0x00000235be3d93d8} 'checkCustomized' '(Ljava/lang/invoke/MethodHandle;)V' in 'java/lang/invoke/Invokers')}
  0x00000235a6d8d32c: 48b8 1061 | 2a80 3502 | 0000 ff80 | 2001 0000 | 8b46 1448 | c1e0 038b | 401c 48c1 | e003 4885 
  0x00000235a6d8d34c: ;   {metadata(method data for {method} {0x00000235be3d93d8} 'checkCustomized' '(Ljava/lang/invoke/MethodHandle;)V' in 'java/lang/invoke/Invokers')}
  0x00000235a6d8d34c: c048 b810 | 612a 8035 | 0200 0048 | c7c1 4001 | 0000 7507 | 48c7 c150 | 0100 004c | 8b0c 084d 
  0x00000235a6d8d36c: 8d49 014c | 890c 080f | 8523 0000 

  0x00000235a6d8d378: ;   {metadata(method data for {method} {0x00000235be3d93d8} 'checkCustomized' '(Ljava/lang/invoke/MethodHandle;)V' in 'java/lang/invoke/Invokers')}
  0x00000235a6d8d378: 0048 b810 | 612a 8035 | 0200 0048 | 8380 6001 | 0000 0148 

  0x00000235a6d8d38c: ;   {static_call}
  0x00000235a6d8d38c: 8bd6 90e8 

  0x00000235a6d8d390: ; ImmutableOopMap {[176]=Oop [192]=Oop [232]=Oop [240]=Oop [248]=Oop }
                      ;*invokestatic maybeCustomize {reexecute=0 rethrow=0 return_oop=0}
                      ; - java.lang.invoke.Invokers::checkCustomized@19
                      ; - java.lang.invoke.LambdaForm$MH/0x00000235bf01cc00::invokeExact_MT@15
                      ; - jdk.internal.reflect.DirectMethodHandleAccessor::invokeImpl@72
                      ; - jdk.internal.reflect.DirectMethodHandleAccessor::invoke@23
  0x00000235a6d8d390: ec1c 1d07 

  0x00000235a6d8d394: ;   {other}
  0x00000235a6d8d394: 0f1f 8400 | 8415 0005 | 488b bc24 | e800 0000 | 4c8b 8424 | c000 0000 

  0x00000235a6d8d3ac: ;   {metadata(method data for {method} {0x0000023580455ab8} 'invokeExact_MT' '(Ljava/lang/Object;Ljava/lang/Object;Ljava/lang/Object;Ljava/lang/Object;Ljava/lang/Object;)Ljava/lang/Object;' in 'java/lang/invoke/LambdaForm$MH+0x00000235bf01cc00')}
  0x00000235a6d8d3ac: 49b9 185d | 4580 3502 | 0000 4d8d | 8918 0200 | 004d 85c0 | 750f 41f6 | 4108 0175 | 53f0 4983 
  0x00000235a6d8d3cc: 4908 01eb | 4b41 8b50 | 0849 ba00 | 0000 be35 | 0200 0049 | 03d2 4c8b | d249 3351 | 0848 f7c2 
  0x00000235a6d8d3ec: fcff ffff | 742a f6c2 | 0275 2549 | f741 08fe | ffff ff74 | 1749 8bd2 | 4933 5108 | 48f7 c2fc 
  0x00000235a6d8d40c: ffff ff74 | 0b49 8349 | 0802 eb04 | 4989 5108 | 4885 ff75 | 0f41 f641 | 1801 7552 | f049 8349 
  0x00000235a6d8d42c: 1801 eb4a | 8b57 0849 | ba00 0000 | be35 0200 | 0049 03d2 | 4c8b d249 | 3351 1848 | f7c2 fcff 
  0x00000235a6d8d44c: ffff 742a | f6c2 0275 | 2549 f741 | 18fe ffff | ff74 1749 | 8bd2 4933 | 5118 48f7 | c2fc ffff 
  0x00000235a6d8d46c: ff74 0b49 | 8349 1802 | eb04 4989 | 5118 488b | b424 f000 

  0x00000235a6d8d480: ;   {metadata(method data for {method} {0x0000023580455ab8} 'invokeExact_MT' '(Ljava/lang/Object;Ljava/lang/Object;Ljava/lang/Object;Ljava/lang/Object;Ljava/lang/Object;)Ljava/lang/Object;' in 'java/lang/invoke/LambdaForm$MH+0x00000235bf01cc00')}
  0x00000235a6d8d480: 0000 49b9 | 185d 4580 | 3502 0000 | 4983 81e0 | 0100 0001 | 4c8b cf48 | 8bbc 24f8 | 0000 0048 
  0x00000235a6d8d4a0: 8b94 24f0 

  0x00000235a6d8d4a4: ;   {optimized virtual_call}
  0x00000235a6d8d4a4: 0000 00e8 

  0x00000235a6d8d4a8: ; ImmutableOopMap {[176]=Oop }
                      ;*invokevirtual invokeBasic {reexecute=0 rethrow=0 return_oop=0}
                      ; - java.lang.invoke.LambdaForm$MH/0x00000235bf01cc00::invokeExact_MT@22
                      ; - jdk.internal.reflect.DirectMethodHandleAccessor::invokeImpl@72
                      ; - jdk.internal.reflect.DirectMethodHandleAccessor::invoke@23
  0x00000235a6d8d4a8: 5470 8e07 

  0x00000235a6d8d4ac: ;   {other}
  0x00000235a6d8d4ac: 0f1f 8400 | 9c16 0006 

  0x00000235a6d8d4b4: ;   {metadata(method data for {method} {0x0000023580455ab8} 'invokeExact_MT' '(Ljava/lang/Object;Ljava/lang/Object;Ljava/lang/Object;Ljava/lang/Object;Ljava/lang/Object;)Ljava/lang/Object;' in 'java/lang/invoke/LambdaForm$MH+0x00000235bf01cc00')}
  0x00000235a6d8d4b4: 48ba 185d | 4580 3502 | 0000 488d | 9238 0200 | 0048 85c0 | 750c f602 | 0175 4df0 | 4883 0a01 
  0x00000235a6d8d4d4: eb46 8b70 | 0849 ba00 | 0000 be35 | 0200 0049 | 03f2 4c8b | d648 3332 | 48f7 c6fc | ffff ff74 
  0x00000235a6d8d4f4: 2740 f6c6 | 0275 2148 | f702 feff | ffff 7415 | 498b f248 | 3332 48f7 | c6fc ffff | ff74 0948 
  0x00000235a6d8d514: 830a 02eb | 0348 8932 

  0x00000235a6d8d51c: ;   {metadata(method data for {method} {0x00000235be3c46e0} 'invokeImpl' '(Ljava/lang/Object;[Ljava/lang/Object;)Ljava/lang/Object;' in 'jdk/internal/reflect/DirectMethodHandleAccessor')}
  0x00000235a6d8d51c: 48ba c0d0 | 3680 3502 | 0000 488d | 92b8 0200 | 0048 85c0 | 750c f602 | 0175 4df0 | 4883 0a01 
  0x00000235a6d8d53c: eb46 8b70 | 0849 ba00 | 0000 be35 | 0200 0049 | 03f2 4c8b | d648 3332 | 48f7 c6fc | ffff ff74 
  0x00000235a6d8d55c: 2740 f6c6 | 0275 2148 | f702 feff | ffff 7415 | 498b f248 | 3332 48f7 | c6fc ffff | ff74 0948 
  0x00000235a6d8d57c: 830a 02eb | 0348 8932 

  0x00000235a6d8d584: ;   {metadata(method data for {method} {0x00000235be3c46e0} 'invokeImpl' '(Ljava/lang/Object;[Ljava/lang/Object;)Ljava/lang/Object;' in 'jdk/internal/reflect/DirectMethodHandleAccessor')}
  0x00000235a6d8d584: 48ba c0d0 | 3680 3502 | 0000 ff82 | c802 0000 | 4881 c460 | 0100 005d 

  0x00000235a6d8d59c: ;   {poll_return}
  0x00000235a6d8d59c: 493b a748 | 0400 000f | 87b2 1200 | 00c3 4c8b | 8c24 b800 | 0000 4c8b | 8424 c000 | 0000 8b72 
  0x00000235a6d8d5bc: 1848 c1e6 | 0348 89b4 | 2408 0100 | 0041 8379 | 0c00 0f86 | a712 0000 | 418b 7910 | 48c1 e703 
  0x00000235a6d8d5dc: 4889 bc24 | 0001 0000 

  0x00000235a6d8d5e4: ;   {metadata(method data for {method} {0x00000235be3c46e0} 'invokeImpl' '(Ljava/lang/Object;[Ljava/lang/Object;)Ljava/lang/Object;' in 'jdk/internal/reflect/DirectMethodHandleAccessor')}
  0x00000235a6d8d5e4: 48bb c0d0 | 3680 3502 | 0000 488d | 9b18 0200 | 004d 85c0 | 750e f643 | 0801 7550 | f048 834b 
  0x00000235a6d8d604: 0801 eb48 | 418b 4008 | 49ba 0000 | 00be 3502 | 0000 4903 | c24c 8bd0 | 4833 4308 | 48a9 fcff 
  0x00000235a6d8d624: ffff 7428 | a802 7524 | 48f7 4308 | feff ffff | 7416 498b | c248 3343 | 0848 a9fc | ffff ff74 
  0x00000235a6d8d644: 0b48 834b | 0802 eb04 | 4889 4308 

  0x00000235a6d8d650: ;   {metadata(method data for {method} {0x00000235be0b0158} 'invokeExact_MT' '(Ljava/lang/Object;Ljava/lang/Object;Ljava/lang/Object;Ljava/lang/Object;)Ljava/lang/Object;' in 'java/lang/invoke/Invokers$Holder')}
  0x00000235a6d8d650: 48bb a822 | 3280 3502 | 0000 488d | 9bb8 0200 | 0048 85f6 | 750c f603 | 0175 49f0 | 4883 0b01 
  0x00000235a6d8d670: eb42 8b46 | 0849 ba00 | 0000 be35 | 0200 0049 | 03c2 4c8b | d048 3303 | 48a9 fcff | ffff 7424 
  0x00000235a6d8d690: a802 7520 | 48f7 03fe | ffff ff74 | 1449 8bc2 | 4833 0348 | a9fc ffff | ff74 0948 | 830b 02eb 
  0x00000235a6d8d6b0: 0348 8903 | 4d85 c075 | 0ef6 4310 | 0175 50f0 | 4883 4b10 | 01eb 4841 | 8b40 0849 | ba00 0000 
  0x00000235a6d8d6d0: be35 0200 | 0049 03c2 | 4c8b d048 | 3343 1048 | a9fc ffff | ff74 28a8 | 0275 2448 | f743 10fe 
  0x00000235a6d8d6f0: ffff ff74 | 1649 8bc2 | 4833 4310 | 48a9 fcff | ffff 740b | 4883 4b10 | 02eb 0448 

  0x00000235a6d8d70c: ;   {metadata(method data for {method} {0x00000235be3c46e0} 'invokeImpl' '(Ljava/lang/Object;[Ljava/lang/Object;)Ljava/lang/Object;' in 'jdk/internal/reflect/DirectMethodHandleAccessor')}
  0x00000235a6d8d70c: 8943 1048 | bbc0 d036 | 8035 0200 | 0048 8383 | e001 0000 

  0x00000235a6d8d720: ;   {metadata(method data for {method} {0x00000235be0b0158} 'invokeExact_MT' '(Ljava/lang/Object;Ljava/lang/Object;Ljava/lang/Object;Ljava/lang/Object;)Ljava/lang/Object;' in 'java/lang/invoke/Invokers$Holder')}
  0x00000235a6d8d720: 0148 bba8 | 2232 8035 | 0200 008b | 83cc 0000 | 0083 c002 | 8983 cc00 | 0000 25fe | ff1f 0085 
  0x00000235a6d8d740: c00f 8446 

  0x00000235a6d8d744: ;   {metadata(method data for {method} {0x00000235be0b0158} 'invokeExact_MT' '(Ljava/lang/Object;Ljava/lang/Object;Ljava/lang/Object;Ljava/lang/Object;)Ljava/lang/Object;' in 'java/lang/invoke/Invokers$Holder')}
  0x00000235a6d8d744: 1100 0048 | bba8 2232 | 8035 0200 | 0048 8d9b | 9001 0000 | 4885 f675 | 0ef6 4308 | 0175 4ff0 
  0x00000235a6d8d764: 4883 4b08 | 01eb 478b | 4608 49ba | 0000 00be | 3502 0000 | 4903 c24c | 8bd0 4833 | 4308 48a9 
  0x00000235a6d8d784: fcff ffff | 7428 a802 | 7524 48f7 | 4308 feff | ffff 7416 | 498b c248 | 3343 0848 | a9fc ffff 
  0x00000235a6d8d7a4: ff74 0b48 | 834b 0802 | eb04 4889 

  0x00000235a6d8d7b0: ;   {oop(a 'java/lang/invoke/MethodType'{0x0000000740245938} = (Ljava/lang/Object;Ljava/lang/Object;)Ljava/lang/Object;)}
  0x00000235a6d8d7b0: 4308 48b8 | 3859 2440 | 0700 0000 | 4885 c075 | 0cf6 4318 | 0175 06f0 | 4883 4b18 

  0x00000235a6d8d7cc: ;   {metadata(method data for {method} {0x00000235be0b0158} 'invokeExact_MT' '(Ljava/lang/Object;Ljava/lang/Object;Ljava/lang/Object;Ljava/lang/Object;)Ljava/lang/Object;' in 'java/lang/invoke/Invokers$Holder')}
  0x00000235a6d8d7cc: 0148 bba8 | 2232 8035 | 0200 0048 | 8383 8001 

  0x00000235a6d8d7dc: ;   {metadata(method data for {method} {0x00000235be3d94e0} 'checkExactType' '(Ljava/lang/invoke/MethodHandle;Ljava/lang/invoke/MethodType;)V' in 'java/lang/invoke/Invokers')}
  0x00000235a6d8d7dc: 0000 0148 | bb50 5f2a | 8035 0200 | 008b 8bcc | 0000 0083 | c102 898b | cc00 0000 | 81e1 feff 
  0x00000235a6d8d7fc: 1f00 85c9 | 0f84 a810 | 0000 483b | 0648 8bde 

  0x00000235a6d8d80c: ;   {metadata(method data for {method} {0x00000235be3d94e0} 'checkExactType' '(Ljava/lang/invoke/MethodHandle;Ljava/lang/invoke/MethodType;)V' in 'java/lang/invoke/Invokers')}
  0x00000235a6d8d80c: 48b9 505f | 2a80 3502 | 0000 8b5b | 0849 ba00 | 0000 be35 | 0200 0049 | 03da 483b | 9920 0100 
  0x00000235a6d8d82c: 0075 0d48 | 8381 2801 | 0000 01e9 | 6000 0000 | 483b 9930 | 0100 0075 | 0d48 8381 | 3801 0000 
  0x00000235a6d8d84c: 01e9 4a00 | 0000 4883 | b920 0100 | 0000 7517 | 4889 9920 | 0100 0048 | c781 2801 | 0000 0100 
  0x00000235a6d8d86c: 0000 e929 | 0000 0048 | 83b9 3001 | 0000 0075 | 1748 8999 | 3001 0000 | 48c7 8138 | 0100 0001 
  0x00000235a6d8d88c: 0000 00e9 | 0800 0000 | 4883 8110 | 0100 0001 | 8b5e 1048 | c1e3 0348 

  0x00000235a6d8d8a4: ;   {metadata(method data for {method} {0x00000235be3d94e0} 'checkExactType' '(Ljava/lang/invoke/MethodHandle;Ljava/lang/invoke/MethodType;)V' in 'java/lang/invoke/Invokers')}
  0x00000235a6d8d8a4: 3bd8 48b8 | 505f 2a80 | 3502 0000 | 48c7 c158 | 0100 0075 | 0748 c7c1 | 4801 0000 | 4c8b 0c08 
  0x00000235a6d8d8c4: 4d8d 4901 | 4c89 0c08 | 0f85 dd06 

  0x00000235a6d8d8d0: ;   {metadata(method data for {method} {0x00000235be0b0158} 'invokeExact_MT' '(Ljava/lang/Object;Ljava/lang/Object;Ljava/lang/Object;Ljava/lang/Object;)Ljava/lang/Object;' in 'java/lang/invoke/Invokers$Holder')}
  0x00000235a6d8d8d0: 0000 48bb | a822 3280 | 3502 0000 | 488d 9bc8 | 0100 008b | 4608 49ba | 0000 00be | 3502 0000 
  0x00000235a6d8d8f0: 4903 c24c | 8bd0 4833 | 4308 48a9 | fcff ffff | 7428 a802 | 7524 48f7 | 4308 feff | ffff 7416 
  0x00000235a6d8d910: 498b c248 | 3343 0848 | a9fc ffff | ff74 0b48 | 834b 0802 | eb04 4889 

  0x00000235a6d8d928: ;   {metadata(method data for {method} {0x00000235be0b0158} 'invokeExact_MT' '(Ljava/lang/Object;Ljava/lang/Object;Ljava/lang/Object;Ljava/lang/Object;)Ljava/lang/Object;' in 'java/lang/invoke/Invokers$Holder')}
  0x00000235a6d8d928: 4308 48bb | a822 3280 | 3502 0000 | 4883 83b8 | 0100 0001 

  0x00000235a6d8d93c: ;   {metadata(method data for {method} {0x00000235be3d93d8} 'checkCustomized' '(Ljava/lang/invoke/MethodHandle;)V' in 'java/lang/invoke/Invokers')}
  0x00000235a6d8d93c: 48bb 1061 | 2a80 3502 | 0000 8b83 | cc00 0000 | 83c0 0289 | 83cc 0000 | 0025 feff | 1f00 85c0 
  0x00000235a6d8d95c: 0f84 720f 

  0x00000235a6d8d960: ;   {metadata(method data for {method} {0x00000235be3d93d8} 'checkCustomized' '(Ljava/lang/invoke/MethodHandle;)V' in 'java/lang/invoke/Invokers')}
  0x00000235a6d8d960: 0000 48bb | 1061 2a80 | 3502 0000 | 4883 8310 | 0100 0001 

  0x00000235a6d8d974: ;   {metadata(method data for {method} {0x00000235be095ff0} 'isCompileConstant' '(Ljava/lang/Object;)Z' in 'java/lang/invoke/MethodHandleImpl')}
  0x00000235a6d8d974: 48bb 5065 | 2a80 3502 | 0000 8b83 | cc00 0000 | 83c0 0289 | 83cc 0000 | 0025 feff | 1f00 85c0 
  0x00000235a6d8d994: 0f84 5b0f 

  0x00000235a6d8d998: ;   {metadata(method data for {method} {0x00000235be3d93d8} 'checkCustomized' '(Ljava/lang/invoke/MethodHandle;)V' in 'java/lang/invoke/Invokers')}
  0x00000235a6d8d998: 0000 48bb | 1061 2a80 | 3502 0000 | ff83 2001 | 0000 8b5e | 1448 c1e3 | 038b 5b1c | 48c1 e303 
  0x00000235a6d8d9b8: ;   {metadata(method data for {method} {0x00000235be3d93d8} 'checkCustomized' '(Ljava/lang/invoke/MethodHandle;)V' in 'java/lang/invoke/Invokers')}
  0x00000235a6d8d9b8: 4885 db48 | bb10 612a | 8035 0200 | 0048 c7c0 | 4001 0000 | 7507 48c7 | c050 0100 | 0048 8b0c 
  0x00000235a6d8d9d8: 0348 8d49 | 0148 890c | 030f 8525 

  0x00000235a6d8d9e4: ;   {metadata(method data for {method} {0x00000235be3d93d8} 'checkCustomized' '(Ljava/lang/invoke/MethodHandle;)V' in 'java/lang/invoke/Invokers')}
  0x00000235a6d8d9e4: 0000 0048 | bb10 612a | 8035 0200 | 0048 8383 | 6001 0000 | 0148 8bd6 

  0x00000235a6d8d9fc: ;   {static_call}
  0x00000235a6d8d9fc: 6666 90e8 

  0x00000235a6d8da00: ; ImmutableOopMap {[176]=Oop [192]=Oop [256]=Oop [264]=Oop }
                      ;*invokestatic maybeCustomize {reexecute=0 rethrow=0 return_oop=0}
                      ; - java.lang.invoke.Invokers::checkCustomized@19
                      ; - java.lang.invoke.Invokers$Holder::invokeExact_MT@14
                      ; - jdk.internal.reflect.DirectMethodHandleAccessor::invokeImpl@55
                      ; - jdk.internal.reflect.DirectMethodHandleAccessor::invoke@23
  0x00000235a6d8da00: 7c16 1d07 

  0x00000235a6d8da04: ;   {other}
  0x00000235a6d8da04: 0f1f 8400 | f41b 0007 | 488b bc24 | 0001 0000 | 4c8b 8424 | c000 0000 

  0x00000235a6d8da1c: ;   {metadata(method data for {method} {0x00000235be0b0158} 'invokeExact_MT' '(Ljava/lang/Object;Ljava/lang/Object;Ljava/lang/Object;Ljava/lang/Object;)Ljava/lang/Object;' in 'java/lang/invoke/Invokers$Holder')}
  0x00000235a6d8da1c: 49b9 a822 | 3280 3502 | 0000 4d8d | 8918 0200 | 004d 85c0 | 750f 41f6 | 4108 0175 | 53f0 4983 
  0x00000235a6d8da3c: 4908 01eb | 4b41 8b50 | 0849 ba00 | 0000 be35 | 0200 0049 | 03d2 4c8b | d249 3351 | 0848 f7c2 
  0x00000235a6d8da5c: fcff ffff | 742a f6c2 | 0275 2549 | f741 08fe | ffff ff74 | 1749 8bd2 | 4933 5108 | 48f7 c2fc 
  0x00000235a6d8da7c: ffff ff74 | 0b49 8349 | 0802 eb04 | 4989 5108 | 4885 ff75 | 0f41 f641 | 1801 7552 | f049 8349 
  0x00000235a6d8da9c: 1801 eb4a | 8b57 0849 | ba00 0000 | be35 0200 | 0049 03d2 | 4c8b d249 | 3351 1848 | f7c2 fcff 
  0x00000235a6d8dabc: ffff 742a | f6c2 0275 | 2549 f741 | 18fe ffff | ff74 1749 | 8bd2 4933 | 5118 48f7 | c2fc ffff 
  0x00000235a6d8dadc: ff74 0b49 | 8349 1802 | eb04 4989 | 5118 488b | b424 0801 

  0x00000235a6d8daf0: ;   {metadata(method data for {method} {0x00000235be0b0158} 'invokeExact_MT' '(Ljava/lang/Object;Ljava/lang/Object;Ljava/lang/Object;Ljava/lang/Object;)Ljava/lang/Object;' in 'java/lang/invoke/Invokers$Holder')}
  0x00000235a6d8daf0: 0000 49b9 | a822 3280 | 3502 0000 | 4983 81e0 | 0100 0001 | 4c8b cf48 | 8b94 2408 

  0x00000235a6d8db0c: ;   {optimized virtual_call}
  0x00000235a6d8db0c: 0100 00e8 

  0x00000235a6d8db10: ; ImmutableOopMap {[176]=Oop }
                      ;*invokevirtual invokeBasic {reexecute=0 rethrow=0 return_oop=0}
                      ; - java.lang.invoke.Invokers$Holder::invokeExact_MT@20
                      ; - jdk.internal.reflect.DirectMethodHandleAccessor::invokeImpl@55
                      ; - jdk.internal.reflect.DirectMethodHandleAccessor::invoke@23
  0x00000235a6d8db10: ec16 8f07 

  0x00000235a6d8db14: ;   {other}
  0x00000235a6d8db14: 0f1f 8400 | 041d 0008 

  0x00000235a6d8db1c: ;   {metadata(method data for {method} {0x00000235be0b0158} 'invokeExact_MT' '(Ljava/lang/Object;Ljava/lang/Object;Ljava/lang/Object;Ljava/lang/Object;)Ljava/lang/Object;' in 'java/lang/invoke/Invokers$Holder')}
  0x00000235a6d8db1c: 48ba a822 | 3280 3502 | 0000 488d | 9238 0200 | 0048 85c0 | 750c f602 | 0175 4df0 | 4883 0a01 
  0x00000235a6d8db3c: eb46 8b70 | 0849 ba00 | 0000 be35 | 0200 0049 | 03f2 4c8b | d648 3332 | 48f7 c6fc | ffff ff74 
  0x00000235a6d8db5c: 2740 f6c6 | 0275 2148 | f702 feff | ffff 7415 | 498b f248 | 3332 48f7 | c6fc ffff | ff74 0948 
  0x00000235a6d8db7c: 830a 02eb | 0348 8932 

  0x00000235a6d8db84: ;   {metadata(method data for {method} {0x00000235be3c46e0} 'invokeImpl' '(Ljava/lang/Object;[Ljava/lang/Object;)Ljava/lang/Object;' in 'jdk/internal/reflect/DirectMethodHandleAccessor')}
  0x00000235a6d8db84: 48ba c0d0 | 3680 3502 | 0000 488d | 9238 0200 | 0048 85c0 | 750c f602 | 0175 4df0 | 4883 0a01 
  0x00000235a6d8dba4: eb46 8b70 | 0849 ba00 | 0000 be35 | 0200 0049 | 03f2 4c8b | d648 3332 | 48f7 c6fc | ffff ff74 
  0x00000235a6d8dbc4: 2740 f6c6 | 0275 2148 | f702 feff | ffff 7415 | 498b f248 | 3332 48f7 | c6fc ffff | ff74 0948 
  0x00000235a6d8dbe4: 830a 02eb | 0348 8932 

  0x00000235a6d8dbec: ;   {metadata(method data for {method} {0x00000235be3c46e0} 'invokeImpl' '(Ljava/lang/Object;[Ljava/lang/Object;)Ljava/lang/Object;' in 'jdk/internal/reflect/DirectMethodHandleAccessor')}
  0x00000235a6d8dbec: 48ba c0d0 | 3680 3502 | 0000 ff82 | 4802 0000 | 4881 c460 | 0100 005d 

  0x00000235a6d8dc04: ;   {poll_return}
  0x00000235a6d8dc04: 493b a748 | 0400 000f | 870a 0d00 | 00c3 4c8b | 8424 c000 | 0000 8b72 | 1848 c1e6 | 0348 89b4 
  0x00000235a6d8dc24: 2410 0100 

  0x00000235a6d8dc28: ;   {metadata(method data for {method} {0x00000235be3c46e0} 'invokeImpl' '(Ljava/lang/Object;[Ljava/lang/Object;)Ljava/lang/Object;' in 'jdk/internal/reflect/DirectMethodHandleAccessor')}
  0x00000235a6d8dc28: 0048 bfc0 | d036 8035 | 0200 0048 | 8dbf a801 | 0000 4d85 | c075 0cf6 | 4708 0175 | 06f0 4883 
  0x00000235a6d8dc48: ;   {metadata(method data for {method} {0x00000235be0b0208} 'invokeExact_MT' '(Ljava/lang/Object;Ljava/lang/Object;Ljava/lang/Object;)Ljava/lang/Object;' in 'java/lang/invoke/Invokers$Holder')}
  0x00000235a6d8dc48: 4f08 0148 | bff0 1f32 | 8035 0200 | 0048 8dbf | a002 0000 | 4885 f675 | 0af6 0701 | 7505 f048 
  0x00000235a6d8dc68: ;   {metadata(method data for {method} {0x00000235be3c46e0} 'invokeImpl' '(Ljava/lang/Object;[Ljava/lang/Object;)Ljava/lang/Object;' in 'jdk/internal/reflect/DirectMethodHandleAccessor')}
  0x00000235a6d8dc68: 830f 0148 | bfc0 d036 | 8035 0200 | 0048 8387 | 7001 0000 

  0x00000235a6d8dc7c: ;   {metadata(method data for {method} {0x00000235be0b0208} 'invokeExact_MT' '(Ljava/lang/Object;Ljava/lang/Object;Ljava/lang/Object;)Ljava/lang/Object;' in 'java/lang/invoke/Invokers$Holder')}
  0x00000235a6d8dc7c: 0148 bff0 | 1f32 8035 | 0200 008b | 9fcc 0000 | 0083 c302 | 899f cc00 | 0000 81e3 | feff 1f00 
  0x00000235a6d8dc9c: 85db 0f84 | 8d0c 0000 

  0x00000235a6d8dca4: ;   {metadata(method data for {method} {0x00000235be0b0208} 'invokeExact_MT' '(Ljava/lang/Object;Ljava/lang/Object;Ljava/lang/Object;)Ljava/lang/Object;' in 'java/lang/invoke/Invokers$Holder')}
  0x00000235a6d8dca4: 48bf f01f | 3280 3502 | 0000 488d | bf90 0100 | 0048 85f6 | 750c f647 | 0801 7506 | f048 834f 
  0x00000235a6d8dcc4: ;   {oop(a 'java/lang/invoke/MethodType'{0x0000000740245820} = (Ljava/lang/Object;)Ljava/lang/Object;)}
  0x00000235a6d8dcc4: 0801 48bb | 2058 2440 | 0700 0000 | 4885 db75 | 0cf6 4718 | 0175 06f0 | 4883 4f18 

  0x00000235a6d8dce0: ;   {metadata(method data for {method} {0x00000235be0b0208} 'invokeExact_MT' '(Ljava/lang/Object;Ljava/lang/Object;Ljava/lang/Object;)Ljava/lang/Object;' in 'java/lang/invoke/Invokers$Holder')}
  0x00000235a6d8dce0: 0148 bff0 | 1f32 8035 | 0200 0048 | 8387 8001 

  0x00000235a6d8dcf0: ;   {metadata(method data for {method} {0x00000235be3d94e0} 'checkExactType' '(Ljava/lang/invoke/MethodHandle;Ljava/lang/invoke/MethodType;)V' in 'java/lang/invoke/Invokers')}
  0x00000235a6d8dcf0: 0000 0148 | bf50 5f2a | 8035 0200 | 008b 87cc | 0000 0083 | c002 8987 | cc00 0000 | 25fe ff1f 
  0x00000235a6d8dd10: 0085 c00f | 8439 0c00 | 0048 3b06 

  0x00000235a6d8dd1c: ;   {metadata(method data for {method} {0x00000235be3d94e0} 'checkExactType' '(Ljava/lang/invoke/MethodHandle;Ljava/lang/invoke/MethodType;)V' in 'java/lang/invoke/Invokers')}
  0x00000235a6d8dd1c: 488b fe48 | b850 5f2a | 8035 0200 | 008b 7f08 | 49ba 0000 | 00be 3502 | 0000 4903 | fa48 3bb8 
  0x00000235a6d8dd3c: 2001 0000 | 750d 4883 | 8028 0100 | 0001 e960 | 0000 0048 | 3bb8 3001 | 0000 750d | 4883 8038 
  0x00000235a6d8dd5c: 0100 0001 | e94a 0000 | 0048 83b8 | 2001 0000 | 0075 1748 | 89b8 2001 | 0000 48c7 | 8028 0100 
  0x00000235a6d8dd7c: 0001 0000 | 00e9 2900 | 0000 4883 | b830 0100 | 0000 7517 | 4889 b830 | 0100 0048 | c780 3801 
  0x00000235a6d8dd9c: 0000 0100 | 0000 e908 | 0000 0048 | 8380 1001 | 0000 018b | 7e10 48c1 | e703 483b 

  0x00000235a6d8ddb8: ;   {metadata(method data for {method} {0x00000235be3d94e0} 'checkExactType' '(Ljava/lang/invoke/MethodHandle;Ljava/lang/invoke/MethodType;)V' in 'java/lang/invoke/Invokers')}
  0x00000235a6d8ddb8: fb48 bb50 | 5f2a 8035 | 0200 0048 | c7c0 5801 | 0000 7507 | 48c7 c048 | 0100 0048 | 8b0c 0348 
  0x00000235a6d8ddd8: 8d49 0148 | 890c 030f | 8585 0100 

  0x00000235a6d8dde4: ;   {metadata(method data for {method} {0x00000235be0b0208} 'invokeExact_MT' '(Ljava/lang/Object;Ljava/lang/Object;Ljava/lang/Object;)Ljava/lang/Object;' in 'java/lang/invoke/Invokers$Holder')}
  0x00000235a6d8dde4: 0048 bff0 | 1f32 8035 | 0200 0048 | 8387 b801 

  0x00000235a6d8ddf4: ;   {metadata(method data for {method} {0x00000235be3d93d8} 'checkCustomized' '(Ljava/lang/invoke/MethodHandle;)V' in 'java/lang/invoke/Invokers')}
  0x00000235a6d8ddf4: 0000 0148 | bf10 612a | 8035 0200 | 008b 9fcc | 0000 0083 | c302 899f | cc00 0000 | 81e3 feff 
  0x00000235a6d8de14: 1f00 85db | 0f84 5a0b 

  0x00000235a6d8de1c: ;   {metadata(method data for {method} {0x00000235be3d93d8} 'checkCustomized' '(Ljava/lang/invoke/MethodHandle;)V' in 'java/lang/invoke/Invokers')}
  0x00000235a6d8de1c: 0000 48bf | 1061 2a80 | 3502 0000 | 4883 8710 | 0100 0001 

  0x00000235a6d8de30: ;   {metadata(method data for {method} {0x00000235be095ff0} 'isCompileConstant' '(Ljava/lang/Object;)Z' in 'java/lang/invoke/MethodHandleImpl')}
  0x00000235a6d8de30: 48bf 5065 | 2a80 3502 | 0000 8b9f | cc00 0000 | 83c3 0289 | 9fcc 0000 | 0081 e3fe | ff1f 0085 
  0x00000235a6d8de50: db0f 8442 

  0x00000235a6d8de54: ;   {metadata(method data for {method} {0x00000235be3d93d8} 'checkCustomized' '(Ljava/lang/invoke/MethodHandle;)V' in 'java/lang/invoke/Invokers')}
  0x00000235a6d8de54: 0b00 0048 | bf10 612a | 8035 0200 | 00ff 8720 | 0100 008b | 7e14 48c1 | e703 8b7f | 1c48 c1e7 
  0x00000235a6d8de74: 0348 85ff 

  0x00000235a6d8de78: ;   {metadata(method data for {method} {0x00000235be3d93d8} 'checkCustomized' '(Ljava/lang/invoke/MethodHandle;)V' in 'java/lang/invoke/Invokers')}
  0x00000235a6d8de78: 48bf 1061 | 2a80 3502 | 0000 48c7 | c340 0100 | 0075 0748 | c7c3 5001 | 0000 488b | 041f 488d 
  0x00000235a6d8de98: 4001 4889 | 041f 0f85 | 2800 0000 

  0x00000235a6d8dea4: ;   {metadata(method data for {method} {0x00000235be3d93d8} 'checkCustomized' '(Ljava/lang/invoke/MethodHandle;)V' in 'java/lang/invoke/Invokers')}
  0x00000235a6d8dea4: 48bf 1061 | 2a80 3502 | 0000 4883 | 8760 0100 | 0001 488b | d666 0f1f 

  0x00000235a6d8debc: ;   {static_call}
  0x00000235a6d8debc: 4400 00e8 

  0x00000235a6d8dec0: ; ImmutableOopMap {[176]=Oop [192]=Oop [272]=Oop }
                      ;*invokestatic maybeCustomize {reexecute=0 rethrow=0 return_oop=0}
                      ; - java.lang.invoke.Invokers::checkCustomized@19
                      ; - java.lang.invoke.Invokers$Holder::invokeExact_MT@14
                      ; - jdk.internal.reflect.DirectMethodHandleAccessor::invokeImpl@41
                      ; - jdk.internal.reflect.DirectMethodHandleAccessor::invoke@23
  0x00000235a6d8dec0: 5c18 b107 

  0x00000235a6d8dec4: ;   {other}
  0x00000235a6d8dec4: 0f1f 8400 | b420 0009 | 488b b424 | 1001 0000 

  0x00000235a6d8ded4: ;   {metadata(method data for {method} {0x00000235be0b0208} 'invokeExact_MT' '(Ljava/lang/Object;Ljava/lang/Object;Ljava/lang/Object;)Ljava/lang/Object;' in 'java/lang/invoke/Invokers$Holder')}
  0x00000235a6d8ded4: 49b8 f01f | 3280 3502 | 0000 4983 | 80e0 0100 | 0001 4c8b | 8424 c000 | 0000 488b | 9424 1001 
  0x00000235a6d8def4: ;   {optimized virtual_call}
  0x00000235a6d8def4: 0000 90e8 

  0x00000235a6d8def8: ; ImmutableOopMap {[176]=Oop }
                      ;*invokevirtual invokeBasic {reexecute=0 rethrow=0 return_oop=0}
                      ; - java.lang.invoke.Invokers$Holder::invokeExact_MT@19
                      ; - jdk.internal.reflect.DirectMethodHandleAccessor::invokeImpl@41
                      ; - jdk.internal.reflect.DirectMethodHandleAccessor::invoke@23
  0x00000235a6d8def8: 045a 8d07 

  0x00000235a6d8defc: ;   {other}
  0x00000235a6d8defc: 0f1f 8400 | ec20 000a 

  0x00000235a6d8df04: ;   {metadata(method data for {method} {0x00000235be0b0208} 'invokeExact_MT' '(Ljava/lang/Object;Ljava/lang/Object;Ljava/lang/Object;)Ljava/lang/Object;' in 'java/lang/invoke/Invokers$Holder')}
  0x00000235a6d8df04: 48ba f01f | 3280 3502 | 0000 488d | 9228 0200 | 0048 85c0 | 750a f602 | 0175 05f0 | 4883 0a01 
  0x00000235a6d8df24: ;   {metadata(method data for {method} {0x00000235be3c46e0} 'invokeImpl' '(Ljava/lang/Object;[Ljava/lang/Object;)Ljava/lang/Object;' in 'jdk/internal/reflect/DirectMethodHandleAccessor')}
  0x00000235a6d8df24: 48ba c0d0 | 3680 3502 | 0000 488d | 92b8 0100 | 0048 85c0 | 750a f602 | 0175 05f0 | 4883 0a01 
  0x00000235a6d8df44: ;   {metadata(method data for {method} {0x00000235be3c46e0} 'invokeImpl' '(Ljava/lang/Object;[Ljava/lang/Object;)Ljava/lang/Object;' in 'jdk/internal/reflect/DirectMethodHandleAccessor')}
  0x00000235a6d8df44: 48ba c0d0 | 3680 3502 | 0000 ff82 | c801 0000 | 4881 c460 | 0100 005d 

  0x00000235a6d8df5c: ;   {poll_return}
  0x00000235a6d8df5c: 493b a748 | 0400 000f | 8756 0a00 

  0x00000235a6d8df68: ;   {metadata(method data for {method} {0x00000235be3d94e0} 'checkExactType' '(Ljava/lang/invoke/MethodHandle;Ljava/lang/invoke/MethodType;)V' in 'java/lang/invoke/Invokers')}
  0x00000235a6d8df68: 00c3 48ba | 505f 2a80 | 3502 0000 | 4883 8268 | 0100 0001 

  0x00000235a6d8df7c: ;   {oop(a 'java/lang/invoke/MethodType'{0x0000000740245820} = (Ljava/lang/Object;)Ljava/lang/Object;)}
  0x00000235a6d8df7c: 49b8 2058 | 2440 0700 | 0000 488b | d766 0f1f 

  0x00000235a6d8df8c: ;   {static_call}
  0x00000235a6d8df8c: 4400 00e8 

  0x00000235a6d8df90: ; ImmutableOopMap {[176]=Oop [192]=Oop [272]=Oop }
                      ;*invokestatic newWrongMethodTypeException {reexecute=0 rethrow=0 return_oop=0}
                      ; - java.lang.invoke.Invokers::checkExactType@12
                      ; - java.lang.invoke.Invokers$Holder::invokeExact_MT@10
                      ; - jdk.internal.reflect.DirectMethodHandleAccessor::invokeImpl@41
                      ; - jdk.internal.reflect.DirectMethodHandleAccessor::invoke@23
  0x00000235a6d8df90: ec10 1d07 

  0x00000235a6d8df94: ;   {other}
  0x00000235a6d8df94: 0f1f 8400 | 8421 000b 

  0x00000235a6d8df9c: ; implicit exception: dispatches to 0x00000235a6d8e9d5
                      ; ImmutableOopMap {rax=Oop [176]=Oop [192]=Oop [272]=Oop }
                      ;*athrow {reexecute=1 rethrow=0 return_oop=0}
                      ; - (reexecute) java.lang.invoke.Invokers::checkExactType@15
                      ; - java.lang.invoke.Invokers$Holder::invokeExact_MT@10
                      ; - jdk.internal.reflect.DirectMethodHandleAccessor::invokeImpl@41
                      ; - jdk.internal.reflect.DirectMethodHandleAccessor::invoke@23
                      ;   {section_word}
  0x00000235a6d8df9c: 483b 0048 | ba9f dfd8 | a635 0200 

  0x00000235a6d8dfa8: ;   {runtime_call handle_exception_nofpu Runtime1 stub}
  0x00000235a6d8dfa8: 00e8 528f 

  0x00000235a6d8dfac: ;   {metadata(method data for {method} {0x00000235be3d94e0} 'checkExactType' '(Ljava/lang/invoke/MethodHandle;Ljava/lang/invoke/MethodType;)V' in 'java/lang/invoke/Invokers')}
  0x00000235a6d8dfac: 2907 9048 | ba50 5f2a | 8035 0200 | 0048 8382 | 6801 0000 

  0x00000235a6d8dfc0: ;   {oop(a 'java/lang/invoke/MethodType'{0x0000000740245938} = (Ljava/lang/Object;Ljava/lang/Object;)Ljava/lang/Object;)}
  0x00000235a6d8dfc0: 0149 b838 | 5924 4007 | 0000 0048 

  0x00000235a6d8dfcc: ;   {static_call}
  0x00000235a6d8dfcc: 8bd3 90e8 

  0x00000235a6d8dfd0: ; ImmutableOopMap {[176]=Oop [192]=Oop [256]=Oop [264]=Oop }
                      ;*invokestatic newWrongMethodTypeException {reexecute=0 rethrow=0 return_oop=0}
                      ; - java.lang.invoke.Invokers::checkExactType@12
                      ; - java.lang.invoke.Invokers$Holder::invokeExact_MT@10
                      ; - jdk.internal.reflect.DirectMethodHandleAccessor::invokeImpl@55
                      ; - jdk.internal.reflect.DirectMethodHandleAccessor::invoke@23
  0x00000235a6d8dfd0: ac10 1d07 

  0x00000235a6d8dfd4: ;   {other}
  0x00000235a6d8dfd4: 0f1f 8400 | c421 000d 

  0x00000235a6d8dfdc: ; implicit exception: dispatches to 0x00000235a6d8e9da
                      ; ImmutableOopMap {rax=Oop [176]=Oop [192]=Oop [256]=Oop [264]=Oop }
                      ;*athrow {reexecute=1 rethrow=0 return_oop=0}
                      ; - (reexecute) java.lang.invoke.Invokers::checkExactType@15
                      ; - java.lang.invoke.Invokers$Holder::invokeExact_MT@10
                      ; - jdk.internal.reflect.DirectMethodHandleAccessor::invokeImpl@55
                      ; - jdk.internal.reflect.DirectMethodHandleAccessor::invoke@23
                      ;   {section_word}
  0x00000235a6d8dfdc: 483b 0048 | badf dfd8 | a635 0200 

  0x00000235a6d8dfe8: ;   {runtime_call handle_exception_nofpu Runtime1 stub}
  0x00000235a6d8dfe8: 00e8 128f 

  0x00000235a6d8dfec: ;   {metadata(method data for {method} {0x00000235be3d94e0} 'checkExactType' '(Ljava/lang/invoke/MethodHandle;Ljava/lang/invoke/MethodType;)V' in 'java/lang/invoke/Invokers')}
  0x00000235a6d8dfec: 2907 9048 | ba50 5f2a | 8035 0200 | 0048 8382 | 6801 0000 

  0x00000235a6d8e000: ;   {oop(a 'java/lang/invoke/MethodType'{0x00000007402635c0} = (Ljava/lang/Object;Ljava/lang/Object;Ljava/lang/Object;)Ljava/lang/Object;)}
  0x00000235a6d8e000: 0149 b8c0 | 3526 4007 | 0000 0048 

  0x00000235a6d8e00c: ;   {static_call}
  0x00000235a6d8e00c: 8bd0 90e8 

  0x00000235a6d8e010: ; ImmutableOopMap {[176]=Oop [192]=Oop [232]=Oop [240]=Oop [248]=Oop }
                      ;*invokestatic newWrongMethodTypeException {reexecute=0 rethrow=0 return_oop=0}
                      ; - java.lang.invoke.Invokers::checkExactType@12
                      ; - java.lang.invoke.LambdaForm$MH/0x00000235bf01cc00::invokeExact_MT@11
                      ; - jdk.internal.reflect.DirectMethodHandleAccessor::invokeImpl@72
                      ; - jdk.internal.reflect.DirectMethodHandleAccessor::invoke@23
  0x00000235a6d8e010: 6c10 1d07 

  0x00000235a6d8e014: ;   {other}
  0x00000235a6d8e014: 0f1f 8400 | 0422 000f 

  0x00000235a6d8e01c: ; implicit exception: dispatches to 0x00000235a6d8e9df
                      ; ImmutableOopMap {rax=Oop [176]=Oop [192]=Oop [232]=Oop [240]=Oop [248]=Oop }
                      ;*athrow {reexecute=1 rethrow=0 return_oop=0}
                      ; - (reexecute) java.lang.invoke.Invokers::checkExactType@15
                      ; - java.lang.invoke.LambdaForm$MH/0x00000235bf01cc00::invokeExact_MT@11
                      ; - jdk.internal.reflect.DirectMethodHandleAccessor::invokeImpl@72
                      ; - jdk.internal.reflect.DirectMethodHandleAccessor::invoke@23
                      ;   {section_word}
  0x00000235a6d8e01c: 483b 0048 | ba1f e0d8 | a635 0200 

  0x00000235a6d8e028: ;   {runtime_call handle_exception_nofpu Runtime1 stub}
  0x00000235a6d8e028: 00e8 d28e 

  0x00000235a6d8e02c: ;   {metadata(method data for {method} {0x00000235be3d94e0} 'checkExactType' '(Ljava/lang/invoke/MethodHandle;Ljava/lang/invoke/MethodType;)V' in 'java/lang/invoke/Invokers')}
  0x00000235a6d8e02c: 2907 9048 | ba50 5f2a | 8035 0200 | 0048 8382 | 6801 0000 

  0x00000235a6d8e040: ;   {oop(a 'java/lang/invoke/MethodType'{0x0000000740272098} = (Ljava/lang/Object;Ljava/lang/Object;Ljava/lang/Object;Ljava/lang/Object;)Ljava/lang/Object;)}
  0x00000235a6d8e040: 0149 b898 | 2027 4007 | 0000 0048 

  0x00000235a6d8e04c: ;   {static_call}
  0x00000235a6d8e04c: 8bd1 90e8 

  0x00000235a6d8e050: ; ImmutableOopMap {[176]=Oop [192]=Oop [200]=Oop [208]=Oop [216]=Oop [224]=Oop }
                      ;*invokestatic newWrongMethodTypeException {reexecute=0 rethrow=0 return_oop=0}
                      ; - java.lang.invoke.Invokers::checkExactType@12
                      ; - java.lang.invoke.LambdaForm$MH/0x00000235bf00f400::invokeExact_MT@11
                      ; - jdk.internal.reflect.DirectMethodHandleAccessor::invokeImpl@92
                      ; - jdk.internal.reflect.DirectMethodHandleAccessor::invoke@23
  0x00000235a6d8e050: 2c10 1d07 

  0x00000235a6d8e054: ;   {other}
  0x00000235a6d8e054: 0f1f 8400 | 4422 0011 

  0x00000235a6d8e05c: ; implicit exception: dispatches to 0x00000235a6d8e9e4
                      ; ImmutableOopMap {rax=Oop [176]=Oop [192]=Oop [200]=Oop [208]=Oop [216]=Oop [224]=Oop }
                      ;*athrow {reexecute=1 rethrow=0 return_oop=0}
                      ; - (reexecute) java.lang.invoke.Invokers::checkExactType@15
                      ; - java.lang.invoke.LambdaForm$MH/0x00000235bf00f400::invokeExact_MT@11
                      ; - jdk.internal.reflect.DirectMethodHandleAccessor::invokeImpl@92
                      ; - jdk.internal.reflect.DirectMethodHandleAccessor::invoke@23
                      ;   {section_word}
  0x00000235a6d8e05c: 483b 0048 | ba5f e0d8 | a635 0200 

  0x00000235a6d8e068: ;   {runtime_call handle_exception_nofpu Runtime1 stub}
  0x00000235a6d8e068: 00e8 928e | 2907 9049 | 8b87 f804 | 0000 4d33 | d24d 8997 | f804 0000 | 4d33 d24d | 8997 0005 
  0x00000235a6d8e088: 0000 488b | 9424 b000 

  0x00000235a6d8e090: ;   {metadata(method data for {method} {0x00000235be19def0} 'invoke' '(Ljava/lang/Object;[Ljava/lang/Object;)Ljava/lang/Object;' in 'jdk/internal/reflect/DirectMethodHandleAccessor')}
  0x00000235a6d8e090: 0000 49b8 | 88cd 3680 | 3502 0000 | 4983 8060 | 0200 0001 

  0x00000235a6d8e0a4: ;   {metadata(method data for {method} {0x00000235be3c4688} 'isIllegalArgument' '(Ljava/lang/RuntimeException;)Z' in 'jdk/internal/reflect/DirectMethodHandleAccessor')}
  0x00000235a6d8e0a4: 48ba b8e2 | 3680 3502 | 0000 448b | 82cc 0000 | 0041 83c0 | 0244 8982 | cc00 0000 | 4181 e0fe 
  0x00000235a6d8e0c4: ff1f 0045 | 85c0 0f84 | 1909 0000 

  0x00000235a6d8e0d0: ;   {oop(a 'java/lang/Class'{0x0000000740440100} = 'jdk/internal/reflect/DirectMethodHandleAccessor')}
  0x00000235a6d8e0d0: 48ba 0001 | 4440 0700 | 0000 4c8b | c048 8984 | 2418 0100 

  0x00000235a6d8e0e4: ;   {static_call}
  0x00000235a6d8e0e4: 0066 90e8 

  0x00000235a6d8e0e8: ; ImmutableOopMap {[280]=Oop }
                      ;*invokestatic isIllegalArgument {reexecute=0 rethrow=0 return_oop=0}
                      ; - jdk.internal.reflect.DirectMethodHandleAccessor::isIllegalArgument@3
                      ; - jdk.internal.reflect.DirectMethodHandleAccessor::invoke@58
  0x00000235a6d8e0e8: 940f 1d07 

  0x00000235a6d8e0ec: ;   {other}
  0x00000235a6d8e0ec: 0f1f 8400 | dc22 0013 | 83e0 0185 

  0x00000235a6d8e0f8: ;   {metadata(method data for {method} {0x00000235be19def0} 'invoke' '(Ljava/lang/Object;[Ljava/lang/Object;)Ljava/lang/Object;' in 'jdk/internal/reflect/DirectMethodHandleAccessor')}
  0x00000235a6d8e0f8: c048 b888 | cd36 8035 | 0200 0048 | c7c2 9802 | 0000 7407 | 48c7 c2a8 | 0200 004c | 8b04 104d 
  0x00000235a6d8e118: 8d40 014c | 8904 100f | 84bc 0200 | 00e9 0f02 | 0000 498b | 87f8 0400 | 004d 33d2 | 4d89 97f8 
  0x00000235a6d8e138: 0400 004d | 33d2 4d89 | 9700 0500 | 0048 8b94 | 24b0 0000 

  0x00000235a6d8e14c: ;   {metadata(method data for {method} {0x00000235be19def0} 'invoke' '(Ljava/lang/Object;[Ljava/lang/Object;)Ljava/lang/Object;' in 'jdk/internal/reflect/DirectMethodHandleAccessor')}
  0x00000235a6d8e14c: 0049 b888 | cd36 8035 | 0200 0049 | 8380 e801 

  0x00000235a6d8e15c: ;   {metadata(method data for {method} {0x00000235be3c4688} 'isIllegalArgument' '(Ljava/lang/RuntimeException;)Z' in 'jdk/internal/reflect/DirectMethodHandleAccessor')}
  0x00000235a6d8e15c: 0000 0148 | bab8 e236 | 8035 0200 | 0044 8b82 | cc00 0000 | 4183 c002 | 4489 82cc | 0000 0041 
  0x00000235a6d8e17c: 81e0 feff | 1f00 4585 | c00f 847f 

  0x00000235a6d8e188: ;   {oop(a 'java/lang/Class'{0x0000000740440100} = 'jdk/internal/reflect/DirectMethodHandleAccessor')}
  0x00000235a6d8e188: 0800 0048 | ba00 0144 | 4007 0000 | 004c 8bc0 | 4889 8424 | 2001 0000 | 0f1f 8000 

  0x00000235a6d8e1a4: ;   {static_call}
  0x00000235a6d8e1a4: 0000 00e8 

  0x00000235a6d8e1a8: ; ImmutableOopMap {[288]=Oop }
                      ;*invokestatic isIllegalArgument {reexecute=0 rethrow=0 return_oop=0}
                      ; - jdk.internal.reflect.DirectMethodHandleAccessor::isIllegalArgument@3
                      ; - jdk.internal.reflect.DirectMethodHandleAccessor::invoke@30
  0x00000235a6d8e1a8: d40e 1d07 

  0x00000235a6d8e1ac: ;   {other}
  0x00000235a6d8e1ac: 0f1f 8400 | 9c23 0014 | 83e0 0185 

  0x00000235a6d8e1b8: ;   {metadata(method data for {method} {0x00000235be19def0} 'invoke' '(Ljava/lang/Object;[Ljava/lang/Object;)Ljava/lang/Object;' in 'jdk/internal/reflect/DirectMethodHandleAccessor')}
  0x00000235a6d8e1b8: c048 ba88 | cd36 8035 | 0200 0048 | c7c6 2002 | 0000 7407 | 48c7 c630 | 0200 0048 | 8b3c 3248 
  0x00000235a6d8e1d8: 8d7f 0148 | 893c 320f | 84a4 0000 | 0066 6690 

  0x00000235a6d8e1e8: ;   {no_reloc}
  0x00000235a6d8e1e8: e94d 0800 | 0000 0000 | 0000 498b | 87b8 0100 | 0048 8d78 | 2849 3bbf | c801 0000 | 0f87 3a08 
  0x00000235a6d8e208: 0000 4989 | bfb8 0100 | 0048 c700 | 0100 0000 | 488b ca49 | ba00 0000 | be35 0200 | 0049 2bca 
  0x00000235a6d8e228: 8948 0848 | 33c9 8948 | 0c48 33c9 | 4889 4810 | 4889 4818 | 4889 4820 

  0x00000235a6d8e240: ;   {metadata(method data for {method} {0x00000235be19def0} 'invoke' '(Ljava/lang/Object;[Ljava/lang/Object;)Ljava/lang/Object;' in 'jdk/internal/reflect/DirectMethodHandleAccessor')}
  0x00000235a6d8e240: 4c8b c048 | ba88 cd36 | 8035 0200 | 0048 8382 | 4002 0000 

  0x00000235a6d8e254: ;   {oop("argument type mismatch"{0x000000074044b298})}
  0x00000235a6d8e254: 0149 b898 | b244 4007 | 0000 0048 | 8bd0 4889 | 8424 2801 | 0000 0f1f 

  0x00000235a6d8e26c: ;   {optimized virtual_call}
  0x00000235a6d8e26c: 4400 00e8 

  0x00000235a6d8e270: ; ImmutableOopMap {[296]=Oop }
                      ;*invokespecial <init> {reexecute=0 rethrow=0 return_oop=0}
                      ; - jdk.internal.reflect.DirectMethodHandleAccessor::invoke@42
  0x00000235a6d8e270: 0c08 1d07 

  0x00000235a6d8e274: ;   {other}
  0x00000235a6d8e274: 0f1f 8400 | 6424 0015 | 488b 8424 | 2801 0000 | e9b2 0800 | 004c 8b84 | 2420 0100 | 000f 1f80 
  0x00000235a6d8e294: 0000 0000 

  0x00000235a6d8e298: ;   {no_reloc}
  0x00000235a6d8e298: e9c3 0700 | 0000 0000 | 0000 80ba | 2101 0000 | 040f 85c0 | 0700 0049 | 8b87 b801 | 0000 488d 
  0x00000235a6d8e2b8: 7828 493b | bfc8 0100 | 000f 87a8 | 0700 0049 | 89bf b801 | 0000 48c7 | 0001 0000 | 0048 8bca 
  0x00000235a6d8e2d8: 49ba 0000 | 00be 3502 | 0000 492b | ca89 4808 | 4833 c989 | 480c 4833 | c948 8948 | 1048 8948 
  0x00000235a6d8e2f8: 1848 8948 | 2048 8bd0 

  0x00000235a6d8e300: ;   {metadata(method data for {method} {0x00000235be19def0} 'invoke' '(Ljava/lang/Object;[Ljava/lang/Object;)Ljava/lang/Object;' in 'jdk/internal/reflect/DirectMethodHandleAccessor')}
  0x00000235a6d8e300: 48be 88cd | 3680 3502 | 0000 4883 | 8650 0200 | 0001 488b | d048 8984 | 2430 0100 

  0x00000235a6d8e31c: ;   {optimized virtual_call}
  0x00000235a6d8e31c: 0066 90e8 

  0x00000235a6d8e320: ; ImmutableOopMap {[304]=Oop }
                      ;*invokespecial <init> {reexecute=0 rethrow=0 return_oop=0}
                      ; - jdk.internal.reflect.DirectMethodHandleAccessor::invoke@51
  0x00000235a6d8e320: 5c07 1d07 

  0x00000235a6d8e324: ;   {other}
  0x00000235a6d8e324: 0f1f 8400 | 1425 0016 | 488b 8424 | 3001 0000 | e902 0800 | 000f 1f80 | 0000 0000 

  0x00000235a6d8e340: ;   {no_reloc}
  0x00000235a6d8e340: e946 0700 | 0000 0000 | 0000 498b | 87b8 0100 | 0048 8d78 | 2849 3bbf | c801 0000 | 0f87 3307 
  0x00000235a6d8e360: 0000 4989 | bfb8 0100 | 0048 c700 | 0100 0000 | 488b ca49 | ba00 0000 | be35 0200 | 0049 2bca 
  0x00000235a6d8e380: 8948 0848 | 33c9 8948 | 0c48 33c9 | 4889 4810 | 4889 4818 | 4889 4820 

  0x00000235a6d8e398: ;   {metadata(method data for {method} {0x00000235be19def0} 'invoke' '(Ljava/lang/Object;[Ljava/lang/Object;)Ljava/lang/Object;' in 'jdk/internal/reflect/DirectMethodHandleAccessor')}
  0x00000235a6d8e398: 4c8b c048 | ba88 cd36 | 8035 0200 | 0048 8382 | b802 0000 | 014c 8b84 | 2418 0100 | 0048 8bd0 
  0x00000235a6d8e3b8: 4889 8424 | 3801 0000 | 0f1f 8000 

  0x00000235a6d8e3c4: ;   {optimized virtual_call}
  0x00000235a6d8e3c4: 0000 00e8 

  0x00000235a6d8e3c8: ; ImmutableOopMap {[312]=Oop }
                      ;*invokespecial <init> {reexecute=0 rethrow=0 return_oop=0}
                      ; - jdk.internal.reflect.DirectMethodHandleAccessor::invoke@69
  0x00000235a6d8e3c8: b406 1d07 

  0x00000235a6d8e3cc: ;   {other}
  0x00000235a6d8e3cc: 0f1f 8400 | bc25 0017 | 488b 8424 | 3801 0000 | e95a 0700 | 004c 8b84 | 2418 0100 | 000f 1f80 
  0x00000235a6d8e3ec: 0000 0000 

  0x00000235a6d8e3f0: ;   {no_reloc}
  0x00000235a6d8e3f0: e9bc 0600 | 0000 0000 | 0000 80ba | 2101 0000 | 040f 85b9 | 0600 0049 | 8b87 b801 | 0000 488d 
  0x00000235a6d8e410: 7828 493b | bfc8 0100 | 000f 87a1 | 0600 0049 | 89bf b801 | 0000 48c7 | 0001 0000 | 0048 8bca 
  0x00000235a6d8e430: 49ba 0000 | 00be 3502 | 0000 492b | ca89 4808 | 4833 c989 | 480c 4833 | c948 8948 | 1048 8948 
  0x00000235a6d8e450: 1848 8948 | 2048 8bd0 

  0x00000235a6d8e458: ;   {metadata(method data for {method} {0x00000235be19def0} 'invoke' '(Ljava/lang/Object;[Ljava/lang/Object;)Ljava/lang/Object;' in 'jdk/internal/reflect/DirectMethodHandleAccessor')}
  0x00000235a6d8e458: 48be 88cd | 3680 3502 | 0000 4883 | 86c8 0200 | 0001 488b | d048 8984 | 2440 0100 

  0x00000235a6d8e474: ;   {optimized virtual_call}
  0x00000235a6d8e474: 0066 90e8 

  0x00000235a6d8e478: ; ImmutableOopMap {[320]=Oop }
                      ;*invokespecial <init> {reexecute=0 rethrow=0 return_oop=0}
                      ; - jdk.internal.reflect.DirectMethodHandleAccessor::invoke@78
  0x00000235a6d8e478: 0406 1d07 

  0x00000235a6d8e47c: ;   {other}
  0x00000235a6d8e47c: 0f1f 8400 | 6c26 0018 | 488b 8424 | 4001 0000 | e9aa 0600 | 000f 1f80 | 0000 0000 

  0x00000235a6d8e498: ;   {no_reloc}
  0x00000235a6d8e498: e93f 0600 | 0000 0000 | 0000 498b | 87b8 0100 | 0048 8d78 | 2849 3bbf | c801 0000 | 0f87 2c06 
  0x00000235a6d8e4b8: 0000 4989 | bfb8 0100 | 0048 c700 | 0100 0000 | 488b ca49 | ba00 0000 | be35 0200 | 0049 2bca 
  0x00000235a6d8e4d8: 8948 0848 | 33c9 8948 | 0c48 33c9 | 4889 4810 | 4889 4818 | 4889 4820 

  0x00000235a6d8e4f0: ;   {metadata(method data for {method} {0x00000235be3c4898} 'checkReceiver' '(Ljava/lang/Object;)V' in 'jdk/internal/reflect/DirectMethodHandleAccessor')}
  0x00000235a6d8e4f0: 488b d048 | bed8 d436 | 8035 0200 | 0048 8386 | a001 0000 

  0x00000235a6d8e504: ;   {oop("object is not an instance of declaring class"{0x00000007409edea8})}
  0x00000235a6d8e504: 0149 b8a8 | de9e 4007 | 0000 0048 | 8bd0 4889 | 8424 4801 | 0000 0f1f 

  0x00000235a6d8e51c: ;   {optimized virtual_call}
  0x00000235a6d8e51c: 4400 00e8 

  0x00000235a6d8e520: ; ImmutableOopMap {[176]=Oop [184]=Oop [192]=Oop [328]=Oop }
                      ;*invokespecial <init> {reexecute=0 rethrow=0 return_oop=0}
                      ; - jdk.internal.reflect.DirectMethodHandleAccessor::checkReceiver@20
                      ; - jdk.internal.reflect.DirectMethodHandleAccessor::invoke@9
  0x00000235a6d8e520: 5c05 1d07 

  0x00000235a6d8e524: ;   {other}
  0x00000235a6d8e524: 0f1f 8400 | 1427 0019 | 488b 8424 | 4801 0000 | e902 0600 | 0049 8b87 | f804 0000 | 4d33 d24d 
  0x00000235a6d8e544: 8997 f804 | 0000 4d33 | d24d 8997 | 0005 0000 | 4c8b c090 

  0x00000235a6d8e558: ;   {metadata('java/lang/reflect/InvocationTargetException')}
  0x00000235a6d8e558: 48ba 7853 | 04bf 3502 | 0000 80ba | 2101 0000 | 040f 85a2 | 0500 0049 | 8b87 b801 | 0000 488d 
  0x00000235a6d8e578: 7828 493b | bfc8 0100 | 000f 878a | 0500 0049 | 89bf b801 | 0000 48c7 | 0001 0000 | 0048 8bca 
  0x00000235a6d8e598: 49ba 0000 | 00be 3502 | 0000 492b | ca89 4808 | 4833 c989 | 480c 4833 | c948 8948 | 1048 8948 
  0x00000235a6d8e5b8: 1848 8948 | 2048 8bd0 

  0x00000235a6d8e5c0: ;   {metadata(method data for {method} {0x00000235be19def0} 'invoke' '(Ljava/lang/Object;[Ljava/lang/Object;)Ljava/lang/Object;' in 'jdk/internal/reflect/DirectMethodHandleAccessor')}
  0x00000235a6d8e5c0: 48be 88cd | 3680 3502 | 0000 4883 | 86d8 0200 | 0001 488b | d048 8984 | 2450 0100 

  0x00000235a6d8e5dc: ;   {optimized virtual_call}
  0x00000235a6d8e5dc: 0066 90e8 

  0x00000235a6d8e5e0: ; ImmutableOopMap {[336]=Oop }
                      ;*invokespecial <init> {reexecute=0 rethrow=0 return_oop=0}
                      ; - jdk.internal.reflect.DirectMethodHandleAccessor::invoke@88
  0x00000235a6d8e5e0: b905 0000 

  0x00000235a6d8e5e4: ;   {other}
  0x00000235a6d8e5e4: 0f1f 8400 | d427 001a | 488b 8424 | 5001 0000 | e942 0500 

  0x00000235a6d8e5f8: ;   {metadata({method} {0x00000235be19def0} 'invoke' '(Ljava/lang/Object;[Ljava/lang/Object;)Ljava/lang/Object;' in 'jdk/internal/reflect/DirectMethodHandleAccessor')}
  0x00000235a6d8e5f8: 0049 bae8 | de19 be35 | 0200 004c | 8954 2408 | 48c7 0424 | ffff ffff 

  0x00000235a6d8e610: ;   {runtime_call counter_overflow Runtime1 stub}
  0x00000235a6d8e610: e8eb d029 

  0x00000235a6d8e614: ; ImmutableOopMap {rdx=Oop r8=Oop r9=Oop [176]=Oop [184]=Oop [192]=Oop }
                      ;*synchronization entry
                      ; - jdk.internal.reflect.DirectMethodHandleAccessor::invoke@-1
  0x00000235a6d8e614: 07e9 44dd 

  0x00000235a6d8e618: ;   {metadata({method} {0x00000235be3c4948} 'isStatic' '()Z' in 'jdk/internal/reflect/DirectMethodHandleAccessor')}
  0x00000235a6d8e618: ffff 49ba | 4049 3cbe | 3502 0000 | 4c89 5424 | 0848 c704 | 24ff ffff 

  0x00000235a6d8e630: ;   {runtime_call counter_overflow Runtime1 stub}
  0x00000235a6d8e630: ffe8 cad0 

  0x00000235a6d8e634: ; ImmutableOopMap {rdx=Oop r8=Oop r9=Oop [176]=Oop [184]=Oop [192]=Oop }
                      ;*synchronization entry
                      ; - jdk.internal.reflect.DirectMethodHandleAccessor::isStatic@-1
                      ; - jdk.internal.reflect.DirectMethodHandleAccessor::invoke@1
  0x00000235a6d8e634: 2907 e95f 

  0x00000235a6d8e638: ;   {metadata({method} {0x00000235be3c4898} 'checkReceiver' '(Ljava/lang/Object;)V' in 'jdk/internal/reflect/DirectMethodHandleAccessor')}
  0x00000235a6d8e638: ddff ff49 | ba90 483c | be35 0200 | 004c 8954 | 2408 48c7 | 0424 ffff 

  0x00000235a6d8e650: ;   {runtime_call counter_overflow Runtime1 stub}
  0x00000235a6d8e650: ffff e8a9 

  0x00000235a6d8e654: ; ImmutableOopMap {rdx=Oop r8=Oop [176]=Oop [184]=Oop [192]=Oop }
                      ;*synchronization entry
                      ; - jdk.internal.reflect.DirectMethodHandleAccessor::checkReceiver@-1
                      ; - jdk.internal.reflect.DirectMethodHandleAccessor::invoke@9
  0x00000235a6d8e654: d029 07e9 | 05de ffff 

  0x00000235a6d8e65c: ;   {runtime_call throw_null_pointer_exception Runtime1 stub}
  0x00000235a6d8e65c: e89f 9328 

  0x00000235a6d8e660: ; ImmutableOopMap {rdx=Oop r8=Oop rsi=Oop [176]=Oop [184]=Oop [192]=Oop }
                      ;*invokevirtual getClass {reexecute=0 rethrow=0 return_oop=0}
                      ; - jdk.internal.reflect.DirectMethodHandleAccessor::checkReceiver@5
                      ; - jdk.internal.reflect.DirectMethodHandleAccessor::invoke@9
                      ;   {runtime_call throw_null_pointer_exception Runtime1 stub}
  0x00000235a6d8e660: 07e8 9a93 

  0x00000235a6d8e664: ; ImmutableOopMap {rdx=Oop r8=Oop rsi=Oop rdi=Oop [176]=Oop [184]=Oop [192]=Oop }
                      ;*invokevirtual isAssignableFrom {reexecute=0 rethrow=0 return_oop=0}
                      ; - jdk.internal.reflect.DirectMethodHandleAccessor::checkReceiver@8
                      ; - jdk.internal.reflect.DirectMethodHandleAccessor::invoke@9
                      ;   {metadata({method} {0x00000235be3c46e0} 'invokeImpl' '(Ljava/lang/Object;[Ljava/lang/Object;)Ljava/lang/Object;' in 'jdk/internal/reflect/DirectMethodHandleAccessor')}
  0x00000235a6d8e664: 2807 49ba | d846 3cbe | 3502 0000 | 4c89 5424 | 0848 c704 | 24ff ffff 

  0x00000235a6d8e67c: ;   {runtime_call counter_overflow Runtime1 stub}
  0x00000235a6d8e67c: ffe8 7ed0 

  0x00000235a6d8e680: ; ImmutableOopMap {rdx=Oop [176]=Oop [184]=Oop [192]=Oop }
                      ;*synchronization entry
                      ; - jdk.internal.reflect.DirectMethodHandleAccessor::invokeImpl@-1
                      ; - jdk.internal.reflect.DirectMethodHandleAccessor::invoke@23
  0x00000235a6d8e680: 2907 e9ee | deff ff48 | bfd0 1f27 | 4007 0000 | 00b8 000f 

  0x00000235a6d8e694: ;   {runtime_call load_appendix_patching Runtime1 stub}
  0x00000235a6d8e694: 050a e8e5 

  0x00000235a6d8e698: ; ImmutableOopMap {rdx=Oop r9=Oop r8=Oop rsi=Oop [176]=Oop [184]=Oop [192]=Oop }
                      ;*invokevirtual invokeExact {reexecute=1 rethrow=0 return_oop=0}
                      ; - (reexecute) jdk.internal.reflect.DirectMethodHandleAccessor::invokeImpl@104
                      ; - jdk.internal.reflect.DirectMethodHandleAccessor::invoke@23
  0x00000235a6d8e698: c329 07e9 | 88df ffff 

  0x00000235a6d8e6a0: ;   {runtime_call throw_null_pointer_exception Runtime1 stub}
  0x00000235a6d8e6a0: e85b 9328 

  0x00000235a6d8e6a4: ; ImmutableOopMap {rdx=Oop r9=Oop r8=Oop rsi=Oop rdi=Oop [176]=Oop [184]=Oop [192]=Oop }
                      ;*invokevirtual invokeExact {reexecute=0 rethrow=0 return_oop=0}
                      ; - jdk.internal.reflect.DirectMethodHandleAccessor::invokeImpl@104
                      ; - jdk.internal.reflect.DirectMethodHandleAccessor::invoke@23
                      ;   {internal_word}
  0x00000235a6d8e6a4: 0749 ba14 | c8d8 a635 | 0200 004d | 8997 6004 

  0x00000235a6d8e6b4: ;   {runtime_call SafepointBlob}
  0x00000235a6d8e6b4: 0000 e945 

  0x00000235a6d8e6b8: ;   {runtime_call throw_null_pointer_exception Runtime1 stub}
  0x00000235a6d8e6b8: 701d 07e8 

  0x00000235a6d8e6bc: ; ImmutableOopMap {rdx=Oop r9=Oop r8=Oop rsi=Oop [176]=Oop [184]=Oop [192]=Oop [208]=Oop }
                      ;*aaload {reexecute=0 rethrow=0 return_oop=0}
                      ; - jdk.internal.reflect.DirectMethodHandleAccessor::invokeImpl@85
                      ; - jdk.internal.reflect.DirectMethodHandleAccessor::invoke@23
  0x00000235a6d8e6bc: 4093 2807 

  0x00000235a6d8e6c0: ;   {runtime_call throw_null_pointer_exception Runtime1 stub}
  0x00000235a6d8e6c0: e83b 9328 

  0x00000235a6d8e6c4: ; ImmutableOopMap {rdx=Oop r9=Oop r8=Oop rsi=Oop [176]=Oop [184]=Oop [192]=Oop [208]=Oop }
                      ;*aaload {reexecute=0 rethrow=0 return_oop=0}
                      ; - jdk.internal.reflect.DirectMethodHandleAccessor::invokeImpl@85
                      ; - jdk.internal.reflect.DirectMethodHandleAccessor::invoke@23
  0x00000235a6d8e6c4: 0748 c704 | 2400 0000 | 004c 894c 

  0x00000235a6d8e6d0: ;   {runtime_call throw_range_check_failed Runtime1 stub}
  0x00000235a6d8e6d0: 2408 e8a9 

  0x00000235a6d8e6d4: ; ImmutableOopMap {rdx=Oop r9=Oop r8=Oop rsi=Oop [176]=Oop [184]=Oop [192]=Oop [208]=Oop }
                      ;*aaload {reexecute=0 rethrow=0 return_oop=0}
                      ; - jdk.internal.reflect.DirectMethodHandleAccessor::invokeImpl@85
                      ; - jdk.internal.reflect.DirectMethodHandleAccessor::invoke@23
  0x00000235a6d8e6d4: 8528 0748 | c704 2401 | 0000 004c | 894c 2408 

  0x00000235a6d8e6e4: ;   {runtime_call throw_range_check_failed Runtime1 stub}
  0x00000235a6d8e6e4: e897 8528 

  0x00000235a6d8e6e8: ; ImmutableOopMap {rdx=Oop r9=Oop r8=Oop rsi=Oop rdi=Oop [176]=Oop [184]=Oop [192]=Oop [200]=Oop [208]=Oop }
                      ;*aaload {reexecute=0 rethrow=0 return_oop=0}
                      ; - jdk.internal.reflect.DirectMethodHandleAccessor::invokeImpl@88
                      ; - jdk.internal.reflect.DirectMethodHandleAccessor::invoke@23
  0x00000235a6d8e6e8: 0748 c704 | 2402 0000 | 004c 894c 

  0x00000235a6d8e6f4: ;   {runtime_call throw_range_check_failed Runtime1 stub}
  0x00000235a6d8e6f4: 2408 e885 

  0x00000235a6d8e6f8: ; ImmutableOopMap {rdx=Oop r9=Oop r8=Oop rsi=Oop rdi=Oop rbx=Oop [176]=Oop [184]=Oop [192]=Oop [200]=Oop [208]=Oop [216]=Oop }
                      ;*aaload {reexecute=0 rethrow=0 return_oop=0}
                      ; - jdk.internal.reflect.DirectMethodHandleAccessor::invokeImpl@91
                      ; - jdk.internal.reflect.DirectMethodHandleAccessor::invoke@23
                      ;   {metadata({method} {0x000002358042b6b8} 'invokeExact_MT' '(Ljava/lang/Object;Ljava/lang/Object;Ljava/lang/Object;Ljava/lang/Object;Ljava/lang/Object;Ljava/lang/Object;)Ljava/lang/Object;' in 'java/lang/invoke/LambdaForm$MH+0x00000235bf00f400')}
  0x00000235a6d8e6f8: 8528 0749 | bab0 b642 | 8035 0200 | 004c 8954 | 2408 48c7 | 0424 ffff 

  0x00000235a6d8e710: ;   {runtime_call counter_overflow Runtime1 stub}
  0x00000235a6d8e710: ffff e8e9 

  0x00000235a6d8e714: ; ImmutableOopMap {rdx=Oop r8=Oop rsi=Oop rdi=Oop rbx=Oop rax=Oop [176]=Oop [192]=Oop [200]=Oop [208]=Oop [216]=Oop [224]=Oop }
                      ;*synchronization entry
                      ; - java.lang.invoke.LambdaForm$MH/0x00000235bf00f400::invokeExact_MT@-1
                      ; - jdk.internal.reflect.DirectMethodHandleAccessor::invokeImpl@92
                      ; - jdk.internal.reflect.DirectMethodHandleAccessor::invoke@23
  0x00000235a6d8e714: cf29 07e9 | ece2 ffff 

  0x00000235a6d8e71c: ;   {metadata({method} {0x00000235be3d94e0} 'checkExactType' '(Ljava/lang/invoke/MethodHandle;Ljava/lang/invoke/MethodType;)V' in 'java/lang/invoke/Invokers')}
  0x00000235a6d8e71c: 49ba d894 | 3dbe 3502 | 0000 4c89 | 5424 0848 | c704 24ff 

  0x00000235a6d8e730: ;   {runtime_call counter_overflow Runtime1 stub}
  0x00000235a6d8e730: ffff ffe8 

  0x00000235a6d8e734: ; ImmutableOopMap {rdx=Oop r8=Oop rsi=Oop rdi=Oop rbx=Oop rax=Oop r9=Oop [176]=Oop [192]=Oop [200]=Oop [208]=Oop [216]=Oop [224]=Oop }
                      ;*synchronization entry
                      ; - java.lang.invoke.Invokers::checkExactType@-1
                      ; - java.lang.invoke.LambdaForm$MH/0x00000235bf00f400::invokeExact_MT@11
                      ; - jdk.internal.reflect.DirectMethodHandleAccessor::invokeImpl@92
                      ; - jdk.internal.reflect.DirectMethodHandleAccessor::invoke@23
  0x00000235a6d8e734: c8cf 2907 | e994 e3ff 

  0x00000235a6d8e73c: ;   {runtime_call throw_null_pointer_exception Runtime1 stub}
  0x00000235a6d8e73c: ffe8 be92 

  0x00000235a6d8e740: ; ImmutableOopMap {rdx=Oop r8=Oop rsi=Oop rdi=Oop rbx=Oop rax=Oop r9=Oop [176]=Oop [192]=Oop [200]=Oop [208]=Oop [216]=Oop [224]=Oop }
                      ;*invokevirtual type {reexecute=0 rethrow=0 return_oop=0}
                      ; - java.lang.invoke.Invokers::checkExactType@1
                      ; - java.lang.invoke.LambdaForm$MH/0x00000235bf00f400::invokeExact_MT@11
                      ; - jdk.internal.reflect.DirectMethodHandleAccessor::invokeImpl@92
                      ; - jdk.internal.reflect.DirectMethodHandleAccessor::invoke@23
                      ;   {metadata({method} {0x00000235be3d93d8} 'checkCustomized' '(Ljava/lang/invoke/MethodHandle;)V' in 'java/lang/invoke/Invokers')}
  0x00000235a6d8e740: 2807 49ba | d093 3dbe | 3502 0000 | 4c89 5424 | 0848 c704 | 24ff ffff 

  0x00000235a6d8e758: ;   {runtime_call counter_overflow Runtime1 stub}
  0x00000235a6d8e758: ffe8 a2cf 

  0x00000235a6d8e75c: ; ImmutableOopMap {rdx=Oop r8=Oop rsi=Oop rdi=Oop rbx=Oop rax=Oop [176]=Oop [192]=Oop [200]=Oop [208]=Oop [216]=Oop [224]=Oop }
                      ;*synchronization entry
                      ; - java.lang.invoke.Invokers::checkCustomized@-1
                      ; - java.lang.invoke.LambdaForm$MH/0x00000235bf00f400::invokeExact_MT@15
                      ; - jdk.internal.reflect.DirectMethodHandleAccessor::invokeImpl@92
                      ; - jdk.internal.reflect.DirectMethodHandleAccessor::invoke@23
  0x00000235a6d8e75c: 2907 e9d5 

  0x00000235a6d8e760: ;   {metadata({method} {0x00000235be095ff0} 'isCompileConstant' '(Ljava/lang/Object;)Z' in 'java/lang/invoke/MethodHandleImpl')}
  0x00000235a6d8e760: e4ff ff49 | bae8 5f09 | be35 0200 | 004c 8954 | 2408 48c7 | 0424 ffff 

  0x00000235a6d8e778: ;   {runtime_call counter_overflow Runtime1 stub}
  0x00000235a6d8e778: ffff e881 

  0x00000235a6d8e77c: ; ImmutableOopMap {rdx=Oop r8=Oop rsi=Oop rdi=Oop rbx=Oop rax=Oop [176]=Oop [192]=Oop [200]=Oop [208]=Oop [216]=Oop [224]=Oop }
                      ;*synchronization entry
                      ; - java.lang.invoke.MethodHandleImpl::isCompileConstant@-1
                      ; - java.lang.invoke.Invokers::checkCustomized@1
                      ; - java.lang.invoke.LambdaForm$MH/0x00000235bf00f400::invokeExact_MT@15
                      ; - jdk.internal.reflect.DirectMethodHandleAccessor::invokeImpl@92
                      ; - jdk.internal.reflect.DirectMethodHandleAccessor::invoke@23
  0x00000235a6d8e77c: cf29 07e9 | f2e4 ffff 

  0x00000235a6d8e784: ;   {runtime_call throw_null_pointer_exception Runtime1 stub}
  0x00000235a6d8e784: e877 9228 

  0x00000235a6d8e788: ; ImmutableOopMap {rdx=Oop r8=Oop rsi=Oop rdi=Oop rbx=Oop rax=Oop [176]=Oop [192]=Oop [200]=Oop [208]=Oop [216]=Oop [224]=Oop }
                      ;*getfield customized {reexecute=1 rethrow=0 return_oop=0}
                      ; - (reexecute) java.lang.invoke.Invokers::checkCustomized@12
                      ; - java.lang.invoke.LambdaForm$MH/0x00000235bf00f400::invokeExact_MT@15
                      ; - jdk.internal.reflect.DirectMethodHandleAccessor::invokeImpl@92
                      ; - jdk.internal.reflect.DirectMethodHandleAccessor::invoke@23
                      ;   {internal_word}
  0x00000235a6d8e788: 0749 bafc | ced8 a635 | 0200 004d | 8997 6004 

  0x00000235a6d8e798: ;   {runtime_call SafepointBlob}
  0x00000235a6d8e798: 0000 e961 

  0x00000235a6d8e79c: ;   {runtime_call throw_null_pointer_exception Runtime1 stub}
  0x00000235a6d8e79c: 6f1d 07e8 

  0x00000235a6d8e7a0: ; ImmutableOopMap {rdx=Oop r9=Oop r8=Oop rsi=Oop [176]=Oop [184]=Oop [192]=Oop [240]=Oop }
                      ;*aaload {reexecute=0 rethrow=0 return_oop=0}
                      ; - jdk.internal.reflect.DirectMethodHandleAccessor::invokeImpl@68
                      ; - jdk.internal.reflect.DirectMethodHandleAccessor::invoke@23
  0x00000235a6d8e7a0: 5c92 2807 

  0x00000235a6d8e7a4: ;   {runtime_call throw_null_pointer_exception Runtime1 stub}
  0x00000235a6d8e7a4: e857 9228 

  0x00000235a6d8e7a8: ; ImmutableOopMap {rdx=Oop r9=Oop r8=Oop rsi=Oop [176]=Oop [184]=Oop [192]=Oop [240]=Oop }
                      ;*aaload {reexecute=0 rethrow=0 return_oop=0}
                      ; - jdk.internal.reflect.DirectMethodHandleAccessor::invokeImpl@68
                      ; - jdk.internal.reflect.DirectMethodHandleAccessor::invoke@23
  0x00000235a6d8e7a8: 0748 c704 | 2400 0000 | 004c 894c 

  0x00000235a6d8e7b4: ;   {runtime_call throw_range_check_failed Runtime1 stub}
  0x00000235a6d8e7b4: 2408 e8c5 

  0x00000235a6d8e7b8: ; ImmutableOopMap {rdx=Oop r9=Oop r8=Oop rsi=Oop [176]=Oop [184]=Oop [192]=Oop [240]=Oop }
                      ;*aaload {reexecute=0 rethrow=0 return_oop=0}
                      ; - jdk.internal.reflect.DirectMethodHandleAccessor::invokeImpl@68
                      ; - jdk.internal.reflect.DirectMethodHandleAccessor::invoke@23
  0x00000235a6d8e7b8: 8428 0748 | c704 2401 | 0000 004c | 894c 2408 

  0x00000235a6d8e7c8: ;   {runtime_call throw_range_check_failed Runtime1 stub}
  0x00000235a6d8e7c8: e8b3 8428 

  0x00000235a6d8e7cc: ; ImmutableOopMap {rdx=Oop r9=Oop r8=Oop rsi=Oop rdi=Oop [176]=Oop [184]=Oop [192]=Oop [232]=Oop [240]=Oop }
                      ;*aaload {reexecute=0 rethrow=0 return_oop=0}
                      ; - jdk.internal.reflect.DirectMethodHandleAccessor::invokeImpl@71
                      ; - jdk.internal.reflect.DirectMethodHandleAccessor::invoke@23
                      ;   {metadata({method} {0x0000023580455ab8} 'invokeExact_MT' '(Ljava/lang/Object;Ljava/lang/Object;Ljava/lang/Object;Ljava/lang/Object;Ljava/lang/Object;)Ljava/lang/Object;' in 'java/lang/invoke/LambdaForm$MH+0x00000235bf01cc00')}
  0x00000235a6d8e7cc: 0749 bab0 | 5a45 8035 | 0200 004c | 8954 2408 | 48c7 0424 | ffff ffff 

  0x00000235a6d8e7e4: ;   {runtime_call counter_overflow Runtime1 stub}
  0x00000235a6d8e7e4: e817 cf29 

  0x00000235a6d8e7e8: ; ImmutableOopMap {rdx=Oop r8=Oop rsi=Oop rdi=Oop rbx=Oop [176]=Oop [192]=Oop [232]=Oop [240]=Oop [248]=Oop }
                      ;*synchronization entry
                      ; - java.lang.invoke.LambdaForm$MH/0x00000235bf01cc00::invokeExact_MT@-1
                      ; - jdk.internal.reflect.DirectMethodHandleAccessor::invokeImpl@72
                      ; - jdk.internal.reflect.DirectMethodHandleAccessor::invoke@23
  0x00000235a6d8e7e8: 07e9 dee8 

  0x00000235a6d8e7ec: ;   {metadata({method} {0x00000235be3d94e0} 'checkExactType' '(Ljava/lang/invoke/MethodHandle;Ljava/lang/invoke/MethodType;)V' in 'java/lang/invoke/Invokers')}
  0x00000235a6d8e7ec: ffff 49ba | d894 3dbe | 3502 0000 | 4c89 5424 | 0848 c704 | 24ff ffff 

  0x00000235a6d8e804: ;   {runtime_call counter_overflow Runtime1 stub}
  0x00000235a6d8e804: ffe8 f6ce 

  0x00000235a6d8e808: ; ImmutableOopMap {rdx=Oop r8=Oop rsi=Oop rdi=Oop rbx=Oop rcx=Oop [176]=Oop [192]=Oop [232]=Oop [240]=Oop [248]=Oop }
                      ;*synchronization entry
                      ; - java.lang.invoke.Invokers::checkExactType@-1
                      ; - java.lang.invoke.LambdaForm$MH/0x00000235bf01cc00::invokeExact_MT@11
                      ; - jdk.internal.reflect.DirectMethodHandleAccessor::invokeImpl@72
                      ; - jdk.internal.reflect.DirectMethodHandleAccessor::invoke@23
  0x00000235a6d8e808: 2907 e984 

  0x00000235a6d8e80c: ;   {runtime_call throw_null_pointer_exception Runtime1 stub}
  0x00000235a6d8e80c: e9ff ffe8 

  0x00000235a6d8e810: ; ImmutableOopMap {rdx=Oop r8=Oop rsi=Oop rdi=Oop rbx=Oop rcx=Oop [176]=Oop [192]=Oop [232]=Oop [240]=Oop [248]=Oop }
                      ;*invokevirtual type {reexecute=0 rethrow=0 return_oop=0}
                      ; - java.lang.invoke.Invokers::checkExactType@1
                      ; - java.lang.invoke.LambdaForm$MH/0x00000235bf01cc00::invokeExact_MT@11
                      ; - jdk.internal.reflect.DirectMethodHandleAccessor::invokeImpl@72
                      ; - jdk.internal.reflect.DirectMethodHandleAccessor::invoke@23
  0x00000235a6d8e810: ec91 2807 

  0x00000235a6d8e814: ;   {metadata({method} {0x00000235be3d93d8} 'checkCustomized' '(Ljava/lang/invoke/MethodHandle;)V' in 'java/lang/invoke/Invokers')}
  0x00000235a6d8e814: 49ba d093 | 3dbe 3502 | 0000 4c89 | 5424 0848 | c704 24ff 

  0x00000235a6d8e828: ;   {runtime_call counter_overflow Runtime1 stub}
  0x00000235a6d8e828: ffff ffe8 

  0x00000235a6d8e82c: ; ImmutableOopMap {rdx=Oop r8=Oop rsi=Oop rdi=Oop rbx=Oop [176]=Oop [192]=Oop [232]=Oop [240]=Oop [248]=Oop }
                      ;*synchronization entry
                      ; - java.lang.invoke.Invokers::checkCustomized@-1
                      ; - java.lang.invoke.LambdaForm$MH/0x00000235bf01cc00::invokeExact_MT@15
                      ; - jdk.internal.reflect.DirectMethodHandleAccessor::invokeImpl@72
                      ; - jdk.internal.reflect.DirectMethodHandleAccessor::invoke@23
  0x00000235a6d8e82c: d0ce 2907 | e9be eaff 

  0x00000235a6d8e834: ;   {metadata({method} {0x00000235be095ff0} 'isCompileConstant' '(Ljava/lang/Object;)Z' in 'java/lang/invoke/MethodHandleImpl')}
  0x00000235a6d8e834: ff49 bae8 | 5f09 be35 | 0200 004c | 8954 2408 | 48c7 0424 | ffff ffff 

  0x00000235a6d8e84c: ;   {runtime_call counter_overflow Runtime1 stub}
  0x00000235a6d8e84c: e8af ce29 

  0x00000235a6d8e850: ; ImmutableOopMap {rdx=Oop r8=Oop rsi=Oop rdi=Oop rbx=Oop [176]=Oop [192]=Oop [232]=Oop [240]=Oop [248]=Oop }
                      ;*synchronization entry
                      ; - java.lang.invoke.MethodHandleImpl::isCompileConstant@-1
                      ; - java.lang.invoke.Invokers::checkCustomized@1
                      ; - java.lang.invoke.LambdaForm$MH/0x00000235bf01cc00::invokeExact_MT@15
                      ; - jdk.internal.reflect.DirectMethodHandleAccessor::invokeImpl@72
                      ; - jdk.internal.reflect.DirectMethodHandleAccessor::invoke@23
  0x00000235a6d8e850: 07e9 d6ea 

  0x00000235a6d8e854: ;   {runtime_call throw_null_pointer_exception Runtime1 stub}
  0x00000235a6d8e854: ffff e8a5 

  0x00000235a6d8e858: ; ImmutableOopMap {rdx=Oop r8=Oop rsi=Oop rdi=Oop rbx=Oop [176]=Oop [192]=Oop [232]=Oop [240]=Oop [248]=Oop }
                      ;*getfield customized {reexecute=1 rethrow=0 return_oop=0}
                      ; - (reexecute) java.lang.invoke.Invokers::checkCustomized@12
                      ; - java.lang.invoke.LambdaForm$MH/0x00000235bf01cc00::invokeExact_MT@15
                      ; - jdk.internal.reflect.DirectMethodHandleAccessor::invokeImpl@72
                      ; - jdk.internal.reflect.DirectMethodHandleAccessor::invoke@23
                      ;   {internal_word}
  0x00000235a6d8e858: 9128 0749 | ba9c d5d8 | a635 0200 | 004d 8997 | 6004 0000 

  0x00000235a6d8e86c: ;   {runtime_call SafepointBlob}
  0x00000235a6d8e86c: e98f 6e1d 

  0x00000235a6d8e870: ;   {runtime_call throw_null_pointer_exception Runtime1 stub}
  0x00000235a6d8e870: 07e8 8a91 

  0x00000235a6d8e874: ; ImmutableOopMap {rdx=Oop r9=Oop r8=Oop rsi=Oop [176]=Oop [184]=Oop [192]=Oop [264]=Oop }
                      ;*aaload {reexecute=0 rethrow=0 return_oop=0}
                      ; - jdk.internal.reflect.DirectMethodHandleAccessor::invokeImpl@54
                      ; - jdk.internal.reflect.DirectMethodHandleAccessor::invoke@23
                      ;   {runtime_call throw_null_pointer_exception Runtime1 stub}
  0x00000235a6d8e874: 2807 e885 

  0x00000235a6d8e878: ; ImmutableOopMap {rdx=Oop r9=Oop r8=Oop rsi=Oop [176]=Oop [184]=Oop [192]=Oop [264]=Oop }
                      ;*aaload {reexecute=0 rethrow=0 return_oop=0}
                      ; - jdk.internal.reflect.DirectMethodHandleAccessor::invokeImpl@54
                      ; - jdk.internal.reflect.DirectMethodHandleAccessor::invoke@23
  0x00000235a6d8e878: 9128 0748 | c704 2400 | 0000 004c | 894c 2408 

  0x00000235a6d8e888: ;   {runtime_call throw_range_check_failed Runtime1 stub}
  0x00000235a6d8e888: e8f3 8328 

  0x00000235a6d8e88c: ; ImmutableOopMap {rdx=Oop r9=Oop r8=Oop rsi=Oop [176]=Oop [184]=Oop [192]=Oop [264]=Oop }
                      ;*aaload {reexecute=0 rethrow=0 return_oop=0}
                      ; - jdk.internal.reflect.DirectMethodHandleAccessor::invokeImpl@54
                      ; - jdk.internal.reflect.DirectMethodHandleAccessor::invoke@23
                      ;   {metadata({method} {0x00000235be0b0158} 'invokeExact_MT' '(Ljava/lang/Object;Ljava/lang/Object;Ljava/lang/Object;Ljava/lang/Object;)Ljava/lang/Object;' in 'java/lang/invoke/Invokers$Holder')}
  0x00000235a6d8e88c: 0749 ba50 | 010b be35 | 0200 004c | 8954 2408 | 48c7 0424 | ffff ffff 

  0x00000235a6d8e8a4: ;   {runtime_call counter_overflow Runtime1 stub}
  0x00000235a6d8e8a4: e857 ce29 

  0x00000235a6d8e8a8: ; ImmutableOopMap {rdx=Oop r8=Oop rsi=Oop rdi=Oop [176]=Oop [192]=Oop [256]=Oop [264]=Oop }
                      ;*synchronization entry
                      ; - java.lang.invoke.Invokers$Holder::invokeExact_MT@-1
                      ; - jdk.internal.reflect.DirectMethodHandleAccessor::invokeImpl@55
                      ; - jdk.internal.reflect.DirectMethodHandleAccessor::invoke@23
  0x00000235a6d8e8a8: 07e9 99ee 

  0x00000235a6d8e8ac: ;   {metadata({method} {0x00000235be3d94e0} 'checkExactType' '(Ljava/lang/invoke/MethodHandle;Ljava/lang/invoke/MethodType;)V' in 'java/lang/invoke/Invokers')}
  0x00000235a6d8e8ac: ffff 49ba | d894 3dbe | 3502 0000 | 4c89 5424 | 0848 c704 | 24ff ffff 

  0x00000235a6d8e8c4: ;   {runtime_call counter_overflow Runtime1 stub}
  0x00000235a6d8e8c4: ffe8 36ce 

  0x00000235a6d8e8c8: ; ImmutableOopMap {rdx=Oop r8=Oop rsi=Oop rdi=Oop rax=Oop [176]=Oop [192]=Oop [256]=Oop [264]=Oop }
                      ;*synchronization entry
                      ; - java.lang.invoke.Invokers::checkExactType@-1
                      ; - java.lang.invoke.Invokers$Holder::invokeExact_MT@10
                      ; - jdk.internal.reflect.DirectMethodHandleAccessor::invokeImpl@55
                      ; - jdk.internal.reflect.DirectMethodHandleAccessor::invoke@23
  0x00000235a6d8e8c8: 2907 e937 

  0x00000235a6d8e8cc: ;   {runtime_call throw_null_pointer_exception Runtime1 stub}
  0x00000235a6d8e8cc: efff ffe8 

  0x00000235a6d8e8d0: ; ImmutableOopMap {rdx=Oop r8=Oop rsi=Oop rdi=Oop rax=Oop [176]=Oop [192]=Oop [256]=Oop [264]=Oop }
                      ;*invokevirtual type {reexecute=0 rethrow=0 return_oop=0}
                      ; - java.lang.invoke.Invokers::checkExactType@1
                      ; - java.lang.invoke.Invokers$Holder::invokeExact_MT@10
                      ; - jdk.internal.reflect.DirectMethodHandleAccessor::invokeImpl@55
                      ; - jdk.internal.reflect.DirectMethodHandleAccessor::invoke@23
  0x00000235a6d8e8d0: 2c91 2807 

  0x00000235a6d8e8d4: ;   {metadata({method} {0x00000235be3d93d8} 'checkCustomized' '(Ljava/lang/invoke/MethodHandle;)V' in 'java/lang/invoke/Invokers')}
  0x00000235a6d8e8d4: 49ba d093 | 3dbe 3502 | 0000 4c89 | 5424 0848 | c704 24ff 

  0x00000235a6d8e8e8: ;   {runtime_call counter_overflow Runtime1 stub}
  0x00000235a6d8e8e8: ffff ffe8 

  0x00000235a6d8e8ec: ; ImmutableOopMap {rdx=Oop r8=Oop rsi=Oop rdi=Oop [176]=Oop [192]=Oop [256]=Oop [264]=Oop }
                      ;*synchronization entry
                      ; - java.lang.invoke.Invokers::checkCustomized@-1
                      ; - java.lang.invoke.Invokers$Holder::invokeExact_MT@14
                      ; - jdk.internal.reflect.DirectMethodHandleAccessor::invokeImpl@55
                      ; - jdk.internal.reflect.DirectMethodHandleAccessor::invoke@23
  0x00000235a6d8e8ec: 10ce 2907 | e96d f0ff 

  0x00000235a6d8e8f4: ;   {metadata({method} {0x00000235be095ff0} 'isCompileConstant' '(Ljava/lang/Object;)Z' in 'java/lang/invoke/MethodHandleImpl')}
  0x00000235a6d8e8f4: ff49 bae8 | 5f09 be35 | 0200 004c | 8954 2408 | 48c7 0424 | ffff ffff 

  0x00000235a6d8e90c: ;   {runtime_call counter_overflow Runtime1 stub}
  0x00000235a6d8e90c: e8ef cd29 

  0x00000235a6d8e910: ; ImmutableOopMap {rdx=Oop r8=Oop rsi=Oop rdi=Oop [176]=Oop [192]=Oop [256]=Oop [264]=Oop }
                      ;*synchronization entry
                      ; - java.lang.invoke.MethodHandleImpl::isCompileConstant@-1
                      ; - java.lang.invoke.Invokers::checkCustomized@1
                      ; - java.lang.invoke.Invokers$Holder::invokeExact_MT@14
                      ; - jdk.internal.reflect.DirectMethodHandleAccessor::invokeImpl@55
                      ; - jdk.internal.reflect.DirectMethodHandleAccessor::invoke@23
  0x00000235a6d8e910: 07e9 84f0 

  0x00000235a6d8e914: ;   {runtime_call throw_null_pointer_exception Runtime1 stub}
  0x00000235a6d8e914: ffff e8e5 

  0x00000235a6d8e918: ; ImmutableOopMap {rdx=Oop r8=Oop rsi=Oop rdi=Oop [176]=Oop [192]=Oop [256]=Oop [264]=Oop }
                      ;*getfield customized {reexecute=1 rethrow=0 return_oop=0}
                      ; - (reexecute) java.lang.invoke.Invokers::checkCustomized@12
                      ; - java.lang.invoke.Invokers$Holder::invokeExact_MT@14
                      ; - jdk.internal.reflect.DirectMethodHandleAccessor::invokeImpl@55
                      ; - jdk.internal.reflect.DirectMethodHandleAccessor::invoke@23
                      ;   {internal_word}
  0x00000235a6d8e918: 9028 0749 | ba04 dcd8 | a635 0200 | 004d 8997 | 6004 0000 

  0x00000235a6d8e92c: ;   {runtime_call SafepointBlob}
  0x00000235a6d8e92c: e9cf 6d1d 

  0x00000235a6d8e930: ;   {metadata({method} {0x00000235be0b0208} 'invokeExact_MT' '(Ljava/lang/Object;Ljava/lang/Object;Ljava/lang/Object;)Ljava/lang/Object;' in 'java/lang/invoke/Invokers$Holder')}
  0x00000235a6d8e930: 0749 ba00 | 020b be35 | 0200 004c | 8954 2408 | 48c7 0424 | ffff ffff 

  0x00000235a6d8e948: ;   {runtime_call counter_overflow Runtime1 stub}
  0x00000235a6d8e948: e8b3 cd29 

  0x00000235a6d8e94c: ; ImmutableOopMap {rdx=Oop r8=Oop rsi=Oop [176]=Oop [192]=Oop [272]=Oop }
                      ;*synchronization entry
                      ; - java.lang.invoke.Invokers$Holder::invokeExact_MT@-1
                      ; - jdk.internal.reflect.DirectMethodHandleAccessor::invokeImpl@41
                      ; - jdk.internal.reflect.DirectMethodHandleAccessor::invoke@23
  0x00000235a6d8e94c: 07e9 52f3 

  0x00000235a6d8e950: ;   {metadata({method} {0x00000235be3d94e0} 'checkExactType' '(Ljava/lang/invoke/MethodHandle;Ljava/lang/invoke/MethodType;)V' in 'java/lang/invoke/Invokers')}
  0x00000235a6d8e950: ffff 49ba | d894 3dbe | 3502 0000 | 4c89 5424 | 0848 c704 | 24ff ffff 

  0x00000235a6d8e968: ;   {runtime_call counter_overflow Runtime1 stub}
  0x00000235a6d8e968: ffe8 92cd 

  0x00000235a6d8e96c: ; ImmutableOopMap {rdx=Oop r8=Oop rsi=Oop rbx=Oop [176]=Oop [192]=Oop [272]=Oop }
                      ;*synchronization entry
                      ; - java.lang.invoke.Invokers::checkExactType@-1
                      ; - java.lang.invoke.Invokers$Holder::invokeExact_MT@10
                      ; - jdk.internal.reflect.DirectMethodHandleAccessor::invokeImpl@41
                      ; - jdk.internal.reflect.DirectMethodHandleAccessor::invoke@23
  0x00000235a6d8e96c: 2907 e9a6 

  0x00000235a6d8e970: ;   {runtime_call throw_null_pointer_exception Runtime1 stub}
  0x00000235a6d8e970: f3ff ffe8 

  0x00000235a6d8e974: ; ImmutableOopMap {rdx=Oop r8=Oop rsi=Oop rbx=Oop [176]=Oop [192]=Oop [272]=Oop }
                      ;*invokevirtual type {reexecute=0 rethrow=0 return_oop=0}
                      ; - java.lang.invoke.Invokers::checkExactType@1
                      ; - java.lang.invoke.Invokers$Holder::invokeExact_MT@10
                      ; - jdk.internal.reflect.DirectMethodHandleAccessor::invokeImpl@41
                      ; - jdk.internal.reflect.DirectMethodHandleAccessor::invoke@23
  0x00000235a6d8e974: 8890 2807 

  0x00000235a6d8e978: ;   {metadata({method} {0x00000235be3d93d8} 'checkCustomized' '(Ljava/lang/invoke/MethodHandle;)V' in 'java/lang/invoke/Invokers')}
  0x00000235a6d8e978: 49ba d093 | 3dbe 3502 | 0000 4c89 | 5424 0848 | c704 24ff 

  0x00000235a6d8e98c: ;   {runtime_call counter_overflow Runtime1 stub}
  0x00000235a6d8e98c: ffff ffe8 

  0x00000235a6d8e990: ; ImmutableOopMap {rdx=Oop r8=Oop rsi=Oop [176]=Oop [192]=Oop [272]=Oop }
                      ;*synchronization entry
                      ; - java.lang.invoke.Invokers::checkCustomized@-1
                      ; - java.lang.invoke.Invokers$Holder::invokeExact_MT@14
                      ; - jdk.internal.reflect.DirectMethodHandleAccessor::invokeImpl@41
                      ; - jdk.internal.reflect.DirectMethodHandleAccessor::invoke@23
  0x00000235a6d8e990: 6ccd 2907 | e985 f4ff 

  0x00000235a6d8e998: ;   {metadata({method} {0x00000235be095ff0} 'isCompileConstant' '(Ljava/lang/Object;)Z' in 'java/lang/invoke/MethodHandleImpl')}
  0x00000235a6d8e998: ff49 bae8 | 5f09 be35 | 0200 004c | 8954 2408 | 48c7 0424 | ffff ffff 

  0x00000235a6d8e9b0: ;   {runtime_call counter_overflow Runtime1 stub}
  0x00000235a6d8e9b0: e84b cd29 

  0x00000235a6d8e9b4: ; ImmutableOopMap {rdx=Oop r8=Oop rsi=Oop [176]=Oop [192]=Oop [272]=Oop }
                      ;*synchronization entry
                      ; - java.lang.invoke.MethodHandleImpl::isCompileConstant@-1
                      ; - java.lang.invoke.Invokers::checkCustomized@1
                      ; - java.lang.invoke.Invokers$Holder::invokeExact_MT@14
                      ; - jdk.internal.reflect.DirectMethodHandleAccessor::invokeImpl@41
                      ; - jdk.internal.reflect.DirectMethodHandleAccessor::invoke@23
  0x00000235a6d8e9b4: 07e9 9df4 

  0x00000235a6d8e9b8: ;   {runtime_call throw_null_pointer_exception Runtime1 stub}
  0x00000235a6d8e9b8: ffff e841 

  0x00000235a6d8e9bc: ; ImmutableOopMap {rdx=Oop r8=Oop rsi=Oop [176]=Oop [192]=Oop [272]=Oop }
                      ;*getfield customized {reexecute=1 rethrow=0 return_oop=0}
                      ; - (reexecute) java.lang.invoke.Invokers::checkCustomized@12
                      ; - java.lang.invoke.Invokers$Holder::invokeExact_MT@14
                      ; - jdk.internal.reflect.DirectMethodHandleAccessor::invokeImpl@41
                      ; - jdk.internal.reflect.DirectMethodHandleAccessor::invoke@23
                      ;   {internal_word}
  0x00000235a6d8e9bc: 9028 0749 | ba5c dfd8 | a635 0200 | 004d 8997 | 6004 0000 

  0x00000235a6d8e9d0: ;   {runtime_call SafepointBlob}
  0x00000235a6d8e9d0: e92b 6d1d 

  0x00000235a6d8e9d4: ;   {runtime_call throw_null_pointer_exception Runtime1 stub}
  0x00000235a6d8e9d4: 07e8 2690 

  0x00000235a6d8e9d8: ; ImmutableOopMap {rax=Oop [176]=Oop [192]=Oop [272]=Oop }
                      ;*athrow {reexecute=1 rethrow=0 return_oop=0}
                      ; - (reexecute) java.lang.invoke.Invokers::checkExactType@15
                      ; - java.lang.invoke.Invokers$Holder::invokeExact_MT@10
                      ; - jdk.internal.reflect.DirectMethodHandleAccessor::invokeImpl@41
                      ; - jdk.internal.reflect.DirectMethodHandleAccessor::invoke@23
                      ;   {runtime_call throw_null_pointer_exception Runtime1 stub}
  0x00000235a6d8e9d8: 2807 e821 

  0x00000235a6d8e9dc: ; ImmutableOopMap {rax=Oop [176]=Oop [192]=Oop [256]=Oop [264]=Oop }
                      ;*athrow {reexecute=1 rethrow=0 return_oop=0}
                      ; - (reexecute) java.lang.invoke.Invokers::checkExactType@15
                      ; - java.lang.invoke.Invokers$Holder::invokeExact_MT@10
                      ; - jdk.internal.reflect.DirectMethodHandleAccessor::invokeImpl@55
                      ; - jdk.internal.reflect.DirectMethodHandleAccessor::invoke@23
                      ;   {runtime_call throw_null_pointer_exception Runtime1 stub}
  0x00000235a6d8e9dc: 9028 07e8 

  0x00000235a6d8e9e0: ; ImmutableOopMap {rax=Oop [176]=Oop [192]=Oop [232]=Oop [240]=Oop [248]=Oop }
                      ;*athrow {reexecute=1 rethrow=0 return_oop=0}
                      ; - (reexecute) java.lang.invoke.Invokers::checkExactType@15
                      ; - java.lang.invoke.LambdaForm$MH/0x00000235bf01cc00::invokeExact_MT@11
                      ; - jdk.internal.reflect.DirectMethodHandleAccessor::invokeImpl@72
                      ; - jdk.internal.reflect.DirectMethodHandleAccessor::invoke@23
  0x00000235a6d8e9e0: 1c90 2807 

  0x00000235a6d8e9e4: ;   {runtime_call throw_null_pointer_exception Runtime1 stub}
  0x00000235a6d8e9e4: e817 9028 

  0x00000235a6d8e9e8: ; ImmutableOopMap {rax=Oop [176]=Oop [192]=Oop [200]=Oop [208]=Oop [216]=Oop [224]=Oop }
                      ;*athrow {reexecute=1 rethrow=0 return_oop=0}
                      ; - (reexecute) java.lang.invoke.Invokers::checkExactType@15
                      ; - java.lang.invoke.LambdaForm$MH/0x00000235bf00f400::invokeExact_MT@11
                      ; - jdk.internal.reflect.DirectMethodHandleAccessor::invokeImpl@92
                      ; - jdk.internal.reflect.DirectMethodHandleAccessor::invoke@23
                      ;   {metadata({method} {0x00000235be3c4688} 'isIllegalArgument' '(Ljava/lang/RuntimeException;)Z' in 'jdk/internal/reflect/DirectMethodHandleAccessor')}
  0x00000235a6d8e9e8: 0749 ba80 | 463c be35 | 0200 004c | 8954 2408 | 48c7 0424 | ffff ffff 

  0x00000235a6d8ea00: ;   {runtime_call counter_overflow Runtime1 stub}
  0x00000235a6d8ea00: e8fb cc29 

  0x00000235a6d8ea04: ; ImmutableOopMap {rax=Oop }
                      ;*synchronization entry
                      ; - jdk.internal.reflect.DirectMethodHandleAccessor::isIllegalArgument@-1
                      ; - jdk.internal.reflect.DirectMethodHandleAccessor::invoke@58
  0x00000235a6d8ea04: 07e9 c6f6 

  0x00000235a6d8ea08: ;   {metadata({method} {0x00000235be3c4688} 'isIllegalArgument' '(Ljava/lang/RuntimeException;)Z' in 'jdk/internal/reflect/DirectMethodHandleAccessor')}
  0x00000235a6d8ea08: ffff 49ba | 8046 3cbe | 3502 0000 | 4c89 5424 | 0848 c704 | 24ff ffff 

  0x00000235a6d8ea20: ;   {runtime_call counter_overflow Runtime1 stub}
  0x00000235a6d8ea20: ffe8 dacc 

  0x00000235a6d8ea24: ; ImmutableOopMap {rax=Oop }
                      ;*synchronization entry
                      ; - jdk.internal.reflect.DirectMethodHandleAccessor::isIllegalArgument@-1
                      ; - jdk.internal.reflect.DirectMethodHandleAccessor::invoke@30
  0x00000235a6d8ea24: 2907 e960 

  0x00000235a6d8ea28: ;   {metadata(nullptr)}
  0x00000235a6d8ea28: f7ff ff48 | ba00 0000 | 0000 0000 | 00b8 000f 

  0x00000235a6d8ea38: ;   {runtime_call load_klass_patching Runtime1 stub}
  0x00000235a6d8ea38: 050a e8c1 

  0x00000235a6d8ea3c: ; ImmutableOopMap {}
                      ;*new {reexecute=1 rethrow=0 return_oop=0}
                      ; - (reexecute) jdk.internal.reflect.DirectMethodHandleAccessor::invoke@36
  0x00000235a6d8ea3c: b129 07e9 | a4f7 ffff 

  0x00000235a6d8ea44: ;   {runtime_call fast_new_instance Runtime1 stub}
  0x00000235a6d8ea44: 488b d2e8 

  0x00000235a6d8ea48: ; ImmutableOopMap {}
                      ;*new {reexecute=0 rethrow=0 return_oop=0}
                      ; - jdk.internal.reflect.DirectMethodHandleAccessor::invoke@36
  0x00000235a6d8ea48: 349d 2807 | e9ef f7ff 

  0x00000235a6d8ea50: ;   {metadata(nullptr)}
  0x00000235a6d8ea50: ff48 ba00 | 0000 0000 | 0000 00b8 | 000f 050a 

  0x00000235a6d8ea60: ;   {runtime_call load_klass_patching Runtime1 stub}
  0x00000235a6d8ea60: e89b b129 

  0x00000235a6d8ea64: ; ImmutableOopMap {r8=Oop }
                      ;*new {reexecute=1 rethrow=0 return_oop=0}
                      ; - (reexecute) jdk.internal.reflect.DirectMethodHandleAccessor::invoke@46
  0x00000235a6d8ea64: 07e9 2ef8 

  0x00000235a6d8ea68: ;   {runtime_call throw_null_pointer_exception Runtime1 stub}
  0x00000235a6d8ea68: ffff e891 

  0x00000235a6d8ea6c: ; ImmutableOopMap {r8=Oop }
                      ;*new {reexecute=0 rethrow=0 return_oop=0}
                      ; - jdk.internal.reflect.DirectMethodHandleAccessor::invoke@46
  0x00000235a6d8ea6c: 8f28 0748 

  0x00000235a6d8ea70: ;   {runtime_call fast_new_instance_init_check Runtime1 stub}
  0x00000235a6d8ea70: 8bd2 e809 

  0x00000235a6d8ea74: ; ImmutableOopMap {r8=Oop }
                      ;*new {reexecute=0 rethrow=0 return_oop=0}
                      ; - jdk.internal.reflect.DirectMethodHandleAccessor::invoke@46
  0x00000235a6d8ea74: a028 07e9 | 81f8 ffff 

  0x00000235a6d8ea7c: ;   {metadata(nullptr)}
  0x00000235a6d8ea7c: 48ba 0000 | 0000 0000 | 0000 b800 

  0x00000235a6d8ea88: ;   {runtime_call load_klass_patching Runtime1 stub}
  0x00000235a6d8ea88: 0f05 0ae8 

  0x00000235a6d8ea8c: ; ImmutableOopMap {[280]=Oop }
                      ;*new {reexecute=1 rethrow=0 return_oop=0}
                      ; - (reexecute) jdk.internal.reflect.DirectMethodHandleAccessor::invoke@64
  0x00000235a6d8ea8c: 70b1 2907 | e9ab f8ff | ff48 8bd2 

  0x00000235a6d8ea98: ;   {runtime_call fast_new_instance Runtime1 stub}
  0x00000235a6d8ea98: e8e3 9c28 

  0x00000235a6d8ea9c: ; ImmutableOopMap {[280]=Oop }
                      ;*new {reexecute=0 rethrow=0 return_oop=0}
                      ; - jdk.internal.reflect.DirectMethodHandleAccessor::invoke@64
  0x00000235a6d8ea9c: 07e9 f6f8 

  0x00000235a6d8eaa0: ;   {metadata(nullptr)}
  0x00000235a6d8eaa0: ffff 48ba | 0000 0000 | 0000 0000 | b800 0f05 

  0x00000235a6d8eab0: ;   {runtime_call load_klass_patching Runtime1 stub}
  0x00000235a6d8eab0: 0ae8 4ab1 

  0x00000235a6d8eab4: ; ImmutableOopMap {r8=Oop }
                      ;*new {reexecute=1 rethrow=0 return_oop=0}
                      ; - (reexecute) jdk.internal.reflect.DirectMethodHandleAccessor::invoke@73
  0x00000235a6d8eab4: 2907 e935 

  0x00000235a6d8eab8: ;   {runtime_call throw_null_pointer_exception Runtime1 stub}
  0x00000235a6d8eab8: f9ff ffe8 

  0x00000235a6d8eabc: ; ImmutableOopMap {r8=Oop }
                      ;*new {reexecute=0 rethrow=0 return_oop=0}
                      ; - jdk.internal.reflect.DirectMethodHandleAccessor::invoke@73
  0x00000235a6d8eabc: 408f 2807 

  0x00000235a6d8eac0: ;   {runtime_call fast_new_instance_init_check Runtime1 stub}
  0x00000235a6d8eac0: 488b d2e8 

  0x00000235a6d8eac4: ; ImmutableOopMap {r8=Oop }
                      ;*new {reexecute=0 rethrow=0 return_oop=0}
                      ; - jdk.internal.reflect.DirectMethodHandleAccessor::invoke@73
  0x00000235a6d8eac4: b89f 2807 | e988 f9ff 

  0x00000235a6d8eacc: ;   {metadata(nullptr)}
  0x00000235a6d8eacc: ff48 ba00 | 0000 0000 | 0000 00b8 | 000f 050a 

  0x00000235a6d8eadc: ;   {runtime_call load_klass_patching Runtime1 stub}
  0x00000235a6d8eadc: e81f b129 

  0x00000235a6d8eae0: ; ImmutableOopMap {[176]=Oop [184]=Oop [192]=Oop }
                      ;*new {reexecute=1 rethrow=0 return_oop=0}
                      ; - (reexecute) jdk.internal.reflect.DirectMethodHandleAccessor::checkReceiver@14
                      ; - jdk.internal.reflect.DirectMethodHandleAccessor::invoke@9
  0x00000235a6d8eae0: 07e9 b2f9 | ffff 488b 

  0x00000235a6d8eae8: ;   {runtime_call fast_new_instance Runtime1 stub}
  0x00000235a6d8eae8: d2e8 929c 

  0x00000235a6d8eaec: ; ImmutableOopMap {[176]=Oop [184]=Oop [192]=Oop }
                      ;*new {reexecute=0 rethrow=0 return_oop=0}
                      ; - jdk.internal.reflect.DirectMethodHandleAccessor::checkReceiver@14
                      ; - jdk.internal.reflect.DirectMethodHandleAccessor::invoke@9
  0x00000235a6d8eaec: 2807 e9fd 

  0x00000235a6d8eaf0: ;   {metadata('java/lang/reflect/InvocationTargetException')}
  0x00000235a6d8eaf0: f9ff ff48 | ba78 5304 | bf35 0200 | 00b8 000f 

  0x00000235a6d8eb00: ;   {runtime_call load_klass_patching Runtime1 stub}
  0x00000235a6d8eb00: 050a e8f9 

  0x00000235a6d8eb04: ; ImmutableOopMap {r8=Oop }
                      ;*new {reexecute=1 rethrow=0 return_oop=0}
                      ; - (reexecute) jdk.internal.reflect.DirectMethodHandleAccessor::invoke@83
  0x00000235a6d8eb04: b029 07e9 | 4cfa ffff 

  0x00000235a6d8eb0c: ;   {runtime_call throw_null_pointer_exception Runtime1 stub}
  0x00000235a6d8eb0c: e8ef 8e28 

  0x00000235a6d8eb10: ; ImmutableOopMap {r8=Oop }
                      ;*new {reexecute=0 rethrow=0 return_oop=0}
                      ; - jdk.internal.reflect.DirectMethodHandleAccessor::invoke@83
  0x00000235a6d8eb10: 0748 8bd2 

  0x00000235a6d8eb14: ;   {runtime_call fast_new_instance_init_check Runtime1 stub}
  0x00000235a6d8eb14: e867 9f28 

  0x00000235a6d8eb18: ; ImmutableOopMap {r8=Oop }
                      ;*new {reexecute=0 rethrow=0 return_oop=0}
                      ; - jdk.internal.reflect.DirectMethodHandleAccessor::invoke@83
  0x00000235a6d8eb18: 07e9 9ffa | ffff 498b | 87f8 0400 | 0049 c787 | f804 0000 | 0000 0000 | 49c7 8700 | 0500 0000 
  0x00000235a6d8eb38: 0000 0048 | 81c4 6001 

  0x00000235a6d8eb40: ;   {runtime_call unwind_exception Runtime1 stub}
  0x00000235a6d8eb40: 0000 5de9 | 3871 2807 
[Stub Code]
  0x00000235a6d8eb48: ;   {no_reloc}
  0x00000235a6d8eb48: 0f1f 4400 

  0x00000235a6d8eb4c: ;   {static_stub}
  0x00000235a6d8eb4c: 0048 bb50 | 010b be35 

  0x00000235a6d8eb54: ;   {runtime_call I2C/C2I adapters}
  0x00000235a6d8eb54: 0200 00e9 | 1334 1c07 

  0x00000235a6d8eb5c: ;   {static_stub}
  0x00000235a6d8eb5c: 9048 bb00 | 0000 0000 

  0x00000235a6d8eb64: ;   {runtime_call nmethod}
  0x00000235a6d8eb64: 0000 00e9 | fbff ffff 

  0x00000235a6d8eb6c: ;   {static_stub}
  0x00000235a6d8eb6c: 9048 bb00 | 0000 0000 

  0x00000235a6d8eb74: ;   {runtime_call nmethod}
  0x00000235a6d8eb74: 0000 00e9 | fbff ffff 

  0x00000235a6d8eb7c: ;   {static_stub}
  0x00000235a6d8eb7c: 9048 bb00 | 0000 0000 

  0x00000235a6d8eb84: ;   {runtime_call nmethod}
  0x00000235a6d8eb84: 0000 00e9 | fbff ffff 

  0x00000235a6d8eb8c: ;   {static_stub}
  0x00000235a6d8eb8c: 9048 bb00 | 0000 0000 

  0x00000235a6d8eb94: ;   {runtime_call nmethod}
  0x00000235a6d8eb94: 0000 00e9 | fbff ffff 

  0x00000235a6d8eb9c: ;   {static_stub}
  0x00000235a6d8eb9c: 9048 bb60 | 0005 8035 

  0x00000235a6d8eba4: ;   {runtime_call I2C/C2I adapters}
  0x00000235a6d8eba4: 0200 00e9 | 3b56 1d07 

  0x00000235a6d8ebac: ;   {static_stub}
  0x00000235a6d8ebac: 48bb 0000 | 0000 0000 

  0x00000235a6d8ebb4: ;   {runtime_call nmethod}
  0x00000235a6d8ebb4: 0000 e9fb 

  0x00000235a6d8ebb8: ;   {static_stub}
  0x00000235a6d8ebb8: ffff ff48 | bb00 0000 | 0000 0000 

  0x00000235a6d8ebc4: ;   {runtime_call nmethod}
  0x00000235a6d8ebc4: 00e9 fbff 

  0x00000235a6d8ebc8: ;   {static_stub}
  0x00000235a6d8ebc8: ffff 48bb | 0000 0000 | 0000 0000 

  0x00000235a6d8ebd4: ;   {runtime_call nmethod}
  0x00000235a6d8ebd4: e9fb ffff 

  0x00000235a6d8ebd8: ;   {static_stub}
  0x00000235a6d8ebd8: ff48 bb00 | 0000 0000 

  0x00000235a6d8ebe0: ;   {runtime_call nmethod}
  0x00000235a6d8ebe0: 0000 00e9 | fbff ffff 

  0x00000235a6d8ebe8: ;   {static_stub}
  0x00000235a6d8ebe8: 48bb 0000 | 0000 0000 

  0x00000235a6d8ebf0: ;   {runtime_call nmethod}
  0x00000235a6d8ebf0: 0000 e9fb 

  0x00000235a6d8ebf4: ;   {static_stub}
  0x00000235a6d8ebf4: ffff ff48 | bb10 9c3d | be35 0200 

  0x00000235a6d8ec00: ;   {runtime_call I2C/C2I adapters}
  0x00000235a6d8ec00: 00e9 5d48 

  0x00000235a6d8ec04: ;   {static_stub}
  0x00000235a6d8ec04: 1d07 48bb | 0000 0000 | 0000 0000 

  0x00000235a6d8ec10: ;   {runtime_call nmethod}
  0x00000235a6d8ec10: e9fb ffff 

  0x00000235a6d8ec14: ;   {static_stub}
  0x00000235a6d8ec14: ff48 bb00 | 0000 0000 

  0x00000235a6d8ec1c: ;   {runtime_call nmethod}
  0x00000235a6d8ec1c: 0000 00e9 | fbff ffff 

  0x00000235a6d8ec24: ;   {static_stub}
  0x00000235a6d8ec24: 48bb 0000 | 0000 0000 

  0x00000235a6d8ec2c: ;   {runtime_call nmethod}
  0x00000235a6d8ec2c: 0000 e9fb 

  0x00000235a6d8ec30: ;   {static_stub}
  0x00000235a6d8ec30: ffff ff48 | bb00 0000 | 0000 0000 

  0x00000235a6d8ec3c: ;   {runtime_call nmethod}
  0x00000235a6d8ec3c: 00e9 fbff 

  0x00000235a6d8ec40: ;   {runtime_call handle_exception_from_callee Runtime1 stub}
  0x00000235a6d8ec40: ffff e8b9 

  0x00000235a6d8ec44: ;   {external_word}
  0x00000235a6d8ec44: 8829 0748 | b990 7fff | bef8 7f00 | 0048 83e4 

  0x00000235a6d8ec54: ;   {runtime_call}
  0x00000235a6d8ec54: f048 b8e0 | 44c2 bef8 | 7f00 00ff 

  0x00000235a6d8ec60: ;   {section_word}
  0x00000235a6d8ec60: d0f4 49ba | 62ec d8a6 | 3502 0000 

  0x00000235a6d8ec6c: ;   {runtime_call DeoptimizationBlob}
  0x00000235a6d8ec6c: 4152 e92d 

  0x00000235a6d8ec70: ;   {section_word}
  0x00000235a6d8ec70: 5d1d 0749 | ba73 ecd8 | a635 0200 

  0x00000235a6d8ec7c: ;   {runtime_call DeoptimizationBlob}
  0x00000235a6d8ec7c: 0041 52e9 | 1c5d 1d07 | f4f4 f4f4 
[/MachCode]


Compiled method (c1) 14932 10000   !   3       org.eclipse.e4.core.internal.di.MethodRequestor::execute (176 bytes)
 total in heap  [0x00000235a7320610,0x00000235a73241a8] = 15256
 relocation     [0x00000235a7320770,0x00000235a7320a78] = 776
 main code      [0x00000235a7320a80,0x00000235a7323038] = 9656
 stub code      [0x00000235a7323038,0x00000235a7323188] = 336
 oops           [0x00000235a7323188,0x00000235a7323198] = 16
 metadata       [0x00000235a7323198,0x00000235a7323258] = 192
 scopes data    [0x00000235a7323258,0x00000235a7323698] = 1088
 scopes pcs     [0x00000235a7323698,0x00000235a7323b78] = 1248
 dependencies   [0x00000235a7323b78,0x00000235a7323b98] = 32
 handler table  [0x00000235a7323b98,0x00000235a73240f0] = 1368
 nul chk table  [0x00000235a73240f0,0x00000235a73241a8] = 184

[Constant Pool (empty)]

[MachCode]
[Entry Point]
  # {method} {0x0000023581793848} 'execute' '()Ljava/lang/Object;' in 'org/eclipse/e4/core/internal/di/MethodRequestor'
  #           [sp+0x160]  (sp of caller)
  0x00000235a7320a80: 448b 5208 | 49bb 0000 | 00be 3502 | 0000 4d03 | d34c 3bd0 

  0x00000235a7320a94: ;   {runtime_call ic_miss_stub}
  0x00000235a7320a94: 0f85 e6dc | c306 660f | 1f44 0000 
[Verified Entry Point]
  0x00000235a7320aa0: 8984 2400 | 80ff ff55 | 4881 ec50 | 0100 0090 | 4181 7f20 | 0a00 0000 

  0x00000235a7320ab8: ;   {runtime_call StubRoutines (final stubs)}
  0x00000235a7320ab8: 7405 e8a1 | 42c2 0648 | 8994 24b8 

  0x00000235a7320ac4: ;   {metadata(method data for {method} {0x0000023581793848} 'execute' '()Ljava/lang/Object;' in 'org/eclipse/e4/core/internal/di/MethodRequestor')}
  0x00000235a7320ac4: 0000 0048 | be68 2b72 | 8235 0200 | 008b becc | 0000 0083 | c702 89be | cc00 0000 | 81e7 fe07 
  0x00000235a7320ae4: 0000 85ff | 0f84 b21e | 0000 8b72 | 2848 c1e6 | 0348 85f6 

  0x00000235a7320af8: ;   {metadata(method data for {method} {0x0000023581793848} 'execute' '()Ljava/lang/Object;' in 'org/eclipse/e4/core/internal/di/MethodRequestor')}
  0x00000235a7320af8: 48be 682b | 7282 3502 | 0000 48c7 | c710 0100 | 0075 0748 | c7c7 2001 | 0000 488b | 1c3e 488d 
  0x00000235a7320b18: 5b01 4889 | 1c3e 0f85 | 0c03 0000 | 8b72 1448 | c1e6 0348 | 85f6 7516 

  0x00000235a7320b30: ;   {metadata(method data for {method} {0x0000023581793848} 'execute' '()Ljava/lang/Object;' in 'org/eclipse/e4/core/internal/di/MethodRequestor')}
  0x00000235a7320b30: 48bb 682b | 7282 3502 | 0000 808b | 2901 0000 | 01e9 cc00 

  0x00000235a7320b44: ;   {metadata('java/lang/reflect/Method')}
  0x00000235a7320b44: 0000 48b8 | a805 04be | 3502 0000 | 8b7e 0849 | ba00 0000 | be35 0200 | 0049 03fa | 483b c70f 
  0x00000235a7320b64: 858d 0000 

  0x00000235a7320b68: ;   {metadata(method data for {method} {0x0000023581793848} 'execute' '()Ljava/lang/Object;' in 'org/eclipse/e4/core/internal/di/MethodRequestor')}
  0x00000235a7320b68: 0048 bb68 | 2b72 8235 | 0200 008b | 4608 49ba | 0000 00be | 3502 0000 | 4903 c248 | 3b83 4001 
  0x00000235a7320b88: 0000 750d | 4883 8348 | 0100 0001 | e979 0000 | 0048 3b83 | 5001 0000 | 750d 4883 | 8358 0100 
  0x00000235a7320ba8: 0001 e963 | 0000 0048 | 83bb 4001 | 0000 0075 | 1748 8983 | 4001 0000 | 48c7 8348 | 0100 0001 
  0x00000235a7320bc8: 0000 00e9 | 4200 0000 | 4883 bb50 | 0100 0000 | 7517 4889 | 8350 0100 | 0048 c783 | 5801 0000 
  0x00000235a7320be8: 0100 0000 | e921 0000 | 00e9 1c00 

  0x00000235a7320bf4: ;   {metadata(method data for {method} {0x0000023581793848} 'execute' '()Ljava/lang/Object;' in 'org/eclipse/e4/core/internal/di/MethodRequestor')}
  0x00000235a7320bf4: 0000 48bb | 682b 7282 | 3502 0000 | 4883 ab30 | 0100 0001 | e9b4 1d00 | 00e9 0000 | 0000 483b 
  0x00000235a7320c14: 0648 8bfe 

  0x00000235a7320c18: ;   {metadata(method data for {method} {0x0000023581793848} 'execute' '()Ljava/lang/Object;' in 'org/eclipse/e4/core/internal/di/MethodRequestor')}
  0x00000235a7320c18: 48bb 682b | 7282 3502 | 0000 4883 | 8368 0100 

  0x00000235a7320c28: ;   {metadata(method data for {method} {0x00000235be041d00} 'getParameterTypes' '()[Ljava/lang/Class;' in 'java/lang/reflect/Method')}
  0x00000235a7320c28: 0001 48bf | 80a5 5e81 | 3502 0000 | 8b9f cc00 | 0000 83c3 | 0289 9fcc | 0000 0081 | e3fe ff1f 
  0x00000235a7320c48: 0085 db0f | 847e 1d00 | 008b 7630 | 48c1 e603 

  0x00000235a7320c58: ; implicit exception: dispatches to 0x00000235a73229f0
  0x00000235a7320c58: 483b 0648 

  0x00000235a7320c5c: ;   {metadata(method data for {method} {0x00000235be041d00} 'getParameterTypes' '()[Ljava/lang/Class;' in 'java/lang/reflect/Method')}
  0x00000235a7320c5c: 8bfe 48bb | 80a5 5e81 | 3502 0000 | 8b7f 0849 | ba00 0000 | be35 0200 | 0049 03fa | 483b bb20 
  0x00000235a7320c7c: 0100 0075 | 0d48 8383 | 2801 0000 | 01e9 6000 | 0000 483b | bb30 0100 | 0075 0d48 | 8383 3801 
  0x00000235a7320c9c: 0000 01e9 | 4a00 0000 | 4883 bb20 | 0100 0000 | 7517 4889 | bb20 0100 | 0048 c783 | 2801 0000 
  0x00000235a7320cbc: 0100 0000 | e929 0000 | 0048 83bb | 3001 0000 | 0075 1748 | 89bb 3001 | 0000 48c7 | 8338 0100 
  0x00000235a7320cdc: 0001 0000 | 00e9 0800 | 0000 4883 | 8310 0100 | 0001 488b | d60f 1f40 | 0048 b8ff | ffff ffff 
  0x00000235a7320cfc: ;   {virtual_call}
  0x00000235a7320cfc: ffff ffe8 

  0x00000235a7320d00: ; ImmutableOopMap {[184]=Oop }
                      ;*invokevirtual clone {reexecute=0 rethrow=0 return_oop=0}
                      ; - java.lang.reflect.Method::getParameterTypes@4
                      ; - org.eclipse.e4.core.internal.di.MethodRequestor::execute@14 (line 42)
  0x00000235a7320d00: 7ce0 c306 

  0x00000235a7320d04: ;   {other}
  0x00000235a7320d04: 0f1f 8400 | f406 0000 | 4885 c075 

  0x00000235a7320d10: ;   {metadata(method data for {method} {0x00000235be041d00} 'getParameterTypes' '()[Ljava/lang/Class;' in 'java/lang/reflect/Method')}
  0x00000235a7320d10: 1648 bf80 | a55e 8135 | 0200 0080 | 8f41 0100 | 0001 e9cd 

  0x00000235a7320d24: ;   {metadata('java/lang/Class'[])}
  0x00000235a7320d24: 0000 0048 | bbe0 6e00 | be35 0200 | 008b 7808 | 49ba 0000 | 00be 3502 | 0000 4903 | fa48 3b5f 
  0x00000235a7320d44: 400f 858d 

  0x00000235a7320d48: ;   {metadata(method data for {method} {0x00000235be041d00} 'getParameterTypes' '()[Ljava/lang/Class;' in 'java/lang/reflect/Method')}
  0x00000235a7320d48: 0000 0048 | bf80 a55e | 8135 0200 | 008b 5808 | 49ba 0000 | 00be 3502 | 0000 4903 | da48 3b9f 
  0x00000235a7320d68: 5801 0000 | 750d 4883 | 8760 0100 | 0001 e979 | 0000 0048 | 3b9f 6801 | 0000 750d | 4883 8770 
  0x00000235a7320d88: 0100 0001 | e963 0000 | 0048 83bf | 5801 0000 | 0075 1748 | 899f 5801 | 0000 48c7 | 8760 0100 
  0x00000235a7320da8: 0001 0000 | 00e9 4200 | 0000 4883 | bf68 0100 | 0000 7517 | 4889 9f68 | 0100 0048 | c787 7001 
  0x00000235a7320dc8: 0000 0100 | 0000 e921 | 0000 00e9 | 1c00 0000 

  0x00000235a7320dd8: ;   {metadata(method data for {method} {0x00000235be041d00} 'getParameterTypes' '()[Ljava/lang/Class;' in 'java/lang/reflect/Method')}
  0x00000235a7320dd8: 48bf 80a5 | 5e81 3502 | 0000 4883 | af48 0100 | 0001 e906 | 1c00 00e9 | 0000 0000 | 488b d08b 
  0x00000235a7320df8: 520c 85d2 

  0x00000235a7320dfc: ;   {metadata(method data for {method} {0x0000023581793848} 'execute' '()Ljava/lang/Object;' in 'org/eclipse/e4/core/internal/di/MethodRequestor')}
  0x00000235a7320dfc: 48ba 682b | 7282 3502 | 0000 48c7 | c6b0 0100 | 007f 0748 | c7c6 a001 | 0000 488b | 3c32 488d 
  0x00000235a7320e1c: 7f01 4889 | 3c32 0f8f | 8616 0000 | 488b 9424 | b800 0000 

  0x00000235a7320e30: ;   {metadata(method data for {method} {0x0000023581793848} 'execute' '()Ljava/lang/Object;' in 'org/eclipse/e4/core/internal/di/MethodRequestor')}
  0x00000235a7320e30: 488b f248 | bf68 2b72 | 8235 0200 | 008b 7608 | 49ba 0000 | 00be 3502 | 0000 4903 | f248 3bb7 
  0x00000235a7320e50: d001 0000 | 750d 4883 | 87d8 0100 | 0001 e960 | 0000 0048 | 3bb7 e001 | 0000 750d | 4883 87e8 
  0x00000235a7320e70: 0100 0001 | e94a 0000 | 0048 83bf | d001 0000 | 0075 1748 | 89b7 d001 | 0000 48c7 | 87d8 0100 
  0x00000235a7320e90: 0001 0000 | 00e9 2900 | 0000 4883 | bfe0 0100 | 0000 7517 | 4889 b7e0 | 0100 0048 | c787 e801 
  0x00000235a7320eb0: 0000 0100 | 0000 e908 | 0000 0048 | 8387 c001 

  0x00000235a7320ec0: ;   {metadata(method data for {method} {0x0000023581791ed8} 'getRequestingObject' '()Ljava/lang/Object;' in 'org/eclipse/e4/core/internal/di/Requestor')}
  0x00000235a7320ec0: 0000 0148 | be50 0472 | 8235 0200 | 008b becc | 0000 0083 | c702 89be | cc00 0000 | 81e7 feff 
  0x00000235a7320ee0: 1f00 85ff | 0f84 191b | 0000 8b72 | 1848 c1e6 | 0348 85f6 

  0x00000235a7320ef4: ;   {metadata(method data for {method} {0x0000023581791ed8} 'getRequestingObject' '()Ljava/lang/Object;' in 'org/eclipse/e4/core/internal/di/Requestor')}
  0x00000235a7320ef4: 48bf 5004 | 7282 3502 | 0000 48c7 | c310 0100 | 0075 0748 | c7c3 2001 | 0000 488b | 041f 488d 
  0x00000235a7320f14: 4001 4889 | 041f 0f85 | 0f00 0000 

  0x00000235a7320f20: ;   {oop(nullptr)}
  0x00000235a7320f20: 48be 0000 | 0000 0000 | 0000 e9b8 | 0000 0048 | 3b06 488b 

  0x00000235a7320f34: ;   {metadata(method data for {method} {0x0000023581791ed8} 'getRequestingObject' '()Ljava/lang/Object;' in 'org/eclipse/e4/core/internal/di/Requestor')}
  0x00000235a7320f34: fe48 bb50 | 0472 8235 | 0200 008b | 7f08 49ba | 0000 00be | 3502 0000 | 4903 fa48 | 3bbb 4001 
  0x00000235a7320f54: 0000 750d | 4883 8348 | 0100 0001 | e960 0000 | 0048 3bbb | 5001 0000 | 750d 4883 | 8358 0100 
  0x00000235a7320f74: 0001 e94a | 0000 0048 | 83bb 4001 | 0000 0075 | 1748 89bb | 4001 0000 | 48c7 8348 | 0100 0001 
  0x00000235a7320f94: 0000 00e9 | 2900 0000 | 4883 bb50 | 0100 0000 | 7517 4889 | bb50 0100 | 0048 c783 | 5801 0000 
  0x00000235a7320fb4: 0100 0000 | e908 0000 | 0048 8383 | 3001 0000 | 0148 8bd6 | 0f1f 4400 | 0048 b870 | 0b1a 8935 
  0x00000235a7320fd4: ;   {virtual_call}
  0x00000235a7320fd4: 0200 00e8 

  0x00000235a7320fd8: ; ImmutableOopMap {[184]=Oop }
                      ;*invokevirtual get {reexecute=0 rethrow=0 return_oop=0}
                      ; - org.eclipse.e4.core.internal.di.Requestor::getRequestingObject@13 (line 108)
                      ; - org.eclipse.e4.core.internal.di.MethodRequestor::execute@24 (line 45)
  0x00000235a7320fd8: 5524 c406 

  0x00000235a7320fdc: ;   {other}
  0x00000235a7320fdc: 0f1f 8400 | cc09 0001 | 488b f048 

  0x00000235a7320fe8: ;   {metadata(method data for {method} {0x0000023581793848} 'execute' '()Ljava/lang/Object;' in 'org/eclipse/e4/core/internal/di/MethodRequestor')}
  0x00000235a7320fe8: 85f6 48b8 | 682b 7282 | 3502 0000 | 48c7 c208 | 0200 0074 | 0748 c7c2 | f801 0000 | 488b 3c10 
  0x00000235a7321008: 488d 7f01 | 4889 3c10 | 0f84 7814 | 0000 488b | 9424 b800 | 0000 8b7a | 2048 c1e7 | 0348 85ff 
  0x00000235a7321028: ;   {metadata(method data for {method} {0x0000023581793848} 'execute' '()Ljava/lang/Object;' in 'org/eclipse/e4/core/internal/di/MethodRequestor')}
  0x00000235a7321028: 48b8 682b | 7282 3502 | 0000 48c7 | c328 0200 | 0075 0748 | c7c3 1802 | 0000 488b | 0c18 488d 
  0x00000235a7321048: 4901 4889 | 0c18 0f85 | 1900 0000 | bf00 0000 | 0089 bc24 | d400 0000 | 4889 b424 | c000 0000 
  0x00000235a7321068: e9d9 0800 | 0048 89b4 | 24c0 0000 | 0048 3b07 

  0x00000235a7321078: ;   {metadata(method data for {method} {0x0000023581793848} 'execute' '()Ljava/lang/Object;' in 'org/eclipse/e4/core/internal/di/MethodRequestor')}
  0x00000235a7321078: 488b c748 | bb68 2b72 | 8235 0200 | 0048 8383 | 5002 0000 | 0148 8d9c | 2420 0100 | 0048 897b 
  0x00000235a7321098: 0848 8b07 | 4883 c801 | 4889 03f0 | 480f b11f | 0f84 1200 | 0000 482b | c448 2507 | f0ff ff48 
  0x00000235a73210b8: 8903 0f85 | 6e19 0000 | 49ff 8748 

  0x00000235a73210c4: ;   {metadata(method data for {method} {0x0000023581785058} 'pauseRecording' '()V' in 'org/eclipse/e4/core/internal/contexts/ContextObjectSupplier')}
  0x00000235a73210c4: 0500 0048 | bbe8 ef01 | 8235 0200 | 008b 83cc | 0000 0083 | c002 8983 | cc00 0000 | 25fe ff1f 
  0x00000235a73210e4: 0085 c00f | 8454 1900 

  0x00000235a73210ec: ;   {metadata(method data for {method} {0x0000023581785058} 'pauseRecording' '()V' in 'org/eclipse/e4/core/internal/contexts/ContextObjectSupplier')}
  0x00000235a73210ec: 0048 bfe8 | ef01 8235 | 0200 0048 | 8387 1001 

  0x00000235a73210fc: ;   {metadata(method data for {method} {0x000002358176b4c8} 'getCalculatedComputations' '()Ljava/util/Stack;' in 'org/eclipse/e4/core/internal/contexts/EclipseContext')}
  0x00000235a73210fc: 0000 0148 | bf48 b67b | 8135 0200 | 008b 9fcc | 0000 0083 | c302 899f | cc00 0000 | 81e3 feff 
  0x00000235a732111c: 1f00 85db | 0f84 3c19 

  0x00000235a7321124: ;   {oop(a 'java/lang/Class'{0x0000000741a27ac0} = 'org/eclipse/e4/core/internal/contexts/EclipseContext')}
  0x00000235a7321124: 0000 48bf | c07a a241 | 0700 0000 | 8b7f 7c48 | c1e7 0348 | 3b07 488b 

  0x00000235a732113c: ;   {metadata(method data for {method} {0x000002358176b4c8} 'getCalculatedComputations' '()Ljava/util/Stack;' in 'org/eclipse/e4/core/internal/contexts/EclipseContext')}
  0x00000235a732113c: df48 b848 | b67b 8135 | 0200 008b | 5b08 49ba | 0000 00be | 3502 0000 | 4903 da48 | 3b98 2001 
  0x00000235a732115c: 0000 750d | 4883 8028 | 0100 0001 | e960 0000 | 0048 3b98 | 3001 0000 | 750d 4883 | 8038 0100 
  0x00000235a732117c: 0001 e94a | 0000 0048 | 83b8 2001 | 0000 0075 | 1748 8998 | 2001 0000 | 48c7 8028 | 0100 0001 
  0x00000235a732119c: 0000 00e9 | 2900 0000 | 4883 b830 | 0100 0000 | 7517 4889 | 9830 0100 | 0048 c780 | 3801 0000 
  0x00000235a73211bc: 0100 0000 | e908 0000 | 0048 8380 | 1001 0000 | 0148 8bd7 | 0f1f 4400 | 0048 b810 | 1812 be35 
  0x00000235a73211dc: ;   {virtual_call}
  0x00000235a73211dc: 0200 00e8 

  0x00000235a73211e0: ; ImmutableOopMap {[184]=Oop [192]=Oop [296]=Oop }
                      ;*invokevirtual get {reexecute=0 rethrow=0 return_oop=0}
                      ; - org.eclipse.e4.core.internal.contexts.EclipseContext::getCalculatedComputations@3 (line 734)
                      ; - org.eclipse.e4.core.internal.contexts.ContextObjectSupplier::pauseRecording@0 (line 214)
                      ; - org.eclipse.e4.core.internal.di.MethodRequestor::execute@49 (line 51)
  0x00000235a73211e0: dc8d 5307 

  0x00000235a73211e4: ;   {other}
  0x00000235a73211e4: 0f1f 8400 | d40b 0002 | 4885 c075 

  0x00000235a73211f0: ;   {metadata(method data for {method} {0x000002358176b4c8} 'getCalculatedComputations' '()Ljava/util/Stack;' in 'org/eclipse/e4/core/internal/contexts/EclipseContext')}
  0x00000235a73211f0: 1648 bf48 | b67b 8135 | 0200 0080 | 8f41 0100 | 0001 e9cc 

  0x00000235a7321204: ;   {metadata('java/util/Stack')}
  0x00000235a7321204: 0000 0048 | bae0 720d | bf35 0200 | 008b 7008 | 49ba 0000 | 00be 3502 | 0000 4903 | f248 3bd6 
  0x00000235a7321224: 0f85 8d00 

  0x00000235a7321228: ;   {metadata(method data for {method} {0x000002358176b4c8} 'getCalculatedComputations' '()Ljava/util/Stack;' in 'org/eclipse/e4/core/internal/contexts/EclipseContext')}
  0x00000235a7321228: 0000 48bf | 48b6 7b81 | 3502 0000 | 8b50 0849 | ba00 0000 | be35 0200 | 0049 03d2 | 483b 9758 
  0x00000235a7321248: 0100 0075 | 0d48 8387 | 6001 0000 | 01e9 7900 | 0000 483b | 9768 0100 | 0075 0d48 | 8387 7001 
  0x00000235a7321268: 0000 01e9 | 6300 0000 | 4883 bf58 | 0100 0000 | 7517 4889 | 9758 0100 | 0048 c787 | 6001 0000 
  0x00000235a7321288: 0100 0000 | e942 0000 | 0048 83bf | 6801 0000 | 0075 1748 | 8997 6801 | 0000 48c7 | 8770 0100 
  0x00000235a73212a8: 0001 0000 | 00e9 2100 | 0000 e91c 

  0x00000235a73212b4: ;   {metadata(method data for {method} {0x000002358176b4c8} 'getCalculatedComputations' '()Ljava/util/Stack;' in 'org/eclipse/e4/core/internal/contexts/EclipseContext')}
  0x00000235a73212b4: 0000 0048 | bf48 b67b | 8135 0200 | 0048 83af | 4801 0000 | 01e9 ba17 | 0000 e900 | 0000 0048 
  0x00000235a73212d4: 8bd0 4885 

  0x00000235a73212d8: ;   {metadata(method data for {method} {0x000002358176b4c8} 'getCalculatedComputations' '()Ljava/util/Stack;' in 'org/eclipse/e4/core/internal/contexts/EclipseContext')}
  0x00000235a73212d8: d248 be48 | b67b 8135 | 0200 0048 | c7c7 8001 | 0000 7507 | 48c7 c790 | 0100 0048 | 8b04 3e48 
  0x00000235a73212f8: 8d40 0148 | 8904 3e0f | 8527 0200 

  0x00000235a7321304: ;   {metadata('java/util/Stack')}
  0x00000235a7321304: 0048 bae0 | 720d bf35 | 0200 0049 | 8b87 b801 | 0000 488d | 7820 493b | bfc8 0100 | 000f 876a 
  0x00000235a7321324: 1700 0049 | 89bf b801 | 0000 48c7 | 0001 0000 | 0048 8bca | 49ba 0000 | 00be 3502 | 0000 492b 
  0x00000235a7321344: ca89 4808 | 4833 c989 | 480c 4833 | c948 8948 | 1048 8948 | 184c 8bc0 

  0x00000235a732135c: ;   {metadata(method data for {method} {0x000002358176b4c8} 'getCalculatedComputations' '()Ljava/util/Stack;' in 'org/eclipse/e4/core/internal/contexts/EclipseContext')}
  0x00000235a732135c: 49b9 48b6 | 7b81 3502 | 0000 4983 | 81a0 0100 

  0x00000235a732136c: ;   {metadata(method data for {method} {0x0000023580935588} '<init>' '()V' in 'java/util/Stack')}
  0x00000235a732136c: 0001 49b8 | 8033 2d81 | 3502 0000 | 458b 88cc | 0000 0041 | 83c1 0245 | 8988 cc00 | 0000 4181 
  0x00000235a732138c: e1fe ff1f | 0045 85c9 | 0f84 0417 | 0000 4c8b 

  0x00000235a732139c: ;   {metadata(method data for {method} {0x0000023580935588} '<init>' '()V' in 'java/util/Stack')}
  0x00000235a732139c: c049 b980 | 332d 8135 | 0200 0049 | 8381 1001 

  0x00000235a73213ac: ;   {metadata(method data for {method} {0x0000023580191900} '<init>' '()V' in 'java/util/Vector')}
  0x00000235a73213ac: 0000 0149 | b860 942c | 8135 0200 | 0045 8b88 | cc00 0000 | 4183 c102 | 4589 88cc | 0000 0041 
  0x00000235a73213cc: 81e1 feff | 1f00 4585 | c90f 84e4 | 1600 004c 

  0x00000235a73213dc: ;   {metadata(method data for {method} {0x0000023580191900} '<init>' '()V' in 'java/util/Vector')}
  0x00000235a73213dc: 8bc0 49b9 | 6094 2c81 | 3502 0000 | 4983 8110 | 0100 0001 

  0x00000235a73213f0: ;   {metadata(method data for {method} {0x0000023580191868} '<init>' '(I)V' in 'java/util/Vector')}
  0x00000235a73213f0: 49b8 a095 | 2c81 3502 | 0000 458b | 88cc 0000 | 0041 83c1 | 0245 8988 | cc00 0000 | 4181 e1fe 
  0x00000235a7321410: ff1f 0045 | 85c9 0f84 | c416 0000 

  0x00000235a732141c: ;   {metadata(method data for {method} {0x0000023580191868} '<init>' '(I)V' in 'java/util/Vector')}
  0x00000235a732141c: 4c8b c049 | b9a0 952c | 8135 0200 | 0049 8381 | 1001 0000 | 0141 b80a | 0000 0041 | b900 0000 
  0x00000235a732143c: 0048 8bd0 | 4889 8424 | c800 0000 | 0f1f 8000 

  0x00000235a732144c: ;   {optimized virtual_call}
  0x00000235a732144c: 0000 00e8 

  0x00000235a7321450: ; ImmutableOopMap {[184]=Oop [192]=Oop [200]=Oop [296]=Oop }
                      ;*invokespecial <init> {reexecute=0 rethrow=0 return_oop=0}
                      ; - java.util.Vector::<init>@3
                      ; - java.util.Vector::<init>@3
                      ; - java.util.Stack::<init>@1
                      ; - org.eclipse.e4.core.internal.contexts.EclipseContext::getCalculatedComputations@18 (line 736)
                      ; - org.eclipse.e4.core.internal.contexts.ContextObjectSupplier::pauseRecording@0 (line 214)
                      ; - org.eclipse.e4.core.internal.di.MethodRequestor::execute@49 (line 51)
  0x00000235a7321450: 2cd6 c306 

  0x00000235a7321454: ;   {other}
  0x00000235a7321454: 0f1f 8400 | 440e 0003 

  0x00000235a732145c: ;   {oop(a 'java/lang/Class'{0x0000000741a27ac0} = 'org/eclipse/e4/core/internal/contexts/EclipseContext')}
  0x00000235a732145c: 49b8 c07a | a241 0700 | 0000 418b | 507c 48c1 | e203 483b | 024c 8bc2 

  0x00000235a7321474: ;   {metadata(method data for {method} {0x000002358176b4c8} 'getCalculatedComputations' '()Ljava/util/Stack;' in 'org/eclipse/e4/core/internal/contexts/EclipseContext')}
  0x00000235a7321474: 48be 48b6 | 7b81 3502 | 0000 458b | 4008 49ba | 0000 00be | 3502 0000 | 4d03 c24c | 3b86 c001 
  0x00000235a7321494: 0000 750d | 4883 86c8 | 0100 0001 | e960 0000 | 004c 3b86 | d001 0000 | 750d 4883 | 86d8 0100 
  0x00000235a73214b4: 0001 e94a | 0000 0048 | 83be c001 | 0000 0075 | 174c 8986 | c001 0000 | 48c7 86c8 | 0100 0001 
  0x00000235a73214d4: 0000 00e9 | 2900 0000 | 4883 bed0 | 0100 0000 | 7517 4c89 | 86d0 0100 | 0048 c786 | d801 0000 
  0x00000235a73214f4: 0100 0000 | e908 0000 | 0048 8386 | b001 0000 | 014c 8b84 | 24c8 0000 | 0048 b8ff | ffff ffff 
  0x00000235a7321514: ;   {virtual_call}
  0x00000235a7321514: ffff ffe8 

  0x00000235a7321518: ; ImmutableOopMap {[184]=Oop [192]=Oop [200]=Oop [296]=Oop }
                      ;*invokevirtual set {reexecute=0 rethrow=0 return_oop=0}
                      ; - org.eclipse.e4.core.internal.contexts.EclipseContext::getCalculatedComputations@26 (line 737)
                      ; - org.eclipse.e4.core.internal.contexts.ContextObjectSupplier::pauseRecording@0 (line 214)
                      ; - org.eclipse.e4.core.internal.di.MethodRequestor::execute@49 (line 51)
  0x00000235a7321518: 64d8 c306 

  0x00000235a732151c: ;   {other}
  0x00000235a732151c: 0f1f 8400 | 0c0f 0004 | 488b 9424 | c800 0000 

  0x00000235a732152c: ; implicit exception: dispatches to 0x00000235a7322b06
  0x00000235a732152c: 483b 0248 

  0x00000235a7321530: ;   {metadata(method data for {method} {0x0000023581785058} 'pauseRecording' '()V' in 'org/eclipse/e4/core/internal/contexts/ContextObjectSupplier')}
  0x00000235a7321530: 8bc2 49b8 | e8ef 0182 | 3502 0000 | 4983 8038 | 0100 0001 

  0x00000235a7321544: ;   {metadata(method data for {method} {0x0000023580935628} 'push' '(Ljava/lang/Object;)Ljava/lang/Object;' in 'java/util/Stack')}
  0x00000235a7321544: 48b8 587d | 2c81 3502 | 0000 448b | 80cc 0000 | 0041 83c0 | 0244 8980 | cc00 0000 | 4181 e0fe 
  0x00000235a7321564: ff1f 0045 | 85c0 0f84 | 9b15 0000 

  0x00000235a7321570: ;   {metadata(method data for {method} {0x0000023580935628} 'push' '(Ljava/lang/Object;)Ljava/lang/Object;' in 'java/util/Stack')}
  0x00000235a7321570: 488b c249 | b858 7d2c | 8135 0200 | 008b 4008 | 49ba 0000 | 00be 3502 | 0000 4903 | c249 3b80 
  0x00000235a7321590: 2001 0000 | 750d 4983 | 8028 0100 | 0001 e960 | 0000 0049 | 3b80 3001 | 0000 750d | 4983 8038 
  0x00000235a73215b0: 0100 0001 | e94a 0000 | 0049 83b8 | 2001 0000 | 0075 1749 | 8980 2001 | 0000 49c7 | 8028 0100 
  0x00000235a73215d0: 0001 0000 | 00e9 2900 | 0000 4983 | b830 0100 | 0000 7517 | 4989 8030 | 0100 0049 | c780 3801 
  0x00000235a73215f0: 0000 0100 | 0000 e908 | 0000 0049 | 8380 1001 | 0000 014c | 8d84 2430 | 0100 0049 | 8950 0848 
  0x00000235a7321610: 8b02 4883 | c801 4989 | 00f0 4c0f | b102 0f84 | 1200 0000 | 482b c448 | 2507 f0ff | ff49 8900 
  0x00000235a7321630: 0f85 f614 | 0000 49ff | 8748 0500 

  0x00000235a732163c: ;   {metadata(method data for {method} {0x0000023580192b00} 'addElement' '(Ljava/lang/Object;)V' in 'java/util/Vector')}
  0x00000235a732163c: 0049 b898 | 762c 8135 | 0200 0041 | 8bb0 cc00 | 0000 83c6 | 0241 89b0 | cc00 0000 | 81e6 feff 
  0x00000235a732165c: 1f00 85f6 | 0f84 d914 | 0000 448b | 420c 41ff | c044 8942 | 0c44 8b42 | 1849 c1e0 | 038b 7210 
  0x00000235a732167c: ;   {metadata(method data for {method} {0x0000023580192b00} 'addElement' '(Ljava/lang/Object;)V' in 'java/util/Vector')}
  0x00000235a732167c: 488b fa48 | bb98 762c | 8135 0200 | 0048 8383 | 1001 0000 

  0x00000235a7321690: ;   {metadata(method data for {method} {0x0000023580193260} 'add' '(Ljava/lang/Object;[Ljava/lang/Object;I)V' in 'java/util/Vector')}
  0x00000235a7321690: 0148 bf28 | 782c 8135 | 0200 008b | 9fcc 0000 | 0083 c302 | 899f cc00 | 0000 81e3 | feff 1f00 
  0x00000235a73216b0: 85db 0f84 | a814 0000 

  0x00000235a73216b8: ; implicit exception: dispatches to 0x00000235a7322b81
  0x00000235a73216b8: 418b 780c 

  0x00000235a73216bc: ;   {metadata(method data for {method} {0x0000023580193260} 'add' '(Ljava/lang/Object;[Ljava/lang/Object;I)V' in 'java/util/Vector')}
  0x00000235a73216bc: 3bf7 48bf | 2878 2c81 | 3502 0000 | 48c7 c310 | 0100 0075 | 0748 c7c3 | 2001 0000 | 488b 041f 
  0x00000235a73216dc: 488d 4001 | 4889 041f | 0f85 9400 | 0000 4c8b 

  0x00000235a73216ec: ;   {metadata(method data for {method} {0x0000023580193260} 'add' '(Ljava/lang/Object;[Ljava/lang/Object;I)V' in 'java/util/Vector')}
  0x00000235a73216ec: c248 bf28 | 782c 8135 | 0200 0048 | 8387 3001 

  0x00000235a73216fc: ;   {metadata(method data for {method} {0x0000023580191d98} 'grow' '()[Ljava/lang/Object;' in 'java/util/Vector')}
  0x00000235a73216fc: 0000 0149 | b820 7a2c | 8135 0200 | 0041 8bb8 | cc00 0000 | 83c7 0241 | 89b8 cc00 | 0000 81e7 
  0x00000235a732171c: feff 1f00 | 85ff 0f84 | 5e14 0000 

  0x00000235a7321728: ;   {metadata(method data for {method} {0x0000023580191d98} 'grow' '()[Ljava/lang/Object;' in 'java/util/Vector')}
  0x00000235a7321728: 4c8b c248 | bf20 7a2c | 8135 0200 | 0048 8387 | 1001 0000 | 014c 8bc6 | 41ff c048 | 8bfa 488b 
  0x00000235a7321748: d748 89bc | 24d8 0000 | 0089 b424 | d000 0000 | 0f1f 8000 

  0x00000235a732175c: ;   {optimized virtual_call}
  0x00000235a732175c: 0000 00e8 

  0x00000235a7321760: ; ImmutableOopMap {[184]=Oop [192]=Oop [216]=Oop [296]=Oop [312]=Oop }
                      ;*invokevirtual grow {reexecute=0 rethrow=0 return_oop=0}
                      ; - java.util.Vector::grow@7
                      ; - java.util.Vector::add@7
                      ; - java.util.Vector::addElement@20
                      ; - java.util.Stack::push@2
                      ; - org.eclipse.e4.core.internal.contexts.ContextObjectSupplier::pauseRecording@6 (line 215)
                      ; - org.eclipse.e4.core.internal.di.MethodRequestor::execute@49 (line 51)
  0x00000235a7321760: 1cd3 c306 

  0x00000235a7321764: ;   {other}
  0x00000235a7321764: 0f1f 8400 | 5411 0005 | 4c8b c08b | b424 d000 | 0000 488b | 9424 d800 

  0x00000235a732177c: ;   {oop(nullptr)}
  0x00000235a732177c: 0000 48b8 | 0000 0000 | 0000 0000 

  0x00000235a7321788: ; implicit exception: dispatches to 0x00000235a7322ba7
  0x00000235a7321788: 413b 700c | 0f83 1f14 | 0000 4885 

  0x00000235a7321794: ;   {metadata(method data for {method} {0x0000023580193260} 'add' '(Ljava/lang/Object;[Ljava/lang/Object;I)V' in 'java/util/Vector')}
  0x00000235a7321794: c075 1648 | bb28 782c | 8135 0200 | 0080 8b61 | 0100 0001 | e9f9 0000 | 0041 8b78 | 0849 ba00 
  0x00000235a73217b4: 0000 be35 | 0200 0049 | 03fa 8b58 | 0849 ba00 | 0000 be35 | 0200 0049 | 03da 488b | bfd0 0000 
  0x00000235a73217d4: 0048 3bdf | 0f84 2700 | 0000 8b4f | 1448 3b3c | 0b0f 841a | 0000 0083 | f920 0f85 | 9b00 0000 
  0x00000235a73217f4: ;   {runtime_call slow_subtype_check Runtime1 stub}
  0x00000235a73217f4: 5357 e805 | 69d0 065b | 5f85 ff0f | 848a 0000 

  0x00000235a7321804: ;   {metadata(method data for {method} {0x0000023580193260} 'add' '(Ljava/lang/Object;[Ljava/lang/Object;I)V' in 'java/util/Vector')}
  0x00000235a7321804: 0048 bb28 | 782c 8135 | 0200 008b | 7808 49ba | 0000 00be | 3502 0000 | 4903 fa48 | 3bbb 7801 
  0x00000235a7321824: 0000 750d | 4883 8380 | 0100 0001 | e971 0000 | 0048 3bbb | 8801 0000 | 750d 4883 | 8390 0100 
  0x00000235a7321844: 0001 e95b | 0000 0048 | 83bb 7801 | 0000 0075 | 1748 89bb | 7801 0000 | 48c7 8380 | 0100 0001 
  0x00000235a7321864: 0000 00e9 | 3a00 0000 | 4883 bb88 | 0100 0000 | 7517 4889 | bb88 0100 | 0048 c783 | 9001 0000 
  0x00000235a7321884: 0100 0000 | e919 0000 

  0x00000235a732188c: ;   {metadata(method data for {method} {0x0000023580193260} 'add' '(Ljava/lang/Object;[Ljava/lang/Object;I)V' in 'java/util/Vector')}
  0x00000235a732188c: 00eb 1748 | bb28 782c | 8135 0200 | 0048 83ab | 6801 0000 | 01e9 1e13 | 0000 4863 | fe49 8d7c 
  0x00000235a73218ac: b810 410f | be5f 4085 | db0f 8512 | 1300 004c | 8bd0 49c1 | ea03 4489 | 1748 8bdf | 4833 d848 
  0x00000235a73218cc: c1eb 1548 | 83fb 000f | 8512 1300 | 00ff c689 | 7210 488d | 8424 3001 | 0000 488b | 1048 85d2 
  0x00000235a73218ec: 0f84 0f00 | 0000 488b | 7008 f048 | 0fb1 160f | 8502 1300 | 0049 ff8f | 4805 0000 | 488d 8424 
  0x00000235a732190c: 2001 0000 | 488b 1048 | 85d2 0f84 | 0f00 0000 | 488b 7008 | f048 0fb1 | 160f 85ee | 1200 0049 
  0x00000235a732192c: ff8f 4805 | 0000 bf01 | 0000 0089 | bc24 d400 | 0000 488b | 9424 b800 | 0000 8b72 | 1448 c1e6 
  0x00000235a732194c: 0348 85f6 

  0x00000235a7321950: ;   {metadata(method data for {method} {0x0000023581793848} 'execute' '()Ljava/lang/Object;' in 'org/eclipse/e4/core/internal/di/MethodRequestor')}
  0x00000235a7321950: 7516 48b8 | 682b 7282 | 3502 0000 | 8088 6902 | 0000 01e9 | cc00 0000 

  0x00000235a7321968: ;   {metadata('java/lang/reflect/Method')}
  0x00000235a7321968: 48b9 a805 | 04be 3502 | 0000 8b5e | 0849 ba00 | 0000 be35 | 0200 0049 | 03da 483b | cb0f 858d 
  0x00000235a7321988: ;   {metadata(method data for {method} {0x0000023581793848} 'execute' '()Ljava/lang/Object;' in 'org/eclipse/e4/core/internal/di/MethodRequestor')}
  0x00000235a7321988: 0000 0048 | b868 2b72 | 8235 0200 | 008b 4e08 | 49ba 0000 | 00be 3502 | 0000 4903 | ca48 3b88 
  0x00000235a73219a8: 8002 0000 | 750d 4883 | 8088 0200 | 0001 e979 | 0000 0048 | 3b88 9002 | 0000 750d | 4883 8098 
  0x00000235a73219c8: 0200 0001 | e963 0000 | 0048 83b8 | 8002 0000 | 0075 1748 | 8988 8002 | 0000 48c7 | 8088 0200 
  0x00000235a73219e8: 0001 0000 | 00e9 4200 | 0000 4883 | b890 0200 | 0000 7517 | 4889 8890 | 0200 0048 | c780 9802 
  0x00000235a7321a08: 0000 0100 | 0000 e921 | 0000 00e9 | 1c00 0000 

  0x00000235a7321a18: ;   {metadata(method data for {method} {0x0000023581793848} 'execute' '()Ljava/lang/Object;' in 'org/eclipse/e4/core/internal/di/MethodRequestor')}
  0x00000235a7321a18: 48b8 682b | 7282 3502 | 0000 4883 | a870 0200 | 0001 e900 | 1200 00e9 | 0000 0000 

  0x00000235a7321a34: ; implicit exception: dispatches to 0x00000235a7322c38
  0x00000235a7321a34: 483b 0648 

  0x00000235a7321a38: ;   {metadata(method data for {method} {0x0000023581793848} 'execute' '()Ljava/lang/Object;' in 'org/eclipse/e4/core/internal/di/MethodRequestor')}
  0x00000235a7321a38: 8bde 48b8 | 682b 7282 | 3502 0000 | 4883 80a8 | 0200 0001 

  0x00000235a7321a4c: ;   {optimized virtual_call}
  0x00000235a7321a4c: 488b d6e8 

  0x00000235a7321a50: ; ImmutableOopMap {[184]=Oop [192]=Oop }
                      ;*invokevirtual trySetAccessible {reexecute=0 rethrow=0 return_oop=0}
                      ; - org.eclipse.e4.core.internal.di.MethodRequestor::execute@61 (line 55)
  0x00000235a7321a50: 2c67 a5ff 

  0x00000235a7321a54: ;   {other}
  0x00000235a7321a54: 0f1f 8400 | 4414 0006 | 488b 9424 | b800 0000 | 8b72 1448 | c1e6 0348 | 85f6 7516 

  0x00000235a7321a70: ;   {metadata(method data for {method} {0x0000023581793848} 'execute' '()Ljava/lang/Object;' in 'org/eclipse/e4/core/internal/di/MethodRequestor')}
  0x00000235a7321a70: 48bb 682b | 7282 3502 | 0000 808b | d902 0000 | 01e9 cc00 

  0x00000235a7321a84: ;   {metadata('java/lang/reflect/Method')}
  0x00000235a7321a84: 0000 48b8 | a805 04be | 3502 0000 | 8b7e 0849 | ba00 0000 | be35 0200 | 0049 03fa | 483b c70f 
  0x00000235a7321aa4: 858d 0000 

  0x00000235a7321aa8: ;   {metadata(method data for {method} {0x0000023581793848} 'execute' '()Ljava/lang/Object;' in 'org/eclipse/e4/core/internal/di/MethodRequestor')}
  0x00000235a7321aa8: 0048 bb68 | 2b72 8235 | 0200 008b | 4608 49ba | 0000 00be | 3502 0000 | 4903 c248 | 3b83 f002 
  0x00000235a7321ac8: 0000 750d | 4883 83f8 | 0200 0001 | e979 0000 | 0048 3b83 | 0003 0000 | 750d 4883 | 8308 0300 
  0x00000235a7321ae8: 0001 e963 | 0000 0048 | 83bb f002 | 0000 0075 | 1748 8983 | f002 0000 | 48c7 83f8 | 0200 0001 
  0x00000235a7321b08: 0000 00e9 | 4200 0000 | 4883 bb00 | 0300 0000 | 7517 4889 | 8300 0300 | 0048 c783 | 0803 0000 
  0x00000235a7321b28: 0100 0000 | e921 0000 | 00e9 1c00 

  0x00000235a7321b34: ;   {metadata(method data for {method} {0x0000023581793848} 'execute' '()Ljava/lang/Object;' in 'org/eclipse/e4/core/internal/di/MethodRequestor')}
  0x00000235a7321b34: 0000 48bb | 682b 7282 | 3502 0000 | 4883 abe0 | 0200 0001 | e9f0 1000 | 00e9 0000 | 0000 4889 
  0x00000235a7321b54: b424 e000 | 0000 8b7a | 2848 c1e7 | 0348 3b06 

  0x00000235a7321b64: ;   {metadata(method data for {method} {0x0000023581793848} 'execute' '()Ljava/lang/Object;' in 'org/eclipse/e4/core/internal/di/MethodRequestor')}
  0x00000235a7321b64: 488b de48 | b868 2b72 | 8235 0200 | 0048 8380 | 1803 0000 

  0x00000235a7321b78: ;   {metadata(method data for {method} {0x00000235be043cd8} 'invoke' '(Ljava/lang/Object;[Ljava/lang/Object;)Ljava/lang/Object;' in 'java/lang/reflect/Method')}
  0x00000235a7321b78: 0148 bb60 | 5a36 8035 | 0200 008b | 83cc 0000 | 0083 c002 | 8983 cc00 | 0000 25fe | ff1f 0085 
  0x00000235a7321b98: c00f 84ac | 1000 0048 

  0x00000235a7321ba0: ;   {metadata(method data for {method} {0x00000235be043cd8} 'invoke' '(Ljava/lang/Object;[Ljava/lang/Object;)Ljava/lang/Object;' in 'java/lang/reflect/Method')}
  0x00000235a7321ba0: 8bde 48b8 | 605a 3680 | 3502 0000 | 4883 8010 | 0100 0001 | 488b d648 | 89bc 24e8 

  0x00000235a7321bbc: ;   {optimized virtual_call}
  0x00000235a7321bbc: 0000 00e8 

  0x00000235a7321bc0: ; ImmutableOopMap {[184]=Oop [192]=Oop [224]=Oop [232]=Oop }
                      ;*invokevirtual isCallerSensitive {reexecute=0 rethrow=0 return_oop=0}
                      ; - java.lang.reflect.Method::invoke@1
                      ; - org.eclipse.e4.core.internal.di.MethodRequestor::execute@77 (line 56)
  0x00000235a7321bc0: bc60 a6ff 

  0x00000235a7321bc4: ;   {other}
  0x00000235a7321bc4: 0f1f 8400 | b415 0007 | 488b b424 | e000 0000 | 0fbe 7e0c 

  0x00000235a7321bd8: ;   {metadata(method data for {method} {0x00000235be043cd8} 'invoke' '(Ljava/lang/Object;[Ljava/lang/Object;)Ljava/lang/Object;' in 'java/lang/reflect/Method')}
  0x00000235a7321bd8: 85ff 48bf | 605a 3680 | 3502 0000 | 48c7 c348 | 0100 0074 | 0748 c7c3 | 5801 0000 | 488b 141f 
  0x00000235a7321bf8: 488d 5201 | 4889 141f | 0f84 4400 | 0000 85c0 

  0x00000235a7321c08: ;   {metadata(method data for {method} {0x00000235be043cd8} 'invoke' '(Ljava/lang/Object;[Ljava/lang/Object;)Ljava/lang/Object;' in 'java/lang/reflect/Method')}
  0x00000235a7321c08: 48bf 605a | 3680 3502 | 0000 48c7 | c378 0100 | 0075 0748 | c7c3 6801 | 0000 488b | 141f 488d 
  0x00000235a7321c28: 5201 4889 | 141f 0f85 | 1600 0000 

  0x00000235a7321c34: ;   {oop(nullptr)}
  0x00000235a7321c34: 48bb 0000 | 0000 0000 | 0000 8984 | 24f0 0000 | 00e9 3500 | 0000 8984 | 24f0 0000 

  0x00000235a7321c50: ;   {metadata(method data for {method} {0x00000235be043cd8} 'invoke' '(Ljava/lang/Object;[Ljava/lang/Object;)Ljava/lang/Object;' in 'java/lang/reflect/Method')}
  0x00000235a7321c50: 0048 bf60 | 5a36 8035 | 0200 0048 | 8387 8801 | 0000 010f 

  0x00000235a7321c64: ;   {static_call}
  0x00000235a7321c64: 1f40 00e8 

  0x00000235a7321c68: ; ImmutableOopMap {[184]=Oop [192]=Oop [224]=Oop [232]=Oop }
                      ;*invokestatic getCallerClass {reexecute=0 rethrow=0 return_oop=0}
                      ; - java.lang.reflect.Method::invoke@19
                      ; - org.eclipse.e4.core.internal.di.MethodRequestor::execute@77 (line 56)
  0x00000235a7321c68: 14d4 c306 

  0x00000235a7321c6c: ;   {other}
  0x00000235a7321c6c: 0f1f 8400 | 5c16 0008 | 488b d848 | 8bb4 24e0 | 0000 0044 | 0fbe 460c 

  0x00000235a7321c84: ;   {metadata(method data for {method} {0x00000235be043cd8} 'invoke' '(Ljava/lang/Object;[Ljava/lang/Object;)Ljava/lang/Object;' in 'java/lang/reflect/Method')}
  0x00000235a7321c84: 4585 c049 | b860 5a36 | 8035 0200 | 0049 c7c1 | a801 0000 | 7407 49c7 | c198 0100 | 004b 8b3c 
  0x00000235a7321ca4: 0848 8d7f | 014b 893c | 080f 840d | 0000 0048 | 899c 24f8 | 0000 00e9 | 7401 0000 | 448b 4e24 
  0x00000235a7321cc4: 49c1 e103 

  0x00000235a7321cc8: ;   {metadata(method data for {method} {0x00000235be043cd8} 'invoke' '(Ljava/lang/Object;[Ljava/lang/Object;)Ljava/lang/Object;' in 'java/lang/reflect/Method')}
  0x00000235a7321cc8: 8b56 2049 | b860 5a36 | 8035 0200 | 0049 8380 | b801 0000 

  0x00000235a7321cdc: ;   {metadata(method data for {method} {0x00000235be3dc098} 'isStatic' '(I)Z' in 'java/lang/reflect/Modifier')}
  0x00000235a7321cdc: 0149 b858 | 2d06 8035 | 0200 0041 | 8bb8 cc00 | 0000 83c7 | 0241 89b8 | cc00 0000 | 81e7 feff 
  0x00000235a7321cfc: 1f00 85ff | 0f84 660f | 0000 4c8b | c241 83e0 | 0845 85c0 

  0x00000235a7321d10: ;   {metadata(method data for {method} {0x00000235be3dc098} 'isStatic' '(I)Z' in 'java/lang/reflect/Modifier')}
  0x00000235a7321d10: 49b8 582d | 0680 3502 | 0000 48c7 | c710 0100 | 0074 0748 | c7c7 2001 | 0000 498b | 0438 488d 
  0x00000235a7321d30: 4001 4989 | 0438 0f84 | 1c00 0000 

  0x00000235a7321d3c: ;   {metadata(method data for {method} {0x00000235be3dc098} 'isStatic' '(I)Z' in 'java/lang/reflect/Modifier')}
  0x00000235a7321d3c: 49b8 582d | 0680 3502 | 0000 41ff | 8030 0100 | 0041 b801 | 0000 00e9 | 0600 0000 | 41b8 0000 
  0x00000235a7321d5c: 0000 4183 | e001 4585 

  0x00000235a7321d64: ;   {metadata(method data for {method} {0x00000235be043cd8} 'invoke' '(Ljava/lang/Object;[Ljava/lang/Object;)Ljava/lang/Object;' in 'java/lang/reflect/Method')}
  0x00000235a7321d64: c049 b860 | 5a36 8035 | 0200 0048 | c7c7 c801 | 0000 7407 | 48c7 c7d8 | 0100 0049 | 8b04 3848 
  0x00000235a7321d84: 8d40 0149 | 8904 380f | 8420 0000 

  0x00000235a7321d90: ;   {metadata(method data for {method} {0x00000235be043cd8} 'invoke' '(Ljava/lang/Object;[Ljava/lang/Object;)Ljava/lang/Object;' in 'java/lang/reflect/Method')}
  0x00000235a7321d90: 0049 b860 | 5a36 8035 | 0200 0041 | ff80 e801 

  0x00000235a7321da0: ;   {oop(nullptr)}
  0x00000235a7321da0: 0000 48bf | 0000 0000 | 0000 0000 | e943 0000 | 0048 8b84 | 24c0 0000 | 0048 3b00 

  0x00000235a7321dbc: ;   {metadata(method data for {method} {0x00000235be043cd8} 'invoke' '(Ljava/lang/Object;[Ljava/lang/Object;)Ljava/lang/Object;' in 'java/lang/reflect/Method')}
  0x00000235a7321dbc: 4c8b c048 | bf60 5a36 | 8035 0200 | 0048 8387 | 0002 0000 | 0144 8b40 | 0849 ba00 | 0000 be35 
  0x00000235a7321ddc: 0200 004d | 03c2 4d8b | 4070 4d8b | 0049 8bf8 | 4889 8424 | c000 0000 

  0x00000235a7321df4: ;   {metadata(method data for {method} {0x00000235be043cd8} 'invoke' '(Ljava/lang/Object;[Ljava/lang/Object;)Ljava/lang/Object;' in 'java/lang/reflect/Method')}
  0x00000235a7321df4: 4c8b c648 | b960 5a36 | 8035 0200 | 0048 8381 | 3802 0000 | 014c 8bc3 | 488b ce48 | 8bf2 488b 
  0x00000235a7321e14: d148 899c | 24f8 0000 

  0x00000235a7321e1c: ;   {optimized virtual_call}
  0x00000235a7321e1c: 0066 90e8 

  0x00000235a7321e20: ; ImmutableOopMap {[184]=Oop [192]=Oop [224]=Oop [232]=Oop [248]=Oop }
                      ;*invokevirtual checkAccess {reexecute=0 rethrow=0 return_oop=0}
                      ; - java.lang.reflect.Method::invoke@60
                      ; - org.eclipse.e4.core.internal.di.MethodRequestor::execute@77 (line 56)
  0x00000235a7321e20: 5ccc c306 

  0x00000235a7321e24: ;   {other}
  0x00000235a7321e24: 0f1f 8400 | 1418 0009 | 488b b424 | e000 0000 | 8b56 4c48 | c1e2 0348 

  0x00000235a7321e3c: ;   {metadata(method data for {method} {0x00000235be043cd8} 'invoke' '(Ljava/lang/Object;[Ljava/lang/Object;)Ljava/lang/Object;' in 'java/lang/reflect/Method')}
  0x00000235a7321e3c: 85d2 48bf | 605a 3680 | 3502 0000 | 48c7 c370 | 0200 0075 | 0748 c7c3 | 8002 0000 | 488b 041f 
  0x00000235a7321e5c: 488d 4001 | 4889 041f | 0f85 2d00 | 0000 488b 

  0x00000235a7321e6c: ;   {metadata(method data for {method} {0x00000235be043cd8} 'invoke' '(Ljava/lang/Object;[Ljava/lang/Object;)Ljava/lang/Object;' in 'java/lang/reflect/Method')}
  0x00000235a7321e6c: d648 bf60 | 5a36 8035 | 0200 0048 | 8387 9002 | 0000 0148 | 8bd6 0f1f 

  0x00000235a7321e84: ;   {optimized virtual_call}
  0x00000235a7321e84: 4400 00e8 

  0x00000235a7321e88: ; ImmutableOopMap {[184]=Oop [192]=Oop [232]=Oop [248]=Oop }
                      ;*invokevirtual acquireMethodAccessor {reexecute=0 rethrow=0 return_oop=0}
                      ; - java.lang.reflect.Method::invoke@75
                      ; - org.eclipse.e4.core.internal.di.MethodRequestor::execute@77 (line 56)
  0x00000235a7321e88: aa12 0000 

  0x00000235a7321e8c: ;   {other}
  0x00000235a7321e8c: 0f1f 8400 | 7c18 000a | 488b d08b | 8424 f000 | 0000 85c0 

  0x00000235a7321ea0: ;   {metadata(method data for {method} {0x00000235be043cd8} 'invoke' '(Ljava/lang/Object;[Ljava/lang/Object;)Ljava/lang/Object;' in 'java/lang/reflect/Method')}
  0x00000235a7321ea0: 49b8 605a | 3680 3502 | 0000 49c7 | c1c8 0200 | 0074 0749 | c7c1 d802 | 0000 4b8b | 3c08 488d 
  0x00000235a7321ec0: 7f01 4b89 | 3c08 0f84 | e600 0000 | 488b 9c24 | f800 0000 

  0x00000235a7321ed4: ; implicit exception: dispatches to 0x00000235a7322c92
  0x00000235a7321ed4: 483b 024c 

  0x00000235a7321ed8: ;   {metadata(method data for {method} {0x00000235be043cd8} 'invoke' '(Ljava/lang/Object;[Ljava/lang/Object;)Ljava/lang/Object;' in 'java/lang/reflect/Method')}
  0x00000235a7321ed8: 8bc2 49b9 | 605a 3680 | 3502 0000 | 458b 4008 | 49ba 0000 | 00be 3502 | 0000 4d03 | c24d 3b81 
  0x00000235a7321ef8: f802 0000 | 750d 4983 | 8100 0300 | 0001 e960 | 0000 004d | 3b81 0803 | 0000 750d | 4983 8110 
  0x00000235a7321f18: 0300 0001 | e94a 0000 | 0049 83b9 | f802 0000 | 0075 174d | 8981 f802 | 0000 49c7 | 8100 0300 
  0x00000235a7321f38: 0001 0000 | 00e9 2900 | 0000 4983 | b908 0300 | 0000 7517 | 4d89 8108 | 0300 0049 | c781 1003 
  0x00000235a7321f58: 0000 0100 | 0000 e908 | 0000 0049 | 8381 e802 | 0000 014c | 8b84 24c0 | 0000 004c | 8b8c 24e8 
  0x00000235a7321f78: 0000 0048 | 8bfb 0f1f | 8000 0000 | 0048 b8ff | ffff ffff 

  0x00000235a7321f8c: ;   {virtual_call}
  0x00000235a7321f8c: ffff ffe8 

  0x00000235a7321f90: ; ImmutableOopMap {[184]=Oop }
                      ;*invokeinterface invoke {reexecute=0 rethrow=0 return_oop=0}
                      ; - java.lang.reflect.Method::invoke@90
                      ; - org.eclipse.e4.core.internal.di.MethodRequestor::execute@77 (line 56)
  0x00000235a7321f90: eccd c306 

  0x00000235a7321f94: ;   {other}
  0x00000235a7321f94: 0f1f 8400 | 8419 000b 

  0x00000235a7321f9c: ;   {metadata(method data for {method} {0x00000235be043cd8} 'invoke' '(Ljava/lang/Object;[Ljava/lang/Object;)Ljava/lang/Object;' in 'java/lang/reflect/Method')}
  0x00000235a7321f9c: 49b8 605a | 3680 3502 | 0000 41ff | 8020 0300 | 00e9 c200 | 0000 488b | bc24 e800 | 0000 483b 
  0x00000235a7321fbc: 024c 8bc2 

  0x00000235a7321fc0: ;   {metadata(method data for {method} {0x00000235be043cd8} 'invoke' '(Ljava/lang/Object;[Ljava/lang/Object;)Ljava/lang/Object;' in 'java/lang/reflect/Method')}
  0x00000235a7321fc0: 49b9 605a | 3680 3502 | 0000 458b | 4008 49ba | 0000 00be | 3502 0000 | 4d03 c24d | 3b81 4803 
  0x00000235a7321fe0: 0000 750d | 4983 8150 | 0300 0001 | e960 0000 | 004d 3b81 | 5803 0000 | 750d 4983 | 8160 0300 
  0x00000235a7322000: 0001 e94a | 0000 0049 | 83b9 4803 | 0000 0075 | 174d 8981 | 4803 0000 | 49c7 8150 | 0300 0001 
  0x00000235a7322020: 0000 00e9 | 2900 0000 | 4983 b958 | 0300 0000 | 7517 4d89 | 8158 0300 | 0049 c781 | 6003 0000 
  0x00000235a7322040: 0100 0000 | e908 0000 | 0049 8381 | 3803 0000 | 014c 8b84 | 24c0 0000 | 004c 8bcf | 9048 b8b8 
  0x00000235a7322060: dc19 be35 

  0x00000235a7322064: ;   {virtual_call}
  0x00000235a7322064: 0200 00e8 

  0x00000235a7322068: ; ImmutableOopMap {[184]=Oop }
                      ;*invokeinterface invoke {reexecute=0 rethrow=0 return_oop=0}
                      ; - java.lang.reflect.Method::invoke@102
                      ; - org.eclipse.e4.core.internal.di.MethodRequestor::execute@77 (line 56)
  0x00000235a7322068: 74a2 a6ff 

  0x00000235a732206c: ;   {other}
  0x00000235a732206c: 0f1f 8400 | 5c1a 000c 

  0x00000235a7322074: ;   {metadata(method data for {method} {0x0000023581793848} 'execute' '()Ljava/lang/Object;' in 'org/eclipse/e4/core/internal/di/MethodRequestor')}
  0x00000235a7322074: 48ba 682b | 7282 3502 | 0000 ff82 | 5003 0000 | 8bbc 24d4 | 0000 0085 

  0x00000235a732208c: ;   {metadata(method data for {method} {0x0000023581793848} 'execute' '()Ljava/lang/Object;' in 'org/eclipse/e4/core/internal/di/MethodRequestor')}
  0x00000235a732208c: ff48 ba68 | 2b72 8235 | 0200 0048 | c7c6 1805 | 0000 7407 | 48c7 c628 | 0500 0048 | 8b3c 3248 
  0x00000235a73220ac: 8d7f 0148 | 893c 3248 | 8984 2400 | 0100 000f | 843b 0000 | 0048 8b94 | 24b8 0000 | 008b 7220 
  0x00000235a73220cc: 48c1 e603 

  0x00000235a73220d0: ; implicit exception: dispatches to 0x00000235a7322c9c
  0x00000235a73220d0: 483b 0648 

  0x00000235a73220d4: ;   {metadata(method data for {method} {0x0000023581793848} 'execute' '()Ljava/lang/Object;' in 'org/eclipse/e4/core/internal/di/MethodRequestor')}
  0x00000235a73220d4: 8bfe 48bb | 682b 7282 | 3502 0000 | 4883 8350 | 0500 0001 | 488b d60f 

  0x00000235a73220ec: ;   {optimized virtual_call}
  0x00000235a73220ec: 1f40 00e8 

  0x00000235a73220f0: ; ImmutableOopMap {[184]=Oop [256]=Oop }
                      ;*invokevirtual resumeRecording {reexecute=0 rethrow=0 return_oop=0}
                      ; - org.eclipse.e4.core.internal.di.MethodRequestor::execute@167 (line 69)
  0x00000235a73220f0: 0cb0 e4ff 

  0x00000235a73220f4: ;   {other}
  0x00000235a73220f4: 0f1f 8400 | e41a 000d | 488b 9424 | b800 0000 

  0x00000235a7322104: ;   {metadata(method data for {method} {0x0000023581793848} 'execute' '()Ljava/lang/Object;' in 'org/eclipse/e4/core/internal/di/MethodRequestor')}
  0x00000235a7322104: 488b c248 | be68 2b72 | 8235 0200 | 008b 4008 | 49ba 0000 | 00be 3502 | 0000 4903 | c248 3b86 
  0x00000235a7322124: 8005 0000 | 750d 4883 | 8688 0500 | 0001 e960 | 0000 0048 | 3b86 9005 | 0000 750d | 4883 8698 
  0x00000235a7322144: 0500 0001 | e94a 0000 | 0048 83be | 8005 0000 | 0075 1748 | 8986 8005 | 0000 48c7 | 8688 0500 
  0x00000235a7322164: 0001 0000 | 00e9 2900 | 0000 4883 | be90 0500 | 0000 7517 | 4889 8690 | 0500 0048 | c786 9805 
  0x00000235a7322184: 0000 0100 | 0000 e908 | 0000 0048 | 8386 7005 

  0x00000235a7322194: ;   {metadata(method data for {method} {0x00000235817928d8} 'clearResolvedArgs' '()V' in 'org/eclipse/e4/core/internal/di/Requestor')}
  0x00000235a7322194: 0000 0148 | b8d0 0272 | 8235 0200 | 008b b0cc | 0000 0083 | c602 89b0 | cc00 0000 | 81e6 feff 
  0x00000235a73221b4: 1f00 85f6 | 0f84 e30a | 0000 448b | 4228 49c1 | e003 4d85 

  0x00000235a73221c8: ;   {metadata(method data for {method} {0x00000235817928d8} 'clearResolvedArgs' '()V' in 'org/eclipse/e4/core/internal/di/Requestor')}
  0x00000235a73221c8: c048 b8d0 | 0272 8235 | 0200 0048 | c7c6 1001 | 0000 7507 | 48c7 c620 | 0100 0048 | 8b3c 3048 
  0x00000235a73221e8: 8d7f 0148 | 893c 300f | 852c 0200 | 00e9 7602 | 0000 488b | 9424 b800 | 0000 498b | 87f8 0400 
  0x00000235a7322208: 004d 33d2 | 4d89 97f8 | 0400 004d | 33d2 4d89 | 9700 0500 | 0048 8bd8 

  0x00000235a7322220: ;   {metadata(method data for {method} {0x0000023581793848} 'execute' '()Ljava/lang/Object;' in 'org/eclipse/e4/core/internal/di/MethodRequestor')}
  0x00000235a7322220: 488b f348 | b868 2b72 | 8235 0200 

  0x00000235a732222c: ;   {metadata('java/lang/reflect/InvocationTargetException')}
  0x00000235a732222c: 0049 ba78 | 5304 bf35 | 0200 004c | 8990 8803 | 0000 4883 | 8090 0300 | 0001 448b | 4324 49c1 
  0x00000235a732224c: e003 4d85 

  0x00000235a7322250: ;   {metadata(method data for {method} {0x0000023581793848} 'execute' '()Ljava/lang/Object;' in 'org/eclipse/e4/core/internal/di/MethodRequestor')}
  0x00000235a7322250: c075 1648 | b968 2b72 | 8235 0200 | 0080 89a9 | 0300 0001 | e9cf 0000 

  0x00000235a7322268: ;   {metadata('java/lang/Error')}
  0x00000235a7322268: 0049 b9c8 | 0701 be35 | 0200 0041 | 8b48 0849 | ba00 0000 | be35 0200 | 0049 03ca | 4c3b 4940 
  0x00000235a7322288: 0f85 8e00 

  0x00000235a732228c: ;   {metadata(method data for {method} {0x0000023581793848} 'execute' '()Ljava/lang/Object;' in 'org/eclipse/e4/core/internal/di/MethodRequestor')}
  0x00000235a732228c: 0000 48b9 | 682b 7282 | 3502 0000 | 458b 4808 | 49ba 0000 | 00be 3502 | 0000 4d03 | ca4c 3b89 
  0x00000235a73222ac: c003 0000 | 750d 4883 | 81c8 0300 | 0001 e97e | 0000 004c | 3b89 d003 | 0000 750d | 4883 81d8 
  0x00000235a73222cc: 0300 0001 | e968 0000 | 0048 83b9 | c003 0000 | 0075 174c | 8989 c003 | 0000 48c7 | 81c8 0300 
  0x00000235a73222ec: 0001 0000 | 00e9 4700 | 0000 4883 | b9d0 0300 | 0000 7517 | 4c89 89d0 | 0300 0048 | c781 d803 
  0x00000235a732230c: 0000 0100 | 0000 e926 | 0000 00e9 | 2100 0000 

  0x00000235a732231c: ;   {metadata(method data for {method} {0x0000023581793848} 'execute' '()Ljava/lang/Object;' in 'org/eclipse/e4/core/internal/di/MethodRequestor')}
  0x00000235a732231c: 48b9 682b | 7282 3502 | 0000 4883 | a9b0 0300 | 0001 e905 | 0000 00e9 | 0500 0000 | 4833 f6eb 
  0x00000235a732233c: 0748 c7c6 | 0100 0000 

  0x00000235a7322344: ;   {metadata(method data for {method} {0x0000023581793848} 'execute' '()Ljava/lang/Object;' in 'org/eclipse/e4/core/internal/di/MethodRequestor')}
  0x00000235a7322344: 85f6 48be | 682b 7282 | 3502 0000 | 48c7 c0f8 | 0300 0075 | 0748 c7c0 | e803 0000 | 488b 0c06 
  0x00000235a7322364: 488d 4901 | 4889 0c06 | 89bc 24d4 | 0000 000f | 85b3 0100 | 000f 1f80 | 0000 0000 

  0x00000235a7322380: ;   {no_reloc}
  0x00000235a7322380: e94c 0900 | 0000 0000 | 0000 80ba | 2101 0000 | 040f 8549 | 0900 0049 | 8b87 b801 | 0000 488d 
  0x00000235a73223a0: 7828 493b | bfc8 0100 | 000f 8731 | 0900 0049 | 89bf b801 | 0000 48c7 | 0001 0000 | 0048 8bca 
  0x00000235a73223c0: 49ba 0000 | 00be 3502 | 0000 492b | ca89 4808 | 4833 c989 | 480c 4833 | c948 8948 | 1048 8948 
  0x00000235a73223e0: 1848 8948 | 204d 85c0 

  0x00000235a73223e8: ;   {metadata(method data for {method} {0x0000023581793848} 'execute' '()Ljava/lang/Object;' in 'org/eclipse/e4/core/internal/di/MethodRequestor')}
  0x00000235a73223e8: 48ba 682b | 7282 3502 | 0000 48c7 | c640 0400 | 0074 0748 | c7c6 5004 | 0000 488b | 3c32 488d 
  0x00000235a7322408: 7f01 4889 | 3c32 488b | 9424 b800 | 0000 0f84 | c700 0000 | e9ad 0000 

  0x00000235a7322420: ;   {metadata(method data for {method} {0x00000235817928d8} 'clearResolvedArgs' '()V' in 'org/eclipse/e4/core/internal/di/Requestor')}
  0x00000235a7322420: 0048 bed0 | 0272 8235 | 0200 0048 | 8386 3001 | 0000 0149 

  0x00000235a7322434: ;   {oop(nullptr)}
  0x00000235a7322434: 8bd0 49b8 | 0000 0000 | 0000 0000 | 0f1f 8000 

  0x00000235a7322444: ;   {static_call}
  0x00000235a7322444: 0000 00e8 

  0x00000235a7322448: ; ImmutableOopMap {[184]=Oop [256]=Oop }
                      ;*invokestatic fill {reexecute=0 rethrow=0 return_oop=0}
                      ; - org.eclipse.e4.core.internal.di.Requestor::clearResolvedArgs@13 (line 195)
                      ; - org.eclipse.e4.core.internal.di.MethodRequestor::execute@171 (line 70)
  0x00000235a7322448: f4b9 cb00 

  0x00000235a732244c: ;   {other}
  0x00000235a732244c: 0f1f 8400 | 3c1e 000e | 410f be47 | 4085 c048 | 8b94 24b8 | 0000 000f | 8584 0800 | 00c7 4228 
  0x00000235a732246c: 0000 0000 | 488b 8424 | 0001 0000 | 4881 c450 | 0100 005d 

  0x00000235a7322480: ;   {poll_return}
  0x00000235a7322480: 493b a748 | 0400 000f | 877f 0800 

  0x00000235a732248c: ;   {oop(nullptr)}
  0x00000235a732248c: 00c3 48b8 | 0000 0000 | 0000 0000 | 4881 c450 | 0100 005d 

  0x00000235a73224a0: ;   {poll_return}
  0x00000235a73224a0: 493b a748 | 0400 000f | 8775 0800 

  0x00000235a73224ac: ;   {oop(nullptr)}
  0x00000235a73224ac: 00c3 48b8 | 0000 0000 | 0000 0000 | 4881 c450 | 0100 005d 

  0x00000235a73224c0: ;   {poll_return}
  0x00000235a73224c0: 493b a748 | 0400 000f | 876b 0800 

  0x00000235a73224cc: ;   {metadata(method data for {method} {0x0000023581793848} 'execute' '()Ljava/lang/Object;' in 'org/eclipse/e4/core/internal/di/MethodRequestor')}
  0x00000235a73224cc: 00c3 48be | 682b 7282 | 3502 0000 | ff86 6004 | 0000 e903 | 0000 004c | 8bc3 488b 

  0x00000235a73224e8: ;   {metadata(method data for {method} {0x0000023581793848} 'execute' '()Ljava/lang/Object;' in 'org/eclipse/e4/core/internal/di/MethodRequestor')}
  0x00000235a73224e8: f048 bb68 | 2b72 8235 | 0200 0048 | 8383 7804 | 0000 0148 | 8bd0 4889 | 8424 0801 

  0x00000235a7322504: ;   {optimized virtual_call}
  0x00000235a7322504: 0000 90e8 

  0x00000235a7322508: ; ImmutableOopMap {[184]=Oop [264]=Oop }
                      ;*invokespecial <init> {reexecute=0 rethrow=0 return_oop=0}
                      ; - org.eclipse.e4.core.internal.di.MethodRequestor::execute@135 (line 66)
  0x00000235a7322508: 74c5 c306 

  0x00000235a732250c: ;   {other}
  0x00000235a732250c: 0f1f 8400 | fc1e 000f | 488b 8424 

  0x00000235a7322518: ; ImmutableOopMap {rax=Oop [184]=Oop }
                      ;*athrow {reexecute=1 rethrow=0 return_oop=0}
                      ; - (reexecute) org.eclipse.e4.core.internal.di.MethodRequestor::execute@138 (line 66)
  0x00000235a7322518: 0801 0000 

  0x00000235a732251c: ;   {section_word}
  0x00000235a732251c: 48ba 1c25 | 32a7 3502 

  0x00000235a7322524: ;   {runtime_call handle_exception_nofpu Runtime1 stub}
  0x00000235a7322524: 0000 e8d5 | 49d0 0690 | 4d85 c075 

  0x00000235a7322530: ;   {metadata(method data for {method} {0x0000023581793848} 'execute' '()Ljava/lang/Object;' in 'org/eclipse/e4/core/internal/di/MethodRequestor')}
  0x00000235a7322530: 1648 be68 | 2b72 8235 | 0200 0080 | 8e01 0400 | 0001 e9cf 

  0x00000235a7322544: ;   {metadata('java/lang/Error')}
  0x00000235a7322544: 0000 0048 | bfc8 0701 | be35 0200 | 0041 8b70 | 0849 ba00 | 0000 be35 | 0200 0049 | 03f2 483b 
  0x00000235a7322564: 7e40 0f85 | 8e00 0000 

  0x00000235a732256c: ;   {metadata(method data for {method} {0x0000023581793848} 'execute' '()Ljava/lang/Object;' in 'org/eclipse/e4/core/internal/di/MethodRequestor')}
  0x00000235a732256c: 48be 682b | 7282 3502 | 0000 418b | 7808 49ba | 0000 00be | 3502 0000 | 4903 fa48 | 3bbe 1804 
  0x00000235a732258c: 0000 750d | 4883 8620 | 0400 0001 | e979 0000 | 0048 3bbe | 2804 0000 | 750d 4883 | 8630 0400 
  0x00000235a73225ac: 0001 e963 | 0000 0048 | 83be 1804 | 0000 0075 | 1748 89be | 1804 0000 | 48c7 8620 | 0400 0001 
  0x00000235a73225cc: 0000 00e9 | 4200 0000 | 4883 be28 | 0400 0000 | 7517 4889 | be28 0400 | 0048 c786 | 3004 0000 
  0x00000235a73225ec: 0100 0000 | e921 0000 | 00e9 1c00 

  0x00000235a73225f8: ;   {metadata(method data for {method} {0x0000023581793848} 'execute' '()Ljava/lang/Object;' in 'org/eclipse/e4/core/internal/di/MethodRequestor')}
  0x00000235a73225f8: 0000 48be | 682b 7282 | 3502 0000 | 4883 ae08 | 0400 0001 | e93d 0700 | 00e9 0000 | 0000 498b 
  0x00000235a7322618: ; ImmutableOopMap {rax=Oop [184]=Oop }
                      ;*athrow {reexecute=1 rethrow=0 return_oop=0}
                      ; - (reexecute) org.eclipse.e4.core.internal.di.MethodRequestor::execute@118 (line 64)
  0x00000235a7322618: c048 3b00 

  0x00000235a732261c: ;   {section_word}
  0x00000235a732261c: 48ba 1c26 | 32a7 3502 

  0x00000235a7322624: ;   {runtime_call handle_exception_nofpu Runtime1 stub}
  0x00000235a7322624: 0000 e8d5 | 48d0 0690 | 498b 87f8 | 0400 004d | 33d2 4d89 | 97f8 0400 | 004d 33d2 | 4d89 9700 
  0x00000235a7322644: 0500 004c | 8bc0 660f | 1f44 0000 

  0x00000235a7322650: ;   {no_reloc}
  0x00000235a7322650: e916 0700 | 0000 0000 | 0000 80ba | 2101 0000 | 040f 8513 | 0700 0049 | 8b87 b801 | 0000 488d 
  0x00000235a7322670: 7828 493b | bfc8 0100 | 000f 87fb | 0600 0049 | 89bf b801 | 0000 48c7 | 0001 0000 | 0048 8bca 
  0x00000235a7322690: 49ba 0000 | 00be 3502 | 0000 492b | ca89 4808 | 4833 c989 | 480c 4833 | c948 8948 | 1048 8948 
  0x00000235a73226b0: 1848 8948 | 2048 8bd0 

  0x00000235a73226b8: ;   {metadata(method data for {method} {0x0000023581793848} 'execute' '()Ljava/lang/Object;' in 'org/eclipse/e4/core/internal/di/MethodRequestor')}
  0x00000235a73226b8: 48be 682b | 7282 3502 | 0000 4883 | 8668 0300 | 0001 488b | d048 8984 | 2410 0100 

  0x00000235a73226d4: ;   {optimized virtual_call}
  0x00000235a73226d4: 0066 90e8 

  0x00000235a73226d8: ; ImmutableOopMap {[184]=Oop [272]=Oop }
                      ;*invokespecial <init> {reexecute=0 rethrow=0 return_oop=0}
                      ; - org.eclipse.e4.core.internal.di.MethodRequestor::execute@92 (line 58)
  0x00000235a73226d8: a4c3 c306 

  0x00000235a73226dc: ;   {other}
  0x00000235a73226dc: 0f1f 8400 | cc20 0012 | 488b 8424 

  0x00000235a73226e8: ; ImmutableOopMap {rax=Oop [184]=Oop }
                      ;*athrow {reexecute=1 rethrow=0 return_oop=0}
                      ; - (reexecute) org.eclipse.e4.core.internal.di.MethodRequestor::execute@95 (line 58)
  0x00000235a73226e8: 1001 0000 

  0x00000235a73226ec: ;   {section_word}
  0x00000235a73226ec: 48ba ec26 | 32a7 3502 

  0x00000235a73226f4: ;   {runtime_call handle_exception_nofpu Runtime1 stub}
  0x00000235a73226f4: 0000 e805 | 48d0 0690 | 498b 87f8 | 0400 004d | 33d2 4d89 | 97f8 0400 | 004d 33d2 | 4d89 9700 
  0x00000235a7322714: 0500 0085 

  0x00000235a7322718: ;   {metadata(method data for {method} {0x0000023581793848} 'execute' '()Ljava/lang/Object;' in 'org/eclipse/e4/core/internal/di/MethodRequestor')}
  0x00000235a7322718: ff48 ba68 | 2b72 8235 | 0200 0048 | c7c6 8804 | 0000 7407 | 48c7 c698 | 0400 0048 | 8b3c 3248 
  0x00000235a7322738: 8d7f 0148 | 893c 3248 | 8984 2418 | 0100 000f | 844f 0000 | 0048 8b94 | 24b8 0000 | 008b 7220 
  0x00000235a7322758: 48c1 e603 

  0x00000235a732275c: ; implicit exception: dispatches to 0x00000235a7322d87
  0x00000235a732275c: 483b 0648 

  0x00000235a7322760: ;   {metadata(method data for {method} {0x0000023581793848} 'execute' '()Ljava/lang/Object;' in 'org/eclipse/e4/core/internal/di/MethodRequestor')}
  0x00000235a7322760: 8bfe 48bb | 682b 7282 | 3502 0000 

  0x00000235a732276c: ;   {metadata('org/eclipse/e4/core/internal/contexts/ContextObjectSupplier')}
  0x00000235a732276c: 49ba 70bd | 2bbf 3502 | 0000 4c89 | 93b8 0400 | 0048 8383 | c004 0000 | 0148 8bd6 | 0f1f 8000 
  0x00000235a732278c: ;   {optimized virtual_call}
  0x00000235a732278c: 0000 00e8 

  0x00000235a7322790: ; ImmutableOopMap {[184]=Oop [280]=Oop }
                      ;*invokevirtual resumeRecording {reexecute=0 rethrow=0 return_oop=0}
                      ; - org.eclipse.e4.core.internal.di.MethodRequestor::execute@149 (line 69)
  0x00000235a7322790: ecc2 c306 

  0x00000235a7322794: ;   {other}
  0x00000235a7322794: 0f1f 8400 | 8421 0014 | 488b 9424 | b800 0000 

  0x00000235a73227a4: ;   {metadata(method data for {method} {0x0000023581793848} 'execute' '()Ljava/lang/Object;' in 'org/eclipse/e4/core/internal/di/MethodRequestor')}
  0x00000235a73227a4: 4c8b c248 | be68 2b72 | 8235 0200 | 0045 8b40 | 0849 ba00 | 0000 be35 | 0200 004d | 03c2 4c3b 
  0x00000235a73227c4: 86f0 0400 | 0075 0d48 | 8386 f804 | 0000 01e9 | 6000 0000 | 4c3b 8600 | 0500 0075 | 0d48 8386 
  0x00000235a73227e4: 0805 0000 | 01e9 4a00 | 0000 4883 | bef0 0400 | 0000 7517 | 4c89 86f0 | 0400 0048 | c786 f804 
  0x00000235a7322804: 0000 0100 | 0000 e929 | 0000 0048 | 83be 0005 | 0000 0075 | 174c 8986 | 0005 0000 | 48c7 8608 
  0x00000235a7322824: 0500 0001 | 0000 00e9 | 0800 0000 | 4883 86e0 | 0400 0001 

  0x00000235a7322838: ;   {metadata(method data for {method} {0x00000235817928d8} 'clearResolvedArgs' '()V' in 'org/eclipse/e4/core/internal/di/Requestor')}
  0x00000235a7322838: 49b8 d002 | 7282 3502 | 0000 418b | b0cc 0000 | 0083 c602 | 4189 b0cc | 0000 0081 | e6fe ff1f 
  0x00000235a7322858: 0085 f60f | 842b 0500 | 0044 8b42 | 2849 c1e0 | 034d 85c0 

  0x00000235a732286c: ;   {metadata(method data for {method} {0x00000235817928d8} 'clearResolvedArgs' '()V' in 'org/eclipse/e4/core/internal/di/Requestor')}
  0x00000235a732286c: 48be d002 | 7282 3502 | 0000 48c7 | c720 0100 | 0074 0748 | c7c7 1001 | 0000 488b | 1c3e 488d 
  0x00000235a732288c: 5b01 4889 | 1c3e 0f84 | 4800 0000 

  0x00000235a7322898: ;   {metadata(method data for {method} {0x00000235817928d8} 'clearResolvedArgs' '()V' in 'org/eclipse/e4/core/internal/di/Requestor')}
  0x00000235a7322898: 48be d002 | 7282 3502 | 0000 4883 | 8630 0100 | 0001 498b 

  0x00000235a73228ac: ;   {oop(nullptr)}
  0x00000235a73228ac: d049 b800 | 0000 0000 

  0x00000235a73228b4: ;   {static_call}
  0x00000235a73228b4: 0000 00e8 

  0x00000235a73228b8: ; ImmutableOopMap {[184]=Oop [280]=Oop }
                      ;*invokestatic fill {reexecute=0 rethrow=0 return_oop=0}
                      ; - org.eclipse.e4.core.internal.di.Requestor::clearResolvedArgs@13 (line 195)
                      ; - org.eclipse.e4.core.internal.di.MethodRequestor::execute@153 (line 70)
  0x00000235a73228b8: c4c7 c306 

  0x00000235a73228bc: ;   {other}
  0x00000235a73228bc: 0f1f 8400 | ac22 0015 | 410f be47 | 4085 c048 | 8bb4 24b8 | 0000 000f | 85d4 0400 | 00c7 4628 
  0x00000235a73228dc: 0000 0000 | 488b 8424 | 1801 0000 | e93d 0700 | 0048 8bb4 | 24b8 0000 | 0049 8b87 | f804 0000 
  0x00000235a73228fc: 4d33 d24d | 8997 f804 | 0000 4d33 | d24d 8997 | 0005 0000 | 488b d048 | 8d84 2430 | 0100 0048 
  0x00000235a732291c: 8b18 4885 | db0f 840f | 0000 0048 | 8b48 08f0 | 480f b119 | 0f85 9604 | 0000 49ff | 8f48 0500 
  0x00000235a732293c: ; ImmutableOopMap {rdi=Oop rsi=Oop rax=Oop [184]=Oop [296]=Oop }
                      ;*invokevirtual addElement {reexecute=0 rethrow=0 return_oop=0}
                      ; - java.util.Stack::push@2
                      ; - org.eclipse.e4.core.internal.contexts.ContextObjectSupplier::pauseRecording@6 (line 215)
                      ; - org.eclipse.e4.core.internal.di.MethodRequestor::execute@49 (line 51)
  0x00000235a732293c: 0048 8bc2 

  0x00000235a7322940: ;   {section_word}
  0x00000235a7322940: 48ba 4029 | 32a7 3502 

  0x00000235a7322948: ;   {runtime_call handle_exception_nofpu Runtime1 stub}
  0x00000235a7322948: 0000 e8b1 | 45d0 0690 | 498b 87f8 | 0400 004d | 33d2 4d89 | 97f8 0400 | 004d 33d2 | 4d89 9700 
  0x00000235a7322968: 0500 0048 | 8bf0 488d | 8424 2001 | 0000 488b | 3848 85ff | 0f84 0f00 | 0000 488b | 5808 f048 
  0x00000235a7322988: 0fb1 3b0f | 8551 0400 | 0049 ff8f | 4805 0000 | 488b c6e9 | 8a06 0000 

  0x00000235a73229a0: ;   {metadata({method} {0x0000023581793848} 'execute' '()Ljava/lang/Object;' in 'org/eclipse/e4/core/internal/di/MethodRequestor')}
  0x00000235a73229a0: 49ba 4038 | 7981 3502 | 0000 4c89 | 5424 0848 | c704 24ff 

  0x00000235a73229b4: ;   {runtime_call counter_overflow Runtime1 stub}
  0x00000235a73229b4: ffff ffe8 

  0x00000235a73229b8: ; ImmutableOopMap {rdx=Oop [184]=Oop }
                      ;*synchronization entry
                      ; - org.eclipse.e4.core.internal.di.MethodRequestor::execute@-1 (line 41)
  0x00000235a73229b8: 448d d006 | e92d e1ff | ff48 8934 

  0x00000235a73229c4: ;   {runtime_call throw_class_cast_exception Runtime1 stub}
  0x00000235a73229c4: 24e8 3651 

  0x00000235a73229c8: ; ImmutableOopMap {rdx=Oop [184]=Oop }
                      ;*checkcast {reexecute=0 rethrow=0 return_oop=0}
                      ; - org.eclipse.e4.core.internal.di.MethodRequestor::execute@11 (line 42)
                      ;   {runtime_call throw_null_pointer_exception Runtime1 stub}
  0x00000235a73229c8: d006 e831 

  0x00000235a73229cc: ; ImmutableOopMap {rdx=Oop rsi=Oop [184]=Oop }
                      ;*invokevirtual getParameterTypes {reexecute=0 rethrow=0 return_oop=0}
                      ; - org.eclipse.e4.core.internal.di.MethodRequestor::execute@14 (line 42)
                      ;   {metadata({method} {0x00000235be041d00} 'getParameterTypes' '()[Ljava/lang/Class;' in 'java/lang/reflect/Method')}
  0x00000235a73229cc: 50cf 0649 | baf8 1c04 | be35 0200 | 004c 8954 | 2408 48c7 | 0424 ffff 

  0x00000235a73229e4: ;   {runtime_call counter_overflow Runtime1 stub}
  0x00000235a73229e4: ffff e815 

  0x00000235a73229e8: ; ImmutableOopMap {rdx=Oop rsi=Oop [184]=Oop }
                      ;*synchronization entry
                      ; - java.lang.reflect.Method::getParameterTypes@-1
                      ; - org.eclipse.e4.core.internal.di.MethodRequestor::execute@14 (line 42)
  0x00000235a73229e8: 8dd0 06e9 | 61e2 ffff 

  0x00000235a73229f0: ;   {runtime_call throw_null_pointer_exception Runtime1 stub}
  0x00000235a73229f0: e80b 50cf 

  0x00000235a73229f4: ; ImmutableOopMap {rdx=Oop rsi=Oop [184]=Oop }
                      ;*invokevirtual clone {reexecute=0 rethrow=0 return_oop=0}
                      ; - java.lang.reflect.Method::getParameterTypes@4
                      ; - org.eclipse.e4.core.internal.di.MethodRequestor::execute@14 (line 42)
  0x00000235a73229f4: 0648 8904 

  0x00000235a73229f8: ;   {runtime_call throw_class_cast_exception Runtime1 stub}
  0x00000235a73229f8: 24e8 0251 

  0x00000235a73229fc: ; ImmutableOopMap {[184]=Oop }
                      ;*checkcast {reexecute=0 rethrow=0 return_oop=0}
                      ; - java.lang.reflect.Method::getParameterTypes@7
                      ; - org.eclipse.e4.core.internal.di.MethodRequestor::execute@14 (line 42)
                      ;   {runtime_call throw_null_pointer_exception Runtime1 stub}
  0x00000235a73229fc: d006 e8fd 

  0x00000235a7322a00: ; ImmutableOopMap {[184]=Oop }
                      ;*arraylength {reexecute=0 rethrow=0 return_oop=0}
                      ; - org.eclipse.e4.core.internal.di.MethodRequestor::execute@17 (line 42)
                      ;   {metadata({method} {0x0000023581791ed8} 'getRequestingObject' '()Ljava/lang/Object;' in 'org/eclipse/e4/core/internal/di/Requestor')}
  0x00000235a7322a00: 4fcf 0649 | bad0 1e79 | 8135 0200 | 004c 8954 | 2408 48c7 | 0424 ffff 

  0x00000235a7322a18: ;   {runtime_call counter_overflow Runtime1 stub}
  0x00000235a7322a18: ffff e8e1 

  0x00000235a7322a1c: ; ImmutableOopMap {rdx=Oop [184]=Oop }
                      ;*synchronization entry
                      ; - org.eclipse.e4.core.internal.di.Requestor::getRequestingObject@-1 (line 106)
                      ; - org.eclipse.e4.core.internal.di.MethodRequestor::execute@24 (line 45)
  0x00000235a7322a1c: 8cd0 06e9 | c6e4 ffff 

  0x00000235a7322a24: ;   {runtime_call throw_null_pointer_exception Runtime1 stub}
  0x00000235a7322a24: e8d7 4fcf 

  0x00000235a7322a28: ; ImmutableOopMap {rsi=Oop [184]=Oop }
                      ;*invokevirtual get {reexecute=0 rethrow=0 return_oop=0}
                      ; - org.eclipse.e4.core.internal.di.Requestor::getRequestingObject@13 (line 108)
                      ; - org.eclipse.e4.core.internal.di.MethodRequestor::execute@24 (line 45)
                      ;   {runtime_call throw_null_pointer_exception Runtime1 stub}
  0x00000235a7322a28: 06e8 d24f 

  0x00000235a7322a2c: ; ImmutableOopMap {rdi=Oop [184]=Oop [192]=Oop }
                      ;*invokevirtual pauseRecording {reexecute=0 rethrow=0 return_oop=0}
                      ; - org.eclipse.e4.core.internal.di.MethodRequestor::execute@49 (line 51)
  0x00000235a7322a2c: cf06 4889 | 7c24 0848 

  0x00000235a7322a34: ;   {runtime_call monitorenter_nofpu Runtime1 stub}
  0x00000235a7322a34: 891c 24e8 

  0x00000235a7322a38: ; ImmutableOopMap {rdi=Oop [184]=Oop [192]=Oop [296]=Oop }
                      ;*synchronization entry
                      ; - org.eclipse.e4.core.internal.contexts.ContextObjectSupplier::pauseRecording@-1 (line 214)
                      ; - org.eclipse.e4.core.internal.di.MethodRequestor::execute@49 (line 51)
  0x00000235a7322a38: c45c d006 | e986 e6ff 

  0x00000235a7322a40: ;   {metadata({method} {0x0000023581785058} 'pauseRecording' '()V' in 'org/eclipse/e4/core/internal/contexts/ContextObjectSupplier')}
  0x00000235a7322a40: ff49 ba50 | 5078 8135 | 0200 004c | 8954 2408 | 48c7 0424 | ffff ffff 

  0x00000235a7322a58: ;   {runtime_call counter_overflow Runtime1 stub}
  0x00000235a7322a58: e8a3 8cd0 

  0x00000235a7322a5c: ; ImmutableOopMap {rdi=Oop [184]=Oop [192]=Oop [296]=Oop }
                      ;*synchronization entry
                      ; - org.eclipse.e4.core.internal.contexts.ContextObjectSupplier::pauseRecording@-1 (line 214)
                      ; - org.eclipse.e4.core.internal.di.MethodRequestor::execute@49 (line 51)
  0x00000235a7322a5c: 06e9 8be6 

  0x00000235a7322a60: ;   {metadata({method} {0x000002358176b4c8} 'getCalculatedComputations' '()Ljava/util/Stack;' in 'org/eclipse/e4/core/internal/contexts/EclipseContext')}
  0x00000235a7322a60: ffff 49ba | c0b4 7681 | 3502 0000 | 4c89 5424 | 0848 c704 | 24ff ffff 

  0x00000235a7322a78: ;   {runtime_call counter_overflow Runtime1 stub}
  0x00000235a7322a78: ffe8 828c 

  0x00000235a7322a7c: ; ImmutableOopMap {[184]=Oop [192]=Oop [296]=Oop }
                      ;*synchronization entry
                      ; - org.eclipse.e4.core.internal.contexts.EclipseContext::getCalculatedComputations@-1 (line 734)
                      ; - org.eclipse.e4.core.internal.contexts.ContextObjectSupplier::pauseRecording@0 (line 214)
                      ; - org.eclipse.e4.core.internal.di.MethodRequestor::execute@49 (line 51)
  0x00000235a7322a7c: d006 e9a3 

  0x00000235a7322a80: ;   {runtime_call throw_null_pointer_exception Runtime1 stub}
  0x00000235a7322a80: e6ff ffe8 

  0x00000235a7322a84: ; ImmutableOopMap {rdi=Oop [184]=Oop [192]=Oop [296]=Oop }
                      ;*invokevirtual get {reexecute=0 rethrow=0 return_oop=0}
                      ; - org.eclipse.e4.core.internal.contexts.EclipseContext::getCalculatedComputations@3 (line 734)
                      ; - org.eclipse.e4.core.internal.contexts.ContextObjectSupplier::pauseRecording@0 (line 214)
                      ; - org.eclipse.e4.core.internal.di.MethodRequestor::execute@49 (line 51)
  0x00000235a7322a84: 784f cf06 | 4889 0424 

  0x00000235a7322a8c: ;   {runtime_call throw_class_cast_exception Runtime1 stub}
  0x00000235a7322a8c: e86f 50d0 

  0x00000235a7322a90: ; ImmutableOopMap {[184]=Oop [192]=Oop [296]=Oop }
                      ;*checkcast {reexecute=0 rethrow=0 return_oop=0}
                      ; - org.eclipse.e4.core.internal.contexts.EclipseContext::getCalculatedComputations@6 (line 734)
                      ; - org.eclipse.e4.core.internal.contexts.ContextObjectSupplier::pauseRecording@0 (line 214)
                      ; - org.eclipse.e4.core.internal.di.MethodRequestor::execute@49 (line 51)
  0x00000235a7322a90: 0648 8bd2 

  0x00000235a7322a94: ;   {runtime_call fast_new_instance Runtime1 stub}
  0x00000235a7322a94: e8e7 5ccf 

  0x00000235a7322a98: ; ImmutableOopMap {[184]=Oop [192]=Oop [296]=Oop }
                      ;*new {reexecute=0 rethrow=0 return_oop=0}
                      ; - org.eclipse.e4.core.internal.contexts.EclipseContext::getCalculatedComputations@14 (line 736)
                      ; - org.eclipse.e4.core.internal.contexts.ContextObjectSupplier::pauseRecording@0 (line 214)
                      ; - org.eclipse.e4.core.internal.di.MethodRequestor::execute@49 (line 51)
  0x00000235a7322a98: 06e9 bbe8 

  0x00000235a7322a9c: ;   {metadata({method} {0x0000023580935588} '<init>' '()V' in 'java/util/Stack')}
  0x00000235a7322a9c: ffff 49ba | 8055 9380 | 3502 0000 | 4c89 5424 | 0848 c704 | 24ff ffff 

  0x00000235a7322ab4: ;   {runtime_call counter_overflow Runtime1 stub}
  0x00000235a7322ab4: ffe8 468c 

  0x00000235a7322ab8: ; ImmutableOopMap {rax=Oop [184]=Oop [192]=Oop [296]=Oop }
                      ;*synchronization entry
                      ; - java.util.Stack::<init>@-1
                      ; - org.eclipse.e4.core.internal.contexts.EclipseContext::getCalculatedComputations@18 (line 736)
                      ; - org.eclipse.e4.core.internal.contexts.ContextObjectSupplier::pauseRecording@0 (line 214)
                      ; - org.eclipse.e4.core.internal.di.MethodRequestor::execute@49 (line 51)
  0x00000235a7322ab8: d006 e9db 

  0x00000235a7322abc: ;   {metadata({method} {0x0000023580191900} '<init>' '()V' in 'java/util/Vector')}
  0x00000235a7322abc: e8ff ff49 | baf8 1819 | 8035 0200 | 004c 8954 | 2408 48c7 | 0424 ffff 

  0x00000235a7322ad4: ;   {runtime_call counter_overflow Runtime1 stub}
  0x00000235a7322ad4: ffff e825 

  0x00000235a7322ad8: ; ImmutableOopMap {rax=Oop [184]=Oop [192]=Oop [296]=Oop }
                      ;*synchronization entry
                      ; - java.util.Vector::<init>@-1
                      ; - java.util.Stack::<init>@1
                      ; - org.eclipse.e4.core.internal.contexts.EclipseContext::getCalculatedComputations@18 (line 736)
                      ; - org.eclipse.e4.core.internal.contexts.ContextObjectSupplier::pauseRecording@0 (line 214)
                      ; - org.eclipse.e4.core.internal.di.MethodRequestor::execute@49 (line 51)
  0x00000235a7322ad8: 8cd0 06e9 | fbe8 ffff 

  0x00000235a7322ae0: ;   {metadata({method} {0x0000023580191868} '<init>' '(I)V' in 'java/util/Vector')}
  0x00000235a7322ae0: 49ba 6018 | 1980 3502 | 0000 4c89 | 5424 0848 | c704 24ff 

  0x00000235a7322af4: ;   {runtime_call counter_overflow Runtime1 stub}
  0x00000235a7322af4: ffff ffe8 

  0x00000235a7322af8: ; ImmutableOopMap {rax=Oop [184]=Oop [192]=Oop [296]=Oop }
                      ;*synchronization entry
                      ; - java.util.Vector::<init>@-1
                      ; - java.util.Vector::<init>@3
                      ; - java.util.Stack::<init>@1
                      ; - org.eclipse.e4.core.internal.contexts.EclipseContext::getCalculatedComputations@18 (line 736)
                      ; - org.eclipse.e4.core.internal.contexts.ContextObjectSupplier::pauseRecording@0 (line 214)
                      ; - org.eclipse.e4.core.internal.di.MethodRequestor::execute@49 (line 51)
  0x00000235a7322af8: 048c d006 | e91b e9ff 

  0x00000235a7322b00: ;   {runtime_call throw_null_pointer_exception Runtime1 stub}
  0x00000235a7322b00: ffe8 fa4e 

  0x00000235a7322b04: ; ImmutableOopMap {rdx=Oop [184]=Oop [192]=Oop [200]=Oop [296]=Oop }
                      ;*invokevirtual set {reexecute=0 rethrow=0 return_oop=0}
                      ; - org.eclipse.e4.core.internal.contexts.EclipseContext::getCalculatedComputations@26 (line 737)
                      ; - org.eclipse.e4.core.internal.contexts.ContextObjectSupplier::pauseRecording@0 (line 214)
                      ; - org.eclipse.e4.core.internal.di.MethodRequestor::execute@49 (line 51)
                      ;   {runtime_call throw_null_pointer_exception Runtime1 stub}
  0x00000235a7322b04: cf06 e8f5 

  0x00000235a7322b08: ; ImmutableOopMap {rdx=Oop [184]=Oop [192]=Oop [296]=Oop }
                      ;*invokevirtual push {reexecute=0 rethrow=0 return_oop=0}
                      ; - org.eclipse.e4.core.internal.contexts.ContextObjectSupplier::pauseRecording@6 (line 215)
                      ; - org.eclipse.e4.core.internal.di.MethodRequestor::execute@49 (line 51)
                      ;   {metadata({method} {0x0000023580935628} 'push' '(Ljava/lang/Object;)Ljava/lang/Object;' in 'java/util/Stack')}
  0x00000235a7322b08: 4ecf 0649 | ba20 5693 | 8035 0200 | 004c 8954 | 2408 48c7 | 0424 ffff 

  0x00000235a7322b20: ;   {runtime_call counter_overflow Runtime1 stub}
  0x00000235a7322b20: ffff e8d9 

  0x00000235a7322b24: ; ImmutableOopMap {rdx=Oop [184]=Oop [192]=Oop [296]=Oop }
                      ;*synchronization entry
                      ; - java.util.Stack::push@-1
                      ; - org.eclipse.e4.core.internal.contexts.ContextObjectSupplier::pauseRecording@6 (line 215)
                      ; - org.eclipse.e4.core.internal.di.MethodRequestor::execute@49 (line 51)
  0x00000235a7322b24: 8bd0 06e9 | 44ea ffff | 4889 5424 | 084c 8904 

  0x00000235a7322b34: ;   {runtime_call monitorenter_nofpu Runtime1 stub}
  0x00000235a7322b34: 24e8 c65b 

  0x00000235a7322b38: ; ImmutableOopMap {rdx=Oop [184]=Oop [192]=Oop [296]=Oop [312]=Oop }
                      ;*synchronization entry
                      ; - java.util.Vector::addElement@-1
                      ; - java.util.Stack::push@2
                      ; - org.eclipse.e4.core.internal.contexts.ContextObjectSupplier::pauseRecording@6 (line 215)
                      ; - org.eclipse.e4.core.internal.di.MethodRequestor::execute@49 (line 51)
  0x00000235a7322b38: d006 e9fe 

  0x00000235a7322b3c: ;   {metadata({method} {0x0000023580192b00} 'addElement' '(Ljava/lang/Object;)V' in 'java/util/Vector')}
  0x00000235a7322b3c: eaff ff49 | baf8 2a19 | 8035 0200 | 004c 8954 | 2408 48c7 | 0424 ffff 

  0x00000235a7322b54: ;   {runtime_call counter_overflow Runtime1 stub}
  0x00000235a7322b54: ffff e8a5 

  0x00000235a7322b58: ; ImmutableOopMap {rdx=Oop [184]=Oop [192]=Oop [296]=Oop [312]=Oop }
                      ;*synchronization entry
                      ; - java.util.Vector::addElement@-1
                      ; - java.util.Stack::push@2
                      ; - org.eclipse.e4.core.internal.contexts.ContextObjectSupplier::pauseRecording@6 (line 215)
                      ; - org.eclipse.e4.core.internal.di.MethodRequestor::execute@49 (line 51)
  0x00000235a7322b58: 8bd0 06e9 | 06eb ffff 

  0x00000235a7322b60: ;   {metadata({method} {0x0000023580193260} 'add' '(Ljava/lang/Object;[Ljava/lang/Object;I)V' in 'java/util/Vector')}
  0x00000235a7322b60: 49ba 5832 | 1980 3502 | 0000 4c89 | 5424 0848 | c704 24ff 

  0x00000235a7322b74: ;   {runtime_call counter_overflow Runtime1 stub}
  0x00000235a7322b74: ffff ffe8 

  0x00000235a7322b78: ; ImmutableOopMap {rdx=Oop r8=Oop [184]=Oop [192]=Oop [296]=Oop [312]=Oop }
                      ;*synchronization entry
                      ; - java.util.Vector::add@-1
                      ; - java.util.Vector::addElement@20
                      ; - java.util.Stack::push@2
                      ; - org.eclipse.e4.core.internal.contexts.ContextObjectSupplier::pauseRecording@6 (line 215)
                      ; - org.eclipse.e4.core.internal.di.MethodRequestor::execute@49 (line 51)
  0x00000235a7322b78: 848b d006 | e937 ebff 

  0x00000235a7322b80: ;   {runtime_call throw_null_pointer_exception Runtime1 stub}
  0x00000235a7322b80: ffe8 7a4e 

  0x00000235a7322b84: ; ImmutableOopMap {rdx=Oop r8=Oop [184]=Oop [192]=Oop [296]=Oop [312]=Oop }
                      ;*arraylength {reexecute=0 rethrow=0 return_oop=0}
                      ; - java.util.Vector::add@2
                      ; - java.util.Vector::addElement@20
                      ; - java.util.Stack::push@2
                      ; - org.eclipse.e4.core.internal.contexts.ContextObjectSupplier::pauseRecording@6 (line 215)
                      ; - org.eclipse.e4.core.internal.di.MethodRequestor::execute@49 (line 51)
                      ;   {metadata({method} {0x0000023580191d98} 'grow' '()[Ljava/lang/Object;' in 'java/util/Vector')}
  0x00000235a7322b84: cf06 49ba | 901d 1980 | 3502 0000 | 4c89 5424 | 0848 c704 | 24ff ffff 

  0x00000235a7322b9c: ;   {runtime_call counter_overflow Runtime1 stub}
  0x00000235a7322b9c: ffe8 5e8b 

  0x00000235a7322ba0: ; ImmutableOopMap {rdx=Oop [184]=Oop [192]=Oop [296]=Oop [312]=Oop }
                      ;*synchronization entry
                      ; - java.util.Vector::grow@-1
                      ; - java.util.Vector::add@7
                      ; - java.util.Vector::addElement@20
                      ; - java.util.Stack::push@2
                      ; - org.eclipse.e4.core.internal.contexts.ContextObjectSupplier::pauseRecording@6 (line 215)
                      ; - org.eclipse.e4.core.internal.di.MethodRequestor::execute@49 (line 51)
  0x00000235a7322ba0: d006 e981 

  0x00000235a7322ba4: ;   {runtime_call throw_null_pointer_exception Runtime1 stub}
  0x00000235a7322ba4: ebff ffe8 

  0x00000235a7322ba8: ; ImmutableOopMap {r8=Oop rdx=Oop rax=Oop [184]=Oop [192]=Oop [296]=Oop [312]=Oop }
                      ;*aastore {reexecute=1 rethrow=0 return_oop=0}
                      ; - (reexecute) java.util.Vector::add@14
                      ; - java.util.Vector::addElement@20
                      ; - java.util.Stack::push@2
                      ; - org.eclipse.e4.core.internal.contexts.ContextObjectSupplier::pauseRecording@6 (line 215)
                      ; - org.eclipse.e4.core.internal.di.MethodRequestor::execute@49 (line 51)
  0x00000235a7322ba8: 544e cf06 

  0x00000235a7322bac: ;   {runtime_call throw_null_pointer_exception Runtime1 stub}
  0x00000235a7322bac: e84f 4ecf 

  0x00000235a7322bb0: ; ImmutableOopMap {r8=Oop rdx=Oop rax=Oop [184]=Oop [192]=Oop [296]=Oop [312]=Oop }
                      ;*aastore {reexecute=1 rethrow=0 return_oop=0}
                      ; - (reexecute) java.util.Vector::add@14
                      ; - java.util.Vector::addElement@20
                      ; - java.util.Stack::push@2
                      ; - org.eclipse.e4.core.internal.contexts.ContextObjectSupplier::pauseRecording@6 (line 215)
                      ; - org.eclipse.e4.core.internal.di.MethodRequestor::execute@49 (line 51)
  0x00000235a7322bb0: 0648 8934 | 244c 8944 

  0x00000235a7322bb8: ;   {runtime_call throw_range_check_failed Runtime1 stub}
  0x00000235a7322bb8: 2408 e8c1 

  0x00000235a7322bbc: ; ImmutableOopMap {r8=Oop rdx=Oop rax=Oop [184]=Oop [192]=Oop [296]=Oop [312]=Oop }
                      ;*aastore {reexecute=1 rethrow=0 return_oop=0}
                      ; - (reexecute) java.util.Vector::add@14
                      ; - java.util.Vector::addElement@20
                      ; - java.util.Stack::push@2
                      ; - org.eclipse.e4.core.internal.contexts.ContextObjectSupplier::pauseRecording@6 (line 215)
                      ; - org.eclipse.e4.core.internal.di.MethodRequestor::execute@49 (line 51)
                      ;   {runtime_call throw_null_pointer_exception Runtime1 stub}
  0x00000235a7322bbc: 40cf 06e8 

  0x00000235a7322bc0: ; ImmutableOopMap {r8=Oop rdx=Oop rax=Oop [184]=Oop [192]=Oop [296]=Oop [312]=Oop }
                      ;*aastore {reexecute=1 rethrow=0 return_oop=0}
                      ; - (reexecute) java.util.Vector::add@14
                      ; - java.util.Vector::addElement@20
                      ; - java.util.Stack::push@2
                      ; - org.eclipse.e4.core.internal.contexts.ContextObjectSupplier::pauseRecording@6 (line 215)
                      ; - org.eclipse.e4.core.internal.di.MethodRequestor::execute@49 (line 51)
  0x00000235a7322bc0: 3c4e cf06 | 4889 0424 

  0x00000235a7322bc8: ;   {runtime_call throw_array_store_exception Runtime1 stub}
  0x00000235a7322bc8: e833 4cd0 

  0x00000235a7322bcc: ; ImmutableOopMap {r8=Oop rdx=Oop rax=Oop [184]=Oop [192]=Oop [296]=Oop [312]=Oop }
                      ;*aastore {reexecute=1 rethrow=0 return_oop=0}
                      ; - (reexecute) java.util.Vector::add@14
                      ; - java.util.Vector::addElement@20
                      ; - java.util.Stack::push@2
                      ; - org.eclipse.e4.core.internal.contexts.ContextObjectSupplier::pauseRecording@6 (line 215)
                      ; - org.eclipse.e4.core.internal.di.MethodRequestor::execute@49 (line 51)
  0x00000235a7322bcc: 068b 1f48 | c1e3 0348 | 83fb 000f | 84de ecff | ff48 891c 

  0x00000235a7322be0: ;   {runtime_call g1_pre_barrier_slow}
  0x00000235a7322be0: 24e8 1a91 | d006 e9d0 | ecff ff48 | 83f8 000f | 84e4 ecff | ff48 893c 

  0x00000235a7322bf8: ;   {runtime_call g1_post_barrier_slow}
  0x00000235a7322bf8: 24e8 0294 | d006 e9d6 | ecff ff48 | 8d84 2430 | 0100 0048 

  0x00000235a7322c0c: ;   {runtime_call monitorexit_nofpu Runtime1 stub}
  0x00000235a7322c0c: 8904 24e8 | 6c65 d006 | e9ef ecff | ff48 8d84 | 2420 0100 | 0048 8904 

  0x00000235a7322c24: ;   {runtime_call monitorexit_nofpu Runtime1 stub}
  0x00000235a7322c24: 24e8 5665 | d006 e903 | edff ff48 

  0x00000235a7322c30: ;   {runtime_call throw_class_cast_exception Runtime1 stub}
  0x00000235a7322c30: 8934 24e8 

  0x00000235a7322c34: ; ImmutableOopMap {rdx=Oop [184]=Oop [192]=Oop }
                      ;*checkcast {reexecute=0 rethrow=0 return_oop=0}
                      ; - org.eclipse.e4.core.internal.di.MethodRequestor::execute@58 (line 55)
  0x00000235a7322c34: c84e d006 

  0x00000235a7322c38: ;   {runtime_call throw_null_pointer_exception Runtime1 stub}
  0x00000235a7322c38: e8c3 4dcf 

  0x00000235a7322c3c: ; ImmutableOopMap {rdx=Oop rsi=Oop [184]=Oop [192]=Oop }
                      ;*invokevirtual trySetAccessible {reexecute=0 rethrow=0 return_oop=0}
                      ; - org.eclipse.e4.core.internal.di.MethodRequestor::execute@61 (line 55)
  0x00000235a7322c3c: 0648 8934 

  0x00000235a7322c40: ;   {runtime_call throw_class_cast_exception Runtime1 stub}
  0x00000235a7322c40: 24e8 ba4e 

  0x00000235a7322c44: ; ImmutableOopMap {rdx=Oop [184]=Oop [192]=Oop }
                      ;*checkcast {reexecute=0 rethrow=0 return_oop=0}
                      ; - org.eclipse.e4.core.internal.di.MethodRequestor::execute@69 (line 56)
                      ;   {runtime_call throw_null_pointer_exception Runtime1 stub}
  0x00000235a7322c44: d006 e8b5 

  0x00000235a7322c48: ; ImmutableOopMap {rdx=Oop rsi=Oop rdi=Oop [184]=Oop [192]=Oop [224]=Oop }
                      ;*invokevirtual invoke {reexecute=0 rethrow=0 return_oop=0}
                      ; - org.eclipse.e4.core.internal.di.MethodRequestor::execute@77 (line 56)
                      ;   {metadata({method} {0x00000235be043cd8} 'invoke' '(Ljava/lang/Object;[Ljava/lang/Object;)Ljava/lang/Object;' in 'java/lang/reflect/Method')}
  0x00000235a7322c48: 4dcf 0649 | bad0 3c04 | be35 0200 | 004c 8954 | 2408 48c7 | 0424 ffff 

  0x00000235a7322c60: ;   {runtime_call counter_overflow Runtime1 stub}
  0x00000235a7322c60: ffff e899 

  0x00000235a7322c64: ; ImmutableOopMap {rdx=Oop rsi=Oop rdi=Oop [184]=Oop [192]=Oop [224]=Oop }
                      ;*synchronization entry
                      ; - java.lang.reflect.Method::invoke@-1
                      ; - org.eclipse.e4.core.internal.di.MethodRequestor::execute@77 (line 56)
  0x00000235a7322c64: 8ad0 06e9 | 33ef ffff 

  0x00000235a7322c6c: ;   {metadata({method} {0x00000235be3dc098} 'isStatic' '(I)Z' in 'java/lang/reflect/Modifier')}
  0x00000235a7322c6c: 49ba 90c0 | 3dbe 3502 | 0000 4c89 | 5424 0848 | c704 24ff 

  0x00000235a7322c80: ;   {runtime_call counter_overflow Runtime1 stub}
  0x00000235a7322c80: ffff ffe8 

  0x00000235a7322c84: ; ImmutableOopMap {rbx=Oop rsi=Oop r9=Oop [184]=Oop [192]=Oop [224]=Oop [232]=Oop }
                      ;*synchronization entry
                      ; - java.lang.reflect.Modifier::isStatic@-1
                      ; - java.lang.reflect.Method::invoke@42
                      ; - org.eclipse.e4.core.internal.di.MethodRequestor::execute@77 (line 56)
  0x00000235a7322c84: 788a d006 | e979 f0ff 

  0x00000235a7322c8c: ;   {runtime_call throw_null_pointer_exception Runtime1 stub}
  0x00000235a7322c8c: ffe8 6e4d 

  0x00000235a7322c90: ; ImmutableOopMap {rbx=Oop rsi=Oop r9=Oop rax=Oop [184]=Oop [224]=Oop [232]=Oop }
                      ;*invokevirtual getClass {reexecute=0 rethrow=0 return_oop=0}
                      ; - java.lang.reflect.Method::invoke@53
                      ; - org.eclipse.e4.core.internal.di.MethodRequestor::execute@77 (line 56)
                      ;   {runtime_call throw_null_pointer_exception Runtime1 stub}
  0x00000235a7322c90: cf06 e869 

  0x00000235a7322c94: ; ImmutableOopMap {rdx=Oop rbx=Oop [184]=Oop [192]=Oop [232]=Oop }
                      ;*invokeinterface invoke {reexecute=0 rethrow=0 return_oop=0}
                      ; - java.lang.reflect.Method::invoke@90
                      ; - org.eclipse.e4.core.internal.di.MethodRequestor::execute@77 (line 56)
                      ;   {runtime_call throw_null_pointer_exception Runtime1 stub}
  0x00000235a7322c94: 4dcf 06e8 

  0x00000235a7322c98: ; ImmutableOopMap {rdi=Oop rdx=Oop [184]=Oop [192]=Oop }
                      ;*invokeinterface invoke {reexecute=0 rethrow=0 return_oop=0}
                      ; - java.lang.reflect.Method::invoke@102
                      ; - org.eclipse.e4.core.internal.di.MethodRequestor::execute@77 (line 56)
  0x00000235a7322c98: 644d cf06 

  0x00000235a7322c9c: ;   {runtime_call throw_null_pointer_exception Runtime1 stub}
  0x00000235a7322c9c: e85f 4dcf 

  0x00000235a7322ca0: ; ImmutableOopMap {rdx=Oop rsi=Oop [184]=Oop [256]=Oop }
                      ;*invokevirtual resumeRecording {reexecute=0 rethrow=0 return_oop=0}
                      ; - org.eclipse.e4.core.internal.di.MethodRequestor::execute@167 (line 69)
                      ;   {metadata({method} {0x00000235817928d8} 'clearResolvedArgs' '()V' in 'org/eclipse/e4/core/internal/di/Requestor')}
  0x00000235a7322ca0: 0649 bad0 | 2879 8135 | 0200 004c | 8954 2408 | 48c7 0424 | ffff ffff 

  0x00000235a7322cb8: ;   {runtime_call counter_overflow Runtime1 stub}
  0x00000235a7322cb8: e843 8ad0 

  0x00000235a7322cbc: ; ImmutableOopMap {rdx=Oop [184]=Oop [256]=Oop }
                      ;*synchronization entry
                      ; - org.eclipse.e4.core.internal.di.Requestor::clearResolvedArgs@-1 (line 193)
                      ; - org.eclipse.e4.core.internal.di.MethodRequestor::execute@171 (line 70)
  0x00000235a7322cbc: 06e9 fcf4 

  0x00000235a7322cc0: ;   {metadata(nullptr)}
  0x00000235a7322cc0: ffff 48ba | 0000 0000 | 0000 0000 | b800 0f05 

  0x00000235a7322cd0: ;   {runtime_call load_klass_patching Runtime1 stub}
  0x00000235a7322cd0: 0ae8 2a6f 

  0x00000235a7322cd4: ; ImmutableOopMap {rbx=Oop r8=Oop [184]=Oop }
                      ;*new {reexecute=1 rethrow=0 return_oop=0}
                      ; - (reexecute) org.eclipse.e4.core.internal.di.MethodRequestor::execute@119 (line 66)
  0x00000235a7322cd4: d006 e9a5 

  0x00000235a7322cd8: ;   {runtime_call throw_null_pointer_exception Runtime1 stub}
  0x00000235a7322cd8: f6ff ffe8 

  0x00000235a7322cdc: ; ImmutableOopMap {rbx=Oop r8=Oop [184]=Oop }
                      ;*new {reexecute=0 rethrow=0 return_oop=0}
                      ; - org.eclipse.e4.core.internal.di.MethodRequestor::execute@119 (line 66)
  0x00000235a7322cdc: 204d cf06 

  0x00000235a7322ce0: ;   {runtime_call fast_new_instance_init_check Runtime1 stub}
  0x00000235a7322ce0: 488b d2e8 

  0x00000235a7322ce4: ; ImmutableOopMap {rbx=Oop r8=Oop [184]=Oop }
                      ;*new {reexecute=0 rethrow=0 return_oop=0}
                      ; - org.eclipse.e4.core.internal.di.MethodRequestor::execute@119 (line 66)
  0x00000235a7322ce4: 985d cf06 | e9f8 f6ff | ff8b 4228 | 48c1 e003 | 4883 f800 | 0f84 6bf7 | ffff 4889 

  0x00000235a7322d00: ;   {runtime_call g1_pre_barrier_slow}
  0x00000235a7322d00: 0424 e8f9 | 8fd0 06e9 | 5df7 ffff 

  0x00000235a7322d0c: ;   {internal_word}
  0x00000235a7322d0c: 49ba 8024 | 32a7 3502 | 0000 4d89 | 9760 0400 

  0x00000235a7322d1c: ;   {runtime_call SafepointBlob}
  0x00000235a7322d1c: 00e9 de29 

  0x00000235a7322d20: ;   {internal_word}
  0x00000235a7322d20: c406 49ba | a024 32a7 | 3502 0000 | 4d89 9760 

  0x00000235a7322d30: ;   {runtime_call SafepointBlob}
  0x00000235a7322d30: 0400 00e9 | c829 c406 

  0x00000235a7322d38: ;   {internal_word}
  0x00000235a7322d38: 49ba c024 | 32a7 3502 | 0000 4d89 | 9760 0400 

  0x00000235a7322d48: ;   {runtime_call SafepointBlob}
  0x00000235a7322d48: 00e9 b229 | c406 4c89 

  0x00000235a7322d50: ;   {runtime_call throw_class_cast_exception Runtime1 stub}
  0x00000235a7322d50: 0424 e8a9 

  0x00000235a7322d54: ; ImmutableOopMap {[184]=Oop }
                      ;*checkcast {reexecute=0 rethrow=0 return_oop=0}
                      ; - org.eclipse.e4.core.internal.di.MethodRequestor::execute@115 (line 64)
                      ;   {runtime_call throw_null_pointer_exception Runtime1 stub}
  0x00000235a7322d54: 4dd0 06e8 

  0x00000235a7322d58: ; ImmutableOopMap {rax=Oop [184]=Oop }
                      ;*athrow {reexecute=1 rethrow=0 return_oop=0}
                      ; - (reexecute) org.eclipse.e4.core.internal.di.MethodRequestor::execute@118 (line 64)
  0x00000235a7322d58: a44c cf06 

  0x00000235a7322d5c: ;   {metadata(nullptr)}
  0x00000235a7322d5c: 48ba 0000 | 0000 0000 | 0000 b800 

  0x00000235a7322d68: ;   {runtime_call load_klass_patching Runtime1 stub}
  0x00000235a7322d68: 0f05 0ae8 

  0x00000235a7322d6c: ; ImmutableOopMap {r8=Oop [184]=Oop }
                      ;*new {reexecute=1 rethrow=0 return_oop=0}
                      ; - (reexecute) org.eclipse.e4.core.internal.di.MethodRequestor::execute@86 (line 58)
  0x00000235a7322d6c: 906e d006 | e9db f8ff 

  0x00000235a7322d74: ;   {runtime_call throw_null_pointer_exception Runtime1 stub}
  0x00000235a7322d74: ffe8 864c 

  0x00000235a7322d78: ; ImmutableOopMap {r8=Oop [184]=Oop }
                      ;*new {reexecute=0 rethrow=0 return_oop=0}
                      ; - org.eclipse.e4.core.internal.di.MethodRequestor::execute@86 (line 58)
  0x00000235a7322d78: cf06 488b 

  0x00000235a7322d7c: ;   {runtime_call fast_new_instance_init_check Runtime1 stub}
  0x00000235a7322d7c: d2e8 fe5c 

  0x00000235a7322d80: ; ImmutableOopMap {r8=Oop [184]=Oop }
                      ;*new {reexecute=0 rethrow=0 return_oop=0}
                      ; - org.eclipse.e4.core.internal.di.MethodRequestor::execute@86 (line 58)
  0x00000235a7322d80: cf06 e92e 

  0x00000235a7322d84: ;   {runtime_call throw_null_pointer_exception Runtime1 stub}
  0x00000235a7322d84: f9ff ffe8 

  0x00000235a7322d88: ; ImmutableOopMap {rdx=Oop rsi=Oop [184]=Oop [280]=Oop }
                      ;*invokevirtual resumeRecording {reexecute=0 rethrow=0 return_oop=0}
                      ; - org.eclipse.e4.core.internal.di.MethodRequestor::execute@149 (line 69)
  0x00000235a7322d88: 744c cf06 

  0x00000235a7322d8c: ;   {metadata({method} {0x00000235817928d8} 'clearResolvedArgs' '()V' in 'org/eclipse/e4/core/internal/di/Requestor')}
  0x00000235a7322d8c: 49ba d028 | 7981 3502 | 0000 4c89 | 5424 0848 | c704 24ff 

  0x00000235a7322da0: ;   {runtime_call counter_overflow Runtime1 stub}
  0x00000235a7322da0: ffff ffe8 

  0x00000235a7322da4: ; ImmutableOopMap {rdx=Oop [184]=Oop [280]=Oop }
                      ;*synchronization entry
                      ; - org.eclipse.e4.core.internal.di.Requestor::clearResolvedArgs@-1 (line 193)
                      ; - org.eclipse.e4.core.internal.di.MethodRequestor::execute@153 (line 70)
  0x00000235a7322da4: 5889 d006 | e9b4 faff | ff8b 4628 | 48c1 e003 | 4883 f800 | 0f84 1bfb | ffff 4889 

  0x00000235a7322dc0: ;   {runtime_call g1_pre_barrier_slow}
  0x00000235a7322dc0: 0424 e839 | 8fd0 06e9 | 0dfb ffff | 488d 8424 | 3001 0000 | 4889 0424 

  0x00000235a7322dd8: ;   {runtime_call monitorexit_nofpu Runtime1 stub}
  0x00000235a7322dd8: e8a3 63d0 | 06e9 5bfb | ffff 488d | 8424 2001 | 0000 4889 

  0x00000235a7322dec: ;   {runtime_call monitorexit_nofpu Runtime1 stub}
  0x00000235a7322dec: 0424 e88d | 63d0 06e9 | a0fb ffff | 488b bc24 | c000 0000 | e9e8 faff | ff8b bc24 | d400 0000 
  0x00000235a7322e0c: e9e9 f3ff | ff8b bc24 | d400 0000 | e9df f8ff | ff8b bc24 | d400 0000 | e9d1 f3ff | ff8b bc24 
  0x00000235a7322e2c: d400 0000 | e9c7 f8ff | ff8b bc24 | d400 0000 | e9b9 f3ff | ff8b bc24 | d400 0000 | e9af f8ff 
  0x00000235a7322e4c: ff8b bc24 | d400 0000 | e9a1 f3ff | ff8b bc24 | d400 0000 | e997 f8ff | ff8b bc24 | d400 0000 
  0x00000235a7322e6c: e989 f3ff | ff8b bc24 | d400 0000 | e97f f8ff | ff8b bc24 | d400 0000 | e971 f3ff | ff8b bc24 
  0x00000235a7322e8c: d400 0000 | e967 f8ff | ff8b bc24 | d400 0000 | e959 f3ff | ff8b bc24 | d400 0000 | e94f f8ff 
  0x00000235a7322eac: ff8b bc24 | d400 0000 | e943 f8ff | ff8b bc24 | d400 0000 | e937 f8ff | ff8b bc24 | d400 0000 
  0x00000235a7322ecc: e92b f8ff | ff8b bc24 | d400 0000 | e91f f8ff | ff8b bc24 | d400 0000 | e913 f8ff | ff48 8bbc 
  0x00000235a7322eec: ;   {no_reloc}
  0x00000235a7322eec: 24c0 0000 | 00e9 f7f9 | ffff 488b | bc24 c000 | 0000 e9ea | f9ff ff48 | 8bbc 24c0 | 0000 00e9 
  0x00000235a7322f0c: ddf9 ffff | 488b bc24 | c000 0000 | e9d0 f9ff | ff8b bc24 | d400 0000 | e9d1 f2ff | ff8b bc24 
  0x00000235a7322f2c: d400 0000 | e9c7 f7ff | ff8b bc24 | d400 0000 | e9b9 f2ff | ff8b bc24 | d400 0000 | e9af f7ff 
  0x00000235a7322f4c: ff8b bc24 | d400 0000 | e9a1 f2ff | ff8b bc24 | d400 0000 | e997 f7ff | ff8b bc24 | d400 0000 
  0x00000235a7322f6c: e989 f2ff | ff8b bc24 | d400 0000 | e97f f7ff | ff8b bc24 | d400 0000 | e971 f2ff | ff8b bc24 
  0x00000235a7322f8c: d400 0000 | e967 f7ff | ff8b bc24 | d400 0000 | e959 f2ff | ff8b bc24 | d400 0000 | e94f f7ff 
  0x00000235a7322fac: ff8b bc24 | d400 0000 | e941 f2ff | ff8b bc24 | d400 0000 | e937 f7ff | ff8b bc24 | d400 0000 
  0x00000235a7322fcc: e92b f7ff | ff8b bc24 | d400 0000 | e91f f7ff | ff8b bc24 | d400 0000 | e913 f7ff | ff8b bc24 
  0x00000235a7322fec: ;   {no_reloc}
  0x00000235a7322fec: d400 0000 | e907 f7ff | ff8b bc24 | d400 0000 | e9fb f6ff | ff8b bc24 | d400 0000 | e9ef f6ff 
  0x00000235a732300c: ff49 8b87 | f804 0000 | 49c7 87f8 | 0400 0000 | 0000 0049 | c787 0005 | 0000 0000 | 0000 4881 
  0x00000235a732302c: c450 0100 

  0x00000235a7323030: ;   {runtime_call unwind_exception Runtime1 stub}
  0x00000235a7323030: 005d e949 | 2ccf 06f4 
[Stub Code]
  0x00000235a7323038: ;   {no_reloc}
  0x00000235a7323038: 0f1f 4400 

  0x00000235a732303c: ;   {static_stub}
  0x00000235a732303c: 0048 bb00 | 0000 0000 

  0x00000235a7323044: ;   {runtime_call nmethod}
  0x00000235a7323044: 0000 00e9 | fbff ffff 

  0x00000235a732304c: ;   {static_stub}
  0x00000235a732304c: 9048 bb00 | 0000 0000 

  0x00000235a7323054: ;   {runtime_call nmethod}
  0x00000235a7323054: 0000 00e9 | fbff ffff 

  0x00000235a732305c: ;   {static_stub}
  0x00000235a732305c: 9048 bb00 | 0000 0000 

  0x00000235a7323064: ;   {runtime_call nmethod}
  0x00000235a7323064: 0000 00e9 | fbff ffff 

  0x00000235a732306c: ;   {static_stub}
  0x00000235a732306c: 9048 bb00 | 0000 0000 

  0x00000235a7323074: ;   {runtime_call nmethod}
  0x00000235a7323074: 0000 00e9 | fbff ffff 

  0x00000235a732307c: ;   {static_stub}
  0x00000235a732307c: 9048 bb00 | 0000 0000 

  0x00000235a7323084: ;   {runtime_call nmethod}
  0x00000235a7323084: 0000 00e9 | fbff ffff 

  0x00000235a732308c: ;   {static_stub}
  0x00000235a732308c: 9048 bb00 | 0000 0000 

  0x00000235a7323094: ;   {runtime_call nmethod}
  0x00000235a7323094: 0000 00e9 | fbff ffff 

  0x00000235a732309c: ;   {static_stub}
  0x00000235a732309c: 9048 bb00 | 0000 0000 

  0x00000235a73230a4: ;   {runtime_call nmethod}
  0x00000235a73230a4: 0000 00e9 | fbff ffff 

  0x00000235a73230ac: ;   {static_stub}
  0x00000235a73230ac: 9048 bb00 | 0000 0000 

  0x00000235a73230b4: ;   {runtime_call nmethod}
  0x00000235a73230b4: 0000 00e9 | fbff ffff 

  0x00000235a73230bc: ;   {static_stub}
  0x00000235a73230bc: 9048 bb00 | 0000 0000 

  0x00000235a73230c4: ;   {runtime_call nmethod}
  0x00000235a73230c4: 0000 00e9 | fbff ffff 

  0x00000235a73230cc: ;   {static_stub}
  0x00000235a73230cc: 9048 bb00 | 0000 0000 

  0x00000235a73230d4: ;   {runtime_call nmethod}
  0x00000235a73230d4: 0000 00e9 | fbff ffff 

  0x00000235a73230dc: ;   {static_stub}
  0x00000235a73230dc: 48bb 0000 | 0000 0000 

  0x00000235a73230e4: ;   {runtime_call nmethod}
  0x00000235a73230e4: 0000 e9fb 

  0x00000235a73230e8: ;   {static_stub}
  0x00000235a73230e8: ffff ff48 | bb00 0000 | 0000 0000 

  0x00000235a73230f4: ;   {runtime_call nmethod}
  0x00000235a73230f4: 00e9 fbff 

  0x00000235a73230f8: ;   {static_stub}
  0x00000235a73230f8: ffff 48bb | 0000 0000 | 0000 0000 

  0x00000235a7323104: ;   {runtime_call nmethod}
  0x00000235a7323104: e9fb ffff 

  0x00000235a7323108: ;   {static_stub}
  0x00000235a7323108: ff48 bb00 | 0000 0000 

  0x00000235a7323110: ;   {runtime_call nmethod}
  0x00000235a7323110: 0000 00e9 | fbff ffff 

  0x00000235a7323118: ;   {static_stub}
  0x00000235a7323118: 48bb 0000 | 0000 0000 

  0x00000235a7323120: ;   {runtime_call nmethod}
  0x00000235a7323120: 0000 e9fb 

  0x00000235a7323124: ;   {static_stub}
  0x00000235a7323124: ffff ff48 | bb00 0000 | 0000 0000 

  0x00000235a7323130: ;   {runtime_call nmethod}
  0x00000235a7323130: 00e9 fbff 

  0x00000235a7323134: ;   {static_stub}
  0x00000235a7323134: ffff 48bb | 4841 04be | 3502 0000 

  0x00000235a7323140: ;   {runtime_call I2C/C2I adapters}
  0x00000235a7323140: e91e 03c4 

  0x00000235a7323144: ;   {static_stub}
  0x00000235a7323144: 0648 bb00 | 0000 0000 

  0x00000235a732314c: ;   {runtime_call nmethod}
  0x00000235a732314c: 0000 00e9 | fbff ffff 
[Exception Handler]
  0x00000235a7323154: ;   {runtime_call handle_exception_from_callee Runtime1 stub}
  0x00000235a7323154: e8a7 43d0 

  0x00000235a7323158: ;   {external_word}
  0x00000235a7323158: 0648 b990 | 7fff bef8 | 7f00 0048 

  0x00000235a7323164: ;   {runtime_call}
  0x00000235a7323164: 83e4 f048 | b8e0 44c2 | bef8 7f00 | 00ff d0f4 
[Deopt Handler Code]
  0x00000235a7323174: ;   {section_word}
  0x00000235a7323174: 49ba 7431 | 32a7 3502 | 0000 4152 

  0x00000235a7323180: ;   {runtime_call DeoptimizationBlob}
  0x00000235a7323180: e91b 18c4 | 06f4 f4f4 
[/MachCode]


Compiled method (c1) 14961 9929       3       org.eclipse.e4.core.internal.di.InjectorImpl::processAnnotated (417 bytes)
 total in heap  [0x00000235a6b27690,0x00000235a6b28e08] = 6008
 relocation     [0x00000235a6b277f0,0x00000235a6b27980] = 400
 main code      [0x00000235a6b27980,0x00000235a6b28660] = 3296
 stub code      [0x00000235a6b28660,0x00000235a6b28770] = 272
 oops           [0x00000235a6b28770,0x00000235a6b28778] = 8
 metadata       [0x00000235a6b28778,0x00000235a6b287a8] = 48
 scopes data    [0x00000235a6b287a8,0x00000235a6b28b90] = 1000
 scopes pcs     [0x00000235a6b28b90,0x00000235a6b28dc0] = 560
 dependencies   [0x00000235a6b28dc0,0x00000235a6b28dc8] = 8
 nul chk table  [0x00000235a6b28dc8,0x00000235a6b28e08] = 64

[Constant Pool (empty)]

[MachCode]
[Entry Point]
  # {method} {0x00000235817902d0} 'processAnnotated' '(Lorg/eclipse/e4/core/internal/di/AnnotationLookup$AnnotationProxy;Ljava/lang/Object;Ljava/lang/Class;Lorg/eclipse/e4/core/di/suppliers/PrimaryObjectSupplier;Lorg/eclipse/e4/core/di/suppliers/PrimaryObjectSupplier;Ljava/util/List;)V' in 'org/eclipse/e4/core/internal/di/InjectorImpl'
  # this:     rdx:rdx   = 'org/eclipse/e4/core/internal/di/InjectorImpl'
  # parm0:    r8:r8     = 'org/eclipse/e4/core/internal/di/AnnotationLookup$AnnotationProxy'
  # parm1:    r9:r9     = 'java/lang/Object'
  # parm2:    rdi:rdi   = 'java/lang/Class'
  # parm3:    rsi:rsi   = 'org/eclipse/e4/core/di/suppliers/PrimaryObjectSupplier'
  # parm4:    rcx:rcx   = 'org/eclipse/e4/core/di/suppliers/PrimaryObjectSupplier'
  # parm5:    [sp+0xf0]   = 'java/util/List'  (sp of caller)
  0x00000235a6b27980: 448b 5208 | 49bb 0000 | 00be 3502 | 0000 4d03 | d34c 3bd0 

  0x00000235a6b27994: ;   {runtime_call ic_miss_stub}
  0x00000235a6b27994: 0f85 e66d | 4307 660f | 1f44 0000 
[Verified Entry Point]
  0x00000235a6b279a0: 8984 2400 | 80ff ff55 | 4881 ece0 | 0000 0090 | 4181 7f20 | 0a00 0000 

  0x00000235a6b279b8: ;   {runtime_call StubRoutines (final stubs)}
  0x00000235a6b279b8: 7405 e8a1 | d341 0748 | 8954 2470 | 4c89 4424 | 784c 898c | 2480 0000 | 0048 89b4 | 2488 0000 
  0x00000235a6b279d8: 0048 898c | 2490 0000 

  0x00000235a6b279e0: ;   {metadata(method data for {method} {0x00000235817902d0} 'processAnnotated' '(Lorg/eclipse/e4/core/internal/di/AnnotationLookup$AnnotationProxy;Ljava/lang/Object;Ljava/lang/Class;Lorg/eclipse/e4/core/di/suppliers/PrimaryObjectSupplier;Lorg/eclipse/e4/core/di/suppliers/PrimaryObjectSupplier;Ljava/util/List;)V' in 'org/eclipse/e4/core/internal/di/InjectorImpl')}
  0x00000235a6b279e0: 0048 bb68 | 1872 8235 | 0200 008b | 83cc 0000 | 0083 c002 | 8983 cc00 | 0000 25fe | 0700 0085 
  0x00000235a6b27a00: c00f 84c2 | 0a00 0048 | 3b07 488b 

  0x00000235a6b27a0c: ;   {metadata(method data for {method} {0x00000235817902d0} 'processAnnotated' '(Lorg/eclipse/e4/core/internal/di/AnnotationLookup$AnnotationProxy;Ljava/lang/Object;Ljava/lang/Class;Lorg/eclipse/e4/core/di/suppliers/PrimaryObjectSupplier;Lorg/eclipse/e4/core/di/suppliers/PrimaryObjectSupplier;Ljava/util/List;)V' in 'org/eclipse/e4/core/internal/di/InjectorImpl')}
  0x00000235a6b27a0c: df48 b868 | 1872 8235 | 0200 0048 | 8380 1001 | 0000 0148 | 8bd7 4889 

  0x00000235a6b27a24: ;   {optimized virtual_call}
  0x00000235a6b27a24: 7c24 68e8 

  0x00000235a6b27a28: ; ImmutableOopMap {[104]=Oop [112]=Oop [120]=Oop [128]=Oop [136]=Oop [144]=Oop [240]=Oop }
                      ;*invokevirtual getSuperclass {reexecute=0 rethrow=0 return_oop=0}
                      ; - org.eclipse.e4.core.internal.di.InjectorImpl::processAnnotated@1 (line 936)
  0x00000235a6b27a28: b4ba ce07 

  0x00000235a6b27a2c: ;   {other}
  0x00000235a6b27a2c: 0f1f 8400 | 9c03 0000 | 4889 8424 | 9800 0000 

  0x00000235a6b27a3c: ;   {metadata(method data for {method} {0x00000235817902d0} 'processAnnotated' '(Lorg/eclipse/e4/core/internal/di/AnnotationLookup$AnnotationProxy;Ljava/lang/Object;Ljava/lang/Class;Lorg/eclipse/e4/core/di/suppliers/PrimaryObjectSupplier;Lorg/eclipse/e4/core/di/suppliers/PrimaryObjectSupplier;Ljava/util/List;)V' in 'org/eclipse/e4/core/internal/di/InjectorImpl')}
  0x00000235a6b27a3c: 4885 c048 | ba68 1872 | 8235 0200 | 0048 c7c6 | 4801 0000 | 7407 48c7 | c658 0100 | 0048 8b3c 
  0x00000235a6b27a5c: 3248 8d7f | 0148 893c | 320f 84f9 | 0200 0048 | 3b00 488b 

  0x00000235a6b27a70: ;   {metadata(method data for {method} {0x00000235817902d0} 'processAnnotated' '(Lorg/eclipse/e4/core/internal/di/AnnotationLookup$AnnotationProxy;Ljava/lang/Object;Ljava/lang/Class;Lorg/eclipse/e4/core/di/suppliers/PrimaryObjectSupplier;Lorg/eclipse/e4/core/di/suppliers/PrimaryObjectSupplier;Ljava/util/List;)V' in 'org/eclipse/e4/core/internal/di/InjectorImpl')}
  0x00000235a6b27a70: d048 be68 | 1872 8235 | 0200 0048 | 8386 6801 

  0x00000235a6b27a80: ;   {metadata(method data for {method} {0x00000235be465ac0} 'getName' '()Ljava/lang/String;' in 'java/lang/Class')}
  0x00000235a6b27a80: 0000 0148 | bac0 a705 | 8035 0200 | 008b b2cc | 0000 0083 | c602 89b2 | cc00 0000 | 81e6 feff 
  0x00000235a6b27aa0: 1f00 85f6 | 0f84 4a0a | 0000 8b50 | 2c48 c1e2 | 0348 85d2 

  0x00000235a6b27ab4: ;   {metadata(method data for {method} {0x00000235be465ac0} 'getName' '()Ljava/lang/String;' in 'java/lang/Class')}
  0x00000235a6b27ab4: 48be c0a7 | 0580 3502 | 0000 48c7 | c710 0100 | 0074 0748 | c7c7 2001 | 0000 488b | 1c3e 488d 
  0x00000235a6b27ad4: 5b01 4889 | 1c3e 0f84 | 1500 0000 

  0x00000235a6b27ae0: ;   {metadata(method data for {method} {0x00000235be465ac0} 'getName' '()Ljava/lang/String;' in 'java/lang/Class')}
  0x00000235a6b27ae0: 48be c0a7 | 0580 3502 | 0000 ff86 | 3001 0000 | e92a 0000 | 0048 8bd0 

  0x00000235a6b27af8: ;   {metadata(method data for {method} {0x00000235be465ac0} 'getName' '()Ljava/lang/String;' in 'java/lang/Class')}
  0x00000235a6b27af8: 48be c0a7 | 0580 3502 | 0000 4883 | 8648 0100 | 0001 488b 

  0x00000235a6b27b0c: ;   {optimized virtual_call}
  0x00000235a6b27b0c: d066 90e8 

  0x00000235a6b27b10: ; ImmutableOopMap {[104]=Oop [112]=Oop [120]=Oop [128]=Oop [136]=Oop [144]=Oop [152]=Oop [240]=Oop }
                      ;*invokevirtual initClassName {reexecute=0 rethrow=0 return_oop=0}
                      ; - java.lang.Class::getName@14
                      ; - org.eclipse.e4.core.internal.di.InjectorImpl::processAnnotated@13 (line 937)
  0x00000235a6b27b10: 6c6f 4307 

  0x00000235a6b27b14: ;   {other}
  0x00000235a6b27b14: 0f1f 8400 | 8404 0001 | 488b d048 | 3b02 4c8b 

  0x00000235a6b27b24: ;   {metadata(method data for {method} {0x00000235817902d0} 'processAnnotated' '(Lorg/eclipse/e4/core/internal/di/AnnotationLookup$AnnotationProxy;Ljava/lang/Object;Ljava/lang/Class;Lorg/eclipse/e4/core/di/suppliers/PrimaryObjectSupplier;Lorg/eclipse/e4/core/di/suppliers/PrimaryObjectSupplier;Ljava/util/List;)V' in 'org/eclipse/e4/core/internal/di/InjectorImpl')}
  0x00000235a6b27b24: c248 be68 | 1872 8235 | 0200 0048 | 8386 a001 

  0x00000235a6b27b34: ;   {oop("java.lang.Object"{0x000000074043c6c8})}
  0x00000235a6b27b34: 0000 0149 | b8c8 c643 | 4007 0000 | 0066 0f1f 

  0x00000235a6b27b44: ;   {optimized virtual_call}
  0x00000235a6b27b44: 4400 00e8 

  0x00000235a6b27b48: ; ImmutableOopMap {[104]=Oop [112]=Oop [120]=Oop [128]=Oop [136]=Oop [144]=Oop [152]=Oop [240]=Oop }
                      ;*invokevirtual equals {reexecute=0 rethrow=0 return_oop=0}
                      ; - org.eclipse.e4.core.internal.di.InjectorImpl::processAnnotated@18 (line 937)
  0x00000235a6b27b48: f4c3 bd07 

  0x00000235a6b27b4c: ;   {other}
  0x00000235a6b27b4c: 0f1f 8400 | bc04 0002 

  0x00000235a6b27b54: ;   {metadata(method data for {method} {0x00000235817902d0} 'processAnnotated' '(Lorg/eclipse/e4/core/internal/di/AnnotationLookup$AnnotationProxy;Ljava/lang/Object;Ljava/lang/Class;Lorg/eclipse/e4/core/di/suppliers/PrimaryObjectSupplier;Lorg/eclipse/e4/core/di/suppliers/PrimaryObjectSupplier;Ljava/util/List;)V' in 'org/eclipse/e4/core/internal/di/InjectorImpl')}
  0x00000235a6b27b54: 85c0 49b8 | 6818 7282 | 3502 0000 | 48c7 c2d8 | 0100 0075 | 0748 c7c2 | e801 0000 | 498b 3410 
  0x00000235a6b27b74: 488d 7601 | 4989 3410 | 0f85 e201 | 0000 488b | b424 f000 | 0000 483b | 064c 8bc6 

  0x00000235a6b27b90: ;   {metadata(method data for {method} {0x00000235817902d0} 'processAnnotated' '(Lorg/eclipse/e4/core/internal/di/AnnotationLookup$AnnotationProxy;Ljava/lang/Object;Ljava/lang/Class;Lorg/eclipse/e4/core/di/suppliers/PrimaryObjectSupplier;Lorg/eclipse/e4/core/di/suppliers/PrimaryObjectSupplier;Ljava/util/List;)V' in 'org/eclipse/e4/core/internal/di/InjectorImpl')}
  0x00000235a6b27b90: 48ba 6818 | 7282 3502 | 0000 458b | 4008 49ba | 0000 00be | 3502 0000 | 4d03 c24c | 3b82 0802 
  0x00000235a6b27bb0: 0000 750d | 4883 8210 | 0200 0001 | e960 0000 | 004c 3b82 | 1802 0000 | 750d 4883 | 8220 0200 
  0x00000235a6b27bd0: 0001 e94a | 0000 0048 | 83ba 0802 | 0000 0075 | 174c 8982 | 0802 0000 | 48c7 8210 | 0200 0001 
  0x00000235a6b27bf0: 0000 00e9 | 2900 0000 | 4883 ba18 | 0200 0000 | 7517 4c89 | 8218 0200 | 0048 c782 | 2002 0000 
  0x00000235a6b27c10: 0100 0000 | e908 0000 | 0048 8382 | f801 0000 | 014c 8b44 | 2468 488b | d60f 1f40 | 0048 b8e0 
  0x00000235a6b27c30: a50b be35 

  0x00000235a6b27c34: ;   {virtual_call}
  0x00000235a6b27c34: 0200 00e8 

  0x00000235a6b27c38: ; ImmutableOopMap {[104]=Oop [112]=Oop [120]=Oop [128]=Oop [136]=Oop [144]=Oop [152]=Oop [240]=Oop }
                      ;*invokeinterface add {reexecute=0 rethrow=0 return_oop=0}
                      ; - org.eclipse.e4.core.internal.di.InjectorImpl::processAnnotated@27 (line 938)
  0x00000235a6b27c38: a420 bb07 

  0x00000235a6b27c3c: ;   {other}
  0x00000235a6b27c3c: 0f1f 8400 | ac05 0003 | 488b 5424 

  0x00000235a6b27c48: ;   {metadata(method data for {method} {0x00000235817902d0} 'processAnnotated' '(Lorg/eclipse/e4/core/internal/di/AnnotationLookup$AnnotationProxy;Ljava/lang/Object;Ljava/lang/Class;Lorg/eclipse/e4/core/di/suppliers/PrimaryObjectSupplier;Lorg/eclipse/e4/core/di/suppliers/PrimaryObjectSupplier;Ljava/util/List;)V' in 'org/eclipse/e4/core/internal/di/InjectorImpl')}
  0x00000235a6b27c48: 7049 b868 | 1872 8235 | 0200 0049 | 8380 3002 | 0000 014c | 8b44 2478 | 4c8b 8c24 | 8000 0000 
  0x00000235a6b27c68: 488b bc24 | 9800 0000 | 488b b424 | 8800 0000 | 488b 8c24 | 9000 0000 | 488b 9c24 | f000 0000 
  0x00000235a6b27c88: 4889 1c24 | 488b 5424 | 7066 0f1f 

  0x00000235a6b27c94: ;   {optimized virtual_call}
  0x00000235a6b27c94: 4400 00e8 

  0x00000235a6b27c98: ; ImmutableOopMap {[104]=Oop [112]=Oop [120]=Oop [128]=Oop [136]=Oop [144]=Oop [240]=Oop }
                      ;*invokevirtual processAnnotated {reexecute=0 rethrow=0 return_oop=0}
                      ; - org.eclipse.e4.core.internal.di.InjectorImpl::processAnnotated@44 (line 939)
  0x00000235a6b27c98: 04fd ffff 

  0x00000235a6b27c9c: ;   {other}
  0x00000235a6b27c9c: 0f1f 8400 | 0c06 0004 | 488b b424 | f000 0000 

  0x00000235a6b27cac: ;   {metadata(method data for {method} {0x00000235817902d0} 'processAnnotated' '(Lorg/eclipse/e4/core/internal/di/AnnotationLookup$AnnotationProxy;Ljava/lang/Object;Ljava/lang/Class;Lorg/eclipse/e4/core/di/suppliers/PrimaryObjectSupplier;Lorg/eclipse/e4/core/di/suppliers/PrimaryObjectSupplier;Ljava/util/List;)V' in 'org/eclipse/e4/core/internal/di/InjectorImpl')}
  0x00000235a6b27cac: 49b8 6818 | 7282 3502 | 0000 8b76 | 0849 ba00 | 0000 be35 | 0200 0049 | 03f2 493b | b078 0200 
  0x00000235a6b27ccc: 0075 0d49 | 8380 8002 | 0000 01e9 | 6000 0000 | 493b b088 | 0200 0075 | 0d49 8380 | 9002 0000 
  0x00000235a6b27cec: 01e9 4a00 | 0000 4983 | b878 0200 | 0000 7517 | 4989 b078 | 0200 0049 | c780 8002 | 0000 0100 
  0x00000235a6b27d0c: 0000 e929 | 0000 0049 | 83b8 8802 | 0000 0075 | 1749 89b0 | 8802 0000 | 49c7 8090 | 0200 0001 
  0x00000235a6b27d2c: 0000 00e9 | 0800 0000 | 4983 8068 | 0200 0001 | 4c8b 4424 | 6848 8b94 | 24f0 0000 | 000f 1f40 
  0x00000235a6b27d4c: 0048 b8e0 | a50b be35 

  0x00000235a6b27d54: ;   {virtual_call}
  0x00000235a6b27d54: 0200 00e8 

  0x00000235a6b27d58: ; ImmutableOopMap {[104]=Oop [112]=Oop [120]=Oop [128]=Oop [136]=Oop [144]=Oop [240]=Oop }
                      ;*invokeinterface remove {reexecute=0 rethrow=0 return_oop=0}
                      ; - org.eclipse.e4.core.internal.di.InjectorImpl::processAnnotated@50 (line 940)
  0x00000235a6b27d58: 647b 1308 

  0x00000235a6b27d5c: ;   {other}
  0x00000235a6b27d5c: 0f1f 8400 | cc06 0005 | 488b 7c24 | 6848 8b54 

  0x00000235a6b27d6c: ;   {metadata(method data for {method} {0x00000235817902d0} 'processAnnotated' '(Lorg/eclipse/e4/core/internal/di/AnnotationLookup$AnnotationProxy;Ljava/lang/Object;Ljava/lang/Class;Lorg/eclipse/e4/core/di/suppliers/PrimaryObjectSupplier;Lorg/eclipse/e4/core/di/suppliers/PrimaryObjectSupplier;Ljava/util/List;)V' in 'org/eclipse/e4/core/internal/di/InjectorImpl')}
  0x00000235a6b27d6c: 2470 49b8 | 6818 7282 | 3502 0000 | 4983 80a0 | 0200 0001 | 4c8b c748 | 8b54 2470 | 0f1f 8000 
  0x00000235a6b27d8c: ;   {optimized virtual_call}
  0x00000235a6b27d8c: 0000 00e8 

  0x00000235a6b27d90: ; ImmutableOopMap {[112]=Oop [120]=Oop [128]=Oop [136]=Oop [144]=Oop [240]=Oop }
                      ;*invokevirtual getDeclaredMethods {reexecute=0 rethrow=0 return_oop=0}
                      ; - org.eclipse.e4.core.internal.di.InjectorImpl::processAnnotated@58 (line 942)
  0x00000235a6b27d90: 4ccd 0800 

  0x00000235a6b27d94: ;   {other}
  0x00000235a6b27d94: 0f1f 8400 | 0407 0006 | 4889 8424 | b000 0000 

  0x00000235a6b27da4: ; implicit exception: dispatches to 0x00000235a6b2851f
  0x00000235a6b27da4: 8b70 0c89 | b424 a400 

  0x00000235a6b27dac: ;   {metadata(method data for {method} {0x00000235817902d0} 'processAnnotated' '(Lorg/eclipse/e4/core/internal/di/AnnotationLookup$AnnotationProxy;Ljava/lang/Object;Ljava/lang/Class;Lorg/eclipse/e4/core/di/suppliers/PrimaryObjectSupplier;Lorg/eclipse/e4/core/di/suppliers/PrimaryObjectSupplier;Ljava/util/List;)V' in 'org/eclipse/e4/core/internal/di/InjectorImpl')}
  0x00000235a6b27dac: 0000 49b8 | 6818 7282 | 3502 0000 | 41ff 80d8 | 0200 00bf | 0000 0000 | 0f1f 4000 | 4c8b 4424 
  0x00000235a6b27dcc: 783b fe41 | bd02 0000 | 007c 0641 | bd00 0000 

  0x00000235a6b27ddc: ;   {metadata(method data for {method} {0x00000235817902d0} 'processAnnotated' '(Lorg/eclipse/e4/core/internal/di/AnnotationLookup$AnnotationProxy;Ljava/lang/Object;Ljava/lang/Class;Lorg/eclipse/e4/core/di/suppliers/PrimaryObjectSupplier;Lorg/eclipse/e4/core/di/suppliers/PrimaryObjectSupplier;Ljava/util/List;)V' in 'org/eclipse/e4/core/internal/di/InjectorImpl')}
  0x00000235a6b27ddc: 0049 be68 | 1872 8235 | 0200 0041 | 8b96 d000 | 0000 4103 | d541 8996 | d000 0000 | 4585 ed75 
  0x00000235a6b27dfc: 05ba 0200 | 0000 81e2 | fe3f 0000 | 85d2 0f84 | 1407 0000 | 4d8b 9750 

  0x00000235a6b27e14: ; ImmutableOopMap {rax=Oop r8=Oop [112]=Oop [120]=Oop [128]=Oop [136]=Oop [144]=Oop [176]=Oop [240]=Oop }
                      ;*if_icmplt {reexecute=1 rethrow=0 return_oop=0}
                      ; - (reexecute) org.eclipse.e4.core.internal.di.InjectorImpl::processAnnotated@413 (line 943)
                      ;   {poll}
  0x00000235a6b27e14: 0400 0041 | 8502 3bfe 

  0x00000235a6b27e1c: ;   {metadata(method data for {method} {0x00000235817902d0} 'processAnnotated' '(Lorg/eclipse/e4/core/internal/di/AnnotationLookup$AnnotationProxy;Ljava/lang/Object;Ljava/lang/Class;Lorg/eclipse/e4/core/di/suppliers/PrimaryObjectSupplier;Lorg/eclipse/e4/core/di/suppliers/PrimaryObjectSupplier;Ljava/util/List;)V' in 'org/eclipse/e4/core/internal/di/InjectorImpl')}
  0x00000235a6b27e1c: 48ba 6818 | 7282 3502 | 0000 49c7 | c508 0c00 | 007d 0749 | c7c5 f80b | 0000 4e8b | 342a 4d8d 
  0x00000235a6b27e3c: 7601 4e89 | 342a 0f8d | 3905 0000 | 488b 5424 | 704c 63ef | 468b 6ca8 | 1049 c1e5 | 034c 8bf2 
  0x00000235a6b27e5c: 89bc 24a0 

  0x00000235a6b27e60: ;   {metadata(method data for {method} {0x00000235817902d0} 'processAnnotated' '(Lorg/eclipse/e4/core/internal/di/AnnotationLookup$AnnotationProxy;Ljava/lang/Object;Ljava/lang/Class;Lorg/eclipse/e4/core/di/suppliers/PrimaryObjectSupplier;Lorg/eclipse/e4/core/di/suppliers/PrimaryObjectSupplier;Ljava/util/List;)V' in 'org/eclipse/e4/core/internal/di/InjectorImpl')}
  0x00000235a6b27e60: 0000 0048 | be68 1872 | 8235 0200 | 0048 8386 | f002 0000 | 0149 8bf0 | 4d8b c54c | 8bce 4c8b 
  0x00000235a6b27e80: f249 8bd6 | 4c89 ac24 | a800 0000 

  0x00000235a6b27e8c: ;   {optimized virtual_call}
  0x00000235a6b27e8c: 6666 90e8 

  0x00000235a6b27e90: ; ImmutableOopMap {[112]=Oop [120]=Oop [128]=Oop [136]=Oop [144]=Oop [168]=Oop [176]=Oop [240]=Oop }
                      ;*invokevirtual isAnnotationPresent {reexecute=0 rethrow=0 return_oop=0}
                      ; - org.eclipse.e4.core.internal.di.InjectorImpl::processAnnotated@88 (line 944)
  0x00000235a6b27e90: 6ce9 2008 

  0x00000235a6b27e94: ;   {other}
  0x00000235a6b27e94: 0f1f 8400 | 0408 0008 

  0x00000235a6b27e9c: ;   {metadata(method data for {method} {0x00000235817902d0} 'processAnnotated' '(Lorg/eclipse/e4/core/internal/di/AnnotationLookup$AnnotationProxy;Ljava/lang/Object;Ljava/lang/Class;Lorg/eclipse/e4/core/di/suppliers/PrimaryObjectSupplier;Lorg/eclipse/e4/core/di/suppliers/PrimaryObjectSupplier;Ljava/util/List;)V' in 'org/eclipse/e4/core/internal/di/InjectorImpl')}
  0x00000235a6b27e9c: 85c0 49b8 | 6818 7282 | 3502 0000 | 49c7 c128 | 0300 0075 | 0749 c7c1 | 3803 0000 | 4b8b 1408 
  0x00000235a6b27ebc: 488d 5201 | 4b89 1408 | 0f85 1600 

  0x00000235a6b27ec8: ;   {metadata(method data for {method} {0x00000235817902d0} 'processAnnotated' '(Lorg/eclipse/e4/core/internal/di/AnnotationLookup$AnnotationProxy;Ljava/lang/Object;Ljava/lang/Class;Lorg/eclipse/e4/core/di/suppliers/PrimaryObjectSupplier;Lorg/eclipse/e4/core/di/suppliers/PrimaryObjectSupplier;Ljava/util/List;)V' in 'org/eclipse/e4/core/internal/di/InjectorImpl')}
  0x00000235a6b27ec8: 0000 49b8 | 6818 7282 | 3502 0000 | 41ff 8048 | 0300 00e9 | 8404 0000 | 488b 5424 

  0x00000235a6b27ee4: ;   {metadata(method data for {method} {0x00000235817902d0} 'processAnnotated' '(Lorg/eclipse/e4/core/internal/di/AnnotationLookup$AnnotationProxy;Ljava/lang/Object;Ljava/lang/Class;Lorg/eclipse/e4/core/di/suppliers/PrimaryObjectSupplier;Lorg/eclipse/e4/core/di/suppliers/PrimaryObjectSupplier;Ljava/util/List;)V' in 'org/eclipse/e4/core/internal/di/InjectorImpl')}
  0x00000235a6b27ee4: 7049 b868 | 1872 8235 | 0200 0049 | 8380 d009 | 0000 014c | 8b84 24a8 | 0000 004c | 8b8c 24f0 
  0x00000235a6b27f04: 0000 0048 | 8b54 2470 

  0x00000235a6b27f0c: ;   {optimized virtual_call}
  0x00000235a6b27f0c: 6666 90e8 

  0x00000235a6b27f10: ; ImmutableOopMap {[112]=Oop [120]=Oop [128]=Oop [136]=Oop [144]=Oop [168]=Oop [176]=Oop [240]=Oop }
                      ;*invokevirtual isOverridden {reexecute=0 rethrow=0 return_oop=0}
                      ; - org.eclipse.e4.core.internal.di.InjectorImpl::processAnnotated@314 (line 964)
  0x00000235a6b27f10: ae07 0000 

  0x00000235a6b27f14: ;   {other}
  0x00000235a6b27f14: 0f1f 8400 | 8408 0009 

  0x00000235a6b27f1c: ;   {metadata(method data for {method} {0x00000235817902d0} 'processAnnotated' '(Lorg/eclipse/e4/core/internal/di/AnnotationLookup$AnnotationProxy;Ljava/lang/Object;Ljava/lang/Class;Lorg/eclipse/e4/core/di/suppliers/PrimaryObjectSupplier;Lorg/eclipse/e4/core/di/suppliers/PrimaryObjectSupplier;Ljava/util/List;)V' in 'org/eclipse/e4/core/internal/di/InjectorImpl')}
  0x00000235a6b27f1c: 85c0 48ba | 6818 7282 | 3502 0000 | 48c7 c608 | 0a00 0074 | 0748 c7c6 | 180a 0000 | 488b 3c32 
  0x00000235a6b27f3c: 488d 7f01 | 4889 3c32 | 0f84 1500 

  0x00000235a6b27f48: ;   {metadata(method data for {method} {0x00000235817902d0} 'processAnnotated' '(Lorg/eclipse/e4/core/internal/di/AnnotationLookup$AnnotationProxy;Ljava/lang/Object;Ljava/lang/Class;Lorg/eclipse/e4/core/di/suppliers/PrimaryObjectSupplier;Lorg/eclipse/e4/core/di/suppliers/PrimaryObjectSupplier;Ljava/util/List;)V' in 'org/eclipse/e4/core/internal/di/InjectorImpl')}
  0x00000235a6b27f48: 0000 48ba | 6818 7282 | 3502 0000 | ff82 280a | 0000 e905 

  0x00000235a6b27f5c: ;   {metadata('org/eclipse/e4/core/internal/di/MethodRequestor')}
  0x00000235a6b27f5c: 0400 0048 | bac0 1730 | bf35 0200 | 0049 8b87 | b801 0000 | 488d 7830 | 493b bfc8 | 0100 000f 
  0x00000235a6b27f7c: 87c4 0500 | 0049 89bf | b801 0000 | 48c7 0001 | 0000 0048 | 8bca 49ba | 0000 00be | 3502 0000 
  0x00000235a6b27f9c: 492b ca89 | 4808 4833 | c989 480c | 4833 c948 | 8948 1048 | 8948 1848 | 8948 2048 | 8948 2848 
  0x00000235a6b27fbc: 8984 24b8 | 0000 004c 

  0x00000235a6b27fc4: ;   {metadata(method data for {method} {0x00000235817902d0} 'processAnnotated' '(Lorg/eclipse/e4/core/internal/di/AnnotationLookup$AnnotationProxy;Ljava/lang/Object;Ljava/lang/Class;Lorg/eclipse/e4/core/di/suppliers/PrimaryObjectSupplier;Lorg/eclipse/e4/core/di/suppliers/PrimaryObjectSupplier;Ljava/util/List;)V' in 'org/eclipse/e4/core/internal/di/InjectorImpl')}
  0x00000235a6b27fc4: 8bc0 49b9 | 6818 7282 | 3502 0000 | 4983 8140 | 0a00 0001 | 4c8b 8424 | a800 0000 | 4c8b 4c24 
  0x00000235a6b27fe4: 7048 8bbc | 2488 0000 | 0048 8bb4 | 2490 0000 | 0048 8b8c | 2480 0000 | 00c7 0424 | 0000 0000 
  0x00000235a6b28004: ;   {optimized virtual_call}
  0x00000235a6b28004: 488b d0e8 

  0x00000235a6b28008: ; ImmutableOopMap {[112]=Oop [120]=Oop [128]=Oop [136]=Oop [144]=Oop [168]=Oop [176]=Oop [184]=Oop [240]=Oop }
                      ;*invokespecial <init> {reexecute=0 rethrow=0 return_oop=0}
                      ; - org.eclipse.e4.core.internal.di.InjectorImpl::processAnnotated@336 (line 967)
  0x00000235a6b28008: c506 0000 

  0x00000235a6b2800c: ;   {other}
  0x00000235a6b2800c: 0f1f 8400 | 7c09 000a | 488b 5424 

  0x00000235a6b28018: ;   {metadata(method data for {method} {0x00000235817902d0} 'processAnnotated' '(Lorg/eclipse/e4/core/internal/di/AnnotationLookup$AnnotationProxy;Ljava/lang/Object;Ljava/lang/Class;Lorg/eclipse/e4/core/di/suppliers/PrimaryObjectSupplier;Lorg/eclipse/e4/core/di/suppliers/PrimaryObjectSupplier;Ljava/util/List;)V' in 'org/eclipse/e4/core/internal/di/InjectorImpl')}
  0x00000235a6b28018: 7049 b868 | 1872 8235 | 0200 0049 | 8380 500a | 0000 014c | 8b84 24b8 | 0000 004c | 8b8c 2488 
  0x00000235a6b28038: 0000 0048 | 8bbc 2490 | 0000 00be | 0000 0000 | b900 0000 | 00c7 0424 | 0000 0000 | 488b 5424 
  0x00000235a6b28058: 7066 0f1f 

  0x00000235a6b2805c: ;   {optimized virtual_call}
  0x00000235a6b2805c: 4400 00e8 

  0x00000235a6b28060: ; ImmutableOopMap {[112]=Oop [120]=Oop [128]=Oop [136]=Oop [144]=Oop [168]=Oop [176]=Oop [184]=Oop [240]=Oop }
                      ;*invokevirtual resolveArgs {reexecute=0 rethrow=0 return_oop=0}
                      ; - org.eclipse.e4.core.internal.di.InjectorImpl::processAnnotated@351 (line 968)
  0x00000235a6b28060: 1cb3 0a00 

  0x00000235a6b28064: ;   {other}
  0x00000235a6b28064: 0f1f 8400 | d409 000b | 4889 8424 | c000 0000 | 488b 5424 

  0x00000235a6b28078: ;   {metadata(method data for {method} {0x00000235817902d0} 'processAnnotated' '(Lorg/eclipse/e4/core/internal/di/AnnotationLookup$AnnotationProxy;Ljava/lang/Object;Ljava/lang/Class;Lorg/eclipse/e4/core/di/suppliers/PrimaryObjectSupplier;Lorg/eclipse/e4/core/di/suppliers/PrimaryObjectSupplier;Ljava/util/List;)V' in 'org/eclipse/e4/core/internal/di/InjectorImpl')}
  0x00000235a6b28078: 7049 b868 | 1872 8235 | 0200 0049 | 8380 880a 

  0x00000235a6b28088: ;   {metadata(method data for {method} {0x000002358178b338} 'unresolved' '([Ljava/lang/Object;)I' in 'org/eclipse/e4/core/internal/di/InjectorImpl')}
  0x00000235a6b28088: 0000 0149 | b878 ef61 | 8235 0200 | 0045 8b88 | cc00 0000 | 4183 c102 | 4589 88cc | 0000 0041 
  0x00000235a6b280a8: 81e1 feff | 1f00 4585 | c90f 849b 

  0x00000235a6b280b4: ;   {metadata(method data for {method} {0x000002358178b338} 'unresolved' '([Ljava/lang/Object;)I' in 'org/eclipse/e4/core/internal/di/InjectorImpl')}
  0x00000235a6b280b4: 0400 0049 | b878 ef61 | 8235 0200 | 0041 ff80 | 1001 0000 | 41b8 0000 | 0000 e94d | 0000 000f 
  0x00000235a6b280d4: 1f44 0000 | 4d63 c846 | 8b4c 8810 | 49c1 e103 

  0x00000235a6b280e4: ;   {oop(a 'java/lang/Object'{0x0000000741a284c0})}
  0x00000235a6b280e4: 49ba c084 | a241 0700 | 0000 4d3b 

  0x00000235a6b280f0: ;   {metadata(method data for {method} {0x000002358178b338} 'unresolved' '([Ljava/lang/Object;)I' in 'org/eclipse/e4/core/internal/di/InjectorImpl')}
  0x00000235a6b280f0: ca49 b978 | ef61 8235 | 0200 0048 | c7c2 3801 | 0000 7407 | 48c7 c228 | 0100 0049 | 8b34 1148 
  0x00000235a6b28110: 8d76 0149 | 8934 110f | 8484 0000 | 0041 ffc0 

  0x00000235a6b28120: ; implicit exception: dispatches to 0x00000235a6b28573
  0x00000235a6b28120: 448b 480c | 453b c1ba | 0200 0000 | 7c05 ba00 

  0x00000235a6b28130: ;   {metadata(method data for {method} {0x000002358178b338} 'unresolved' '([Ljava/lang/Object;)I' in 'org/eclipse/e4/core/internal/di/InjectorImpl')}
  0x00000235a6b28130: 0000 0048 | be78 ef61 | 8235 0200 | 008b bed0 | 0000 0003 | fa89 bed0 | 0000 0085 | d275 05bf 
  0x00000235a6b28150: 0200 0000 | 81e7 fe3f | 0000 85ff | 0f84 1604 | 0000 4d8b | 9750 0400 

  0x00000235a6b28168: ; ImmutableOopMap {rax=Oop [112]=Oop [120]=Oop [128]=Oop [136]=Oop [144]=Oop [168]=Oop [176]=Oop [184]=Oop [192]=Oop [240]=Oop }
                      ;*if_icmplt {reexecute=1 rethrow=0 return_oop=0}
                      ; - (reexecute) org.eclipse.e4.core.internal.di.InjectorImpl::unresolved@22 (line 625)
                      ; - org.eclipse.e4.core.internal.di.InjectorImpl::processAnnotated@359 (line 969)
                      ;   {poll}
  0x00000235a6b28168: 0041 8502 

  0x00000235a6b2816c: ;   {metadata(method data for {method} {0x000002358178b338} 'unresolved' '([Ljava/lang/Object;)I' in 'org/eclipse/e4/core/internal/di/InjectorImpl')}
  0x00000235a6b2816c: 453b c149 | b978 ef61 | 8235 0200 | 0048 c7c2 | 4801 0000 | 7c07 48c7 | c258 0100 | 0049 8b34 
  0x00000235a6b2818c: 1148 8d76 | 0149 8934 | 110f 8c3d | ffff ff41 | b8ff ffff | ff41 83f8 

  0x00000235a6b281a4: ;   {metadata(method data for {method} {0x00000235817902d0} 'processAnnotated' '(Lorg/eclipse/e4/core/internal/di/AnnotationLookup$AnnotationProxy;Ljava/lang/Object;Ljava/lang/Class;Lorg/eclipse/e4/core/di/suppliers/PrimaryObjectSupplier;Lorg/eclipse/e4/core/di/suppliers/PrimaryObjectSupplier;Ljava/util/List;)V' in 'org/eclipse/e4/core/internal/di/InjectorImpl')}
  0x00000235a6b281a4: ff49 b968 | 1872 8235 | 0200 0048 | c7c2 c00a | 0000 7407 | 48c7 c2d0 | 0a00 0049 | 8b34 1148 
  0x00000235a6b281c4: 8d76 0149 | 8934 110f | 848e 0000 | 0044 8984 | 24c8 0000 | 004c 8bac | 24a8 0000 | 0048 8b54 
  0x00000235a6b281e4: ;   {metadata(method data for {method} {0x00000235817902d0} 'processAnnotated' '(Lorg/eclipse/e4/core/internal/di/AnnotationLookup$AnnotationProxy;Ljava/lang/Object;Ljava/lang/Class;Lorg/eclipse/e4/core/di/suppliers/PrimaryObjectSupplier;Lorg/eclipse/e4/core/di/suppliers/PrimaryObjectSupplier;Ljava/util/List;)V' in 'org/eclipse/e4/core/internal/di/InjectorImpl')}
  0x00000235a6b281e4: 2470 49b9 | 6818 7282 | 3502 0000 | 4983 81e0 | 0a00 0001 

  0x00000235a6b281f8: ;   {oop(a 'org/eclipse/e4/core/internal/di/AnnotationLookup$AnnotationProxy'{0x0000000741c53690})}
  0x00000235a6b281f8: 4d8b c549 | b990 36c5 | 4107 0000 | 0048 8b54 | 2470 0f1f 

  0x00000235a6b2820c: ;   {optimized virtual_call}
  0x00000235a6b2820c: 4400 00e8 

  0x00000235a6b28210: ; ImmutableOopMap {[112]=Oop [120]=Oop [128]=Oop [136]=Oop [144]=Oop [176]=Oop [184]=Oop [192]=Oop [240]=Oop }
                      ;*invokevirtual isAnnotationPresent {reexecute=0 rethrow=0 return_oop=0}
                      ; - org.eclipse.e4.core.internal.di.InjectorImpl::processAnnotated@376 (line 971)
  0x00000235a6b28210: 6c68 4307 

  0x00000235a6b28214: ;   {other}
  0x00000235a6b28214: 0f1f 8400 | 840b 000d 

  0x00000235a6b2821c: ;   {metadata(method data for {method} {0x00000235817902d0} 'processAnnotated' '(Lorg/eclipse/e4/core/internal/di/AnnotationLookup$AnnotationProxy;Ljava/lang/Object;Ljava/lang/Class;Lorg/eclipse/e4/core/di/suppliers/PrimaryObjectSupplier;Lorg/eclipse/e4/core/di/suppliers/PrimaryObjectSupplier;Ljava/util/List;)V' in 'org/eclipse/e4/core/internal/di/InjectorImpl')}
  0x00000235a6b2821c: 85c0 48ba | 6818 7282 | 3502 0000 | 48c7 c618 | 0b00 0074 | 0748 c7c6 | 280b 0000 | 488b 3c32 
  0x00000235a6b2823c: 488d 7f01 | 4889 3c32 | 0f84 4d01 

  0x00000235a6b28248: ;   {metadata(method data for {method} {0x00000235817902d0} 'processAnnotated' '(Lorg/eclipse/e4/core/internal/di/AnnotationLookup$AnnotationProxy;Ljava/lang/Object;Ljava/lang/Class;Lorg/eclipse/e4/core/di/suppliers/PrimaryObjectSupplier;Lorg/eclipse/e4/core/di/suppliers/PrimaryObjectSupplier;Ljava/util/List;)V' in 'org/eclipse/e4/core/internal/di/InjectorImpl')}
  0x00000235a6b28248: 0000 48ba | 6818 7282 | 3502 0000 | ff82 380b | 0000 e905 | 0100 0048 | 8bf0 488b | 8424 b800 
  0x00000235a6b28268: 0000 488b 

  0x00000235a6b2826c: ;   {metadata(method data for {method} {0x00000235817902d0} 'processAnnotated' '(Lorg/eclipse/e4/core/internal/di/AnnotationLookup$AnnotationProxy;Ljava/lang/Object;Ljava/lang/Class;Lorg/eclipse/e4/core/di/suppliers/PrimaryObjectSupplier;Lorg/eclipse/e4/core/di/suppliers/PrimaryObjectSupplier;Ljava/util/List;)V' in 'org/eclipse/e4/core/internal/di/InjectorImpl')}
  0x00000235a6b2826c: d048 bf68 | 1872 8235 | 0200 008b | 5208 49ba | 0000 00be | 3502 0000 | 4903 d248 | 3b97 980b 
  0x00000235a6b2828c: 0000 750d | 4883 87a0 | 0b00 0001 | e960 0000 | 0048 3b97 | a80b 0000 | 750d 4883 | 87b0 0b00 
  0x00000235a6b282ac: 0001 e94a | 0000 0048 | 83bf 980b | 0000 0075 | 1748 8997 | 980b 0000 | 48c7 87a0 | 0b00 0001 
  0x00000235a6b282cc: 0000 00e9 | 2900 0000 | 4883 bfa8 | 0b00 0000 | 7517 4889 | 97a8 0b00 | 0048 c787 | b00b 0000 
  0x00000235a6b282ec: 0100 0000 | e908 0000 | 0048 8387 | 880b 0000 | 0141 0fbe | 5740 85d2 | 0f85 8f02 | 0000 4c8b 
  0x00000235a6b2830c: d649 c1ea | 0344 8950 | 2848 8bd0 | 4833 d648 | c1ea 1548 | 83fa 000f | 858f 0200 | 0048 8bd0 
  0x00000235a6b2832c: ;   {metadata(method data for {method} {0x00000235817902d0} 'processAnnotated' '(Lorg/eclipse/e4/core/internal/di/AnnotationLookup$AnnotationProxy;Ljava/lang/Object;Ljava/lang/Class;Lorg/eclipse/e4/core/di/suppliers/PrimaryObjectSupplier;Lorg/eclipse/e4/core/di/suppliers/PrimaryObjectSupplier;Ljava/util/List;)V' in 'org/eclipse/e4/core/internal/di/InjectorImpl')}
  0x00000235a6b2832c: 48be 6818 | 7282 3502 

  0x00000235a6b28334: ;   {metadata('org/eclipse/e4/core/internal/di/MethodRequestor')}
  0x00000235a6b28334: 0000 49ba | c017 30bf | 3502 0000 | 4c89 96d0 | 0b00 0048 | 8386 d80b | 0000 0148 | 8bd0 0f1f 
  0x00000235a6b28354: ;   {optimized virtual_call}
  0x00000235a6b28354: 4400 00e8 

  0x00000235a6b28358: ; ImmutableOopMap {[112]=Oop [120]=Oop [128]=Oop [136]=Oop [144]=Oop [176]=Oop [240]=Oop }
                      ;*invokevirtual execute {reexecute=0 rethrow=0 return_oop=0}
                      ; - org.eclipse.e4.core.internal.di.InjectorImpl::processAnnotated@402 (line 977)
  0x00000235a6b28358: 4487 7f00 

  0x00000235a6b2835c: ;   {other}
  0x00000235a6b2835c: 0f1f 8400 | cc0c 000e | 8bbc 24a0 | 0000 00ff | c78b b424 | a400 0000 | 488b 8424 | b000 0000 
  0x00000235a6b2837c: e947 faff | ff48 81c4 | e000 0000 

  0x00000235a6b28388: ;   {poll_return}
  0x00000235a6b28388: 5d49 3ba7 | 4804 0000 | 0f87 3a02 | 0000 c344 | 8b8c 24c8 | 0000 0048 | 8b84 24b8 | 0000 0048 
  0x00000235a6b283a8: 8b54 2470 

  0x00000235a6b283ac: ;   {metadata(method data for {method} {0x00000235817902d0} 'processAnnotated' '(Lorg/eclipse/e4/core/internal/di/AnnotationLookup$AnnotationProxy;Ljava/lang/Object;Ljava/lang/Class;Lorg/eclipse/e4/core/di/suppliers/PrimaryObjectSupplier;Lorg/eclipse/e4/core/di/suppliers/PrimaryObjectSupplier;Ljava/util/List;)V' in 'org/eclipse/e4/core/internal/di/InjectorImpl')}
  0x00000235a6b283ac: 49b8 6818 | 7282 3502 | 0000 4983 | 8050 0b00 

  0x00000235a6b283bc: ;   {metadata(method data for {method} {0x000002358178a810} 'reportUnresolvedArgument' '(Lorg/eclipse/e4/core/internal/di/Requestor;I)V' in 'org/eclipse/e4/core/internal/di/InjectorImpl')}
  0x00000235a6b283bc: 0001 49b8 | 2826 7282 | 3502 0000 | 418b 90cc | 0000 0083 | c202 4189 | 90cc 0000 | 0081 e2fe 
  0x00000235a6b283dc: ff1f 0085 | d20f 84ff | 0100 0048 | 8b54 2470 

  0x00000235a6b283ec: ;   {metadata(method data for {method} {0x000002358178a810} 'reportUnresolvedArgument' '(Lorg/eclipse/e4/core/internal/di/Requestor;I)V' in 'org/eclipse/e4/core/internal/di/InjectorImpl')}
  0x00000235a6b283ec: 49b8 2826 | 7282 3502 | 0000 4983 | 8010 0100 | 0001 4c8b | c048 8b54 

  0x00000235a6b28404: ;   {optimized virtual_call}
  0x00000235a6b28404: 2470 90e8 

  0x00000235a6b28408: ; ImmutableOopMap {[112]=Oop [120]=Oop [128]=Oop [136]=Oop [144]=Oop [176]=Oop [184]=Oop [192]=Oop [240]=Oop }
                      ;*invokevirtual resolutionError {reexecute=0 rethrow=0 return_oop=0}
                      ; - org.eclipse.e4.core.internal.di.InjectorImpl::reportUnresolvedArgument@3 (line 458)
                      ; - org.eclipse.e4.core.internal.di.InjectorImpl::processAnnotated@390 (line 974)
  0x00000235a6b28408: 7466 4307 

  0x00000235a6b2840c: ;   {other}
  0x00000235a6b2840c: 0f1f 8400 | 7c0d 000f 

  0x00000235a6b28414: ;   {metadata(method data for {method} {0x000002358178a810} 'reportUnresolvedArgument' '(Lorg/eclipse/e4/core/internal/di/Requestor;I)V' in 'org/eclipse/e4/core/internal/di/InjectorImpl')}
  0x00000235a6b28414: 4c8b c048 | ba28 2672 | 8235 0200 | 00ff 8248 | 0100 0090 

  0x00000235a6b28428: ;   {no_reloc}
  0x00000235a6b28428: e9e9 0100 | 0000 0000 | 0000 80ba | 2101 0000 | 040f 85e6 | 0100 0049 | 8b87 b801 | 0000 488d 
  0x00000235a6b28448: 7828 493b | bfc8 0100 | 000f 87ce | 0100 0049 | 89bf b801 | 0000 48c7 | 0001 0000 | 0048 8bca 
  0x00000235a6b28468: 49ba 0000 | 00be 3502 | 0000 492b | ca89 4808 | 4833 c989 | 480c 4833 | c948 8948 | 1048 8948 
  0x00000235a6b28488: 1848 8948 | 2048 8bd0 

  0x00000235a6b28490: ;   {metadata(method data for {method} {0x000002358178a810} 'reportUnresolvedArgument' '(Lorg/eclipse/e4/core/internal/di/Requestor;I)V' in 'org/eclipse/e4/core/internal/di/InjectorImpl')}
  0x00000235a6b28490: 48be 2826 | 7282 3502 | 0000 4883 | 8678 0100 | 0001 488b | d048 8984 | 24d0 0000 

  0x00000235a6b284ac: ;   {optimized virtual_call}
  0x00000235a6b284ac: 0066 90e8 

  0x00000235a6b284b0: ; ImmutableOopMap {[112]=Oop [120]=Oop [128]=Oop [136]=Oop [144]=Oop [176]=Oop [184]=Oop [192]=Oop [208]=Oop [240]=Oop }
                      ;*invokespecial <init> {reexecute=0 rethrow=0 return_oop=0}
                      ; - org.eclipse.e4.core.internal.di.InjectorImpl::reportUnresolvedArgument@23 (line 462)
                      ; - org.eclipse.e4.core.internal.di.InjectorImpl::processAnnotated@390 (line 974)
  0x00000235a6b284b0: cc65 4307 

  0x00000235a6b284b4: ;   {other}
  0x00000235a6b284b4: 0f1f 8400 | 240e 0010 | 488b 8424 | d000 0000 | e986 0100 

  0x00000235a6b284c8: ;   {metadata({method} {0x00000235817902d0} 'processAnnotated' '(Lorg/eclipse/e4/core/internal/di/AnnotationLookup$AnnotationProxy;Ljava/lang/Object;Ljava/lang/Class;Lorg/eclipse/e4/core/di/suppliers/PrimaryObjectSupplier;Lorg/eclipse/e4/core/di/suppliers/PrimaryObjectSupplier;Ljava/util/List;)V' in 'org/eclipse/e4/core/internal/di/InjectorImpl')}
  0x00000235a6b284c8: 0049 bac8 | 0279 8135 | 0200 004c | 8954 2408 | 48c7 0424 | ffff ffff 

  0x00000235a6b284e0: ;   {runtime_call counter_overflow Runtime1 stub}
  0x00000235a6b284e0: e81b 3250 

  0x00000235a6b284e4: ; ImmutableOopMap {rdx=Oop r8=Oop r9=Oop rdi=Oop rsi=Oop rcx=Oop [112]=Oop [120]=Oop [128]=Oop [136]=Oop [144]=Oop [240]=Oop }
                      ;*synchronization entry
                      ; - org.eclipse.e4.core.internal.di.InjectorImpl::processAnnotated@-1 (line 936)
  0x00000235a6b284e4: 07e9 1df5 

  0x00000235a6b284e8: ;   {runtime_call throw_null_pointer_exception Runtime1 stub}
  0x00000235a6b284e8: ffff e811 

  0x00000235a6b284ec: ; ImmutableOopMap {rdi=Oop [112]=Oop [120]=Oop [128]=Oop [136]=Oop [144]=Oop [240]=Oop }
                      ;*invokevirtual getSuperclass {reexecute=0 rethrow=0 return_oop=0}
                      ; - org.eclipse.e4.core.internal.di.InjectorImpl::processAnnotated@1 (line 936)
                      ;   {runtime_call throw_null_pointer_exception Runtime1 stub}
  0x00000235a6b284ec: f54e 07e8 

  0x00000235a6b284f0: ; ImmutableOopMap {rax=Oop [104]=Oop [112]=Oop [120]=Oop [128]=Oop [136]=Oop [144]=Oop [152]=Oop [240]=Oop }
                      ;*invokevirtual getName {reexecute=0 rethrow=0 return_oop=0}
                      ; - org.eclipse.e4.core.internal.di.InjectorImpl::processAnnotated@13 (line 937)
  0x00000235a6b284f0: 0cf5 4e07 

  0x00000235a6b284f4: ;   {metadata({method} {0x00000235be465ac0} 'getName' '()Ljava/lang/String;' in 'java/lang/Class')}
  0x00000235a6b284f4: 49ba b85a | 46be 3502 | 0000 4c89 | 5424 0848 | c704 24ff 

  0x00000235a6b28508: ;   {runtime_call counter_overflow Runtime1 stub}
  0x00000235a6b28508: ffff ffe8 

  0x00000235a6b2850c: ; ImmutableOopMap {rax=Oop [104]=Oop [112]=Oop [120]=Oop [128]=Oop [136]=Oop [144]=Oop [152]=Oop [240]=Oop }
                      ;*synchronization entry
                      ; - java.lang.Class::getName@-1
                      ; - org.eclipse.e4.core.internal.di.InjectorImpl::processAnnotated@13 (line 937)
  0x00000235a6b2850c: f031 5007 | e995 f5ff 

  0x00000235a6b28514: ;   {runtime_call throw_null_pointer_exception Runtime1 stub}
  0x00000235a6b28514: ffe8 e6f4 

  0x00000235a6b28518: ; ImmutableOopMap {rdx=Oop [104]=Oop [112]=Oop [120]=Oop [128]=Oop [136]=Oop [144]=Oop [152]=Oop [240]=Oop }
                      ;*invokevirtual equals {reexecute=0 rethrow=0 return_oop=0}
                      ; - org.eclipse.e4.core.internal.di.InjectorImpl::processAnnotated@18 (line 937)
                      ;   {runtime_call throw_null_pointer_exception Runtime1 stub}
  0x00000235a6b28518: 4e07 e8e1 

  0x00000235a6b2851c: ; ImmutableOopMap {rsi=Oop [104]=Oop [112]=Oop [120]=Oop [128]=Oop [136]=Oop [144]=Oop [152]=Oop [240]=Oop }
                      ;*invokeinterface add {reexecute=0 rethrow=0 return_oop=0}
                      ; - org.eclipse.e4.core.internal.di.InjectorImpl::processAnnotated@27 (line 938)
                      ;   {runtime_call throw_null_pointer_exception Runtime1 stub}
  0x00000235a6b2851c: f44e 07e8 

  0x00000235a6b28520: ; ImmutableOopMap {rax=Oop [112]=Oop [120]=Oop [128]=Oop [136]=Oop [144]=Oop [176]=Oop [240]=Oop }
                      ;*arraylength {reexecute=0 rethrow=0 return_oop=0}
                      ; - org.eclipse.e4.core.internal.di.InjectorImpl::processAnnotated@68 (line 943)
  0x00000235a6b28520: dcf4 4e07 

  0x00000235a6b28524: ;   {metadata({method} {0x00000235817902d0} 'processAnnotated' '(Lorg/eclipse/e4/core/internal/di/AnnotationLookup$AnnotationProxy;Ljava/lang/Object;Ljava/lang/Class;Lorg/eclipse/e4/core/di/suppliers/PrimaryObjectSupplier;Lorg/eclipse/e4/core/di/suppliers/PrimaryObjectSupplier;Ljava/util/List;)V' in 'org/eclipse/e4/core/internal/di/InjectorImpl')}
  0x00000235a6b28524: 49ba c802 | 7981 3502 | 0000 4c89 | 5424 0848 | c704 249d 

  0x00000235a6b28538: ;   {runtime_call counter_overflow Runtime1 stub}
  0x00000235a6b28538: 0100 00e8 

  0x00000235a6b2853c: ; ImmutableOopMap {rax=Oop r8=Oop [112]=Oop [120]=Oop [128]=Oop [136]=Oop [144]=Oop [176]=Oop [240]=Oop }
                      ;*if_icmplt {reexecute=1 rethrow=0 return_oop=0}
                      ; - (reexecute) org.eclipse.e4.core.internal.di.InjectorImpl::processAnnotated@413 (line 943)
  0x00000235a6b2853c: c031 5007 | e9cb f8ff | ff48 8bd2 

  0x00000235a6b28548: ;   {runtime_call fast_new_instance Runtime1 stub}
  0x00000235a6b28548: e833 024f 

  0x00000235a6b2854c: ; ImmutableOopMap {[112]=Oop [120]=Oop [128]=Oop [136]=Oop [144]=Oop [168]=Oop [176]=Oop [240]=Oop }
                      ;*new {reexecute=0 rethrow=0 return_oop=0}
                      ; - org.eclipse.e4.core.internal.di.InjectorImpl::processAnnotated@323 (line 967)
  0x00000235a6b2854c: 07e9 69fa 

  0x00000235a6b28550: ;   {metadata({method} {0x000002358178b338} 'unresolved' '([Ljava/lang/Object;)I' in 'org/eclipse/e4/core/internal/di/InjectorImpl')}
  0x00000235a6b28550: ffff 49ba | 30b3 7881 | 3502 0000 | 4c89 5424 | 0848 c704 | 24ff ffff 

  0x00000235a6b28568: ;   {runtime_call counter_overflow Runtime1 stub}
  0x00000235a6b28568: ffe8 9231 

  0x00000235a6b2856c: ; ImmutableOopMap {rax=Oop [112]=Oop [120]=Oop [128]=Oop [136]=Oop [144]=Oop [168]=Oop [176]=Oop [184]=Oop [192]=Oop [240]=Oop }
                      ;*synchronization entry
                      ; - org.eclipse.e4.core.internal.di.InjectorImpl::unresolved@-1 (line 625)
                      ; - org.eclipse.e4.core.internal.di.InjectorImpl::processAnnotated@359 (line 969)
  0x00000235a6b2856c: 5007 e944 

  0x00000235a6b28570: ;   {runtime_call throw_null_pointer_exception Runtime1 stub}
  0x00000235a6b28570: fbff ffe8 

  0x00000235a6b28574: ; ImmutableOopMap {rax=Oop [112]=Oop [120]=Oop [128]=Oop [136]=Oop [144]=Oop [168]=Oop [176]=Oop [184]=Oop [192]=Oop [240]=Oop }
                      ;*arraylength {reexecute=0 rethrow=0 return_oop=0}
                      ; - org.eclipse.e4.core.internal.di.InjectorImpl::unresolved@21 (line 625)
                      ; - org.eclipse.e4.core.internal.di.InjectorImpl::processAnnotated@359 (line 969)
  0x00000235a6b28574: 88f4 4e07 

  0x00000235a6b28578: ;   {metadata({method} {0x000002358178b338} 'unresolved' '([Ljava/lang/Object;)I' in 'org/eclipse/e4/core/internal/di/InjectorImpl')}
  0x00000235a6b28578: 49ba 30b3 | 7881 3502 | 0000 4c89 | 5424 0848 | c704 2416 

  0x00000235a6b2858c: ;   {runtime_call counter_overflow Runtime1 stub}
  0x00000235a6b2858c: 0000 00e8 

  0x00000235a6b28590: ; ImmutableOopMap {rax=Oop [112]=Oop [120]=Oop [128]=Oop [136]=Oop [144]=Oop [168]=Oop [176]=Oop [184]=Oop [192]=Oop [240]=Oop }
                      ;*if_icmplt {reexecute=1 rethrow=0 return_oop=0}
                      ; - (reexecute) org.eclipse.e4.core.internal.di.InjectorImpl::unresolved@22 (line 625)
                      ; - org.eclipse.e4.core.internal.di.InjectorImpl::processAnnotated@359 (line 969)
  0x00000235a6b28590: 6c31 5007 | e9c9 fbff | ff8b 5028 | 48c1 e203 | 4883 fa00 | 0f84 60fd | ffff 4889 

  0x00000235a6b285ac: ;   {runtime_call g1_pre_barrier_slow}
  0x00000235a6b285ac: 1424 e84d | 3750 07e9 | 52fd ffff | 4883 fe00 | 0f84 67fd | ffff 4889 

  0x00000235a6b285c4: ;   {runtime_call g1_post_barrier_slow}
  0x00000235a6b285c4: 0424 e835 | 3a50 07e9 | 59fd ffff 

  0x00000235a6b285d0: ;   {internal_word}
  0x00000235a6b285d0: 49ba 8983 | b2a6 3502 | 0000 4d89 | 9760 0400 

  0x00000235a6b285e0: ;   {runtime_call SafepointBlob}
  0x00000235a6b285e0: 00e9 1ad1 

  0x00000235a6b285e4: ;   {metadata({method} {0x000002358178a810} 'reportUnresolvedArgument' '(Lorg/eclipse/e4/core/internal/di/Requestor;I)V' in 'org/eclipse/e4/core/internal/di/InjectorImpl')}
  0x00000235a6b285e4: 4307 49ba | 08a8 7881 | 3502 0000 | 4c89 5424 | 0848 c704 | 24ff ffff 

  0x00000235a6b285fc: ;   {runtime_call counter_overflow Runtime1 stub}
  0x00000235a6b285fc: ffe8 fe30 

  0x00000235a6b28600: ; ImmutableOopMap {rax=Oop [112]=Oop [120]=Oop [128]=Oop [136]=Oop [144]=Oop [176]=Oop [184]=Oop [192]=Oop [240]=Oop }
                      ;*synchronization entry
                      ; - org.eclipse.e4.core.internal.di.InjectorImpl::reportUnresolvedArgument@-1 (line 458)
                      ; - org.eclipse.e4.core.internal.di.InjectorImpl::processAnnotated@390 (line 974)
  0x00000235a6b28600: 5007 e9e0 

  0x00000235a6b28604: ;   {metadata(nullptr)}
  0x00000235a6b28604: fdff ff48 | ba00 0000 | 0000 0000 | 00b8 000f 

  0x00000235a6b28614: ;   {runtime_call load_klass_patching Runtime1 stub}
  0x00000235a6b28614: 050a e8e5 

  0x00000235a6b28618: ; ImmutableOopMap {r8=Oop [112]=Oop [120]=Oop [128]=Oop [136]=Oop [144]=Oop [176]=Oop [184]=Oop [192]=Oop [240]=Oop }
                      ;*new {reexecute=1 rethrow=0 return_oop=0}
                      ; - (reexecute) org.eclipse.e4.core.internal.di.InjectorImpl::reportUnresolvedArgument@18 (line 462)
                      ; - org.eclipse.e4.core.internal.di.InjectorImpl::processAnnotated@390 (line 974)
  0x00000235a6b28618: 1550 07e9 | 08fe ffff 

  0x00000235a6b28620: ;   {runtime_call throw_null_pointer_exception Runtime1 stub}
  0x00000235a6b28620: e8db f34e 

  0x00000235a6b28624: ; ImmutableOopMap {r8=Oop [112]=Oop [120]=Oop [128]=Oop [136]=Oop [144]=Oop [176]=Oop [184]=Oop [192]=Oop [240]=Oop }
                      ;*new {reexecute=0 rethrow=0 return_oop=0}
                      ; - org.eclipse.e4.core.internal.di.InjectorImpl::reportUnresolvedArgument@18 (line 462)
                      ; - org.eclipse.e4.core.internal.di.InjectorImpl::processAnnotated@390 (line 974)
  0x00000235a6b28624: 0748 8bd2 

  0x00000235a6b28628: ;   {runtime_call fast_new_instance_init_check Runtime1 stub}
  0x00000235a6b28628: e853 044f 

  0x00000235a6b2862c: ; ImmutableOopMap {r8=Oop [112]=Oop [120]=Oop [128]=Oop [136]=Oop [144]=Oop [176]=Oop [184]=Oop [192]=Oop [240]=Oop }
                      ;*new {reexecute=0 rethrow=0 return_oop=0}
                      ; - org.eclipse.e4.core.internal.di.InjectorImpl::reportUnresolvedArgument@18 (line 462)
                      ; - org.eclipse.e4.core.internal.di.InjectorImpl::processAnnotated@390 (line 974)
  0x00000235a6b2862c: 07e9 5bfe | ffff 498b | 87f8 0400 | 0049 c787 | f804 0000 | 0000 0000 | 49c7 8700 | 0500 0000 
  0x00000235a6b2864c: 0000 0048 | 81c4 e000 

  0x00000235a6b28654: ;   {runtime_call unwind_exception Runtime1 stub}
  0x00000235a6b28654: 0000 5de9 | 24d6 4e07 | f4f4 f4f4 
[Stub Code]
  0x00000235a6b28660: ;   {no_reloc}
  0x00000235a6b28660: 0f1f 4400 

  0x00000235a6b28664: ;   {static_stub}
  0x00000235a6b28664: 0048 bb00 | 0000 0000 

  0x00000235a6b2866c: ;   {runtime_call nmethod}
  0x00000235a6b2866c: 0000 00e9 | fbff ffff 

  0x00000235a6b28674: ;   {static_stub}
  0x00000235a6b28674: 9048 bb00 | 0000 0000 

  0x00000235a6b2867c: ;   {runtime_call nmethod}
  0x00000235a6b2867c: 0000 00e9 | fbff ffff 

  0x00000235a6b28684: ;   {static_stub}
  0x00000235a6b28684: 9048 bb00 | 0000 0000 

  0x00000235a6b2868c: ;   {runtime_call nmethod}
  0x00000235a6b2868c: 0000 00e9 | fbff ffff 

  0x00000235a6b28694: ;   {static_stub}
  0x00000235a6b28694: 9048 bb00 | 0000 0000 

  0x00000235a6b2869c: ;   {runtime_call nmethod}
  0x00000235a6b2869c: 0000 00e9 | fbff ffff 

  0x00000235a6b286a4: ;   {static_stub}
  0x00000235a6b286a4: 48bb 0000 | 0000 0000 

  0x00000235a6b286ac: ;   {runtime_call nmethod}
  0x00000235a6b286ac: 0000 e9fb 

  0x00000235a6b286b0: ;   {static_stub}
  0x00000235a6b286b0: ffff ff48 | bb00 0000 | 0000 0000 

  0x00000235a6b286bc: ;   {runtime_call nmethod}
  0x00000235a6b286bc: 00e9 fbff 

  0x00000235a6b286c0: ;   {static_stub}
  0x00000235a6b286c0: ffff 48bb | 7092 7881 | 3502 0000 

  0x00000235a6b286cc: ;   {runtime_call I2C/C2I adapters}
  0x00000235a6b286cc: e99a 2643 

  0x00000235a6b286d0: ;   {static_stub}
  0x00000235a6b286d0: 0748 bb58 | 3679 8135 

  0x00000235a6b286d8: ;   {runtime_call I2C/C2I adapters}
  0x00000235a6b286d8: 0200 00e9 | a448 6307 

  0x00000235a6b286e0: ;   {static_stub}
  0x00000235a6b286e0: 48bb 0000 | 0000 0000 

  0x00000235a6b286e8: ;   {runtime_call nmethod}
  0x00000235a6b286e8: 0000 e9fb 

  0x00000235a6b286ec: ;   {static_stub}
  0x00000235a6b286ec: ffff ff48 | bb00 0000 | 0000 0000 

  0x00000235a6b286f8: ;   {runtime_call nmethod}
  0x00000235a6b286f8: 00e9 fbff 

  0x00000235a6b286fc: ;   {static_stub}
  0x00000235a6b286fc: ffff 48bb | 0000 0000 | 0000 0000 

  0x00000235a6b28708: ;   {runtime_call nmethod}
  0x00000235a6b28708: e9fb ffff 

  0x00000235a6b2870c: ;   {static_stub}
  0x00000235a6b2870c: ff48 bb00 | 0000 0000 

  0x00000235a6b28714: ;   {runtime_call nmethod}
  0x00000235a6b28714: 0000 00e9 | fbff ffff 

  0x00000235a6b2871c: ;   {static_stub}
  0x00000235a6b2871c: 48bb 0000 | 0000 0000 

  0x00000235a6b28724: ;   {runtime_call nmethod}
  0x00000235a6b28724: 0000 e9fb 

  0x00000235a6b28728: ;   {static_stub}
  0x00000235a6b28728: ffff ff48 | bb00 0000 | 0000 0000 

  0x00000235a6b28734: ;   {runtime_call nmethod}
  0x00000235a6b28734: 00e9 fbff 

  0x00000235a6b28738: ;   {runtime_call handle_exception_from_callee Runtime1 stub}
  0x00000235a6b28738: ffff e8c1 

  0x00000235a6b2873c: ;   {external_word}
  0x00000235a6b2873c: ed4f 0748 | b990 7fff | bef8 7f00 | 0048 83e4 

  0x00000235a6b2874c: ;   {runtime_call}
  0x00000235a6b2874c: f048 b8e0 | 44c2 bef8 | 7f00 00ff 

  0x00000235a6b28758: ;   {section_word}
  0x00000235a6b28758: d0f4 49ba | 5a87 b2a6 | 3502 0000 

  0x00000235a6b28764: ;   {runtime_call DeoptimizationBlob}
  0x00000235a6b28764: 4152 e935 | c243 07f4 | f4f4 f4f4 
[/MachCode]


---------------  P R O C E S S  ---------------

Threads class SMR info:
_java_thread_list=0x0000023589132950, length=48, elements={
0x00000235a38d5380, 0x00000235bda8c7a0, 0x00000235bda8ee10, 0x00000235bda91850,
0x00000235bda92110, 0x00000235bda92b40, 0x00000235bda99bf0, 0x00000235bda9cbc0,
0x00000235bdaac9c0, 0x00000235bdace980, 0x00000235bdb893b0, 0x00000235bdb8ba60,
0x00000235bdbd57e0, 0x00000235bdd3dfc0, 0x00000235bdc2aad0, 0x00000235857ce160,
0x00000235ff6b29c0, 0x0000023585bd0060, 0x0000023584922aa0, 0x00000235864782b0,
0x00000235855c7170, 0x00000235855c6450, 0x00000235855c6ae0, 0x00000235855c5730,
0x00000235855c5dc0, 0x00000235855c8520, 0x00000235855c7e90, 0x00000235855c50a0,
0x0000023587c7c120, 0x0000023587c799c0, 0x0000023587c7ba90, 0x0000023587c7a6e0,
0x0000023587c79330, 0x0000023587c7ad70, 0x0000023587c7b400, 0x0000023587c78ca0,
0x0000023587c7a050, 0x0000023587c68ef0, 0x0000023587c68860, 0x0000023587c6d090,
0x0000023587c6a2a0, 0x0000023584f4cc60, 0x0000023584f49cb0, 0x0000023586b8bb30,
0x0000023584f4d330, 0x0000023584f4da00, 0x0000023584f4aa50, 0x0000023588c28f40
}

Java Threads: ( => current thread )
=>0x00000235a38d5380 JavaThread "main"                              [_thread_in_native, id=61420, stack(0x00000044098e0000,0x00000044099e0000) (1024K)]
  0x00000235bda8c7a0 JavaThread "Reference Handler"          daemon [_thread_blocked, id=51516, stack(0x000000440a600000,0x000000440a700000) (1024K)]
  0x00000235bda8ee10 JavaThread "Finalizer"                  daemon [_thread_blocked, id=19308, stack(0x000000440a700000,0x000000440a800000) (1024K)]
  0x00000235bda91850 JavaThread "Signal Dispatcher"          daemon [_thread_blocked, id=52024, stack(0x000000440a800000,0x000000440a900000) (1024K)]
  0x00000235bda92110 JavaThread "Attach Listener"            daemon [_thread_blocked, id=61464, stack(0x000000440a900000,0x000000440aa00000) (1024K)]
  0x00000235bda92b40 JavaThread "Service Thread"             daemon [_thread_blocked, id=64228, stack(0x000000440aa00000,0x000000440ab00000) (1024K)]
  0x00000235bda99bf0 JavaThread "Monitor Deflation Thread"   daemon [_thread_blocked, id=41104, stack(0x000000440ab00000,0x000000440ac00000) (1024K)]
  0x00000235bda9cbc0 JavaThread "C2 CompilerThread0"         daemon [_thread_blocked, id=57144, stack(0x000000440ac00000,0x000000440ad00000) (1024K)]
  0x00000235bdaac9c0 JavaThread "C1 CompilerThread0"         daemon [_thread_blocked, id=53432, stack(0x000000440ad00000,0x000000440ae00000) (1024K)]
  0x00000235bdace980 JavaThread "StringDedupThread"          daemon [_thread_blocked, id=58812, stack(0x000000440ae00000,0x000000440af00000) (1024K)]
  0x00000235bdb893b0 JavaThread "C1 CompilerThread1"         daemon [_thread_blocked, id=53080, stack(0x000000440af00000,0x000000440b000000) (1024K)]
  0x00000235bdb8ba60 JavaThread "C1 CompilerThread2"         daemon [_thread_blocked, id=10936, stack(0x000000440b000000,0x000000440b100000) (1024K)]
  0x00000235bdbd57e0 JavaThread "Common-Cleaner"             daemon [_thread_blocked, id=62936, stack(0x000000440b100000,0x000000440b200000) (1024K)]
  0x00000235bdd3dfc0 JavaThread "Notification Thread"        daemon [_thread_blocked, id=51404, stack(0x000000440b400000,0x000000440b500000) (1024K)]
  0x00000235bdc2aad0 JavaThread "C1 CompilerThread3"         daemon [_thread_blocked, id=59096, stack(0x000000440b200000,0x000000440b300000) (1024K)]
  0x00000235857ce160 JavaThread "Active Thread: Equinox Container: 6129d4b9-dab4-4e91-bf95-feb4045f8eff"        [_thread_blocked, id=55580, stack(0x000000440d000000,0x000000440d100000) (1024K)]
  0x00000235ff6b29c0 JavaThread "Framework Event Dispatcher: Equinox Container: 6129d4b9-dab4-4e91-bf95-feb4045f8eff" daemon [_thread_blocked, id=57380, stack(0x000000440d100000,0x000000440d200000) (1024K)]
  0x0000023585bd0060 JavaThread "Start Level: Equinox Container: 6129d4b9-dab4-4e91-bf95-feb4045f8eff" daemon [_thread_blocked, id=8048, stack(0x000000440d200000,0x000000440d300000) (1024K)]
  0x0000023584922aa0 JavaThread "Bundle File Closer"         daemon [_thread_blocked, id=60164, stack(0x000000440d500000,0x000000440d600000) (1024K)]
  0x00000235864782b0 JavaThread "SCR Component Actor"        daemon [_thread_blocked, id=52728, stack(0x000000440d600000,0x000000440d700000) (1024K)]
  0x00000235855c7170 JavaThread "EMF Reference Cleaner"      daemon [_thread_blocked, id=55936, stack(0x000000440d800000,0x000000440d900000) (1024K)]
  0x00000235855c6450 JavaThread "Gogo shell"                        [_thread_blocked, id=54460, stack(0x000000440d900000,0x000000440da00000) (1024K)]
  0x00000235855c6ae0 JavaThread "Worker-JM"                         [_thread_blocked, id=61556, stack(0x000000440da00000,0x000000440db00000) (1024K)]
  0x00000235855c5730 JavaThread "FileSystemWatchService"     daemon [_thread_in_native, id=48028, stack(0x000000440df00000,0x000000440e000000) (1024K)]
  0x00000235855c5dc0 JavaThread "Thread-3"                          [_thread_blocked, id=7408, stack(0x000000440e000000,0x000000440e100000) (1024K)]
  0x00000235855c8520 JavaThread "Worker-0"                          [_thread_blocked, id=43100, stack(0x000000440cf00000,0x000000440d000000) (1024K)]
  0x00000235855c7e90 JavaThread "Java2D Disposer"            daemon [_thread_blocked, id=44432, stack(0x000000440ce00000,0x000000440cf00000) (1024K)]
  0x00000235855c50a0 JavaThread "StandaloneQueueProcessor"   daemon [_thread_blocked, id=29848, stack(0x000000440bb00000,0x000000440bc00000) (1024K)]
  0x0000023587c7c120 JavaThread "AWT-Windows"                daemon [_thread_in_native, id=42776, stack(0x000000440e200000,0x000000440e300000) (1024K)]
  0x0000023587c799c0 JavaThread "Worker-1"                          [_thread_blocked, id=54772, stack(0x000000440b300000,0x000000440b400000) (1024K)]
  0x0000023587c7ba90 JavaThread "EventAdmin Async Event Dispatcher Thread" daemon [_thread_blocked, id=59248, stack(0x000000440b900000,0x000000440ba00000) (1024K)]
  0x0000023587c7a6e0 JavaThread "pool-2-thread-1"                   [_thread_blocked, id=55180, stack(0x000000440ba00000,0x000000440bb00000) (1024K)]
  0x0000023587c79330 JavaThread "pool-3-thread-1"                   [_thread_blocked, id=54620, stack(0x000000440e300000,0x000000440e400000) (1024K)]
  0x0000023587c7ad70 JavaThread "Worker-2"                          [_thread_blocked, id=49128, stack(0x000000440e400000,0x000000440e500000) (1024K)]
  0x0000023587c7b400 JavaThread "JNA Cleaner"                daemon [_thread_blocked, id=47624, stack(0x000000440e600000,0x000000440e700000) (1024K)]
  0x0000023587c78ca0 JavaThread "Worker-3"                          [_thread_blocked, id=8824, stack(0x000000440e700000,0x000000440e800000) (1024K)]
  0x0000023587c7a050 JavaThread "Worker-4"                          [_thread_blocked, id=44296, stack(0x000000440e800000,0x000000440e900000) (1024K)]
  0x0000023587c68ef0 JavaThread "Worker-5"                          [_thread_blocked, id=61736, stack(0x000000440e900000,0x000000440ea00000) (1024K)]
  0x0000023587c68860 JavaThread "Worker-6"                          [_thread_blocked, id=51208, stack(0x000000440bc00000,0x000000440bd00000) (1024K)]
  0x0000023587c6d090 JavaThread "Worker-7"                          [_thread_blocked, id=20136, stack(0x000000440e500000,0x000000440e600000) (1024K)]
  0x0000023587c6a2a0 JavaThread "Keep-Alive-Timer"           daemon [_thread_blocked, id=57424, stack(0x000000440ea00000,0x000000440eb00000) (1024K)]
  0x0000023584f4cc60 JavaThread "C2 CompilerThread1"         daemon [_thread_blocked, id=51704, stack(0x000000440d700000,0x000000440d800000) (1024K)]
  0x0000023584f49cb0 JavaThread "C2 CompilerThread2"         daemon [_thread_blocked, id=41260, stack(0x000000440eb00000,0x000000440ec00000) (1024K)]
  0x0000023586b8bb30 JavaThread "SCR Component Registry"     daemon [_thread_blocked, id=57292, stack(0x000000440ec00000,0x000000440ed00000) (1024K)]
  0x0000023584f4d330 JavaThread "C2 CompilerThread3"         daemon [_thread_blocked, id=11656, stack(0x000000440ed00000,0x000000440ee00000) (1024K)]
  0x0000023584f4da00 JavaThread "C2 CompilerThread4"         daemon [_thread_blocked, id=62200, stack(0x000000440ee00000,0x000000440ef00000) (1024K)]
  0x0000023584f4aa50 JavaThread "C2 CompilerThread5"         daemon [_thread_blocked, id=25648, stack(0x000000440ef00000,0x000000440f000000) (1024K)]
  0x0000023588c28f40 JavaThread "chromium-EDT"               daemon [_thread_blocked, id=53648, stack(0x000000440f200000,0x000000440f300000) (1024K)]
Total: 48

Other Threads:
  0x00000235bd599b20 VMThread "VM Thread"                           [id=43512, stack(0x000000440a500000,0x000000440a600000) (1024K)]
  0x00000235bd587b70 WatcherThread "VM Periodic Task Thread"        [id=34972, stack(0x000000440a400000,0x000000440a500000) (1024K)]
  0x00000235a392e580 WorkerThread "GC Thread#0"                     [id=57848, stack(0x0000004409f00000,0x000000440a000000) (1024K)]
  0x00000235bd59ad40 WorkerThread "GC Thread#1"                     [id=60204, stack(0x000000440bd00000,0x000000440be00000) (1024K)]
  0x00000235bd599ec0 WorkerThread "GC Thread#2"                     [id=54252, stack(0x000000440be00000,0x000000440bf00000) (1024K)]
  0x00000235bd59b0e0 WorkerThread "GC Thread#3"                     [id=62000, stack(0x000000440bf00000,0x000000440c000000) (1024K)]
  0x00000235bd59b480 WorkerThread "GC Thread#4"                     [id=37264, stack(0x000000440c000000,0x000000440c100000) (1024K)]
  0x00000235bd59a260 WorkerThread "GC Thread#5"                     [id=54208, stack(0x000000440c100000,0x000000440c200000) (1024K)]
  0x0000023584bf9940 WorkerThread "GC Thread#6"                     [id=51364, stack(0x000000440c200000,0x000000440c300000) (1024K)]
  0x0000023584bfb640 WorkerThread "GC Thread#7"                     [id=61548, stack(0x000000440c300000,0x000000440c400000) (1024K)]
  0x0000023584bfa080 WorkerThread "GC Thread#8"                     [id=19972, stack(0x000000440c400000,0x000000440c500000) (1024K)]
  0x0000023584bfa420 WorkerThread "GC Thread#9"                     [id=56144, stack(0x000000440c500000,0x000000440c600000) (1024K)]
  0x0000023584bf9ce0 WorkerThread "GC Thread#10"                    [id=56556, stack(0x000000440c600000,0x000000440c700000) (1024K)]
  0x0000023584bfb2a0 WorkerThread "GC Thread#11"                    [id=54288, stack(0x000000440c700000,0x000000440c800000) (1024K)]
  0x0000023584bfb9e0 WorkerThread "GC Thread#12"                    [id=57052, stack(0x000000440c800000,0x000000440c900000) (1024K)]
  0x0000023584bfa7c0 WorkerThread "GC Thread#13"                    [id=58220, stack(0x000000440c900000,0x000000440ca00000) (1024K)]
  0x0000023584bfab60 WorkerThread "GC Thread#14"                    [id=7712, stack(0x000000440ca00000,0x000000440cb00000) (1024K)]
  0x0000023584bfaf00 WorkerThread "GC Thread#15"                    [id=60232, stack(0x000000440cb00000,0x000000440cc00000) (1024K)]
  0x0000023584bf8e60 WorkerThread "GC Thread#16"                    [id=49832, stack(0x000000440cc00000,0x000000440cd00000) (1024K)]
  0x0000023584bf95a0 WorkerThread "GC Thread#17"                    [id=44072, stack(0x000000440cd00000,0x000000440ce00000) (1024K)]
  0x00000235a393b560 ConcurrentGCThread "G1 Main Marker"            [id=63532, stack(0x000000440a000000,0x000000440a100000) (1024K)]
  0x00000235a393c1c0 WorkerThread "G1 Conc#0"                       [id=55828, stack(0x000000440a100000,0x000000440a200000) (1024K)]
  0x0000023586f92340 WorkerThread "G1 Conc#1"                       [id=47484, stack(0x000000440db00000,0x000000440dc00000) (1024K)]
  0x0000023586f92a80 WorkerThread "G1 Conc#2"                       [id=50740, stack(0x000000440dc00000,0x000000440dd00000) (1024K)]
  0x0000023586f92e20 WorkerThread "G1 Conc#3"                       [id=45788, stack(0x000000440dd00000,0x000000440de00000) (1024K)]
  0x0000023586f931c0 WorkerThread "G1 Conc#4"                       [id=62376, stack(0x000000440de00000,0x000000440df00000) (1024K)]
  0x00000235bd4ca7b0 ConcurrentGCThread "G1 Refine#0"               [id=59028, stack(0x000000440a200000,0x000000440a300000) (1024K)]
  0x00000235bd4cdc00 ConcurrentGCThread "G1 Service"                [id=51648, stack(0x000000440a300000,0x000000440a400000) (1024K)]
Total: 28

Threads with active compile tasks:
Total: 0

VM state: not at safepoint (normal execution)

VM Mutex/Monitor currently owned by a thread: None

Heap address: 0x0000000740000000, size: 3072 MB, Compressed Oops mode: Zero based, Oop shift amount: 3

CDS archive(s) mapped at: [0x00000235be000000-0x00000235beba0000-0x00000235beba0000), size 12189696, SharedBaseAddress: 0x00000235be000000, ArchiveRelocationMode: 1.
Compressed class space mapped at: 0x00000235bf000000-0x00000235ff000000, reserved size: 1073741824
Narrow klass base: 0x00000235be000000, Narrow klass shift: 0, Narrow klass range: 0x100000000

GC Precious Log:
 CardTable entry size: 512
 Card Set container configuration: InlinePtr #cards 4 size 8 Array Of Cards #cards 16 size 48 Howl #buckets 8 coarsen threshold 3686 Howl Bitmap #cards 512 size 80 coarsen threshold 460 Card regions per heap region 1 cards per card region 4096
 CPUs: 24 total, 24 available
 Memory: 16115M
 Large Page Support: Disabled
 NUMA Support: Disabled
 Compressed Oops: Enabled (Zero based)
 Heap Region Size: 2M
 Heap Min Capacity: 512M
 Heap Initial Capacity: 512M
 Heap Max Capacity: 3G
 Pre-touch: Disabled
 Parallel Workers: 18
 Concurrent Workers: 5
 Concurrent Refinement Workers: 18
 Periodic GC: Disabled
 String Deduplication is enabled

Heap:
 garbage-first heap   total 782336K, used 544768K [0x0000000740000000, 0x0000000800000000)
  region size 2048K, 23 young (47104K), 4 survivors (8192K)
 Metaspace       used 75546K, committed 78144K, reserved 1179648K
  class space    used 8698K, committed 9728K, reserved 1048576K

Heap Regions: E=young(eden), S=young(survivor), O=old, HS=humongous(starts), HC=humongous(continues), CS=collection set, F=free, TAMS=top-at-mark-start, PB=parsable bottom
|   0|0x0000000740000000, 0x0000000740200000, 0x0000000740200000|100%| O|  |TAMS 0x0000000740000000| PB 0x0000000740000000| Untracked 
|   1|0x0000000740200000, 0x0000000740400000, 0x0000000740400000|100%| O|  |TAMS 0x0000000740200000| PB 0x0000000740200000| Untracked 
|   2|0x0000000740400000, 0x0000000740600000, 0x0000000740600000|100%| O|  |TAMS 0x0000000740400000| PB 0x0000000740400000| Untracked 
|   3|0x0000000740600000, 0x0000000740800000, 0x0000000740800000|100%| O|  |TAMS 0x0000000740600000| PB 0x0000000740600000| Untracked 
|   4|0x0000000740800000, 0x0000000740a00000, 0x0000000740a00000|100%| O|  |TAMS 0x0000000740800000| PB 0x0000000740800000| Untracked 
|   5|0x0000000740a00000, 0x0000000740c00000, 0x0000000740c00000|100%| O|  |TAMS 0x0000000740a00000| PB 0x0000000740a00000| Untracked 
|   6|0x0000000740c00000, 0x0000000740e00000, 0x0000000740e00000|100%| O|  |TAMS 0x0000000740c00000| PB 0x0000000740c00000| Untracked 
|   7|0x0000000740e00000, 0x0000000741000000, 0x0000000741000000|100%| O|  |TAMS 0x0000000740e00000| PB 0x0000000740e00000| Untracked 
|   8|0x0000000741000000, 0x0000000741200000, 0x0000000741200000|100%| O|  |TAMS 0x0000000741000000| PB 0x0000000741000000| Untracked 
|   9|0x0000000741200000, 0x0000000741400000, 0x0000000741400000|100%| O|  |TAMS 0x0000000741200000| PB 0x0000000741200000| Untracked 
|  10|0x0000000741400000, 0x0000000741600000, 0x0000000741600000|100%| O|  |TAMS 0x0000000741400000| PB 0x0000000741400000| Untracked 
|  11|0x0000000741600000, 0x0000000741800000, 0x0000000741800000|100%| O|  |TAMS 0x0000000741600000| PB 0x0000000741600000| Untracked 
|  12|0x0000000741800000, 0x0000000741a00000, 0x0000000741a00000|100%| O|  |TAMS 0x0000000741800000| PB 0x0000000741800000| Untracked 
|  13|0x0000000741a00000, 0x0000000741c00000, 0x0000000741c00000|100%| O|  |TAMS 0x0000000741a00000| PB 0x0000000741a00000| Untracked 
|  14|0x0000000741c00000, 0x0000000741e00000, 0x0000000741e00000|100%| O|  |TAMS 0x0000000741c00000| PB 0x0000000741c00000| Untracked 
|  15|0x0000000741e00000, 0x0000000742000000, 0x0000000742000000|100%| O|  |TAMS 0x0000000741e00000| PB 0x0000000741e00000| Untracked 
|  16|0x0000000742000000, 0x0000000742200000, 0x0000000742200000|100%| O|  |TAMS 0x0000000742000000| PB 0x0000000742000000| Untracked 
|  17|0x0000000742200000, 0x0000000742400000, 0x0000000742400000|100%| O|  |TAMS 0x0000000742200000| PB 0x0000000742200000| Untracked 
|  18|0x0000000742400000, 0x0000000742600000, 0x0000000742600000|100%| O|  |TAMS 0x0000000742400000| PB 0x0000000742400000| Untracked 
|  19|0x0000000742600000, 0x0000000742800000, 0x0000000742800000|100%| O|  |TAMS 0x0000000742600000| PB 0x0000000742600000| Untracked 
|  20|0x0000000742800000, 0x0000000742a00000, 0x0000000742a00000|100%| O|  |TAMS 0x0000000742800000| PB 0x0000000742800000| Untracked 
|  21|0x0000000742a00000, 0x0000000742c00000, 0x0000000742c00000|100%| O|  |TAMS 0x0000000742a00000| PB 0x0000000742a00000| Untracked 
|  22|0x0000000742c00000, 0x0000000742e00000, 0x0000000742e00000|100%| O|  |TAMS 0x0000000742c00000| PB 0x0000000742c00000| Untracked 
|  23|0x0000000742e00000, 0x0000000743000000, 0x0000000743000000|100%| O|  |TAMS 0x0000000742e00000| PB 0x0000000742e00000| Untracked 
|  24|0x0000000743000000, 0x0000000743200000, 0x0000000743200000|100%| O|  |TAMS 0x0000000743000000| PB 0x0000000743000000| Untracked 
|  25|0x0000000743200000, 0x0000000743400000, 0x0000000743400000|100%| O|  |TAMS 0x0000000743200000| PB 0x0000000743200000| Untracked 
|  26|0x0000000743400000, 0x0000000743600000, 0x0000000743600000|100%| O|  |TAMS 0x0000000743400000| PB 0x0000000743400000| Untracked 
|  27|0x0000000743600000, 0x0000000743800000, 0x0000000743800000|100%| O|  |TAMS 0x0000000743600000| PB 0x0000000743600000| Untracked 
|  28|0x0000000743800000, 0x0000000743a00000, 0x0000000743a00000|100%| O|  |TAMS 0x0000000743800000| PB 0x0000000743800000| Untracked 
|  29|0x0000000743a00000, 0x0000000743c00000, 0x0000000743c00000|100%| O|Cm|TAMS 0x0000000743a00000| PB 0x0000000743a00000| Complete 
|  30|0x0000000743c00000, 0x0000000743e00000, 0x0000000743e00000|100%| O|  |TAMS 0x0000000743c00000| PB 0x0000000743c00000| Untracked 
|  31|0x0000000743e00000, 0x0000000744000000, 0x0000000744000000|100%| O|  |TAMS 0x0000000743e00000| PB 0x0000000743e00000| Untracked 
|  32|0x0000000744000000, 0x0000000744200000, 0x0000000744200000|100%| O|  |TAMS 0x0000000744000000| PB 0x0000000744000000| Untracked 
|  33|0x0000000744200000, 0x0000000744400000, 0x0000000744400000|100%| O|  |TAMS 0x0000000744200000| PB 0x0000000744200000| Untracked 
|  34|0x0000000744400000, 0x0000000744600000, 0x0000000744600000|100%| O|  |TAMS 0x0000000744400000| PB 0x0000000744400000| Untracked 
|  35|0x0000000744600000, 0x0000000744800000, 0x0000000744800000|100%| O|  |TAMS 0x0000000744600000| PB 0x0000000744600000| Untracked 
|  36|0x0000000744800000, 0x0000000744a00000, 0x0000000744a00000|100%| O|  |TAMS 0x0000000744800000| PB 0x0000000744800000| Untracked 
|  37|0x0000000744a00000, 0x0000000744c00000, 0x0000000744c00000|100%| O|  |TAMS 0x0000000744a00000| PB 0x0000000744a00000| Untracked 
|  38|0x0000000744c00000, 0x0000000744e00000, 0x0000000744e00000|100%| O|  |TAMS 0x0000000744c00000| PB 0x0000000744c00000| Untracked 
|  39|0x0000000744e00000, 0x0000000745000000, 0x0000000745000000|100%| O|  |TAMS 0x0000000744e00000| PB 0x0000000744e00000| Untracked 
|  40|0x0000000745000000, 0x0000000745200000, 0x0000000745200000|100%| O|  |TAMS 0x0000000745000000| PB 0x0000000745000000| Untracked 
|  41|0x0000000745200000, 0x0000000745400000, 0x0000000745400000|100%| O|  |TAMS 0x0000000745200000| PB 0x0000000745200000| Untracked 
|  42|0x0000000745400000, 0x0000000745600000, 0x0000000745600000|100%| O|  |TAMS 0x0000000745400000| PB 0x0000000745400000| Untracked 
|  43|0x0000000745600000, 0x0000000745800000, 0x0000000745800000|100%| O|  |TAMS 0x0000000745600000| PB 0x0000000745600000| Untracked 
|  44|0x0000000745800000, 0x0000000745a00000, 0x0000000745a00000|100%| O|  |TAMS 0x0000000745800000| PB 0x0000000745800000| Untracked 
|  45|0x0000000745a00000, 0x0000000745c00000, 0x0000000745c00000|100%| O|  |TAMS 0x0000000745a00000| PB 0x0000000745a00000| Untracked 
|  46|0x0000000745c00000, 0x0000000745e00000, 0x0000000745e00000|100%| O|  |TAMS 0x0000000745c00000| PB 0x0000000745c00000| Untracked 
|  47|0x0000000745e00000, 0x0000000746000000, 0x0000000746000000|100%| O|  |TAMS 0x0000000745e00000| PB 0x0000000745e00000| Untracked 
|  48|0x0000000746000000, 0x0000000746200000, 0x0000000746200000|100%| O|  |TAMS 0x0000000746000000| PB 0x0000000746000000| Untracked 
|  49|0x0000000746200000, 0x0000000746400000, 0x0000000746400000|100%| O|  |TAMS 0x0000000746200000| PB 0x0000000746200000| Untracked 
|  50|0x0000000746400000, 0x0000000746600000, 0x0000000746600000|100%| O|  |TAMS 0x0000000746400000| PB 0x0000000746400000| Untracked 
|  51|0x0000000746600000, 0x0000000746800000, 0x0000000746800000|100%| O|  |TAMS 0x0000000746600000| PB 0x0000000746600000| Untracked 
|  52|0x0000000746800000, 0x0000000746a00000, 0x0000000746a00000|100%| O|  |TAMS 0x0000000746800000| PB 0x0000000746800000| Untracked 
|  53|0x0000000746a00000, 0x0000000746c00000, 0x0000000746c00000|100%| O|  |TAMS 0x0000000746a00000| PB 0x0000000746a00000| Untracked 
|  54|0x0000000746c00000, 0x0000000746e00000, 0x0000000746e00000|100%| O|  |TAMS 0x0000000746c00000| PB 0x0000000746c00000| Untracked 
|  55|0x0000000746e00000, 0x0000000747000000, 0x0000000747000000|100%| O|  |TAMS 0x0000000746e00000| PB 0x0000000746e00000| Untracked 
|  56|0x0000000747000000, 0x0000000747200000, 0x0000000747200000|100%| O|Cm|TAMS 0x0000000747000000| PB 0x0000000747000000| Complete 
|  57|0x0000000747200000, 0x0000000747400000, 0x0000000747400000|100%| O|  |TAMS 0x0000000747200000| PB 0x0000000747200000| Untracked 
|  58|0x0000000747400000, 0x0000000747600000, 0x0000000747600000|100%| O|  |TAMS 0x0000000747400000| PB 0x0000000747400000| Untracked 
|  59|0x0000000747600000, 0x0000000747800000, 0x0000000747800000|100%| O|Cm|TAMS 0x0000000747600000| PB 0x0000000747600000| Complete 
|  60|0x0000000747800000, 0x0000000747a00000, 0x0000000747a00000|100%| O|  |TAMS 0x0000000747800000| PB 0x0000000747800000| Untracked 
|  61|0x0000000747a00000, 0x0000000747c00000, 0x0000000747c00000|100%| O|  |TAMS 0x0000000747a00000| PB 0x0000000747a00000| Untracked 
|  62|0x0000000747c00000, 0x0000000747e00000, 0x0000000747e00000|100%| O|  |TAMS 0x0000000747c00000| PB 0x0000000747c00000| Untracked 
|  63|0x0000000747e00000, 0x0000000748000000, 0x0000000748000000|100%| O|  |TAMS 0x0000000747e00000| PB 0x0000000747e00000| Untracked 
|  64|0x0000000748000000, 0x0000000748200000, 0x0000000748200000|100%| O|  |TAMS 0x0000000748000000| PB 0x0000000748000000| Untracked 
|  65|0x0000000748200000, 0x0000000748400000, 0x0000000748400000|100%| O|  |TAMS 0x0000000748200000| PB 0x0000000748200000| Untracked 
|  66|0x0000000748400000, 0x0000000748600000, 0x0000000748600000|100%| O|  |TAMS 0x0000000748400000| PB 0x0000000748400000| Untracked 
|  67|0x0000000748600000, 0x0000000748800000, 0x0000000748800000|100%| O|  |TAMS 0x0000000748600000| PB 0x0000000748600000| Untracked 
|  68|0x0000000748800000, 0x0000000748a00000, 0x0000000748a00000|100%| O|  |TAMS 0x0000000748800000| PB 0x0000000748800000| Untracked 
|  69|0x0000000748a00000, 0x0000000748c00000, 0x0000000748c00000|100%| O|  |TAMS 0x0000000748a00000| PB 0x0000000748a00000| Untracked 
|  70|0x0000000748c00000, 0x0000000748e00000, 0x0000000748e00000|100%| O|  |TAMS 0x0000000748c00000| PB 0x0000000748c00000| Untracked 
|  71|0x0000000748e00000, 0x0000000749000000, 0x0000000749000000|100%| O|  |TAMS 0x0000000748e00000| PB 0x0000000748e00000| Untracked 
|  72|0x0000000749000000, 0x0000000749200000, 0x0000000749200000|100%| O|  |TAMS 0x0000000749000000| PB 0x0000000749000000| Untracked 
|  73|0x0000000749200000, 0x0000000749400000, 0x0000000749400000|100%| O|  |TAMS 0x0000000749200000| PB 0x0000000749200000| Untracked 
|  74|0x0000000749400000, 0x0000000749600000, 0x0000000749600000|100%| O|  |TAMS 0x0000000749400000| PB 0x0000000749400000| Untracked 
|  75|0x0000000749600000, 0x0000000749800000, 0x0000000749800000|100%| O|  |TAMS 0x0000000749600000| PB 0x0000000749600000| Untracked 
|  76|0x0000000749800000, 0x0000000749a00000, 0x0000000749a00000|100%| O|  |TAMS 0x0000000749800000| PB 0x0000000749800000| Untracked 
|  77|0x0000000749a00000, 0x0000000749c00000, 0x0000000749c00000|100%| O|  |TAMS 0x0000000749a00000| PB 0x0000000749a00000| Untracked 
|  78|0x0000000749c00000, 0x0000000749e00000, 0x0000000749e00000|100%| O|  |TAMS 0x0000000749c00000| PB 0x0000000749c00000| Untracked 
|  79|0x0000000749e00000, 0x000000074a000000, 0x000000074a000000|100%| O|  |TAMS 0x0000000749e00000| PB 0x0000000749e00000| Untracked 
|  80|0x000000074a000000, 0x000000074a200000, 0x000000074a200000|100%| O|  |TAMS 0x000000074a000000| PB 0x000000074a000000| Untracked 
|  81|0x000000074a200000, 0x000000074a400000, 0x000000074a400000|100%| O|  |TAMS 0x000000074a200000| PB 0x000000074a200000| Untracked 
|  82|0x000000074a400000, 0x000000074a600000, 0x000000074a600000|100%| O|  |TAMS 0x000000074a400000| PB 0x000000074a400000| Untracked 
|  83|0x000000074a600000, 0x000000074a800000, 0x000000074a800000|100%| O|  |TAMS 0x000000074a600000| PB 0x000000074a600000| Untracked 
|  84|0x000000074a800000, 0x000000074aa00000, 0x000000074aa00000|100%| O|  |TAMS 0x000000074a800000| PB 0x000000074a800000| Untracked 
|  85|0x000000074aa00000, 0x000000074ac00000, 0x000000074ac00000|100%| O|  |TAMS 0x000000074aa00000| PB 0x000000074aa00000| Untracked 
|  86|0x000000074ac00000, 0x000000074ae00000, 0x000000074ae00000|100%| O|  |TAMS 0x000000074ac00000| PB 0x000000074ac00000| Untracked 
|  87|0x000000074ae00000, 0x000000074b000000, 0x000000074b000000|100%| O|Cm|TAMS 0x000000074ae00000| PB 0x000000074ae00000| Complete 
|  88|0x000000074b000000, 0x000000074b200000, 0x000000074b200000|100%| O|  |TAMS 0x000000074b000000| PB 0x000000074b000000| Untracked 
|  89|0x000000074b200000, 0x000000074b400000, 0x000000074b400000|100%| O|  |TAMS 0x000000074b200000| PB 0x000000074b200000| Untracked 
|  90|0x000000074b400000, 0x000000074b600000, 0x000000074b600000|100%| O|  |TAMS 0x000000074b400000| PB 0x000000074b400000| Untracked 
|  91|0x000000074b600000, 0x000000074b800000, 0x000000074b800000|100%| O|  |TAMS 0x000000074b600000| PB 0x000000074b600000| Untracked 
|  92|0x000000074b800000, 0x000000074ba00000, 0x000000074ba00000|100%| O|  |TAMS 0x000000074b800000| PB 0x000000074b800000| Untracked 
|  93|0x000000074ba00000, 0x000000074bc00000, 0x000000074bc00000|100%| O|  |TAMS 0x000000074ba00000| PB 0x000000074ba00000| Untracked 
|  94|0x000000074bc00000, 0x000000074be00000, 0x000000074be00000|100%| O|  |TAMS 0x000000074bc00000| PB 0x000000074bc00000| Untracked 
|  95|0x000000074be00000, 0x000000074c000000, 0x000000074c000000|100%| O|  |TAMS 0x000000074be00000| PB 0x000000074be00000| Untracked 
|  96|0x000000074c000000, 0x000000074c200000, 0x000000074c200000|100%| O|  |TAMS 0x000000074c000000| PB 0x000000074c000000| Untracked 
|  97|0x000000074c200000, 0x000000074c400000, 0x000000074c400000|100%| O|  |TAMS 0x000000074c200000| PB 0x000000074c200000| Untracked 
|  98|0x000000074c400000, 0x000000074c600000, 0x000000074c600000|100%| O|  |TAMS 0x000000074c400000| PB 0x000000074c400000| Untracked 
|  99|0x000000074c600000, 0x000000074c800000, 0x000000074c800000|100%| O|  |TAMS 0x000000074c600000| PB 0x000000074c600000| Untracked 
| 100|0x000000074c800000, 0x000000074ca00000, 0x000000074ca00000|100%| O|  |TAMS 0x000000074c800000| PB 0x000000074c800000| Untracked 
| 101|0x000000074ca00000, 0x000000074cc00000, 0x000000074cc00000|100%| O|Cm|TAMS 0x000000074ca00000| PB 0x000000074ca00000| Complete 
| 102|0x000000074cc00000, 0x000000074ce00000, 0x000000074ce00000|100%| O|Cm|TAMS 0x000000074cc00000| PB 0x000000074cc00000| Complete 
| 103|0x000000074ce00000, 0x000000074d000000, 0x000000074d000000|100%| O|  |TAMS 0x000000074ce00000| PB 0x000000074ce00000| Untracked 
| 104|0x000000074d000000, 0x000000074d200000, 0x000000074d200000|100%| O|  |TAMS 0x000000074d000000| PB 0x000000074d000000| Untracked 
| 105|0x000000074d200000, 0x000000074d400000, 0x000000074d400000|100%| O|  |TAMS 0x000000074d200000| PB 0x000000074d200000| Untracked 
| 106|0x000000074d400000, 0x000000074d600000, 0x000000074d600000|100%| O|  |TAMS 0x000000074d400000| PB 0x000000074d400000| Untracked 
| 107|0x000000074d600000, 0x000000074d800000, 0x000000074d800000|100%| O|  |TAMS 0x000000074d600000| PB 0x000000074d600000| Untracked 
| 108|0x000000074d800000, 0x000000074da00000, 0x000000074da00000|100%| O|  |TAMS 0x000000074d800000| PB 0x000000074d800000| Untracked 
| 109|0x000000074da00000, 0x000000074dc00000, 0x000000074dc00000|100%| O|  |TAMS 0x000000074da00000| PB 0x000000074da00000| Untracked 
| 110|0x000000074dc00000, 0x000000074de00000, 0x000000074de00000|100%| O|  |TAMS 0x000000074dc00000| PB 0x000000074dc00000| Untracked 
| 111|0x000000074de00000, 0x000000074e000000, 0x000000074e000000|100%| O|  |TAMS 0x000000074de00000| PB 0x000000074de00000| Untracked 
| 112|0x000000074e000000, 0x000000074e200000, 0x000000074e200000|100%| O|Cm|TAMS 0x000000074e000000| PB 0x000000074e000000| Complete 
| 113|0x000000074e200000, 0x000000074e400000, 0x000000074e400000|100%| O|  |TAMS 0x000000074e200000| PB 0x000000074e200000| Untracked 
| 114|0x000000074e400000, 0x000000074e600000, 0x000000074e600000|100%| O|  |TAMS 0x000000074e400000| PB 0x000000074e400000| Untracked 
| 115|0x000000074e600000, 0x000000074e800000, 0x000000074e800000|100%| O|  |TAMS 0x000000074e600000| PB 0x000000074e600000| Untracked 
| 116|0x000000074e800000, 0x000000074ea00000, 0x000000074ea00000|100%| O|  |TAMS 0x000000074e800000| PB 0x000000074e800000| Untracked 
| 117|0x000000074ea00000, 0x000000074ec00000, 0x000000074ec00000|100%| O|  |TAMS 0x000000074ea00000| PB 0x000000074ea00000| Untracked 
| 118|0x000000074ec00000, 0x000000074ee00000, 0x000000074ee00000|100%| O|  |TAMS 0x000000074ec00000| PB 0x000000074ec00000| Untracked 
| 119|0x000000074ee00000, 0x000000074f000000, 0x000000074f000000|100%| O|  |TAMS 0x000000074ee00000| PB 0x000000074ee00000| Untracked 
| 120|0x000000074f000000, 0x000000074f200000, 0x000000074f200000|100%| O|  |TAMS 0x000000074f000000| PB 0x000000074f000000| Untracked 
| 121|0x000000074f200000, 0x000000074f400000, 0x000000074f400000|100%| O|  |TAMS 0x000000074f200000| PB 0x000000074f200000| Untracked 
| 122|0x000000074f400000, 0x000000074f600000, 0x000000074f600000|100%| O|  |TAMS 0x000000074f400000| PB 0x000000074f400000| Untracked 
| 123|0x000000074f600000, 0x000000074f800000, 0x000000074f800000|100%| O|  |TAMS 0x000000074f600000| PB 0x000000074f600000| Untracked 
| 124|0x000000074f800000, 0x000000074fa00000, 0x000000074fa00000|100%| O|Cm|TAMS 0x000000074f800000| PB 0x000000074f800000| Complete 
| 125|0x000000074fa00000, 0x000000074fc00000, 0x000000074fc00000|100%| O|Cm|TAMS 0x000000074fa00000| PB 0x000000074fa00000| Complete 
| 126|0x000000074fc00000, 0x000000074fe00000, 0x000000074fe00000|100%| O|  |TAMS 0x000000074fc00000| PB 0x000000074fc00000| Untracked 
| 127|0x000000074fe00000, 0x0000000750000000, 0x0000000750000000|100%| O|  |TAMS 0x000000074fe00000| PB 0x000000074fe00000| Untracked 
| 128|0x0000000750000000, 0x0000000750200000, 0x0000000750200000|100%| O|  |TAMS 0x0000000750000000| PB 0x0000000750000000| Untracked 
| 129|0x0000000750200000, 0x0000000750400000, 0x0000000750400000|100%| O|  |TAMS 0x0000000750200000| PB 0x0000000750200000| Untracked 
| 130|0x0000000750400000, 0x0000000750600000, 0x0000000750600000|100%| O|  |TAMS 0x0000000750400000| PB 0x0000000750400000| Untracked 
| 131|0x0000000750600000, 0x0000000750800000, 0x0000000750800000|100%| O|  |TAMS 0x0000000750600000| PB 0x0000000750600000| Untracked 
| 132|0x0000000750800000, 0x0000000750a00000, 0x0000000750a00000|100%| O|  |TAMS 0x0000000750800000| PB 0x0000000750800000| Untracked 
| 133|0x0000000750a00000, 0x0000000750c00000, 0x0000000750c00000|100%| O|  |TAMS 0x0000000750a00000| PB 0x0000000750a00000| Untracked 
| 134|0x0000000750c00000, 0x0000000750e00000, 0x0000000750e00000|100%| O|  |TAMS 0x0000000750c00000| PB 0x0000000750c00000| Untracked 
| 135|0x0000000750e00000, 0x0000000751000000, 0x0000000751000000|100%| O|  |TAMS 0x0000000750e00000| PB 0x0000000750e00000| Untracked 
| 136|0x0000000751000000, 0x0000000751200000, 0x0000000751200000|100%| O|  |TAMS 0x0000000751000000| PB 0x0000000751000000| Untracked 
| 137|0x0000000751200000, 0x0000000751400000, 0x0000000751400000|100%| O|Cm|TAMS 0x0000000751200000| PB 0x0000000751200000| Complete 
| 138|0x0000000751400000, 0x0000000751600000, 0x0000000751600000|100%| O|  |TAMS 0x0000000751400000| PB 0x0000000751400000| Untracked 
| 139|0x0000000751600000, 0x0000000751800000, 0x0000000751800000|100%| O|Cm|TAMS 0x0000000751600000| PB 0x0000000751600000| Complete 
| 140|0x0000000751800000, 0x0000000751a00000, 0x0000000751a00000|100%| O|  |TAMS 0x0000000751800000| PB 0x0000000751800000| Untracked 
| 141|0x0000000751a00000, 0x0000000751c00000, 0x0000000751c00000|100%| O|  |TAMS 0x0000000751a00000| PB 0x0000000751a00000| Untracked 
| 142|0x0000000751c00000, 0x0000000751e00000, 0x0000000751e00000|100%| O|Cm|TAMS 0x0000000751c00000| PB 0x0000000751c00000| Complete 
| 143|0x0000000751e00000, 0x0000000752000000, 0x0000000752000000|100%| O|  |TAMS 0x0000000751e00000| PB 0x0000000751e00000| Untracked 
| 144|0x0000000752000000, 0x0000000752200000, 0x0000000752200000|100%| O|Cm|TAMS 0x0000000752000000| PB 0x0000000752000000| Complete 
| 145|0x0000000752200000, 0x0000000752400000, 0x0000000752400000|100%| O|  |TAMS 0x0000000752200000| PB 0x0000000752200000| Untracked 
| 146|0x0000000752400000, 0x0000000752600000, 0x0000000752600000|100%| O|Cm|TAMS 0x0000000752400000| PB 0x0000000752400000| Complete 
| 147|0x0000000752600000, 0x0000000752800000, 0x0000000752800000|100%| O|  |TAMS 0x0000000752600000| PB 0x0000000752600000| Untracked 
| 148|0x0000000752800000, 0x0000000752a00000, 0x0000000752a00000|100%| O|Cm|TAMS 0x0000000752800000| PB 0x0000000752800000| Complete 
| 149|0x0000000752a00000, 0x0000000752c00000, 0x0000000752c00000|100%| O|Cm|TAMS 0x0000000752a00000| PB 0x0000000752a00000| Complete 
| 150|0x0000000752c00000, 0x0000000752e00000, 0x0000000752e00000|100%| O|  |TAMS 0x0000000752c00000| PB 0x0000000752c00000| Untracked 
| 151|0x0000000752e00000, 0x0000000753000000, 0x0000000753000000|100%| O|Cm|TAMS 0x0000000752e00000| PB 0x0000000752e00000| Complete 
| 152|0x0000000753000000, 0x0000000753200000, 0x0000000753200000|100%| O|Cm|TAMS 0x0000000753000000| PB 0x0000000753000000| Complete 
| 153|0x0000000753200000, 0x0000000753400000, 0x0000000753400000|100%| O|  |TAMS 0x0000000753200000| PB 0x0000000753200000| Untracked 
| 154|0x0000000753400000, 0x0000000753600000, 0x0000000753600000|100%| O|Cm|TAMS 0x0000000753400000| PB 0x0000000753400000| Complete 
| 155|0x0000000753600000, 0x0000000753800000, 0x0000000753800000|100%| O|  |TAMS 0x0000000753600000| PB 0x0000000753600000| Untracked 
| 156|0x0000000753800000, 0x0000000753a00000, 0x0000000753a00000|100%| O|Cm|TAMS 0x0000000753800000| PB 0x0000000753800000| Complete 
| 157|0x0000000753a00000, 0x0000000753c00000, 0x0000000753c00000|100%| O|  |TAMS 0x0000000753a00000| PB 0x0000000753a00000| Untracked 
| 158|0x0000000753c00000, 0x0000000753e00000, 0x0000000753e00000|100%| O|  |TAMS 0x0000000753c00000| PB 0x0000000753c00000| Untracked 
| 159|0x0000000753e00000, 0x0000000754000000, 0x0000000754000000|100%| O|  |TAMS 0x0000000753e00000| PB 0x0000000753e00000| Untracked 
| 160|0x0000000754000000, 0x0000000754200000, 0x0000000754200000|100%| O|Cm|TAMS 0x0000000754000000| PB 0x0000000754000000| Complete 
| 161|0x0000000754200000, 0x0000000754400000, 0x0000000754400000|100%| O|  |TAMS 0x0000000754200000| PB 0x0000000754200000| Untracked 
| 162|0x0000000754400000, 0x0000000754600000, 0x0000000754600000|100%| O|  |TAMS 0x0000000754400000| PB 0x0000000754400000| Untracked 
| 163|0x0000000754600000, 0x0000000754800000, 0x0000000754800000|100%| O|  |TAMS 0x0000000754600000| PB 0x0000000754600000| Untracked 
| 164|0x0000000754800000, 0x0000000754a00000, 0x0000000754a00000|100%| O|  |TAMS 0x0000000754800000| PB 0x0000000754800000| Untracked 
| 165|0x0000000754a00000, 0x0000000754c00000, 0x0000000754c00000|100%| O|Cm|TAMS 0x0000000754a00000| PB 0x0000000754a00000| Complete 
| 166|0x0000000754c00000, 0x0000000754e00000, 0x0000000754e00000|100%| O|Cm|TAMS 0x0000000754c00000| PB 0x0000000754c00000| Complete 
| 167|0x0000000754e00000, 0x0000000755000000, 0x0000000755000000|100%| O|  |TAMS 0x0000000754e00000| PB 0x0000000754e00000| Untracked 
| 168|0x0000000755000000, 0x0000000755200000, 0x0000000755200000|100%| O|  |TAMS 0x0000000755000000| PB 0x0000000755000000| Untracked 
| 169|0x0000000755200000, 0x0000000755400000, 0x0000000755400000|100%| O|  |TAMS 0x0000000755200000| PB 0x0000000755200000| Untracked 
| 170|0x0000000755400000, 0x0000000755600000, 0x0000000755600000|100%| O|Cm|TAMS 0x0000000755400000| PB 0x0000000755400000| Complete 
| 171|0x0000000755600000, 0x0000000755800000, 0x0000000755800000|100%| O|Cm|TAMS 0x0000000755600000| PB 0x0000000755600000| Complete 
| 172|0x0000000755800000, 0x0000000755a00000, 0x0000000755a00000|100%| O|Cm|TAMS 0x0000000755800000| PB 0x0000000755800000| Complete 
| 173|0x0000000755a00000, 0x0000000755c00000, 0x0000000755c00000|100%| O|Cm|TAMS 0x0000000755a00000| PB 0x0000000755a00000| Complete 
| 174|0x0000000755c00000, 0x0000000755e00000, 0x0000000755e00000|100%| O|Cm|TAMS 0x0000000755c00000| PB 0x0000000755c00000| Complete 
| 175|0x0000000755e00000, 0x0000000756000000, 0x0000000756000000|100%| O|Cm|TAMS 0x0000000755e00000| PB 0x0000000755e00000| Complete 
| 176|0x0000000756000000, 0x0000000756200000, 0x0000000756200000|100%| O|Cm|TAMS 0x0000000756000000| PB 0x0000000756000000| Complete 
| 177|0x0000000756200000, 0x0000000756400000, 0x0000000756400000|100%| O|Cm|TAMS 0x0000000756200000| PB 0x0000000756200000| Complete 
| 178|0x0000000756400000, 0x0000000756600000, 0x0000000756600000|100%| O|Cm|TAMS 0x0000000756400000| PB 0x0000000756400000| Complete 
| 179|0x0000000756600000, 0x0000000756800000, 0x0000000756800000|100%| O|  |TAMS 0x0000000756600000| PB 0x0000000756600000| Untracked 
| 180|0x0000000756800000, 0x0000000756a00000, 0x0000000756a00000|100%| O|Cm|TAMS 0x0000000756800000| PB 0x0000000756800000| Complete 
| 181|0x0000000756a00000, 0x0000000756c00000, 0x0000000756c00000|100%| O|Cm|TAMS 0x0000000756a00000| PB 0x0000000756a00000| Complete 
| 182|0x0000000756c00000, 0x0000000756e00000, 0x0000000756e00000|100%| O|  |TAMS 0x0000000756c00000| PB 0x0000000756c00000| Untracked 
| 183|0x0000000756e00000, 0x0000000757000000, 0x0000000757000000|100%| O|  |TAMS 0x0000000756e00000| PB 0x0000000756e00000| Untracked 
| 184|0x0000000757000000, 0x0000000757200000, 0x0000000757200000|100%| O|Cm|TAMS 0x0000000757000000| PB 0x0000000757000000| Complete 
| 185|0x0000000757200000, 0x0000000757400000, 0x0000000757400000|100%| O|Cm|TAMS 0x0000000757200000| PB 0x0000000757200000| Complete 
| 186|0x0000000757400000, 0x0000000757600000, 0x0000000757600000|100%| O|Cm|TAMS 0x0000000757400000| PB 0x0000000757400000| Complete 
| 187|0x0000000757600000, 0x0000000757800000, 0x0000000757800000|100%| O|Cm|TAMS 0x0000000757600000| PB 0x0000000757600000| Complete 
| 188|0x0000000757800000, 0x0000000757a00000, 0x0000000757a00000|100%| O|Cm|TAMS 0x0000000757800000| PB 0x0000000757800000| Complete 
| 189|0x0000000757a00000, 0x0000000757c00000, 0x0000000757c00000|100%| O|Cm|TAMS 0x0000000757a00000| PB 0x0000000757a00000| Complete 
| 190|0x0000000757c00000, 0x0000000757e00000, 0x0000000757e00000|100%| O|  |TAMS 0x0000000757c00000| PB 0x0000000757c00000| Untracked 
| 191|0x0000000757e00000, 0x0000000758000000, 0x0000000758000000|100%| O|  |TAMS 0x0000000757e00000| PB 0x0000000757e00000| Untracked 
| 192|0x0000000758000000, 0x0000000758200000, 0x0000000758200000|100%| O|  |TAMS 0x0000000758000000| PB 0x0000000758000000| Untracked 
| 193|0x0000000758200000, 0x0000000758400000, 0x0000000758400000|100%| O|  |TAMS 0x0000000758200000| PB 0x0000000758200000| Untracked 
| 194|0x0000000758400000, 0x0000000758600000, 0x0000000758600000|100%| O|  |TAMS 0x0000000758400000| PB 0x0000000758400000| Untracked 
| 195|0x0000000758600000, 0x0000000758800000, 0x0000000758800000|100%| O|  |TAMS 0x0000000758600000| PB 0x0000000758600000| Untracked 
| 196|0x0000000758800000, 0x0000000758a00000, 0x0000000758a00000|100%| O|  |TAMS 0x0000000758800000| PB 0x0000000758800000| Untracked 
| 197|0x0000000758a00000, 0x0000000758c00000, 0x0000000758c00000|100%| O|  |TAMS 0x0000000758a00000| PB 0x0000000758a00000| Untracked 
| 198|0x0000000758c00000, 0x0000000758e00000, 0x0000000758e00000|100%| O|  |TAMS 0x0000000758c00000| PB 0x0000000758c00000| Untracked 
| 199|0x0000000758e00000, 0x0000000759000000, 0x0000000759000000|100%| O|  |TAMS 0x0000000758e00000| PB 0x0000000758e00000| Untracked 
| 200|0x0000000759000000, 0x0000000759200000, 0x0000000759200000|100%| O|  |TAMS 0x0000000759000000| PB 0x0000000759000000| Untracked 
| 201|0x0000000759200000, 0x0000000759400000, 0x0000000759400000|100%| O|  |TAMS 0x0000000759200000| PB 0x0000000759200000| Untracked 
| 202|0x0000000759400000, 0x0000000759600000, 0x0000000759600000|100%| O|  |TAMS 0x0000000759400000| PB 0x0000000759400000| Untracked 
| 203|0x0000000759600000, 0x0000000759800000, 0x0000000759800000|100%| O|  |TAMS 0x0000000759600000| PB 0x0000000759600000| Untracked 
| 204|0x0000000759800000, 0x0000000759a00000, 0x0000000759a00000|100%| O|  |TAMS 0x0000000759800000| PB 0x0000000759800000| Untracked 
| 205|0x0000000759a00000, 0x0000000759c00000, 0x0000000759c00000|100%| O|  |TAMS 0x0000000759a00000| PB 0x0000000759a00000| Untracked 
| 206|0x0000000759c00000, 0x0000000759e00000, 0x0000000759e00000|100%| O|  |TAMS 0x0000000759c00000| PB 0x0000000759c00000| Untracked 
| 207|0x0000000759e00000, 0x000000075a000000, 0x000000075a000000|100%| O|Cm|TAMS 0x0000000759e00000| PB 0x0000000759e00000| Complete 
| 208|0x000000075a000000, 0x000000075a200000, 0x000000075a200000|100%| O|  |TAMS 0x000000075a000000| PB 0x000000075a000000| Untracked 
| 209|0x000000075a200000, 0x000000075a400000, 0x000000075a400000|100%| O|  |TAMS 0x000000075a200000| PB 0x000000075a200000| Untracked 
| 210|0x000000075a400000, 0x000000075a600000, 0x000000075a600000|100%| O|Cm|TAMS 0x000000075a400000| PB 0x000000075a400000| Complete 
| 211|0x000000075a600000, 0x000000075a800000, 0x000000075a800000|100%| O|Cm|TAMS 0x000000075a600000| PB 0x000000075a600000| Complete 
| 212|0x000000075a800000, 0x000000075aa00000, 0x000000075aa00000|100%| O|Cm|TAMS 0x000000075a800000| PB 0x000000075a800000| Complete 
| 213|0x000000075aa00000, 0x000000075ac00000, 0x000000075ac00000|100%| O|Cm|TAMS 0x000000075aa00000| PB 0x000000075aa00000| Complete 
| 214|0x000000075ac00000, 0x000000075ae00000, 0x000000075ae00000|100%| O|Cm|TAMS 0x000000075ac00000| PB 0x000000075ac00000| Complete 
| 215|0x000000075ae00000, 0x000000075b000000, 0x000000075b000000|100%| O|  |TAMS 0x000000075ae00000| PB 0x000000075ae00000| Untracked 
| 216|0x000000075b000000, 0x000000075b200000, 0x000000075b200000|100%| O|  |TAMS 0x000000075b000000| PB 0x000000075b000000| Untracked 
| 217|0x000000075b200000, 0x000000075b400000, 0x000000075b400000|100%| O|Cm|TAMS 0x000000075b200000| PB 0x000000075b200000| Complete 
| 218|0x000000075b400000, 0x000000075b600000, 0x000000075b600000|100%| O|  |TAMS 0x000000075b400000| PB 0x000000075b400000| Untracked 
| 219|0x000000075b600000, 0x000000075b800000, 0x000000075b800000|100%| O|Cm|TAMS 0x000000075b600000| PB 0x000000075b600000| Complete 
| 220|0x000000075b800000, 0x000000075ba00000, 0x000000075ba00000|100%| O|  |TAMS 0x000000075b800000| PB 0x000000075b800000| Untracked 
| 221|0x000000075ba00000, 0x000000075bc00000, 0x000000075bc00000|100%| O|Cm|TAMS 0x000000075ba00000| PB 0x000000075ba00000| Complete 
| 222|0x000000075bc00000, 0x000000075be00000, 0x000000075be00000|100%| O|Cm|TAMS 0x000000075bc00000| PB 0x000000075bc00000| Complete 
| 223|0x000000075be00000, 0x000000075c000000, 0x000000075c000000|100%| O|Cm|TAMS 0x000000075be00000| PB 0x000000075be00000| Complete 
| 224|0x000000075c000000, 0x000000075c200000, 0x000000075c200000|100%| O|Cm|TAMS 0x000000075c000000| PB 0x000000075c000000| Complete 
| 225|0x000000075c200000, 0x000000075c400000, 0x000000075c400000|100%| O|Cm|TAMS 0x000000075c200000| PB 0x000000075c200000| Complete 
| 226|0x000000075c400000, 0x000000075c600000, 0x000000075c600000|100%| O|  |TAMS 0x000000075c400000| PB 0x000000075c400000| Untracked 
| 227|0x000000075c600000, 0x000000075c800000, 0x000000075c800000|100%| O|  |TAMS 0x000000075c600000| PB 0x000000075c600000| Untracked 
| 228|0x000000075c800000, 0x000000075ca00000, 0x000000075ca00000|100%| O|  |TAMS 0x000000075c800000| PB 0x000000075c800000| Untracked 
| 229|0x000000075ca00000, 0x000000075cc00000, 0x000000075cc00000|100%| O|  |TAMS 0x000000075ca00000| PB 0x000000075ca00000| Untracked 
| 230|0x000000075cc00000, 0x000000075ce00000, 0x000000075ce00000|100%| O|  |TAMS 0x000000075cc00000| PB 0x000000075cc00000| Untracked 
| 231|0x000000075ce00000, 0x000000075d000000, 0x000000075d000000|100%| O|  |TAMS 0x000000075ce00000| PB 0x000000075ce00000| Untracked 
| 232|0x000000075d000000, 0x000000075d200000, 0x000000075d200000|100%| O|  |TAMS 0x000000075d000000| PB 0x000000075d000000| Untracked 
| 233|0x000000075d200000, 0x000000075d400000, 0x000000075d400000|100%| O|  |TAMS 0x000000075d200000| PB 0x000000075d200000| Untracked 
| 234|0x000000075d400000, 0x000000075d600000, 0x000000075d600000|100%| O|  |TAMS 0x000000075d400000| PB 0x000000075d400000| Untracked 
| 235|0x000000075d600000, 0x000000075d800000, 0x000000075d800000|100%| O|  |TAMS 0x000000075d600000| PB 0x000000075d600000| Untracked 
| 236|0x000000075d800000, 0x000000075da00000, 0x000000075da00000|100%| O|  |TAMS 0x000000075d800000| PB 0x000000075d800000| Untracked 
| 237|0x000000075da00000, 0x000000075dc00000, 0x000000075dc00000|100%| O|  |TAMS 0x000000075da00000| PB 0x000000075da00000| Untracked 
| 238|0x000000075dc00000, 0x000000075de00000, 0x000000075de00000|100%| O|  |TAMS 0x000000075dc00000| PB 0x000000075dc00000| Untracked 
| 239|0x000000075de00000, 0x000000075e000000, 0x000000075e000000|100%| O|  |TAMS 0x000000075de00000| PB 0x000000075de00000| Untracked 
| 240|0x000000075e000000, 0x000000075e200000, 0x000000075e200000|100%| O|  |TAMS 0x000000075e000000| PB 0x000000075e000000| Untracked 
| 241|0x000000075e200000, 0x000000075e400000, 0x000000075e400000|100%| O|  |TAMS 0x000000075e200000| PB 0x000000075e200000| Untracked 
| 242|0x000000075e400000, 0x000000075e600000, 0x000000075e600000|100%| O|  |TAMS 0x000000075e400000| PB 0x000000075e400000| Untracked 
| 243|0x000000075e600000, 0x000000075e800000, 0x000000075e800000|100%| O|  |TAMS 0x000000075e600000| PB 0x000000075e600000| Untracked 
| 244|0x000000075e800000, 0x000000075e800000, 0x000000075ea00000|  0%| F|  |TAMS 0x000000075e800000| PB 0x000000075e800000| Untracked 
| 245|0x000000075ea00000, 0x000000075ea00000, 0x000000075ec00000|  0%| F|  |TAMS 0x000000075ea00000| PB 0x000000075ea00000| Untracked 
| 246|0x000000075ec00000, 0x000000075ec00000, 0x000000075ee00000|  0%| F|  |TAMS 0x000000075ec00000| PB 0x000000075ec00000| Untracked 
| 247|0x000000075ee00000, 0x000000075ee00000, 0x000000075f000000|  0%| F|  |TAMS 0x000000075ee00000| PB 0x000000075ee00000| Untracked 
| 248|0x000000075f000000, 0x000000075f000000, 0x000000075f200000|  0%| F|  |TAMS 0x000000075f000000| PB 0x000000075f000000| Untracked 
| 249|0x000000075f200000, 0x000000075f200000, 0x000000075f400000|  0%| F|  |TAMS 0x000000075f200000| PB 0x000000075f200000| Untracked 
| 250|0x000000075f400000, 0x000000075f400000, 0x000000075f600000|  0%| F|  |TAMS 0x000000075f400000| PB 0x000000075f400000| Untracked 
| 251|0x000000075f600000, 0x000000075f600000, 0x000000075f800000|  0%| F|  |TAMS 0x000000075f600000| PB 0x000000075f600000| Untracked 
| 252|0x000000075f800000, 0x000000075f800000, 0x000000075fa00000|  0%| F|  |TAMS 0x000000075f800000| PB 0x000000075f800000| Untracked 
| 253|0x000000075fa00000, 0x000000075fa00000, 0x000000075fc00000|  0%| F|  |TAMS 0x000000075fa00000| PB 0x000000075fa00000| Untracked 
| 254|0x000000075fc00000, 0x000000075fc00000, 0x000000075fe00000|  0%| F|  |TAMS 0x000000075fc00000| PB 0x000000075fc00000| Untracked 
| 255|0x000000075fe00000, 0x000000075fe00000, 0x0000000760000000|  0%| F|  |TAMS 0x000000075fe00000| PB 0x000000075fe00000| Untracked 
| 256|0x0000000760000000, 0x0000000760000000, 0x0000000760200000|  0%| F|  |TAMS 0x0000000760000000| PB 0x0000000760000000| Untracked 
| 257|0x0000000760200000, 0x0000000760200000, 0x0000000760400000|  0%| F|  |TAMS 0x0000000760200000| PB 0x0000000760200000| Untracked 
| 258|0x0000000760400000, 0x0000000760400000, 0x0000000760600000|  0%| F|  |TAMS 0x0000000760400000| PB 0x0000000760400000| Untracked 
| 259|0x0000000760600000, 0x0000000760600000, 0x0000000760800000|  0%| F|  |TAMS 0x0000000760600000| PB 0x0000000760600000| Untracked 
| 260|0x0000000760800000, 0x0000000760800000, 0x0000000760a00000|  0%| F|  |TAMS 0x0000000760800000| PB 0x0000000760800000| Untracked 
| 261|0x0000000760a00000, 0x0000000760a00000, 0x0000000760c00000|  0%| F|  |TAMS 0x0000000760a00000| PB 0x0000000760a00000| Untracked 
| 262|0x0000000760c00000, 0x0000000760c00000, 0x0000000760e00000|  0%| F|  |TAMS 0x0000000760c00000| PB 0x0000000760c00000| Untracked 
| 263|0x0000000760e00000, 0x0000000760e00000, 0x0000000761000000|  0%| F|  |TAMS 0x0000000760e00000| PB 0x0000000760e00000| Untracked 
| 264|0x0000000761000000, 0x0000000761000000, 0x0000000761200000|  0%| F|  |TAMS 0x0000000761000000| PB 0x0000000761000000| Untracked 
| 265|0x0000000761200000, 0x0000000761200000, 0x0000000761400000|  0%| F|  |TAMS 0x0000000761200000| PB 0x0000000761200000| Untracked 
| 266|0x0000000761400000, 0x0000000761400000, 0x0000000761600000|  0%| F|  |TAMS 0x0000000761400000| PB 0x0000000761400000| Untracked 
| 267|0x0000000761600000, 0x0000000761600000, 0x0000000761800000|  0%| F|  |TAMS 0x0000000761600000| PB 0x0000000761600000| Untracked 
| 268|0x0000000761800000, 0x0000000761800000, 0x0000000761a00000|  0%| F|  |TAMS 0x0000000761800000| PB 0x0000000761800000| Untracked 
| 269|0x0000000761a00000, 0x0000000761a00000, 0x0000000761c00000|  0%| F|  |TAMS 0x0000000761a00000| PB 0x0000000761a00000| Untracked 
| 270|0x0000000761c00000, 0x0000000761c00000, 0x0000000761e00000|  0%| F|  |TAMS 0x0000000761c00000| PB 0x0000000761c00000| Untracked 
| 271|0x0000000761e00000, 0x0000000761e00000, 0x0000000762000000|  0%| F|  |TAMS 0x0000000761e00000| PB 0x0000000761e00000| Untracked 
| 272|0x0000000762000000, 0x0000000762000000, 0x0000000762200000|  0%| F|  |TAMS 0x0000000762000000| PB 0x0000000762000000| Untracked 
| 273|0x0000000762200000, 0x0000000762200000, 0x0000000762400000|  0%| F|  |TAMS 0x0000000762200000| PB 0x0000000762200000| Untracked 
| 274|0x0000000762400000, 0x0000000762400000, 0x0000000762600000|  0%| F|  |TAMS 0x0000000762400000| PB 0x0000000762400000| Untracked 
| 275|0x0000000762600000, 0x0000000762600000, 0x0000000762800000|  0%| F|  |TAMS 0x0000000762600000| PB 0x0000000762600000| Untracked 
| 276|0x0000000762800000, 0x0000000762800000, 0x0000000762a00000|  0%| F|  |TAMS 0x0000000762800000| PB 0x0000000762800000| Untracked 
| 277|0x0000000762a00000, 0x0000000762a00000, 0x0000000762c00000|  0%| F|  |TAMS 0x0000000762a00000| PB 0x0000000762a00000| Untracked 
| 278|0x0000000762c00000, 0x0000000762c00000, 0x0000000762e00000|  0%| F|  |TAMS 0x0000000762c00000| PB 0x0000000762c00000| Untracked 
| 279|0x0000000762e00000, 0x0000000762e00000, 0x0000000763000000|  0%| F|  |TAMS 0x0000000762e00000| PB 0x0000000762e00000| Untracked 
| 280|0x0000000763000000, 0x0000000763000000, 0x0000000763200000|  0%| F|  |TAMS 0x0000000763000000| PB 0x0000000763000000| Untracked 
| 281|0x0000000763200000, 0x0000000763200000, 0x0000000763400000|  0%| F|  |TAMS 0x0000000763200000| PB 0x0000000763200000| Untracked 
| 282|0x0000000763400000, 0x0000000763400000, 0x0000000763600000|  0%| F|  |TAMS 0x0000000763400000| PB 0x0000000763400000| Untracked 
| 283|0x0000000763600000, 0x0000000763600000, 0x0000000763800000|  0%| F|  |TAMS 0x0000000763600000| PB 0x0000000763600000| Untracked 
| 284|0x0000000763800000, 0x0000000763800000, 0x0000000763a00000|  0%| F|  |TAMS 0x0000000763800000| PB 0x0000000763800000| Untracked 
| 285|0x0000000763a00000, 0x0000000763a00000, 0x0000000763c00000|  0%| F|  |TAMS 0x0000000763a00000| PB 0x0000000763a00000| Untracked 
| 286|0x0000000763c00000, 0x0000000763c00000, 0x0000000763e00000|  0%| F|  |TAMS 0x0000000763c00000| PB 0x0000000763c00000| Untracked 
| 287|0x0000000763e00000, 0x0000000763e00000, 0x0000000764000000|  0%| F|  |TAMS 0x0000000763e00000| PB 0x0000000763e00000| Untracked 
| 288|0x0000000764000000, 0x0000000764000000, 0x0000000764200000|  0%| F|  |TAMS 0x0000000764000000| PB 0x0000000764000000| Untracked 
| 289|0x0000000764200000, 0x0000000764200000, 0x0000000764400000|  0%| F|  |TAMS 0x0000000764200000| PB 0x0000000764200000| Untracked 
| 290|0x0000000764400000, 0x0000000764400000, 0x0000000764600000|  0%| F|  |TAMS 0x0000000764400000| PB 0x0000000764400000| Untracked 
| 291|0x0000000764600000, 0x0000000764600000, 0x0000000764800000|  0%| F|  |TAMS 0x0000000764600000| PB 0x0000000764600000| Untracked 
| 292|0x0000000764800000, 0x0000000764800000, 0x0000000764a00000|  0%| F|  |TAMS 0x0000000764800000| PB 0x0000000764800000| Untracked 
| 293|0x0000000764a00000, 0x0000000764a00000, 0x0000000764c00000|  0%| F|  |TAMS 0x0000000764a00000| PB 0x0000000764a00000| Untracked 
| 294|0x0000000764c00000, 0x0000000764c00000, 0x0000000764e00000|  0%| F|  |TAMS 0x0000000764c00000| PB 0x0000000764c00000| Untracked 
| 295|0x0000000764e00000, 0x0000000764e00000, 0x0000000765000000|  0%| F|  |TAMS 0x0000000764e00000| PB 0x0000000764e00000| Untracked 
| 296|0x0000000765000000, 0x0000000765000000, 0x0000000765200000|  0%| F|  |TAMS 0x0000000765000000| PB 0x0000000765000000| Untracked 
| 297|0x0000000765200000, 0x0000000765200000, 0x0000000765400000|  0%| F|  |TAMS 0x0000000765200000| PB 0x0000000765200000| Untracked 
| 298|0x0000000765400000, 0x0000000765400000, 0x0000000765600000|  0%| F|  |TAMS 0x0000000765400000| PB 0x0000000765400000| Untracked 
| 299|0x0000000765600000, 0x0000000765600000, 0x0000000765800000|  0%| F|  |TAMS 0x0000000765600000| PB 0x0000000765600000| Untracked 
| 300|0x0000000765800000, 0x0000000765800000, 0x0000000765a00000|  0%| F|  |TAMS 0x0000000765800000| PB 0x0000000765800000| Untracked 
| 301|0x0000000765a00000, 0x0000000765a00000, 0x0000000765c00000|  0%| F|  |TAMS 0x0000000765a00000| PB 0x0000000765a00000| Untracked 
| 302|0x0000000765c00000, 0x0000000765c00000, 0x0000000765e00000|  0%| F|  |TAMS 0x0000000765c00000| PB 0x0000000765c00000| Untracked 
| 303|0x0000000765e00000, 0x0000000765e00000, 0x0000000766000000|  0%| F|  |TAMS 0x0000000765e00000| PB 0x0000000765e00000| Untracked 
| 304|0x0000000766000000, 0x0000000766000000, 0x0000000766200000|  0%| F|  |TAMS 0x0000000766000000| PB 0x0000000766000000| Untracked 
| 305|0x0000000766200000, 0x0000000766200000, 0x0000000766400000|  0%| F|  |TAMS 0x0000000766200000| PB 0x0000000766200000| Untracked 
| 306|0x0000000766400000, 0x0000000766400000, 0x0000000766600000|  0%| F|  |TAMS 0x0000000766400000| PB 0x0000000766400000| Untracked 
| 307|0x0000000766600000, 0x0000000766600000, 0x0000000766800000|  0%| F|  |TAMS 0x0000000766600000| PB 0x0000000766600000| Untracked 
| 308|0x0000000766800000, 0x0000000766800000, 0x0000000766a00000|  0%| F|  |TAMS 0x0000000766800000| PB 0x0000000766800000| Untracked 
| 309|0x0000000766a00000, 0x0000000766a00000, 0x0000000766c00000|  0%| F|  |TAMS 0x0000000766a00000| PB 0x0000000766a00000| Untracked 
| 310|0x0000000766c00000, 0x0000000766c00000, 0x0000000766e00000|  0%| F|  |TAMS 0x0000000766c00000| PB 0x0000000766c00000| Untracked 
| 311|0x0000000766e00000, 0x0000000766e00000, 0x0000000767000000|  0%| F|  |TAMS 0x0000000766e00000| PB 0x0000000766e00000| Untracked 
| 312|0x0000000767000000, 0x0000000767000000, 0x0000000767200000|  0%| F|  |TAMS 0x0000000767000000| PB 0x0000000767000000| Untracked 
| 313|0x0000000767200000, 0x0000000767200000, 0x0000000767400000|  0%| F|  |TAMS 0x0000000767200000| PB 0x0000000767200000| Untracked 
| 314|0x0000000767400000, 0x0000000767400000, 0x0000000767600000|  0%| F|  |TAMS 0x0000000767400000| PB 0x0000000767400000| Untracked 
| 315|0x0000000767600000, 0x0000000767600000, 0x0000000767800000|  0%| F|  |TAMS 0x0000000767600000| PB 0x0000000767600000| Untracked 
| 316|0x0000000767800000, 0x0000000767800000, 0x0000000767a00000|  0%| F|  |TAMS 0x0000000767800000| PB 0x0000000767800000| Untracked 
| 317|0x0000000767a00000, 0x0000000767a00000, 0x0000000767c00000|  0%| F|  |TAMS 0x0000000767a00000| PB 0x0000000767a00000| Untracked 
| 318|0x0000000767c00000, 0x0000000767c00000, 0x0000000767e00000|  0%| F|  |TAMS 0x0000000767c00000| PB 0x0000000767c00000| Untracked 
| 319|0x0000000767e00000, 0x0000000767e00000, 0x0000000768000000|  0%| F|  |TAMS 0x0000000767e00000| PB 0x0000000767e00000| Untracked 
| 320|0x0000000768000000, 0x0000000768000000, 0x0000000768200000|  0%| F|  |TAMS 0x0000000768000000| PB 0x0000000768000000| Untracked 
| 321|0x0000000768200000, 0x0000000768200000, 0x0000000768400000|  0%| F|  |TAMS 0x0000000768200000| PB 0x0000000768200000| Untracked 
| 322|0x0000000768400000, 0x0000000768400000, 0x0000000768600000|  0%| F|  |TAMS 0x0000000768400000| PB 0x0000000768400000| Untracked 
| 323|0x0000000768600000, 0x0000000768600000, 0x0000000768800000|  0%| F|  |TAMS 0x0000000768600000| PB 0x0000000768600000| Untracked 
| 324|0x0000000768800000, 0x0000000768800000, 0x0000000768a00000|  0%| F|  |TAMS 0x0000000768800000| PB 0x0000000768800000| Untracked 
| 325|0x0000000768a00000, 0x0000000768a00000, 0x0000000768c00000|  0%| F|  |TAMS 0x0000000768a00000| PB 0x0000000768a00000| Untracked 
| 326|0x0000000768c00000, 0x0000000768c00000, 0x0000000768e00000|  0%| F|  |TAMS 0x0000000768c00000| PB 0x0000000768c00000| Untracked 
| 327|0x0000000768e00000, 0x0000000768e00000, 0x0000000769000000|  0%| F|  |TAMS 0x0000000768e00000| PB 0x0000000768e00000| Untracked 
| 328|0x0000000769000000, 0x0000000769000000, 0x0000000769200000|  0%| F|  |TAMS 0x0000000769000000| PB 0x0000000769000000| Untracked 
| 329|0x0000000769200000, 0x0000000769200000, 0x0000000769400000|  0%| F|  |TAMS 0x0000000769200000| PB 0x0000000769200000| Untracked 
| 330|0x0000000769400000, 0x0000000769400000, 0x0000000769600000|  0%| F|  |TAMS 0x0000000769400000| PB 0x0000000769400000| Untracked 
| 331|0x0000000769600000, 0x0000000769600000, 0x0000000769800000|  0%| F|  |TAMS 0x0000000769600000| PB 0x0000000769600000| Untracked 
| 332|0x0000000769800000, 0x0000000769800000, 0x0000000769a00000|  0%| F|  |TAMS 0x0000000769800000| PB 0x0000000769800000| Untracked 
| 333|0x0000000769a00000, 0x0000000769a00000, 0x0000000769c00000|  0%| F|  |TAMS 0x0000000769a00000| PB 0x0000000769a00000| Untracked 
| 334|0x0000000769c00000, 0x0000000769c00000, 0x0000000769e00000|  0%| F|  |TAMS 0x0000000769c00000| PB 0x0000000769c00000| Untracked 
| 335|0x0000000769e00000, 0x0000000769e00000, 0x000000076a000000|  0%| F|  |TAMS 0x0000000769e00000| PB 0x0000000769e00000| Untracked 
| 336|0x000000076a000000, 0x000000076a000000, 0x000000076a200000|  0%| F|  |TAMS 0x000000076a000000| PB 0x000000076a000000| Untracked 
| 337|0x000000076a200000, 0x000000076a200000, 0x000000076a400000|  0%| F|  |TAMS 0x000000076a200000| PB 0x000000076a200000| Untracked 
| 338|0x000000076a400000, 0x000000076a400000, 0x000000076a600000|  0%| F|  |TAMS 0x000000076a400000| PB 0x000000076a400000| Untracked 
| 339|0x000000076a600000, 0x000000076a600000, 0x000000076a800000|  0%| F|  |TAMS 0x000000076a600000| PB 0x000000076a600000| Untracked 
| 340|0x000000076a800000, 0x000000076a800000, 0x000000076aa00000|  0%| F|  |TAMS 0x000000076a800000| PB 0x000000076a800000| Untracked 
| 341|0x000000076aa00000, 0x000000076aa00000, 0x000000076ac00000|  0%| F|  |TAMS 0x000000076aa00000| PB 0x000000076aa00000| Untracked 
| 342|0x000000076ac00000, 0x000000076ac00000, 0x000000076ae00000|  0%| F|  |TAMS 0x000000076ac00000| PB 0x000000076ac00000| Untracked 
| 343|0x000000076ae00000, 0x000000076ae00000, 0x000000076b000000|  0%| F|  |TAMS 0x000000076ae00000| PB 0x000000076ae00000| Untracked 
| 344|0x000000076b000000, 0x000000076b000000, 0x000000076b200000|  0%| F|  |TAMS 0x000000076b000000| PB 0x000000076b000000| Untracked 
| 345|0x000000076b200000, 0x000000076b200000, 0x000000076b400000|  0%| F|  |TAMS 0x000000076b200000| PB 0x000000076b200000| Untracked 
| 346|0x000000076b400000, 0x000000076b400000, 0x000000076b600000|  0%| F|  |TAMS 0x000000076b400000| PB 0x000000076b400000| Untracked 
| 347|0x000000076b600000, 0x000000076b600000, 0x000000076b800000|  0%| F|  |TAMS 0x000000076b600000| PB 0x000000076b600000| Untracked 
| 348|0x000000076b800000, 0x000000076b800000, 0x000000076ba00000|  0%| F|  |TAMS 0x000000076b800000| PB 0x000000076b800000| Untracked 
| 349|0x000000076ba00000, 0x000000076ba00000, 0x000000076bc00000|  0%| F|  |TAMS 0x000000076ba00000| PB 0x000000076ba00000| Untracked 
| 350|0x000000076bc00000, 0x000000076bc00000, 0x000000076be00000|  0%| F|  |TAMS 0x000000076bc00000| PB 0x000000076bc00000| Untracked 
| 351|0x000000076be00000, 0x000000076be00000, 0x000000076c000000|  0%| F|  |TAMS 0x000000076be00000| PB 0x000000076be00000| Untracked 
| 352|0x000000076c000000, 0x000000076c000000, 0x000000076c200000|  0%| F|  |TAMS 0x000000076c000000| PB 0x000000076c000000| Untracked 
| 353|0x000000076c200000, 0x000000076c200000, 0x000000076c400000|  0%| F|  |TAMS 0x000000076c200000| PB 0x000000076c200000| Untracked 
| 354|0x000000076c400000, 0x000000076c400000, 0x000000076c600000|  0%| F|  |TAMS 0x000000076c400000| PB 0x000000076c400000| Untracked 
| 355|0x000000076c600000, 0x000000076c600000, 0x000000076c800000|  0%| F|  |TAMS 0x000000076c600000| PB 0x000000076c600000| Untracked 
| 356|0x000000076c800000, 0x000000076c800000, 0x000000076ca00000|  0%| F|  |TAMS 0x000000076c800000| PB 0x000000076c800000| Untracked 
| 357|0x000000076ca00000, 0x000000076ca00000, 0x000000076cc00000|  0%| F|  |TAMS 0x000000076ca00000| PB 0x000000076ca00000| Untracked 
| 358|0x000000076cc00000, 0x000000076cc00000, 0x000000076ce00000|  0%| F|  |TAMS 0x000000076cc00000| PB 0x000000076cc00000| Untracked 
| 359|0x000000076ce00000, 0x000000076ce947c0, 0x000000076d000000| 29%| E|  |TAMS 0x000000076ce00000| PB 0x000000076ce00000| Complete 
| 360|0x000000076d000000, 0x000000076d200000, 0x000000076d200000|100%| S|CS|TAMS 0x000000076d000000| PB 0x000000076d000000| Complete 
| 361|0x000000076d200000, 0x000000076d400000, 0x000000076d400000|100%| S|CS|TAMS 0x000000076d200000| PB 0x000000076d200000| Complete 
| 362|0x000000076d400000, 0x000000076d600000, 0x000000076d600000|100%| S|CS|TAMS 0x000000076d400000| PB 0x000000076d400000| Complete 
| 363|0x000000076d600000, 0x000000076d800000, 0x000000076d800000|100%| S|CS|TAMS 0x000000076d600000| PB 0x000000076d600000| Complete 
| 364|0x000000076d800000, 0x000000076da00000, 0x000000076da00000|100%| E|CS|TAMS 0x000000076d800000| PB 0x000000076d800000| Complete 
| 365|0x000000076da00000, 0x000000076dc00000, 0x000000076dc00000|100%| E|CS|TAMS 0x000000076da00000| PB 0x000000076da00000| Complete 
| 366|0x000000076dc00000, 0x000000076de00000, 0x000000076de00000|100%| E|CS|TAMS 0x000000076dc00000| PB 0x000000076dc00000| Complete 
| 367|0x000000076de00000, 0x000000076e000000, 0x000000076e000000|100%| E|CS|TAMS 0x000000076de00000| PB 0x000000076de00000| Complete 
| 368|0x000000076e000000, 0x000000076e200000, 0x000000076e200000|100%| E|CS|TAMS 0x000000076e000000| PB 0x000000076e000000| Complete 
| 369|0x000000076e200000, 0x000000076e400000, 0x000000076e400000|100%| E|CS|TAMS 0x000000076e200000| PB 0x000000076e200000| Complete 
| 370|0x000000076e400000, 0x000000076e600000, 0x000000076e600000|100%| E|CS|TAMS 0x000000076e400000| PB 0x000000076e400000| Complete 
| 371|0x000000076e600000, 0x000000076e800000, 0x000000076e800000|100%| E|CS|TAMS 0x000000076e600000| PB 0x000000076e600000| Complete 
| 372|0x000000076e800000, 0x000000076ea00000, 0x000000076ea00000|100%| E|CS|TAMS 0x000000076e800000| PB 0x000000076e800000| Complete 
| 373|0x000000076ea00000, 0x000000076ec00000, 0x000000076ec00000|100%| E|CS|TAMS 0x000000076ea00000| PB 0x000000076ea00000| Complete 
| 374|0x000000076ec00000, 0x000000076ee00000, 0x000000076ee00000|100%| E|CS|TAMS 0x000000076ec00000| PB 0x000000076ec00000| Complete 
| 375|0x000000076ee00000, 0x000000076f000000, 0x000000076f000000|100%| E|CS|TAMS 0x000000076ee00000| PB 0x000000076ee00000| Complete 
| 376|0x000000076f000000, 0x000000076f200000, 0x000000076f200000|100%| E|CS|TAMS 0x000000076f000000| PB 0x000000076f000000| Complete 
| 377|0x000000076f200000, 0x000000076f400000, 0x000000076f400000|100%| E|CS|TAMS 0x000000076f200000| PB 0x000000076f200000| Complete 
| 378|0x000000076f400000, 0x000000076f600000, 0x000000076f600000|100%| E|CS|TAMS 0x000000076f400000| PB 0x000000076f400000| Complete 
| 379|0x000000076f600000, 0x000000076f800000, 0x000000076f800000|100%| E|CS|TAMS 0x000000076f600000| PB 0x000000076f600000| Complete 
| 380|0x000000076f800000, 0x000000076fa00000, 0x000000076fa00000|100%| E|CS|TAMS 0x000000076f800000| PB 0x000000076f800000| Complete 
| 381|0x000000076fa00000, 0x000000076fc00000, 0x000000076fc00000|100%| E|CS|TAMS 0x000000076fa00000| PB 0x000000076fa00000| Complete 

Card table byte_map: [0x00000235b6eb0000,0x00000235b74b0000] _byte_map_base: 0x00000235b34b0000

Marking Bits: (CMBitMap*) 0x00000235a392ec80
 Bits: [0x00000235b74b0000, 0x00000235ba4b0000)

Polling page: 0x00000235a1780000

Metaspace:

Usage:
  Non-class:     65.28 MB used.
      Class:      8.49 MB used.
       Both:     73.78 MB used.

Virtual space:
  Non-class space:      128.00 MB reserved,      66.81 MB ( 52%) committed,  2 nodes.
      Class space:        1.00 GB reserved,       9.50 MB ( <1%) committed,  1 nodes.
             Both:        1.12 GB reserved,      76.31 MB (  7%) committed. 

Chunk freelists:
   Non-Class:  12.67 MB
       Class:  6.50 MB
        Both:  19.18 MB

MaxMetaspaceSize: unlimited
CompressedClassSpaceSize: 1.00 GB
Initial GC threshold: 21.00 MB
Current GC threshold: 125.25 MB
CDS: on
 - commit_granule_bytes: 65536.
 - commit_granule_words: 8192.
 - virtual_space_node_default_size: 8388608.
 - enlarge_chunks_in_place: 1.
 - use_allocation_guard: 0.


Internal statistics:

num_allocs_failed_limit: 15.
num_arena_births: 1796.
num_arena_deaths: 0.
num_vsnodes_births: 3.
num_vsnodes_deaths: 0.
num_space_committed: 1220.
num_space_uncommitted: 0.
num_chunks_returned_to_freelist: 15.
num_chunks_taken_from_freelist: 5138.
num_chunk_merges: 9.
num_chunk_splits: 3251.
num_chunks_enlarged: 1883.
num_inconsistent_stats: 0.

CodeHeap 'non-profiled nmethods': size=119168Kb used=9220Kb max_used=10077Kb free=109948Kb
 bounds [0x00000235ae660000, 0x00000235af050000, 0x00000235b5ac0000]
CodeHeap 'profiled nmethods': size=119104Kb used=21582Kb max_used=26422Kb free=97521Kb
 bounds [0x00000235a6ac0000, 0x00000235a8490000, 0x00000235adf10000]
CodeHeap 'non-nmethods': size=7488Kb used=3890Kb max_used=3953Kb free=3597Kb
 bounds [0x00000235adf10000, 0x00000235ae300000, 0x00000235ae660000]
 total_blobs=12292 nmethods=11153 adapters=1037
 compilation: enabled
              stopped_count=0, restarted_count=0
 full_count=0

Compilation events (20 events):
Event: 14.377 Thread 0x00000235bdc2aad0 nmethod 14687 0x00000235a6e66790 code [0x00000235a6e66980, 0x00000235a6e66e80]
Event: 14.377 Thread 0x0000023584f49cb0 nmethod 14451 0x00000235ae906f90 code [0x00000235ae907620, 0x00000235ae90c758]
Event: 14.377 Thread 0x00000235bdb8ba60 14688       3       org.cef.OS::getOSType (82 bytes)
Event: 14.378 Thread 0x00000235bdc2aad0 14689       1       java.nio.file.FileTreeWalker$Event::file (5 bytes)
Event: 14.378 Thread 0x00000235bdb8ba60 nmethod 14688 0x00000235a6ad6290 code [0x00000235a6ad6540, 0x00000235a6ad7078]
Event: 14.378 Thread 0x00000235bdc2aad0 nmethod 14689 0x00000235aec87110 code [0x00000235aec872a0, 0x00000235aec87370]
Event: 14.394 Thread 0x0000023584f4e7a0 nmethod 14676 0x00000235aed3c910 code [0x00000235aed3cd00, 0x00000235aed3ec58]
Event: 14.414 Thread 0x00000235bdb8ba60 14690       3       java.util.logging.LogManager$LoggerContext::requiresDefaultLoggers (29 bytes)
Event: 14.415 Thread 0x00000235bdb8ba60 nmethod 14690 0x00000235a8027210 code [0x00000235a80273c0, 0x00000235a80275c8]
Event: 14.418 Thread 0x00000235bdb893b0 14692       3       java.lang.StringUTF16::indexOf (44 bytes)
Event: 14.418 Thread 0x00000235bdb8ba60 14693       3       java.lang.StringUTF16::indexOfChar (14 bytes)
Event: 14.418 Thread 0x00000235bdb8ba60 nmethod 14693 0x00000235a6f95910 code [0x00000235a6f95b00, 0x00000235a6f95fa0]
Event: 14.418 Thread 0x00000235bdb893b0 nmethod 14692 0x00000235a734e690 code [0x00000235a734e8c0, 0x00000235a734efe8]
Event: 14.445 Thread 0x00000235bda9cbc0 nmethod 14454 0x00000235aeca3790 code [0x00000235aeca3fe0, 0x00000235aecab050]
Event: 14.475 Thread 0x0000023584f4da00 nmethod 14483 0x00000235af037590 code [0x00000235af037de0, 0x00000235af03dac8]
Event: 14.489 Thread 0x0000023584f4aa50 

Event: 14.565 Thread 0x00000235bdb893b0 14694       3       org.cef.CefApp$6::accept (31 bytes)
Event: 14.565 Thread 0x00000235bdb893b0 nmethod 14694 0x00000235a7921b10 code [0x00000235a7921ce0, 0x00000235a7921f68]
Event: 14.579 Thread 0x0000023584f49cb0 14695       4       org.cef.CefApp$6::accept (31 bytes)
Event: 14.580 Thread 0x0000023584f49cb0 nmethod 14695 0x00000235aec86b10 code [0x00000235aec86ce0, 0x00000235aec86ef8]

GC Heap History (20 events):
Event: 8.117 GC heap before
{Heap before GC invocations=11 (full 0):
 garbage-first heap   total 524288K, used 89976K [0x0000000740000000, 0x0000000800000000)
  region size 2048K, 14 young (28672K), 9 survivors (18432K)
 Metaspace       used 58882K, committed 60928K, reserved 1114112K
  class space    used 6668K, committed 7552K, reserved 1048576K
}
Event: 8.122 GC heap after
{Heap after GC invocations=12 (full 0):
 garbage-first heap   total 524288K, used 81915K [0x0000000740000000, 0x0000000800000000)
  region size 2048K, 8 young (16384K), 8 survivors (16384K)
 Metaspace       used 58882K, committed 60928K, reserved 1114112K
  class space    used 6668K, committed 7552K, reserved 1048576K
}
Event: 8.186 GC heap before
{Heap before GC invocations=12 (full 0):
 garbage-first heap   total 524288K, used 88059K [0x0000000740000000, 0x0000000800000000)
  region size 2048K, 12 young (24576K), 8 survivors (16384K)
 Metaspace       used 59299K, committed 61248K, reserved 1114112K
  class space    used 6729K, committed 7552K, reserved 1048576K
}
Event: 8.189 GC heap after
{Heap after GC invocations=13 (full 0):
 garbage-first heap   total 524288K, used 81571K [0x0000000740000000, 0x0000000800000000)
  region size 2048K, 8 young (16384K), 8 survivors (16384K)
 Metaspace       used 59299K, committed 61248K, reserved 1114112K
  class space    used 6729K, committed 7552K, reserved 1048576K
}
Event: 10.191 GC heap before
{Heap before GC invocations=14 (full 0):
 garbage-first heap   total 524288K, used 376483K [0x0000000740000000, 0x0000000800000000)
  region size 2048K, 153 young (313344K), 8 survivors (16384K)
 Metaspace       used 67882K, committed 70080K, reserved 1114112K
  class space    used 7794K, committed 8704K, reserved 1048576K
}
Event: 10.220 GC heap after
{Heap after GC invocations=15 (full 0):
 garbage-first heap   total 524288K, used 186202K [0x0000000740000000, 0x0000000800000000)
  region size 2048K, 20 young (40960K), 20 survivors (40960K)
 Metaspace       used 67882K, committed 70080K, reserved 1114112K
  class space    used 7794K, committed 8704K, reserved 1048576K
}
Event: 10.610 GC heap before
{Heap before GC invocations=15 (full 0):
 garbage-first heap   total 524288K, used 249690K [0x0000000740000000, 0x0000000800000000)
  region size 2048K, 52 young (106496K), 20 survivors (40960K)
 Metaspace       used 68083K, committed 70272K, reserved 1114112K
  class space    used 7818K, committed 8704K, reserved 1048576K
}
Event: 10.637 GC heap after
{Heap after GC invocations=16 (full 0):
 garbage-first heap   total 524288K, used 216880K [0x0000000740000000, 0x0000000800000000)
  region size 2048K, 7 young (14336K), 7 survivors (14336K)
 Metaspace       used 68083K, committed 70272K, reserved 1114112K
  class space    used 7818K, committed 8704K, reserved 1048576K
}
Event: 11.496 GC heap before
{Heap before GC invocations=16 (full 0):
 garbage-first heap   total 524288K, used 388912K [0x0000000740000000, 0x0000000800000000)
  region size 2048K, 91 young (186368K), 7 survivors (14336K)
 Metaspace       used 68160K, committed 70336K, reserved 1114112K
  class space    used 7829K, committed 8704K, reserved 1048576K
}
Event: 11.508 GC heap after
{Heap after GC invocations=17 (full 0):
 garbage-first heap   total 524288K, used 295499K [0x0000000740000000, 0x0000000800000000)
  region size 2048K, 12 young (24576K), 12 survivors (24576K)
 Metaspace       used 68160K, committed 70336K, reserved 1114112K
  class space    used 7829K, committed 8704K, reserved 1048576K
}
Event: 12.107 GC heap before
{Heap before GC invocations=17 (full 0):
 garbage-first heap   total 524288K, used 410187K [0x0000000740000000, 0x0000000800000000)
  region size 2048K, 68 young (139264K), 12 survivors (24576K)
 Metaspace       used 68161K, committed 70336K, reserved 1114112K
  class space    used 7829K, committed 8704K, reserved 1048576K
}
Event: 12.120 GC heap after
{Heap after GC invocations=18 (full 0):
 garbage-first heap   total 524288K, used 355014K [0x0000000740000000, 0x0000000800000000)
  region size 2048K, 9 young (18432K), 9 survivors (18432K)
 Metaspace       used 68161K, committed 70336K, reserved 1114112K
  class space    used 7829K, committed 8704K, reserved 1048576K
}
Event: 12.590 GC heap before
{Heap before GC invocations=19 (full 0):
 garbage-first heap   total 593920K, used 434886K [0x0000000740000000, 0x0000000800000000)
  region size 2048K, 48 young (98304K), 9 survivors (18432K)
 Metaspace       used 68161K, committed 70336K, reserved 1114112K
  class space    used 7829K, committed 8704K, reserved 1048576K
}
Event: 12.603 GC heap after
{Heap after GC invocations=20 (full 0):
 garbage-first heap   total 593920K, used 400701K [0x0000000740000000, 0x0000000800000000)
  region size 2048K, 6 young (12288K), 6 survivors (12288K)
 Metaspace       used 68161K, committed 70336K, reserved 1114112K
  class space    used 7829K, committed 8704K, reserved 1048576K
}
Event: 13.384 GC heap before
{Heap before GC invocations=20 (full 0):
 garbage-first heap   total 593920K, used 490813K [0x0000000740000000, 0x0000000800000000)
  region size 2048K, 50 young (102400K), 6 survivors (12288K)
 Metaspace       used 68161K, committed 70336K, reserved 1114112K
  class space    used 7829K, committed 8704K, reserved 1048576K
}
Event: 13.408 GC heap after
{Heap after GC invocations=21 (full 0):
 garbage-first heap   total 593920K, used 422912K [0x0000000740000000, 0x0000000800000000)
  region size 2048K, 7 young (14336K), 7 survivors (14336K)
 Metaspace       used 68161K, committed 70336K, reserved 1114112K
  class space    used 7829K, committed 8704K, reserved 1048576K
}
Event: 13.854 GC heap before
{Heap before GC invocations=21 (full 0):
 garbage-first heap   total 593920K, used 500736K [0x0000000740000000, 0x0000000800000000)
  region size 2048K, 45 young (92160K), 7 survivors (14336K)
 Metaspace       used 74313K, committed 76928K, reserved 1179648K
  class space    used 8552K, committed 9600K, reserved 1048576K
}
Event: 13.862 GC heap after
{Heap after GC invocations=22 (full 0):
 garbage-first heap   total 593920K, used 467647K [0x0000000740000000, 0x0000000800000000)
  region size 2048K, 6 young (12288K), 6 survivors (12288K)
 Metaspace       used 74313K, committed 76928K, reserved 1179648K
  class space    used 8552K, committed 9600K, reserved 1048576K
}
Event: 14.181 GC heap before
{Heap before GC invocations=23 (full 0):
 garbage-first heap   total 782336K, used 520895K [0x0000000740000000, 0x0000000800000000)
  region size 2048K, 32 young (65536K), 6 survivors (12288K)
 Metaspace       used 74875K, committed 77504K, reserved 1179648K
  class space    used 8607K, committed 9664K, reserved 1048576K
}
Event: 14.189 GC heap after
{Heap after GC invocations=24 (full 0):
 garbage-first heap   total 782336K, used 507904K [0x0000000740000000, 0x0000000800000000)
  region size 2048K, 4 young (8192K), 4 survivors (8192K)
 Metaspace       used 74875K, committed 77504K, reserved 1179648K
  class space    used 8607K, committed 9664K, reserved 1048576K
}

Dll operation events (18 events):
Event: 0.004 Loaded shared library E:\Software\Renesas\RA\sc_v2025-12_fsp_v6.4.0\eclipse\plugins\org.eclipse.justj.openjdk.hotspot.jre.full.stripped.win32.x86_64_21.0.7.v20250502-0916\jre\bin\java.dll
Event: 0.019 Loaded shared library E:\Software\Renesas\RA\sc_v2025-12_fsp_v6.4.0\eclipse\plugins\org.eclipse.justj.openjdk.hotspot.jre.full.stripped.win32.x86_64_21.0.7.v20250502-0916\jre\bin\zip.dll
Event: 0.045 Loaded shared library E:\Software\Renesas\RA\sc_v2025-12_fsp_v6.4.0\eclipse\plugins\org.eclipse.justj.openjdk.hotspot.jre.full.stripped.win32.x86_64_21.0.7.v20250502-0916\jre\bin\net.dll
Event: 0.047 Loaded shared library E:\Software\Renesas\RA\sc_v2025-12_fsp_v6.4.0\eclipse\plugins\org.eclipse.justj.openjdk.hotspot.jre.full.stripped.win32.x86_64_21.0.7.v20250502-0916\jre\bin\nio.dll
Event: 0.048 Loaded shared library E:\Software\Renesas\RA\sc_v2025-12_fsp_v6.4.0\eclipse\plugins\org.eclipse.justj.openjdk.hotspot.jre.full.stripped.win32.x86_64_21.0.7.v20250502-0916\jre\bin\zip.dll
Event: 0.067 Loaded shared library E:\Software\Renesas\RA\sc_v2025-12_fsp_v6.4.0\eclipse\plugins\org.eclipse.justj.openjdk.hotspot.jre.full.stripped.win32.x86_64_21.0.7.v20250502-0916\jre\bin\jimage.dll
Event: 1.227 Loaded shared library E:\Software\Renesas\RA\sc_v2025-12_fsp_v6.4.0\eclipse\plugins\org.eclipse.justj.openjdk.hotspot.jre.full.stripped.win32.x86_64_21.0.7.v20250502-0916\jre\bin\verify.dll
Event: 4.806 Loaded shared library E:\Software\Renesas\RA\sc_v2025-12_fsp_v6.4.0\eclipse\configuration\org.eclipse.osgi\366\0\.cp\swt-osversion-win32-4969r18.dll
Event: 4.813 Loaded shared library E:\Software\Renesas\RA\sc_v2025-12_fsp_v6.4.0\eclipse\configuration\org.eclipse.osgi\366\0\.cp\swt-win32-4969r18.dll
Event: 4.888 Loaded shared library E:\Software\Renesas\RA\sc_v2025-12_fsp_v6.4.0\eclipse\configuration\org.eclipse.osgi\366\0\.cp\swt-gdip-win32-4969r18.dll
Event: 5.905 Loaded shared library E:\Software\Renesas\RA\sc_v2025-12_fsp_v6.4.0\eclipse\plugins\org.eclipse.justj.openjdk.hotspot.jre.full.stripped.win32.x86_64_21.0.7.v20250502-0916\jre\bin\awt.dll
Event: 6.722 Loaded shared library E:\Software\Renesas\RA\sc_v2025-12_fsp_v6.4.0\eclipse\plugins\org.eclipse.justj.openjdk.hotspot.jre.full.stripped.win32.x86_64_21.0.7.v20250502-0916\jre\bin\mlib_image.dll
Event: 7.606 Loaded shared library C:\Users\31634\AppData\Local\Temp\jna-48612857\jna4569353883077855402.dll
Event: 7.791 Loaded shared library E:\Software\Renesas\RA\sc_v2025-12_fsp_v6.4.0\eclipse\plugins\org.eclipse.justj.openjdk.hotspot.jre.full.stripped.win32.x86_64_21.0.7.v20250502-0916\jre\bin\sunmscapi.dll
Event: 9.839 Loaded shared library E:\Software\Renesas\RA\sc_v2025-12_fsp_v6.4.0\eclipse\plugins\org.eclipse.justj.openjdk.hotspot.jre.full.stripped.win32.x86_64_21.0.7.v20250502-0916\jre\bin\extnet.dll
Event: 14.402 Loaded shared library E:\Software\Renesas\RA\sc_v2025-12_fsp_v6.4.0\eclipse\plugins\com.equo.chromium.cef.win32.win32.x86_64_128.0.20\chromium-6613\chrome_elf.dll
Event: 14.408 Loaded shared library E:\Software\Renesas\RA\sc_v2025-12_fsp_v6.4.0\eclipse\plugins\com.equo.chromium.cef.win32.win32.x86_64_128.0.20\chromium-6613\libcef.dll
Event: 14.413 Loaded shared library E:\Software\Renesas\RA\sc_v2025-12_fsp_v6.4.0\eclipse\plugins\com.equo.chromium.cef.win32.win32.x86_64_128.0.20\chromium-6613\equochro.dll

Deoptimization events (20 events):
Event: 14.335 Thread 0x00000235a38d5380 Uncommon trap: trap_request=0xffffffc6 fr.pc=0x00000235aecf46f4 relative=0x0000000000000a74
Event: 14.335 Thread 0x00000235a38d5380 Uncommon trap: reason=bimorphic_or_optimized_type_check action=maybe_recompile pc=0x00000235aecf46f4 method=org.apache.felix.resolver.util.OpenHashMap.getOrCompute(Ljava/lang/Object;)Ljava/lang/Object; @ 122 c2
Event: 14.335 Thread 0x00000235a38d5380 DEOPT PACKING pc=0x00000235aecf46f4 sp=0x00000044099da8f0
Event: 14.335 Thread 0x00000235a38d5380 DEOPT UNPACKING pc=0x00000235adf646a2 sp=0x00000044099da8a0 mode 2
Event: 14.335 Thread 0x00000235a38d5380 Uncommon trap: trap_request=0xffffffc6 fr.pc=0x00000235aecf46f4 relative=0x0000000000000a74
Event: 14.335 Thread 0x00000235a38d5380 Uncommon trap: reason=bimorphic_or_optimized_type_check action=maybe_recompile pc=0x00000235aecf46f4 method=org.apache.felix.resolver.util.OpenHashMap.getOrCompute(Ljava/lang/Object;)Ljava/lang/Object; @ 122 c2
Event: 14.335 Thread 0x00000235a38d5380 DEOPT PACKING pc=0x00000235aecf46f4 sp=0x00000044099da8f0
Event: 14.335 Thread 0x00000235a38d5380 DEOPT UNPACKING pc=0x00000235adf646a2 sp=0x00000044099da8a0 mode 2
Event: 14.335 Thread 0x00000235a38d5380 Uncommon trap: trap_request=0xffffffc6 fr.pc=0x00000235aecf46f4 relative=0x0000000000000a74
Event: 14.335 Thread 0x00000235a38d5380 Uncommon trap: reason=bimorphic_or_optimized_type_check action=maybe_recompile pc=0x00000235aecf46f4 method=org.apache.felix.resolver.util.OpenHashMap.getOrCompute(Ljava/lang/Object;)Ljava/lang/Object; @ 122 c2
Event: 14.335 Thread 0x00000235a38d5380 DEOPT PACKING pc=0x00000235aecf46f4 sp=0x00000044099da8f0
Event: 14.335 Thread 0x00000235a38d5380 DEOPT UNPACKING pc=0x00000235adf646a2 sp=0x00000044099da8a0 mode 2
Event: 14.595 Thread 0x00000235a38d5380 Uncommon trap: trap_request=0xffffff45 fr.pc=0x00000235aef89194 relative=0x0000000000000654
Event: 14.595 Thread 0x00000235a38d5380 Uncommon trap: reason=unstable_if action=reinterpret pc=0x00000235aef89194 method=java.io.WinNTFileSystem.prefixLength(Ljava/lang/String;)I @ 11 c2
Event: 14.595 Thread 0x00000235a38d5380 DEOPT PACKING pc=0x00000235aef89194 sp=0x00000044099db990
Event: 14.595 Thread 0x00000235a38d5380 DEOPT UNPACKING pc=0x00000235adf646a2 sp=0x00000044099db8f0 mode 2
Event: 14.595 Thread 0x00000235a38d5380 Uncommon trap: trap_request=0xffffff45 fr.pc=0x00000235ae6a0f6c relative=0x000000000000028c
Event: 14.595 Thread 0x00000235a38d5380 Uncommon trap: reason=unstable_if action=reinterpret pc=0x00000235ae6a0f6c method=java.io.WinNTFileSystem.prefixLength(Ljava/lang/String;)I @ 11 c2
Event: 14.595 Thread 0x00000235a38d5380 DEOPT PACKING pc=0x00000235ae6a0f6c sp=0x00000044099db950
Event: 14.595 Thread 0x00000235a38d5380 DEOPT UNPACKING pc=0x00000235adf646a2 sp=0x00000044099db8f0 mode 2

Classes loaded (20 events):
Event: 13.617 Loading class java/io/IOError
Event: 13.617 Loading class java/io/IOError done
Event: 13.632 Loading class java/util/LinkedList$DescendingIterator
Event: 13.633 Loading class java/util/LinkedList$DescendingIterator done
Event: 13.657 Loading class java/lang/VerifyError
Event: 13.657 Loading class java/lang/VerifyError done
Event: 13.664 Loading class java/util/Collections$UnmodifiableList$1
Event: 13.664 Loading class java/util/Collections$UnmodifiableList$1 done
Event: 14.373 Loading class java/nio/file/SimpleFileVisitor
Event: 14.373 Loading class java/nio/file/SimpleFileVisitor done
Event: 14.374 Loading class java/nio/file/Files$3
Event: 14.374 Loading class java/nio/file/Files$3 done
Event: 14.374 Loading class java/nio/file/FileVisitResult
Event: 14.374 Loading class java/nio/file/FileVisitResult done
Event: 14.376 Loading class java/nio/file/FileAlreadyExistsException
Event: 14.376 Loading class java/nio/file/FileAlreadyExistsException done
Event: 14.376 Loading class sun/nio/fs/WindowsFileCopy
Event: 14.377 Loading class sun/nio/fs/WindowsFileCopy done
Event: 14.378 Loading class sun/nio/fs/WindowsPath$1
Event: 14.378 Loading class sun/nio/fs/WindowsPath$1 done

Classes unloaded (0 events):
No events

Classes redefined (0 events):
No events

Internal exceptions (20 events):
Event: 13.610 Thread 0x00000235a38d5380 Exception <a 'java/lang/NoSuchMethodError'{0x0000000762b11780}: 'long java.lang.invoke.DirectMethodHandle$Holder.invokeStaticInit(java.lang.Object, java.lang.Object, long, long)'> (0x0000000762b11780) 
thrown [s\src\hotspot\share\interpreter\linkResolver.cpp, line 773]
Event: 13.611 Thread 0x00000235a38d5380 Exception <a 'java/lang/NoSuchMethodError'{0x0000000762b30318}: 'java.lang.Object java.lang.invoke.DirectMethodHandle$Holder.invokeStatic(java.lang.Object, java.lang.Object, java.lang.Object, java.lang.Object, java.lang.Object, int, java.lang.Object, java.lang.Object)'> (0x0000000762b30318) 
thrown [s\src\hotspot\share\interpreter\linkResolver.cpp, line 773]
Event: 13.615 Thread 0x00000235a38d5380 Exception <a 'java/lang/NoSuchMethodError'{0x0000000762b699d8}: 'void java.lang.invoke.DirectMethodHandle$Holder.invokeSpecial(java.lang.Object, java.lang.Object, int, java.lang.Object)'> (0x0000000762b699d8) 
thrown [s\src\hotspot\share\interpreter\linkResolver.cpp, line 773]
Event: 13.616 Thread 0x00000235a38d5380 Exception <a 'java/lang/NoSuchMethodError'{0x0000000762b78348}: 'java.lang.Object java.lang.invoke.DirectMethodHandle$Holder.newInvokeSpecial(java.lang.Object, java.lang.Object, int, java.lang.Object, java.lang.Object, java.lang.Object)'> (0x0000000762b78348) 
thrown [s\src\hotspot\share\interpreter\linkResolver.cpp, line 773]
Event: 13.616 Thread 0x00000235a38d5380 Exception <a 'java/lang/NoSuchMethodError'{0x0000000762b7ca58}: 'java.lang.Object java.lang.invoke.DirectMethodHandle$Holder.invokeSpecial(java.lang.Object, java.lang.Object, java.lang.Object, int, java.lang.Object, java.lang.Object, java.lang.Object)'> (0x0000000762b7ca58) 
thrown [s\src\hotspot\share\interpreter\linkResolver.cpp, line 773]
Event: 13.648 Thread 0x00000235a38d5380 Exception <a 'java/lang/NoSuchMethodError'{0x0000000762630320}: 'java.lang.Class sun.misc.Unsafe.defineAnonymousClass(java.lang.Class, byte[], java.lang.Object[])'> (0x0000000762630320) 
thrown [s\src\hotspot\share\interpreter\linkResolver.cpp, line 773]
Event: 13.661 Thread 0x00000235a38d5380 Exception <a 'java/lang/NoSuchMethodError'{0x000000076278f850}: 'java.lang.Object java.lang.invoke.Invokers$Holder.linkToTargetMethod(int, java.lang.Object, int, java.lang.Object)'> (0x000000076278f850) 
thrown [s\src\hotspot\share\interpreter\linkResolver.cpp, line 773]
Event: 13.678 Thread 0x00000235a38d5380 Exception <a 'java/lang/NoSuchMethodError'{0x00000007624d3f90}: 'java.lang.Object java.lang.invoke.DirectMethodHandle$Holder.invokeStatic(java.lang.Object, java.lang.Object, int, java.lang.Object)'> (0x00000007624d3f90) 
thrown [s\src\hotspot\share\interpreter\linkResolver.cpp, line 773]
Event: 13.678 Thread 0x00000235a38d5380 Exception <a 'java/lang/NoSuchMethodError'{0x00000007624d7fd8}: 'java.lang.Object java.lang.invoke.DirectMethodHandle$Holder.invokeStaticInit(java.lang.Object, java.lang.Object, int, java.lang.Object)'> (0x00000007624d7fd8) 
thrown [s\src\hotspot\share\interpreter\linkResolver.cpp, line 773]
Event: 13.684 Thread 0x00000235a38d5380 Implicit null exception at 0x00000235ae86d206 to 0x00000235ae86d340
Event: 13.684 Thread 0x00000235a38d5380 Exception <a 'java/lang/NoSuchMethodError'{0x000000076254cad0}: 'java.lang.Object java.lang.invoke.Invokers$Holder.invoke_MT(java.lang.Object, java.lang.Object, java.lang.Object, java.lang.Object, java.lang.Object, java.lang.Object)'> (0x000000076254cad0) 
thrown [s\src\hotspot\share\interpreter\linkResolver.cpp, line 773]
Event: 13.684 Thread 0x00000235a38d5380 Exception <a 'java/lang/NoSuchMethodError'{0x0000000762550a80}: 'java.lang.Object java.lang.invoke.DelegatingMethodHandle$Holder.reinvoke_L(java.lang.Object, java.lang.Object, java.lang.Object, java.lang.Object, int)'> (0x0000000762550a80) 
thrown [s\src\hotspot\share\interpreter\linkResolver.cpp, line 773]
Event: 13.685 Thread 0x00000235a38d5380 Exception <a 'java/lang/NoSuchMethodError'{0x000000076255b6d8}: 'void java.lang.invoke.Invokers$Holder.exactInvoker(java.lang.Object, java.lang.Object, java.lang.Object, java.lang.Object)'> (0x000000076255b6d8) 
thrown [s\src\hotspot\share\interpreter\linkResolver.cpp, line 773]
Event: 13.685 Thread 0x00000235a38d5380 Exception <a 'java/lang/NoSuchMethodError'{0x0000000762563398}: 'void java.lang.invoke.Invokers$Holder.linkToCallSite(java.lang.Object, java.lang.Object, java.lang.Object)'> (0x0000000762563398) 
thrown [s\src\hotspot\share\interpreter\linkResolver.cpp, line 773]
Event: 13.687 Thread 0x00000235a38d5380 Implicit null exception at 0x00000235ae7b7b1c to 0x00000235ae7b7f1c
Event: 14.203 Thread 0x00000235a38d5380 Implicit null exception at 0x00000235aea613b5 to 0x00000235aea61ce0
Event: 14.328 Thread 0x00000235a38d5380 Exception <a 'java/io/FileNotFoundException'{0x000000076dfc3e10}> (0x000000076dfc3e10) 
thrown [s\src\hotspot\share\prims\jni.cpp, line 520]
Event: 14.348 Thread 0x00000235a38d5380 Exception <a 'sun/nio/fs/WindowsException'{0x000000076db1b390}> (0x000000076db1b390) 
thrown [s\src\hotspot\share\prims\jni.cpp, line 520]
Event: 14.385 Thread 0x00000235a38d5380 Exception <a 'sun/nio/fs/WindowsException'{0x000000076d80c028}> (0x000000076d80c028) 
thrown [s\src\hotspot\share\prims\jni.cpp, line 520]
Event: 14.387 Thread 0x00000235a38d5380 Exception <a 'java/lang/NoSuchMethodError'{0x000000076d825168}: 'int java.lang.invoke.DelegatingMethodHandle$Holder.reinvoke_L(java.lang.Object)'> (0x000000076d825168) 
thrown [s\src\hotspot\share\interpreter\linkResolver.cpp, line 773]

ZGC Phase Switch (0 events):
No events

VM Operations (20 events):
Event: 13.506 Executing VM operation: HandshakeAllThreads (Deoptimize)
Event: 13.506 Executing VM operation: HandshakeAllThreads (Deoptimize) done
Event: 13.568 Executing VM operation: HandshakeAllThreads (Deoptimize)
Event: 13.568 Executing VM operation: HandshakeAllThreads (Deoptimize) done
Event: 13.736 Executing VM operation: ICBufferFull
Event: 13.736 Executing VM operation: ICBufferFull done
Event: 13.854 Executing VM operation: G1CollectForAllocation (G1 Evacuation Pause)
Event: 13.862 Executing VM operation: G1CollectForAllocation (G1 Evacuation Pause) done
Event: 13.930 Executing VM operation: G1PauseRemark
Event: 13.937 Executing VM operation: G1PauseRemark done
Event: 14.028 Executing VM operation: G1PauseCleanup
Event: 14.028 Executing VM operation: G1PauseCleanup done
Event: 14.181 Executing VM operation: G1CollectForAllocation (G1 Evacuation Pause)
Event: 14.189 Executing VM operation: G1CollectForAllocation (G1 Evacuation Pause) done
Event: 14.267 Executing VM operation: HandshakeAllThreads (Deoptimize)
Event: 14.267 Executing VM operation: HandshakeAllThreads (Deoptimize) done
Event: 14.333 Executing VM operation: HandshakeAllThreads (Deoptimize)
Event: 14.333 Executing VM operation: HandshakeAllThreads (Deoptimize) done
Event: 14.349 Executing VM operation: HandshakeAllThreads (Deoptimize)
Event: 14.349 Executing VM operation: HandshakeAllThreads (Deoptimize) done

Memory protections (0 events):
No events

Nmethod flushes (20 events):
Event: 13.936 Thread 0x00000235bd599b20 flushing  nmethod 0x00000235a77f2710
Event: 13.936 Thread 0x00000235bd599b20 flushing  nmethod 0x00000235a782f210
Event: 13.936 Thread 0x00000235bd599b20 flushing  nmethod 0x00000235a7831b10
Event: 13.936 Thread 0x00000235bd599b20 flushing  nmethod 0x00000235a7834c90
Event: 13.936 Thread 0x00000235bd599b20 flushing  nmethod 0x00000235a7835310
Event: 13.936 Thread 0x00000235bd599b20 flushing  nmethod 0x00000235a7836d90
Event: 13.936 Thread 0x00000235bd599b20 flushing  nmethod 0x00000235a7839c90
Event: 13.936 Thread 0x00000235bd599b20 flushing  nmethod 0x00000235a7a1b510
Event: 13.936 Thread 0x00000235bd599b20 flushing  nmethod 0x00000235a7a1e510
Event: 13.936 Thread 0x00000235bd599b20 flushing  nmethod 0x00000235a7a2d090
Event: 13.936 Thread 0x00000235bd599b20 flushing  nmethod 0x00000235a7a2da10
Event: 13.936 Thread 0x00000235bd599b20 flushing  nmethod 0x00000235a7c1c990
Event: 13.936 Thread 0x00000235bd599b20 flushing  nmethod 0x00000235a7c3b610
Event: 13.936 Thread 0x00000235bd599b20 flushing  nmethod 0x00000235a7f38f90
Event: 13.936 Thread 0x00000235bd599b20 flushing  nmethod 0x00000235a7f39810
Event: 13.936 Thread 0x00000235bd599b20 flushing  nmethod 0x00000235a7f3a410
Event: 13.936 Thread 0x00000235bd599b20 flushing  nmethod 0x00000235a7f3bb90
Event: 13.936 Thread 0x00000235bd599b20 flushing  nmethod 0x00000235a8293d90
Event: 13.936 Thread 0x00000235bd599b20 flushing  nmethod 0x00000235a8294490
Event: 13.936 Thread 0x00000235bd599b20 flushing  nmethod 0x00000235a82b6410

Events (20 events):
Event: 10.245 Thread 0x0000023587c6a930 Thread exited: 0x0000023587c6a930
Event: 10.361 Thread 0x0000023584f4aa50 Thread exited: 0x0000023584f4aa50
Event: 10.361 Thread 0x0000023584f4da00 Thread exited: 0x0000023584f4da00
Event: 10.361 Thread 0x0000023584f4d330 Thread exited: 0x0000023584f4d330
Event: 10.371 Thread 0x0000023584f4cc60 Thread exited: 0x0000023584f4cc60
Event: 10.593 Thread 0x0000023584f4e0d0 Thread exited: 0x0000023584f4e0d0
Event: 11.086 Thread 0x0000023584f49cb0 Thread exited: 0x0000023584f49cb0
Event: 11.332 Thread 0x00000235855c8520 Thread added: 0x0000023587c6a2a0
Event: 12.822 Thread 0x0000023586c47d80 Thread exited: 0x0000023586c47d80
Event: 13.468 Thread 0x00000235bdaac9c0 Thread added: 0x0000023584f4cc60
Event: 13.502 Thread 0x00000235bdb893b0 Thread added: 0x0000023584f49cb0
Event: 13.616 Thread 0x00000235a38d5380 Thread added: 0x0000023586b8bb30
Event: 13.792 Thread 0x00000235bda9cbc0 Thread added: 0x0000023584f4d330
Event: 13.798 Thread 0x00000235bdb893b0 Thread added: 0x0000023584f4da00
Event: 13.829 Thread 0x00000235bdc2aad0 Thread added: 0x0000023584f4aa50
Event: 14.109 Thread 0x0000023584f4da00 Thread added: 0x0000023584f4e0d0
Event: 14.203 Thread 0x00000235bdb8ba60 Thread added: 0x0000023584f4e7a0
Event: 14.565 Thread 0x0000023584f4e7a0 Thread exited: 0x0000023584f4e7a0
Event: 14.565 Thread 0x0000023584f4e0d0 Thread exited: 0x0000023584f4e0d0
Event: 14.832 Thread 0x00000235a38d5380 Thread added: 0x0000023588c28f40


Dynamic libraries:
0x00007ff7a5cb0000 - 0x00007ff7a5d39000 	E:\Software\Renesas\RA\sc_v2025-12_fsp_v6.4.0\eclipse\rasc.exe
0x00007ffad0540000 - 0x00007ffad07a7000 	C:\WINDOWS\SYSTEM32\ntdll.dll
0x00007fface2e0000 - 0x00007fface3a9000 	C:\WINDOWS\System32\KERNEL32.DLL
0x00007ffacdb00000 - 0x00007ffacdef1000 	C:\WINDOWS\System32\KERNELBASE.dll
0x00007ffaceb70000 - 0x00007ffaced35000 	C:\WINDOWS\System32\USER32.dll
0x00007ffacda10000 - 0x00007ffacda37000 	C:\WINDOWS\System32\win32u.dll
0x00007ffad03f0000 - 0x00007ffad041b000 	C:\WINDOWS\System32\GDI32.dll
0x00007fface1b0000 - 0x00007fface2db000 	C:\WINDOWS\System32\gdi32full.dll
0x00007ffacd960000 - 0x00007ffacda03000 	C:\WINDOWS\System32\msvcp_win.dll
0x00007ffacd810000 - 0x00007ffacd95b000 	C:\WINDOWS\System32\ucrtbase.dll
0x00007ffaa9910000 - 0x00007ffaa9ba3000 	C:\WINDOWS\WinSxS\amd64_microsoft.windows.common-controls_6595b64144ccf1df_6.0.26100.8037_none_3e092faae333b53b\COMCTL32.dll
0x00007ffad02f0000 - 0x00007ffad0399000 	C:\WINDOWS\System32\msvcrt.dll
0x00007fface6a0000 - 0x00007fface6d1000 	C:\WINDOWS\System32\IMM32.DLL
0x00007ffa7bc30000 - 0x00007ffa7bc75000 	E:\Software\Renesas\RA\sc_v2025-12_fsp_v6.4.0\eclipse\plugins\org.eclipse.equinox.launcher.win32.win32.x86_64_1.2.1300.v20250331-1702\eclipse_11911.dll
0x00007fface440000 - 0x00007fface4fb000 	C:\WINDOWS\System32\ADVAPI32.dll
0x00007ffad0180000 - 0x00007ffad0227000 	C:\WINDOWS\System32\sechost.dll
0x00007fface580000 - 0x00007fface698000 	C:\WINDOWS\System32\RPCRT4.dll
0x00007ffacf4c0000 - 0x00007ffacf655000 	C:\WINDOWS\System32\ole32.dll
0x00007ffacee40000 - 0x00007ffacf1c2000 	C:\WINDOWS\System32\combase.dll
0x00007ffac58d0000 - 0x00007ffac58db000 	C:\WINDOWS\SYSTEM32\VERSION.dll
0x00007ff8be600000 - 0x00007ff8bf390000 	E:\Software\Renesas\RA\sc_v2025-12_fsp_v6.4.0\eclipse\plugins\org.eclipse.justj.openjdk.hotspot.jre.full.stripped.win32.x86_64_21.0.7.v20250502-0916\jre\bin\server\jvm.dll
0x00007ffacf1d0000 - 0x00007ffacf244000 	C:\WINDOWS\System32\WS2_32.dll
0x00007ffacb9a0000 - 0x00007ffacb9fe000 	C:\WINDOWS\SYSTEM32\POWRPROF.dll
0x00007ffac0c30000 - 0x00007ffac0c65000 	C:\WINDOWS\SYSTEM32\WINMM.dll
0x00007ffab1c80000 - 0x00007ffab1c9e000 	C:\WINDOWS\SYSTEM32\VCRUNTIME140.dll
0x00007ffab1c70000 - 0x00007ffab1c7c000 	C:\WINDOWS\SYSTEM32\VCRUNTIME140_1.dll
0x00007ffacb980000 - 0x00007ffacb994000 	C:\WINDOWS\SYSTEM32\UMPDC.dll
0x00007ffac75b0000 - 0x00007ffac75ba000 	E:\Software\Renesas\RA\sc_v2025-12_fsp_v6.4.0\eclipse\plugins\org.eclipse.justj.openjdk.hotspot.jre.full.stripped.win32.x86_64_21.0.7.v20250502-0916\jre\bin\jimage.dll
0x00007ffacab40000 - 0x00007ffacad82000 	C:\WINDOWS\SYSTEM32\DBGHELP.DLL
0x00007ffacf3e0000 - 0x00007ffacf4b7000 	C:\WINDOWS\System32\OLEAUT32.dll
0x00007ffaa9520000 - 0x00007ffaa955b000 	C:\WINDOWS\SYSTEM32\dbgcore.DLL
0x00007ffacdf00000 - 0x00007ffacdfa5000 	C:\WINDOWS\System32\bcryptPrimitives.dll
0x00007ffac36c0000 - 0x00007ffac36df000 	E:\Software\Renesas\RA\sc_v2025-12_fsp_v6.4.0\eclipse\plugins\org.eclipse.justj.openjdk.hotspot.jre.full.stripped.win32.x86_64_21.0.7.v20250502-0916\jre\bin\java.dll
0x00007ffacbc60000 - 0x00007ffacbc7b000 	C:\WINDOWS\SYSTEM32\kernel.appcore.dll
0x00007ffacfa10000 - 0x00007ffad016f000 	C:\WINDOWS\System32\SHELL32.dll
0x00007ffacdfb0000 - 0x00007fface11a000 	C:\WINDOWS\System32\wintypes.dll
0x00007ffacce20000 - 0x00007ffacd684000 	C:\WINDOWS\System32\windows.storage.dll
0x00007ffaced40000 - 0x00007ffacee37000 	C:\WINDOWS\System32\SHCORE.dll
0x00007fface500000 - 0x00007fface567000 	C:\WINDOWS\System32\shlwapi.dll
0x00007ffaccd00000 - 0x00007ffaccd29000 	C:\WINDOWS\SYSTEM32\profapi.dll
0x00007ffa9cf70000 - 0x00007ffa9cf88000 	E:\Software\Renesas\RA\sc_v2025-12_fsp_v6.4.0\eclipse\plugins\org.eclipse.justj.openjdk.hotspot.jre.full.stripped.win32.x86_64_21.0.7.v20250502-0916\jre\bin\zip.dll
0x00007ffac7540000 - 0x00007ffac7550000 	E:\Software\Renesas\RA\sc_v2025-12_fsp_v6.4.0\eclipse\plugins\org.eclipse.justj.openjdk.hotspot.jre.full.stripped.win32.x86_64_21.0.7.v20250502-0916\jre\bin\net.dll
0x00007ffac5920000 - 0x00007ffac5a47000 	C:\WINDOWS\SYSTEM32\WINHTTP.dll
0x00007ffacc1e0000 - 0x00007ffacc24b000 	C:\WINDOWS\system32\mswsock.dll
0x00007ffa9cf50000 - 0x00007ffa9cf66000 	E:\Software\Renesas\RA\sc_v2025-12_fsp_v6.4.0\eclipse\plugins\org.eclipse.justj.openjdk.hotspot.jre.full.stripped.win32.x86_64_21.0.7.v20250502-0916\jre\bin\nio.dll
0x00007ffac9690000 - 0x00007ffac973a000 	C:\WINDOWS\system32\uxtheme.dll
0x00007ffa5f5e0000 - 0x00007ffa5f713000 	C:\ProgramData\A-Volute\A-Volute.Nahimic\Modules\Scheduled\x64\AudioDevProps2.dll
0x00007ffacf6c0000 - 0x00007ffacf81d000 	C:\WINDOWS\System32\MSCTF.dll
0x00007ffad0440000 - 0x00007ffad04ee000 	C:\WINDOWS\System32\clbcatq.dll
0x00007ffa9ea00000 - 0x00007ffa9eb48000 	C:\WINDOWS\SYSTEM32\textinputframework.dll
0x00007ffac7bd0000 - 0x00007ffac7cf7000 	C:\WINDOWS\SYSTEM32\CoreMessaging.dll
0x00007ffac2b80000 - 0x00007ffac2e62000 	C:\WINDOWS\SYSTEM32\CoreUIComponents.dll
0x00007ffacc500000 - 0x00007ffacc50c000 	C:\WINDOWS\SYSTEM32\CRYPTBASE.DLL
0x00007ffaa3c10000 - 0x00007ffaa4030000 	C:\WINDOWS\SYSTEM32\uiautomationcore.dll
0x00007ffaa9620000 - 0x00007ffaa9696000 	C:\WINDOWS\SYSTEM32\OLEACC.dll
0x00007ffa982f0000 - 0x00007ffa98306000 	C:\Windows\System32\threadpoolwinrt.dll
0x00007ffa96da0000 - 0x00007ffa96db0000 	E:\Software\Renesas\RA\sc_v2025-12_fsp_v6.4.0\eclipse\plugins\org.eclipse.justj.openjdk.hotspot.jre.full.stripped.win32.x86_64_21.0.7.v20250502-0916\jre\bin\verify.dll
0x00007ffa96d70000 - 0x00007ffa96d91000 	E:\Software\Renesas\RA\sc_v2025-12_fsp_v6.4.0\eclipse\configuration\org.eclipse.osgi\366\0\.cp\swt-osversion-win32-4969r18.dll
0x00007ffa4cbe0000 - 0x00007ffa4ccaa000 	E:\Software\Renesas\RA\sc_v2025-12_fsp_v6.4.0\eclipse\configuration\org.eclipse.osgi\366\0\.cp\swt-win32-4969r18.dll
0x00007ffacf2e0000 - 0x00007ffacf3ce000 	C:\WINDOWS\System32\COMDLG32.dll
0x00007ffaaa000000 - 0x00007ffaaa0af000 	C:\WINDOWS\SYSTEM32\WINSPOOL.DRV
0x00007ffaa54f0000 - 0x00007ffaa5778000 	C:\WINDOWS\SYSTEM32\WININET.dll
0x00007ffac8e60000 - 0x00007ffac8f63000 	C:\WINDOWS\SYSTEM32\PROPSYS.dll
0x00007ffaa8eb0000 - 0x00007ffaa8ec9000 	C:\WINDOWS\SYSTEM32\USP10.dll
0x00007ffaa96a0000 - 0x00007ffaa987d000 	C:\WINDOWS\SYSTEM32\urlmon.dll
0x00007ffaa9da0000 - 0x00007ffaa9da8000 	C:\WINDOWS\SYSTEM32\MSIMG32.dll
0x00007ffac9800000 - 0x00007ffac982e000 	C:\WINDOWS\SYSTEM32\dwmapi.dll
0x00007ffaccaa0000 - 0x00007ffaccaf7000 	C:\WINDOWS\SYSTEM32\cfgmgr32.dll
0x00007ffaa82b0000 - 0x00007ffaa8574000 	C:\WINDOWS\SYSTEM32\iertutil.dll
0x00007ffacb4c0000 - 0x00007ffacb4cd000 	C:\WINDOWS\SYSTEM32\netutils.dll
0x00007ffaba840000 - 0x00007ffaba869000 	C:\WINDOWS\SYSTEM32\srvcli.dll
0x00007ffa96b10000 - 0x00007ffa96b3c000 	E:\Software\Renesas\RA\sc_v2025-12_fsp_v6.4.0\eclipse\configuration\org.eclipse.osgi\366\0\.cp\swt-gdip-win32-4969r18.dll
0x00007ffaa9db0000 - 0x00007ffaa9f88000 	C:\WINDOWS\WinSxS\amd64_microsoft.windows.gdiplus_6595b64144ccf1df_1.1.26100.8036_none_6ef439583dc61568\gdiplus.dll
0x00007ffac6bf0000 - 0x00007ffac6e1d000 	C:\WINDOWS\SYSTEM32\WindowsCodecs.dll
0x00007ffacc4e0000 - 0x00007ffacc4fb000 	C:\WINDOWS\SYSTEM32\CRYPTSP.dll
0x00007ffacbbc0000 - 0x00007ffacbbf9000 	C:\WINDOWS\system32\rsaenh.dll
0x00007ffacc290000 - 0x00007ffacc2c2000 	C:\WINDOWS\SYSTEM32\USERENV.dll
0x00007ffacccd0000 - 0x00007ffacccfa000 	C:\WINDOWS\SYSTEM32\bcrypt.dll
0x00007ffacb4d0000 - 0x00007ffacb503000 	C:\WINDOWS\SYSTEM32\IPHLPAPI.DLL
0x00007fface570000 - 0x00007fface57a000 	C:\WINDOWS\System32\NSI.dll
0x00007ffa8a360000 - 0x00007ffa8a413000 	C:\WINDOWS\SYSTEM32\TextShaping.dll
0x00007ff9abc00000 - 0x00007ff9abd8e000 	E:\Software\Renesas\RA\sc_v2025-12_fsp_v6.4.0\eclipse\plugins\org.eclipse.justj.openjdk.hotspot.jre.full.stripped.win32.x86_64_21.0.7.v20250502-0916\jre\bin\awt.dll
0x00007ffab1be0000 - 0x00007ffab1c69000 	C:\WINDOWS\SYSTEM32\MSVCP140.dll
0x00007ffac8b00000 - 0x00007ffac8b9f000 	C:\WINDOWS\SYSTEM32\apphelp.dll
0x00007ffa14ff0000 - 0x00007ffa15072000 	E:\Software\Renesas\RA\sc_v2025-12_fsp_v6.4.0\eclipse\plugins\org.eclipse.justj.openjdk.hotspot.jre.full.stripped.win32.x86_64_21.0.7.v20250502-0916\jre\bin\mlib_image.dll
0x00007ffaca780000 - 0x00007ffaca9e7000 	C:\WINDOWS\SYSTEM32\DWrite.dll
0x00007ff9ac0b0000 - 0x00007ff9ac0f9000 	C:\Users\31634\AppData\Local\Temp\jna-48612857\jna4569353883077855402.dll
0x00007ffad0260000 - 0x00007ffad0268000 	C:\WINDOWS\System32\PSAPI.DLL
0x00007ffacd690000 - 0x00007ffacd807000 	C:\WINDOWS\System32\Crypt32.dll
0x00007ffacca70000 - 0x00007ffacca7a000 	C:\WINDOWS\System32\DPAPI.dll
0x00007ffa96b80000 - 0x00007ffa96b8e000 	E:\Software\Renesas\RA\sc_v2025-12_fsp_v6.4.0\eclipse\plugins\org.eclipse.justj.openjdk.hotspot.jre.full.stripped.win32.x86_64_21.0.7.v20250502-0916\jre\bin\sunmscapi.dll
0x00007ffacc700000 - 0x00007ffacc730000 	C:\WINDOWS\SYSTEM32\ncrypt.dll
0x00007ffacc6b0000 - 0x00007ffacc6ef000 	C:\WINDOWS\SYSTEM32\NTASN1.dll
0x00007ffacb640000 - 0x00007ffacb76a000 	C:\WINDOWS\SYSTEM32\DNSAPI.dll
0x00000000706d0000 - 0x00000000706db000 	C:\Program Files\National Instruments\Shared\mDNS Responder\nimdnsNSP.dll
0x00000000706b0000 - 0x00000000706c1000 	C:\WINDOWS\SYSTEM32\nimdnsResponder.dll
0x00007ffac5400000 - 0x00007ffac540b000 	C:\Windows\System32\rasadhlp.dll
0x00007ffac4c40000 - 0x00007ffac4c84000 	C:\WINDOWS\system32\mlang.dll
0x00007ffac7620000 - 0x00007ffac76a6000 	C:\WINDOWS\System32\fwpuclnt.dll
0x00007ffa899a0000 - 0x00007ffa899a9000 	E:\Software\Renesas\RA\sc_v2025-12_fsp_v6.4.0\eclipse\plugins\org.eclipse.justj.openjdk.hotspot.jre.full.stripped.win32.x86_64_21.0.7.v20250502-0916\jre\bin\extnet.dll
0x00007ff9aba90000 - 0x00007ff9abbf1000 	E:\Software\Renesas\RA\sc_v2025-12_fsp_v6.4.0\eclipse\plugins\com.equo.chromium.cef.win32.win32.x86_64_128.0.20\chromium-6613\chrome_elf.dll
0x00007ff880df0000 - 0x00007ff88f607000 	E:\Software\Renesas\RA\sc_v2025-12_fsp_v6.4.0\eclipse\plugins\com.equo.chromium.cef.win32.win32.x86_64_128.0.20\chromium-6613\libcef.dll
0x00007fface120000 - 0x00007fface1a1000 	C:\WINDOWS\System32\WINTRUST.dll
0x00007ffac8bb0000 - 0x00007ffac8bbd000 	C:\WINDOWS\SYSTEM32\Secur32.dll
0x00007ffac6710000 - 0x00007ffac6733000 	C:\WINDOWS\SYSTEM32\dhcpcsvc.DLL
0x00007ffacbf00000 - 0x00007ffacbf49000 	C:\WINDOWS\SYSTEM32\SSPICLI.DLL
0x00007ffacc550000 - 0x00007ffacc563000 	C:\WINDOWS\SYSTEM32\MSASN1.dll
0x00007ff9ab7c0000 - 0x00007ff9aba88000 	E:\Software\Renesas\RA\sc_v2025-12_fsp_v6.4.0\eclipse\plugins\com.equo.chromium.cef.win32.win32.x86_64_128.0.20\chromium-6613\equochro.dll
0x00007ffacbd80000 - 0x00007ffacbdb6000 	C:\WINDOWS\system32\ntmarta.dll

dbghelp: loaded successfully - version: 4.0.5 - missing functions: none
symbol engine: initialized successfully - sym options: 0x614 - pdb path: .;E:\Software\Renesas\RA\sc_v2025-12_fsp_v6.4.0\eclipse;C:\WINDOWS\SYSTEM32;C:\WINDOWS\WinSxS\amd64_microsoft.windows.common-controls_6595b64144ccf1df_6.0.26100.8037_none_3e092faae333b53b;E:\Software\Renesas\RA\sc_v2025-12_fsp_v6.4.0\eclipse\plugins\org.eclipse.equinox.launcher.win32.win32.x86_64_1.2.1300.v20250331-1702;E:\Software\Renesas\RA\sc_v2025-12_fsp_v6.4.0\eclipse\plugins\org.eclipse.justj.openjdk.hotspot.jre.full.stripped.win32.x86_64_21.0.7.v20250502-0916\jre\bin\server;E:\Software\Renesas\RA\sc_v2025-12_fsp_v6.4.0\eclipse\plugins\org.eclipse.justj.openjdk.hotspot.jre.full.stripped.win32.x86_64_21.0.7.v20250502-0916\jre\bin;C:\ProgramData\A-Volute\A-Volute.Nahimic\Modules\Scheduled\x64;E:\Software\Renesas\RA\sc_v2025-12_fsp_v6.4.0\eclipse\configuration\org.eclipse.osgi\366\0\.cp;C:\WINDOWS\WinSxS\amd64_microsoft.windows.gdiplus_6595b64144ccf1df_1.1.26100.8036_none_6ef439583dc61568;C:\Users\31634\AppData\Local\Temp\jna-48612857;C:\Program Files\National Instruments\Shared\mDNS Responder;E:\Software\Renesas\RA\sc_v2025-12_fsp_v6.4.0\eclipse\plugins\com.equo.chromium.cef.win32.win32.x86_64_128.0.20\chromium-6613

VM Arguments:
jvm_args: -Declipse.p2.max.threads=10 -Dosgi.requiredJavaVersion=17 -Dorg.slf4j.simpleLogger.defaultLogLevel=off -XX:+UseG1GC -XX:+UseStringDeduplication -Xms512m -Xmx3g --add-modules=ALL-SYSTEM -Dcom.renesas.cdt.core.ui.menus.RenesasViewsMenuFactory.hide=true -Dswt.autoScale=quarter -Dswt.autoScale.method=smooth 
java_command: <unknown>
java_class_path (initial): E:\Software\Renesas\RA\sc_v2025-12_fsp_v6.4.0\eclipse\\plugins/org.eclipse.equinox.launcher_1.7.0.v20250717-1148.jar
Launcher Type: generic

[Global flags]
     intx CICompilerCount                          = 12                                        {product} {ergonomic}
     uint ConcGCThreads                            = 5                                         {product} {ergonomic}
     uint G1ConcRefinementThreads                  = 18                                        {product} {ergonomic}
   size_t G1HeapRegionSize                         = 2097152                                   {product} {ergonomic}
    uintx GCDrainStackTargetSize                   = 64                                        {product} {ergonomic}
   size_t InitialHeapSize                          = 536870912                                 {product} {command line}
   size_t MarkStackSize                            = 4194304                                   {product} {ergonomic}
   size_t MaxHeapSize                              = 3221225472                                {product} {command line}
   size_t MaxNewSize                               = 1931476992                                {product} {ergonomic}
   size_t MinHeapDeltaBytes                        = 2097152                                   {product} {ergonomic}
   size_t MinHeapSize                              = 536870912                                 {product} {command line}
    uintx NonNMethodCodeHeapSize                   = 7602480                                {pd product} {ergonomic}
    uintx NonProfiledCodeHeapSize                  = 122027880                              {pd product} {ergonomic}
    uintx ProfiledCodeHeapSize                     = 122027880                              {pd product} {ergonomic}
    uintx ReservedCodeCacheSize                    = 251658240                              {pd product} {ergonomic}
     bool SegmentedCodeCache                       = true                                      {product} {ergonomic}
   size_t SoftMaxHeapSize                          = 3221225472                             {manageable} {ergonomic}
     bool UseCompressedOops                        = true                           {product lp64_product} {ergonomic}
     bool UseG1GC                                  = true                                      {product} {command line}
     bool UseLargePagesIndividualAllocation        = false                                  {pd product} {ergonomic}
     bool UseStringDeduplication                   = true                                      {product} {command line}

Logging:
Log output configuration:
 #0: stdout all=warning uptime,level,tags foldmultilines=false
 #1: stderr all=off uptime,level,tags foldmultilines=false

Environment Variables:
CLASSPATH=D:\software\LINGO64_18\Lingo18.jar
PATH=E:\Software\KEIL543\ARM\ARMCLANG\Bin;C:\Program Files\Common Files\Oracle\Java\javapath;C:\Program Files (x86)\STMicroelectronics\stlink_server;D:\software\cubeCLT\STM32CubeCLT_1.18.0;D:\software\cubeCLT\STM32CubeCLT_1.18.0\CMake\bin;D:\software\cubeCLT\STM32CubeCLT_1.18.0\Ninja\bin;D:\software\cubeCLT\STM32CubeCLT_1.18.0\GNU-tools-for-STM32\bin;D:\software\cubeCLT\STM32CubeCLT_1.18.0\STLink-gdb-server\bin;D:\software\cubeCLT\STM32CubeCLT_1.18.0\STM32CubeProgrammer\bin;C:\WINDOWS\system32;C:\WINDOWS;C:\WINDOWS\System32\Wbem;C:\WINDOWS\System32\WindowsPowerShell\v1.0\;C:\WINDOWS\System32\OpenSSH\;C:\Program Files\dotnet\;C:\Program Files (x86)\NVIDIA Corporation\PhysX\Common;C:\Program Files\NVIDIA Corporation\NVIDIA NvDLISR;C:\Program Files (x86)\Windows Kits\10\Windows Performance Toolkit\;D:\matlab\runtime\win64;D:\matlab\bin;C:\Program Files (x86)\Microsoft SQL Server\160\Tools\Binn\;C:\Program Files\Microsoft SQL Server\160\Tools\Binn\;C:\Program Files\Microsoft SQL Server\Client SDK\ODBC\170\Tools\Binn\;C:\Program Files\Microsoft SQL Server\160\DTS\Binn\;C:\Program Files (x86)\Windows Kits\8.1\Windows Performance Toolkit\;D:\software\Visual Studio Code2025\VScode\Microsoft VS Code\bin;D:\software\git\Git\cmd;D:\software\LINGO64_18\;D:\texlive\2025\bin\windows;D:\pandoc\;C:\Users\31634\AppData\Local\Muse Hub\lib;D:\software\cursor\cursor\resources\app\bin;D:\python\Pythonn\Scripts\;D:\python\Pythonn\;C:\Users\31634\AppData\Local\Programs\Python\Launcher\;C:\Users\31634\AppData\Local\Microsoft\WindowsApps;C:\Users\31634\Desktop\缂栫▼\CodeBlocks\MinGW\bin;;C:\WINDOWS\System32\Wbem;D:\python\PyCharm 2024.1.3\bin;;D:\software\clion\CLion 2025.1.3\bin;;D:\DevEnv\DevEnv\DevEnv\GNU-tools-for-STM32\bin;C:\Users\31634\AppData\Roaming\Programs\Zero Install;C:\Users\31634\AppData\Local\Muse Hub\lib;D:\FPGA\FPGA_Software\ModelSim\win64;D:\FPGA\FPGA_Software\ModelSim2020.4\win64
USERNAME=31634
OS=Windows_NT
PROCESSOR_IDENTIFIER=Intel64 Family 6 Model 183 Stepping 1, GenuineIntel
TMP=C:\Users\31634\AppData\Local\Temp
TEMP=C:\Users\31634\AppData\Local\Temp




Periodic native trim disabled

---------------  S Y S T E M  ---------------

OS:
 Windows 11 , 64 bit Build 26100 (10.0.26100.7920)
OS uptime: 1 days 4:01 hours
Hyper-V role detected

CPU: total 24 (initial active 24) (12 cores per cpu, 2 threads per core) family 6 model 183 stepping 1 microcode 0x120, cx8, cmov, fxsr, ht, mmx, 3dnowpref, sse, sse2, sse3, ssse3, sse4.1, sse4.2, popcnt, lzcnt, tsc, tscinvbit, avx, avx2, aes, erms, clmul, bmi1, bmi2, adx, sha, fma, vzeroupper, clflush, clflushopt, clwb, hv, serialize, rdtscp, rdpid, fsrm, f16c, cet_ibt, cet_ss
Processor Information for processor 0
  Max Mhz: 2200, Current Mhz: 2200, Mhz Limit: 2200
Processor Information for processor 1
  Max Mhz: 2200, Current Mhz: 2200, Mhz Limit: 2200
Processor Information for processor 2
  Max Mhz: 2200, Current Mhz: 1466, Mhz Limit: 2200
Processor Information for processor 3
  Max Mhz: 2200, Current Mhz: 2200, Mhz Limit: 2200
Processor Information for processor 4
  Max Mhz: 2200, Current Mhz: 2200, Mhz Limit: 2200
Processor Information for processor 5
  Max Mhz: 2200, Current Mhz: 2200, Mhz Limit: 2200
Processor Information for processor 6
  Max Mhz: 2200, Current Mhz: 2200, Mhz Limit: 2200
Processor Information for processor 7
  Max Mhz: 2200, Current Mhz: 1466, Mhz Limit: 2200
Processor Information for processor 8
  Max Mhz: 2200, Current Mhz: 2200, Mhz Limit: 2200
Processor Information for processor 9
  Max Mhz: 2200, Current Mhz: 2200, Mhz Limit: 2200
Processor Information for processor 10
  Max Mhz: 2200, Current Mhz: 2200, Mhz Limit: 2200
Processor Information for processor 11
  Max Mhz: 2200, Current Mhz: 2200, Mhz Limit: 2200
Processor Information for processor 12
  Max Mhz: 2200, Current Mhz: 1466, Mhz Limit: 2200
Processor Information for processor 13
  Max Mhz: 2200, Current Mhz: 2200, Mhz Limit: 2200
Processor Information for processor 14
  Max Mhz: 2200, Current Mhz: 2200, Mhz Limit: 2200
Processor Information for processor 15
  Max Mhz: 2200, Current Mhz: 2200, Mhz Limit: 2200
Processor Information for processor 16
  Max Mhz: 2200, Current Mhz: 1600, Mhz Limit: 1584
Processor Information for processor 17
  Max Mhz: 2200, Current Mhz: 1600, Mhz Limit: 1584
Processor Information for processor 18
  Max Mhz: 2200, Current Mhz: 1500, Mhz Limit: 1584
Processor Information for processor 19
  Max Mhz: 2200, Current Mhz: 1600, Mhz Limit: 1584
Processor Information for processor 20
  Max Mhz: 2200, Current Mhz: 1500, Mhz Limit: 1584
Processor Information for processor 21
  Max Mhz: 2200, Current Mhz: 1500, Mhz Limit: 1584
Processor Information for processor 22
  Max Mhz: 2200, Current Mhz: 1500, Mhz Limit: 1584
Processor Information for processor 23
  Max Mhz: 2200, Current Mhz: 1500, Mhz Limit: 1584

Memory: 4k page, system-wide physical 16115M (1914M free)
TotalPageFile size 38550M (AvailPageFile size 1036M)
current process WorkingSet (physical memory assigned to process): 948M, peak: 970M
current process commit charge ("private bytes"): 1117M, peak: 1141M

vm_info: OpenJDK 64-Bit Server VM (21.0.7+6-LTS) for windows-amd64 JRE (21.0.7+6-LTS), built on 2025-04-15T00:00:00Z by "admin" with MS VC++ 17.7 (VS2022)

END.
