#
# A fatal error has been detected by the Java Runtime Environment:
#
#  EXCEPTION_ACCESS_VIOLATION (0xc0000005) at pc=0x00007ff885507fff, pid=50688, tid=27200
#
# JRE version: OpenJDK Runtime Environment Temurin-21.0.7+6 (21.0.7+6) (build 21.0.7+6-LTS)
# Java VM: OpenJDK 64-Bit Server VM Temurin-21.0.7+6 (21.0.7+6-LTS, mixed mode, sharing, tiered, compressed oops, compressed class ptrs, g1 gc, windows-amd64)
# Problematic frame:
# C  [libcef.dll+0x4717fff]
#
# No core dump will be written. Minidumps are not enabled by default on client versions of Windows
#
# If you would like to submit a bug report, please visit:
#   https://github.com/adoptium/adoptium-support/issues
# The crash happened outside the Java Virtual Machine in native code.
# See problematic frame for where to report the bug.
#

---------------  S U M M A R Y ------------

Command Line: -Declipse.p2.max.threads=10 -Dosgi.requiredJavaVersion=17 -Dorg.slf4j.simpleLogger.defaultLogLevel=off -XX:+UseG1GC -XX:+UseStringDeduplication -Xms512m -Xmx3g --add-modules=ALL-SYSTEM -Dcom.renesas.cdt.core.ui.menus.RenesasViewsMenuFactory.hide=true -Dswt.autoScale=quarter -Dswt.autoScale.method=smooth 

Host: Intel(R) Core(TM) i7-14650HX, 24 cores, 15G,  Windows 11 , 64 bit Build 26100 (10.0.26100.7920)
Time: Sun Mar 15 17:03:13 2026  Windows 11 , 64 bit Build 26100 (10.0.26100.7920) elapsed time: 15.188347 seconds (0d 0h 0m 15s)

---------------  T H R E A D  ---------------

Current thread (0x00000268e5bb3320):  JavaThread "main"             [_thread_in_native, id=27200, stack(0x000000a8d4240000,0x000000a8d4340000) (1024K)]

Stack: [0x000000a8d4240000,0x000000a8d4340000],  sp=0x000000a8d433ab60,  free space=1002k
Native frames: (J=compiled Java code, j=interpreted, Vv=VM code, C=native code)
C  [libcef.dll+0x4717fff]

Java frames: (J=compiled Java code, j=interpreted, Vv=VM code)
j  org.cef.CefApp.N_Initialize(Lorg/cef/handler/CefAppHandler;Lorg/cef/CefSettings;)Z+0
j  org.cef.CefApp.access$5(Lorg/cef/CefApp;Lorg/cef/handler/CefAppHandler;Lorg/cef/CefSettings;)Z+3
j  org.cef.CefApp$2.run()V+264
j  org.cef.CefApp.initialize()V+21
j  org.cef.CefApp.createClient()Lorg/cef/CefClient;+43
j  com.equo.chromium.internal.Engine.createClient()Lorg/cef/CefClient;+3
j  com.equo.chromium.swt.internal.Chromium.createClienthandler()V+0
j  com.equo.chromium.swt.internal.Chromium.getClientHandler()Lorg/cef/CefClientSwt;+15
j  com.equo.chromium.swt.internal.Chromium.prepareBrowser()V+38
j  com.equo.chromium.swt.internal.Chromium.createBrowser()V+1
j  com.equo.chromium.swt.internal.Chromium.create(Lorg/eclipse/swt/widgets/Composite;I)V+87
j  com.equo.chromium.swt.Browser.<init>(Lorg/eclipse/swt/widgets/Composite;I)V+129
j  org.eclipse.swt.browser.Browser.<init>(Lorg/eclipse/swt/widgets/Composite;I)V+6
j  com.renesas.cdt.ddsc.settingseditor.pages.PageSummary.createContents(Lorg/eclipse/swt/widgets/Composite;)Lorg/eclipse/swt/widgets/Control;+216
j  com.renesas.cdt.ddsc.settingseditor.pages.ConfigPageCompositeWrapper.createContents(Lorg/eclipse/swt/widgets/Composite;)Lorg/eclipse/swt/widgets/Control;+18
j  com.renesas.cdt.ddsc.settingseditor.pages.ConfigPageCompositeWrapper.createFormContent(Lorg/eclipse/ui/forms/IManagedForm;)V+70
j  org.eclipse.ui.forms.editor.FormPage.lambda$0()V+5
j  org.eclipse.ui.forms.editor.FormPage$$Lambda+0x000002688481bde8.run()V+4
j  org.eclipse.swt.custom.BusyIndicator.showWhile(Lorg/eclipse/swt/widgets/Display;Ljava/lang/Runnable;)V+33
j  org.eclipse.ui.forms.editor.FormPage.createPartControl(Lorg/eclipse/swt/widgets/Composite;)V+35
j  org.eclipse.ui.part.MultiPageEditorPart.addPage(ILorg/eclipse/ui/IEditorPart;Lorg/eclipse/ui/IEditorInput;)V+49
j  org.eclipse.ui.forms.editor.FormEditor.addPage(ILorg/eclipse/ui/IEditorPart;Lorg/eclipse/ui/IEditorInput;)V+4
j  org.eclipse.ui.part.MultiPageEditorPart.addPage(Lorg/eclipse/ui/IEditorPart;Lorg/eclipse/ui/IEditorInput;)I+9
j  org.eclipse.ui.forms.editor.FormEditor.addPage(Lorg/eclipse/ui/IEditorPart;Lorg/eclipse/ui/IEditorInput;)I+3
j  com.renesas.cdt.ddsc.settingseditor.internal.editors.DDSCSettingsEditor.addConfigurationPages()V+335
j  com.renesas.cdt.ddsc.settingseditor.internal.editors.DDSCSettingsEditor.createPages()V+53
j  org.eclipse.ui.part.MultiPageEditorPart.createPartControl(Lorg/eclipse/swt/widgets/Composite;)V+16
j  org.eclipse.ui.internal.e4.compatibility.CompatibilityPart.createPartControl(Lorg/eclipse/ui/IWorkbenchPart;Lorg/eclipse/swt/widgets/Composite;)Z+65
j  org.eclipse.ui.internal.e4.compatibility.CompatibilityEditor.createPartControl(Lorg/eclipse/ui/IWorkbenchPart;Lorg/eclipse/swt/widgets/Composite;)Z+3
j  org.eclipse.ui.internal.e4.compatibility.CompatibilityPart.create()V+145
j  java.lang.invoke.LambdaForm$DMH+0x0000026884017400.invokeVirtual(Ljava/lang/Object;Ljava/lang/Object;)V+10 java.base@21.0.7
j  java.lang.invoke.LambdaForm$MH+0x000002688410a400.invoke(Ljava/lang/Object;Ljava/lang/Object;)Ljava/lang/Object;+31 java.base@21.0.7
J 1594 c1 jdk.internal.reflect.DirectMethodHandleAccessor.invoke(Ljava/lang/Object;[Ljava/lang/Object;)Ljava/lang/Object; java.base@21.0.7 (92 bytes) @ 0x00000268eb88c27c [0x00000268eb88a660+0x0000000000001c1c]
J 10021 c1 org.eclipse.e4.core.internal.di.MethodRequestor.execute()Ljava/lang/Object; (176 bytes) @ 0x00000268ebc60afc [0x00000268ebc5f500+0x00000000000015fc]
J 10026 c1 org.eclipse.e4.core.internal.di.InjectorImpl.processAnnotated(Lorg/eclipse/e4/core/internal/di/AnnotationLookup$AnnotationProxy;Ljava/lang/Object;Ljava/lang/Class;Lorg/eclipse/e4/core/di/suppliers/PrimaryObjectSupplier;Lorg/eclipse/e4/core/di/suppliers/PrimaryObjectSupplier;Ljava/util/List;)V (417 bytes) @ 0x00000268eb6eacdc [0x00000268eb6ea300+0x00000000000009dc]
J 10026 c1 org.eclipse.e4.core.internal.di.InjectorImpl.processAnnotated(Lorg/eclipse/e4/core/internal/di/AnnotationLookup$AnnotationProxy;Ljava/lang/Object;Ljava/lang/Class;Lorg/eclipse/e4/core/di/suppliers/PrimaryObjectSupplier;Lorg/eclipse/e4/core/di/suppliers/PrimaryObjectSupplier;Ljava/util/List;)V (417 bytes) @ 0x00000268eb6ea61c [0x00000268eb6ea300+0x000000000000031c]
j  org.eclipse.e4.core.internal.di.InjectorImpl.internalInject(Ljava/lang/Object;Lorg/eclipse/e4/core/di/suppliers/PrimaryObjectSupplier;Lorg/eclipse/e4/core/di/suppliers/PrimaryObjectSupplier;)V+175
j  org.eclipse.e4.core.internal.di.InjectorImpl.internalMake(Ljava/lang/Class;Lorg/eclipse/e4/core/di/suppliers/PrimaryObjectSupplier;Lorg/eclipse/e4/core/di/suppliers/PrimaryObjectSupplier;)Ljava/lang/Object;+310
j  org.eclipse.e4.core.internal.di.InjectorImpl.make(Ljava/lang/Class;Lorg/eclipse/e4/core/di/suppliers/PrimaryObjectSupplier;)Ljava/lang/Object;+11
j  org.eclipse.e4.core.contexts.ContextInjectionFactory.make(Ljava/lang/Class;Lorg/eclipse/e4/core/contexts/IEclipseContext;)Ljava/lang/Object;+13
j  org.eclipse.e4.ui.internal.workbench.ReflectionContributionFactory.createFromBundle(Lorg/osgi/framework/Bundle;Lorg/eclipse/e4/core/contexts/IEclipseContext;Lorg/eclipse/e4/core/contexts/IEclipseContext;Lorg/eclipse/emf/common/util/URI;)Ljava/lang/Object;+158
j  org.eclipse.e4.ui.internal.workbench.ReflectionContributionFactory.doCreate(Ljava/lang/String;Lorg/eclipse/e4/core/contexts/IEclipseContext;Lorg/eclipse/e4/core/contexts/IEclipseContext;)Ljava/lang/Object;+78
j  org.eclipse.e4.ui.internal.workbench.ReflectionContributionFactory.create(Ljava/lang/String;Lorg/eclipse/e4/core/contexts/IEclipseContext;)Ljava/lang/Object;+4
j  org.eclipse.ui.internal.WorkbenchContributionFactory.create(Ljava/lang/String;Lorg/eclipse/e4/core/contexts/IEclipseContext;)Ljava/lang/Object;+6
j  org.eclipse.e4.ui.workbench.renderers.swt.ContributedPartRenderer.createWidget(Lorg/eclipse/e4/ui/model/application/ui/MUIElement;Ljava/lang/Object;)Ljava/lang/Object;+132
j  org.eclipse.e4.ui.internal.workbench.swt.PartRenderingEngine.createWidget(Lorg/eclipse/e4/ui/model/application/ui/MUIElement;Ljava/lang/Object;)Ljava/lang/Object;+21
j  org.eclipse.e4.ui.internal.workbench.swt.PartRenderingEngine.safeCreateGui(Lorg/eclipse/e4/ui/model/application/ui/MUIElement;Ljava/lang/Object;Lorg/eclipse/e4/core/contexts/IEclipseContext;)Ljava/lang/Object;+563
j  org.eclipse.e4.ui.internal.workbench.swt.PartRenderingEngine.safeCreateGui(Lorg/eclipse/e4/ui/model/application/ui/MUIElement;)Ljava/lang/Object;+168
j  org.eclipse.e4.ui.internal.workbench.swt.PartRenderingEngine$2.run()V+13
J 8573 c1 org.eclipse.core.runtime.SafeRunner.run(Lorg/eclipse/core/runtime/ISafeRunnable;)V (20 bytes) @ 0x00000268eca9bfbc [0x00000268eca9be20+0x000000000000019c]
j  org.eclipse.e4.ui.internal.workbench.swt.PartRenderingEngine.createGui(Lorg/eclipse/e4/ui/model/application/ui/MUIElement;)Ljava/lang/Object;+15
j  org.eclipse.e4.ui.internal.workbench.PartServiceImpl.lambda$0(Lorg/osgi/service/event/Event;)V+183
j  org.eclipse.e4.ui.internal.workbench.PartServiceImpl$$Lambda+0x000002688446ce18.handleEvent(Lorg/osgi/service/event/Event;)V+5
J 10054 c1 org.eclipse.e4.ui.services.internal.events.UIEventHandler$$Lambda+0x00000268843e5a80.run()V (12 bytes) @ 0x00000268eb7b112c [0x00000268eb7b0fc0+0x000000000000016c]
J 9977 c1 org.eclipse.swt.widgets.Synchronizer.syncExec(Ljava/lang/Runnable;)V (312 bytes) @ 0x00000268eba92214 [0x00000268eba91840+0x00000000000009d4]
J 9975 c1 org.eclipse.ui.internal.UISynchronizer.syncExec(Ljava/lang/Runnable;)V (144 bytes) @ 0x00000268ebf94d7c [0x00000268ebf93ec0+0x0000000000000ebc]
J 9974 c1 org.eclipse.swt.widgets.Display.syncExec(Ljava/lang/Runnable;)V (37 bytes) @ 0x00000268eba9b104 [0x00000268eba9ad80+0x0000000000000384]
J 10052 c1 org.eclipse.e4.ui.services.internal.events.UIEventHandler.handleEvent(Lorg/osgi/service/event/Event;)V (35 bytes) @ 0x00000268eb7b0744 [0x00000268eb7b0160+0x00000000000005e4]
J 9964 c1 org.eclipse.equinox.internal.event.EventHandlerWrapper.handleEvent(Lorg/osgi/service/event/Event;Ljava/security/Permission;)V (135 bytes) @ 0x00000268eba21904 [0x00000268eba212e0+0x0000000000000624]
J 9962 c1 org.eclipse.equinox.internal.event.EventHandlerTracker.dispatchEvent(Ljava/lang/Object;Ljava/lang/Object;ILjava/lang/Object;)V (19 bytes) @ 0x00000268eba24b84 [0x00000268eba247e0+0x00000000000003a4]
J 11425 c2 org.eclipse.osgi.framework.eventmgr.ListenerQueue.dispatchEventSynchronous(ILjava/lang/Object;)V (81 bytes) @ 0x00000268f3973cac [0x00000268f3973880+0x000000000000042c]
J 9419 c1 org.eclipse.equinox.internal.event.EventAdminImpl.dispatchEvent(Lorg/osgi/service/event/Event;Z)V (228 bytes) @ 0x00000268eb7aa2bc [0x00000268eb7a93c0+0x0000000000000efc]
J 10234 c1 org.eclipse.equinox.internal.event.EventComponent.sendEvent(Lorg/osgi/service/event/Event;)V (9 bytes) @ 0x00000268eb6243a4 [0x00000268eb6242c0+0x00000000000000e4]
J 9776 c1 org.eclipse.e4.ui.internal.workbench.UIEventPublisher.notifyChanged(Lorg/eclipse/emf/common/notify/Notification;)V (61 bytes) @ 0x00000268eb94e74c [0x00000268eb94dbe0+0x0000000000000b6c]
J 7888 c1 org.eclipse.emf.common.notify.impl.BasicNotifierImpl.eNotify(Lorg/eclipse/emf/common/notify/Notification;)V (44 bytes) @ 0x00000268ec8fa89c [0x00000268ec8fa580+0x000000000000031c]
j  org.eclipse.e4.ui.model.application.ui.impl.ElementContainerImpl.setSelectedElementGen(Lorg/eclipse/e4/ui/model/application/ui/MUIElement;)V+34
j  org.eclipse.e4.ui.model.application.ui.impl.ElementContainerImpl.setSelectedElement(Lorg/eclipse/e4/ui/model/application/ui/MUIElement;)V+63
j  org.eclipse.e4.ui.internal.workbench.ModelServiceImpl.showElementInWindow(Lorg/eclipse/e4/ui/model/application/ui/basic/MWindow;Lorg/eclipse/e4/ui/model/application/ui/MUIElement;)V+121
j  org.eclipse.e4.ui.internal.workbench.ModelServiceImpl.bringToTop(Lorg/eclipse/e4/ui/model/application/ui/MUIElement;)V+53
j  org.eclipse.e4.ui.internal.workbench.PartServiceImpl.delegateBringToTop(Lorg/eclipse/e4/ui/model/application/ui/basic/MPart;)V+5
j  org.eclipse.e4.ui.internal.workbench.PartServiceImpl.bringToTop(Lorg/eclipse/e4/ui/model/application/ui/basic/MPart;)V+140
j  org.eclipse.e4.ui.internal.workbench.PartServiceImpl.showPart(Lorg/eclipse/e4/ui/model/application/ui/basic/MPart;Lorg/eclipse/e4/ui/workbench/modeling/EPartService$PartState;)Lorg/eclipse/e4/ui/model/application/ui/basic/MPart;+133
j  org.eclipse.ui.internal.WorkbenchPage.busyOpenEditor(Lorg/eclipse/ui/IEditorInput;Ljava/lang/String;ZILorg/eclipse/ui/IMemento;Z)Lorg/eclipse/ui/IEditorPart;+540
j  org.eclipse.ui.internal.WorkbenchPage.lambda$11([Lorg/eclipse/ui/IEditorPart;Lorg/eclipse/ui/IEditorInput;Ljava/lang/String;ZILorg/eclipse/ui/IMemento;Z[Lorg/eclipse/ui/PartInitException;)V+13
j  org.eclipse.ui.internal.WorkbenchPage$$Lambda+0x00000268846a0f50.run()V+36
j  org.eclipse.swt.custom.BusyIndicator.showWhile(Lorg/eclipse/swt/widgets/Display;Ljava/lang/Runnable;)V+33
j  org.eclipse.ui.internal.WorkbenchPage.openEditor(Lorg/eclipse/ui/IEditorInput;Ljava/lang/String;ZILorg/eclipse/ui/IMemento;Z)Lorg/eclipse/ui/IEditorPart;+59
j  org.eclipse.ui.internal.WorkbenchPage.openEditor(Lorg/eclipse/ui/IEditorInput;Ljava/lang/String;ZI)Lorg/eclipse/ui/IEditorPart;+8
j  org.eclipse.ui.internal.WorkbenchPage.openEditor(Lorg/eclipse/ui/IEditorInput;Ljava/lang/String;)Lorg/eclipse/ui/IEditorPart;+5
j  com.renesas.cdt.ddsc.standalone.internal.StandaloneApplication.runConfiguratorFlow(Lorg/eclipse/ui/IWorkbenchWindow;Lcom/renesas/cdt/ddsc/standalone/internal/StandaloneApplication$StandaloneOperation;)V+56
j  com.renesas.cdt.ddsc.standalone.internal.StandaloneApplication.performWorkbenchOperation(Lcom/renesas/cdt/ddsc/standalone/internal/StandaloneApplication$StandaloneOperation;Lorg/eclipse/ui/IWorkbenchWindow;)V+47
j  com.renesas.cdt.ddsc.standalone.internal.StandaloneApplication$4.run()V+35
j  org.eclipse.swt.widgets.RunnableLock.run(Lorg/eclipse/swt/widgets/Display;)V+11
j  org.eclipse.swt.widgets.Synchronizer.runAsyncMessages(Z)Z+41
j  org.eclipse.swt.widgets.Display.runAsyncMessages(Z)Z+5
j  org.eclipse.swt.widgets.Display.readAndDispatch()Z+84
j  org.eclipse.e4.ui.internal.workbench.swt.PartRenderingEngine$5.run()V+564
j  org.eclipse.core.databinding.observable.Realm.runWithDefault(Lorg/eclipse/core/databinding/observable/Realm;Ljava/lang/Runnable;)V+12
j  org.eclipse.e4.ui.internal.workbench.swt.PartRenderingEngine.run(Lorg/eclipse/e4/ui/model/application/MApplicationElement;Lorg/eclipse/e4/core/contexts/IEclipseContext;)Ljava/lang/Object;+57
j  org.eclipse.e4.ui.internal.workbench.E4Workbench.createAndRunUI(Lorg/eclipse/e4/ui/model/application/MApplicationElement;)V+20
j  org.eclipse.ui.internal.Workbench.lambda$3(Lorg/eclipse/swt/widgets/Display;Lorg/eclipse/ui/application/WorkbenchAdvisor;[I)V+334
j  org.eclipse.ui.internal.Workbench$$Lambda+0x00000268842b2290.run()V+12
j  org.eclipse.core.databinding.observable.Realm.runWithDefault(Lorg/eclipse/core/databinding/observable/Realm;Ljava/lang/Runnable;)V+12
j  org.eclipse.ui.internal.Workbench.createAndRunWorkbench(Lorg/eclipse/swt/widgets/Display;Lorg/eclipse/ui/application/WorkbenchAdvisor;)I+16
j  org.eclipse.ui.PlatformUI.createAndRunWorkbench(Lorg/eclipse/swt/widgets/Display;Lorg/eclipse/ui/application/WorkbenchAdvisor;)I+2
j  com.renesas.cdt.ddsc.standalone.internal.StandaloneApplication.runWorkbench()Ljava/lang/Object;+23
j  com.renesas.cdt.ddsc.standalone.internal.StandaloneApplication.queueWorkbenchOperation(Lcom/renesas/cdt/ddsc/standalone/internal/StandaloneApplication$StandaloneOperation;)V+49
j  com.renesas.cdt.ddsc.standalone.internal.StandaloneApplication.doRcpEdit(Lcom/renesas/cdt/ddsc/standalone/internal/options/IEditOptions;)Ljava/lang/Object;+39
j  com.renesas.cdt.ddsc.standalone.internal.StandaloneApplication.start(Lorg/eclipse/equinox/app/IApplicationContext;)Ljava/lang/Object;+150
j  org.eclipse.equinox.internal.app.EclipseAppHandle.run(Ljava/lang/Object;)Ljava/lang/Object;+138
j  org.eclipse.core.runtime.internal.adaptor.EclipseAppLauncher.runApplication(Ljava/lang/Object;)Ljava/lang/Object;+85
j  org.eclipse.core.runtime.internal.adaptor.EclipseAppLauncher.start(Ljava/lang/Object;)Ljava/lang/Object;+79
j  org.eclipse.core.runtime.adaptor.EclipseStarter.run(Ljava/lang/Object;)Ljava/lang/Object;+99
j  org.eclipse.core.runtime.adaptor.EclipseStarter.run([Ljava/lang/String;Ljava/lang/Runnable;)Ljava/lang/Object;+132
J 428 c1 java.lang.invoke.DirectMethodHandle$Holder.invokeStatic(Ljava/lang/Object;Ljava/lang/Object;Ljava/lang/Object;)Ljava/lang/Object; java.base@21.0.7 (15 bytes) @ 0x00000268eb646cd4 [0x00000268eb6468e0+0x00000000000003f4]
j  java.lang.invoke.LambdaForm$MH+0x000002688401c800.invoke(Ljava/lang/Object;Ljava/lang/Object;Ljava/lang/Object;Ljava/lang/Object;)Ljava/lang/Object;+54 java.base@21.0.7
j  java.lang.invoke.LambdaForm$MH+0x000002688401cc00.invokeExact_MT(Ljava/lang/Object;Ljava/lang/Object;Ljava/lang/Object;Ljava/lang/Object;Ljava/lang/Object;)Ljava/lang/Object;+22 java.base@21.0.7
j  jdk.internal.reflect.DirectMethodHandleAccessor.invokeImpl(Ljava/lang/Object;[Ljava/lang/Object;)Ljava/lang/Object;+72 java.base@21.0.7
j  jdk.internal.reflect.DirectMethodHandleAccessor.invoke(Ljava/lang/Object;[Ljava/lang/Object;)Ljava/lang/Object;+23 java.base@21.0.7
j  java.lang.reflect.Method.invoke(Ljava/lang/Object;[Ljava/lang/Object;)Ljava/lang/Object;+102 java.base@21.0.7
j  org.eclipse.equinox.launcher.Main.invokeFramework([Ljava/lang/String;[Ljava/net/URL;)V+155
j  org.eclipse.equinox.launcher.Main.basicRun([Ljava/lang/String;)V+310
j  org.eclipse.equinox.launcher.Main.run([Ljava/lang/String;)I+4
v  ~StubRoutines::call_stub 0x00000268f2a1100d

siginfo: EXCEPTION_ACCESS_VIOLATION (0xc0000005), reading address 0xffffffffffffffff


Registers:
RAX=0x00c80a00705c0000, RBX=0x000000a8d433ab90, RCX=0x00005c70000ac300, RDX=0x000000a8d433ab20
RSP=0x000000a8d433ab60, RBP=0x000000a8d433afb0, RSI=0x00005c70000780e0, RDI=0x00005c70000680f0
R8 =0x000000a8d433ab20, R9 =0x0000000000000000, R10=0x0000000000000000, R11=0x0000000000000246
R12=0x00005c7000018500, R13=0x0000000000000000, R14=0x0000000000000000, R15=0x000000a8d433aee8
RIP=0x00007ff885507fff, EFLAGS=0x0000000000010206

XMM[0]=0x0000000000000000 0x0000000000000000
XMM[1]=0x0000000000000000 0x0000000000000000
XMM[2]=0x0000000000000000 0x0000000000000000
XMM[3]=0x0000000000000000 0x0000000000000000
XMM[4]=0x0000000000000000 0x0000000000000000
XMM[5]=0x0000000000000000 0x0000000000000000
XMM[6]=0x0000000000000000 0xaf633f92e69b3021
XMM[7]=0x0000000000000000 0x592856ef513bda7e
XMM[8]=0x0000000000000000 0xadf9a5f47d8dcbb6
XMM[9]=0x0000000000000000 0x941786f131186232
XMM[10]=0x0000000000000000 0x000000009d00db41
XMM[11]=0x0000000000000000 0xfbf399ad2d0bfbdf
XMM[12]=0x0000000000000000 0x0000000031186232
XMM[13]=0x0000000000000000 0x00000000c695f4be
XMM[14]=0x0000000000000000 0x646131f5924665ff
XMM[15]=0x0000000000000000 0x000000002de5340a
  MXCSR=0x00001fa2


Register to memory mapping:

RAX=0x00c80a00705c0000 is an unknown value
RBX=0x000000a8d433ab90 is pointing into the stack for thread: 0x00000268e5bb3320
RCX=0x00005c70000ac300 points into unknown readable memory: 0x00c80a00705c0000 | 00 00 5c 70 00 0a c8 00
RDX=0x000000a8d433ab20 is pointing into the stack for thread: 0x00000268e5bb3320
RSP=0x000000a8d433ab60 is pointing into the stack for thread: 0x00000268e5bb3320
RBP=0x000000a8d433afb0 is pointing into the stack for thread: 0x00000268e5bb3320
RSI=0x00005c70000780e0 points into unknown readable memory: 0x00007ff88da75520 | 20 55 a7 8d f8 7f 00 00
RDI=0x00005c70000680f0 points into unknown readable memory: 0x0000000000000000 | 00 00 00 00 00 00 00 00
R8 =0x000000a8d433ab20 is pointing into the stack for thread: 0x00000268e5bb3320
R9 =0x0 is null
R10=0x0 is null
R11=0x0000000000000246 is an unknown value
R12=0x00005c7000018500 points into unknown readable memory: 0x00000018705c0101 | 01 01 5c 70 18 00 00 00
R13=0x0 is null
R14=0x0 is null
R15=0x000000a8d433aee8 is pointing into the stack for thread: 0x00000268e5bb3320

Top of Stack: (sp=0x000000a8d433ab60)
0x000000a8d433ab60:   00005c70000ac390 00005c70000ac368
0x000000a8d433ab70:   00005c7000001560 00007ff885c43aa1
0x000000a8d433ab80:   00007ff88d6bdf31 0000000000000004
0x000000a8d433ab90:   0000000000000000 0000000000000000
0x000000a8d433aba0:   0000000000000000 000051194da4e591
0x000000a8d433abb0:   00005c7000018500 0000000000000001
0x000000a8d433abc0:   00005c70000780e0 00007ff885506ae7
0x000000a8d433abd0:   00005c7000068d20 00005c7000018500
0x000000a8d433abe0:   000000a8d433afb0 00005c7000018500
0x000000a8d433abf0:   00005c700005c0d0 0000000000000001
0x000000a8d433ac00:   00005c70000780e0 00007ff885508120
0x000000a8d433ac10:   00005c70000d4320 00005c7000018500
0x000000a8d433ac20:   000000a8d433afb0 aaaaaaaaaaaa0000
0x000000a8d433ac30:   aaaaaaaaaaaaaaaa 00005c70000c0060
0x000000a8d433ac40:   00005c7000018500 00007ff880e95257
0x000000a8d433ac50:   8000000000000088 000051194da4e5a1
0x000000a8d433ac60:   000000a8d433ad20 000000a8d433ad01
0x000000a8d433ac70:   00005c7000058250 00005c7000018500
0x000000a8d433ac80:   000000a8d433ad01 00005c7000058250
0x000000a8d433ac90:   0000000000000000 00007ff880e94bdb
0x000000a8d433aca0:   000000a8d433afd8 000000a8d433ad28
0x000000a8d433acb0:   00000268cc33edc0 00007ff880df4f65
0x000000a8d433acc0:   0000000000000000 00000268cc33edc0
0x000000a8d433acd0:   000000a8d433ad28 0000000000000000
0x000000a8d433ace0:   00007ff88d2f6040 00005c7000058250
0x000000a8d433acf0:   00005c7000058240 00007ff880df1308
0x000000a8d433ad00:   0000000000000030 00007ffad055ce64
0x000000a8d433ad10:   00000268e5c70000 0000000000000000
0x000000a8d433ad20:   00007ff88d2f6040 00000000000001b8
0x000000a8d433ad30:   0000000000000001 00005c70000b0280
0x000000a8d433ad40:   0000000000000091 0000000000000000
0x000000a8d433ad50:   0000000000000000 0000000000000000 

Instructions: (pc=0x00007ff885507fff)
0x00007ff885507eff:   00 00 00 48 85 c9 74 0b f0 ff 49 08 75 05 e8 0e
0x00007ff885507f0f:   21 1f fc e8 79 02 c0 fe e9 47 fa ff ff 0f b6 c8
0x00007ff885507f1f:   48 8d 05 a4 d6 56 08 48 89 84 24 a0 00 00 00 48
0x00007ff885507f2f:   8d 05 43 bf e1 07 48 89 44 24 20 c7 44 24 30 08
0x00007ff885507f3f:   00 00 00 c6 44 24 28 49 48 8d 94 24 88 00 00 00
0x00007ff885507f4f:   4c 8d 84 24 a0 00 00 00 41 b9 03 00 00 00 e8 be
0x00007ff885507f5f:   e7 a2 fb e9 c9 f9 ff ff cc cc cc cc cc cc cc cc
0x00007ff885507f6f:   cc 56 57 53 48 83 ec 50 48 89 ce 48 8b 05 bf e8
0x00007ff885507f7f:   74 09 48 31 e0 48 89 44 24 48 48 8b 79 18 48 c7
0x00007ff885507f8f:   41 18 00 00 00 00 48 85 ff 74 10 48 89 f9 e8 fe
0x00007ff885507f9f:   e5 ff ff 48 89 f9 e8 46 d2 d7 07 e8 d1 33 72 00
0x00007ff885507faf:   48 89 c7 48 b8 aa aa aa aa aa aa aa aa 48 89 44
0x00007ff885507fbf:   24 40 0f 28 05 68 e0 de 07 0f 29 44 24 30 48 8d
0x00007ff885507fcf:   0d 5d 5f 1b 08 48 89 4c 24 20 e8 c2 75 db 07 48
0x00007ff885507fdf:   89 44 24 28 48 8d 5c 24 30 4c 8d 44 24 20 48 89
0x00007ff885507fef:   f9 48 89 da e8 b8 3c 72 00 48 8b 4e 28 48 8b 01
0x00007ff885507fff:   48 8b 40 28 48 89 da ff 15 9c e1 67 09 e8 8f cd
0x00007ff88550800f:   ad fe 48 8b 7e 30 48 c7 46 30 00 00 00 00 48 85
0x00007ff88550801f:   ff 74 10 48 89 f9 e8 06 af 72 00 48 89 f9 e8 be
0x00007ff88550802f:   d1 d7 07 48 8b 4e 28 48 b8 00 00 00 00 fc ff ff
0x00007ff88550803f:   ff 48 21 c8 48 3b 05 7e 33 73 09 75 05 e8 0f c4
0x00007ff88550804f:   72 00 48 c7 46 28 00 00 00 00 c6 46 21 01 80 7c
0x00007ff88550805f:   24 47 00 79 0a 48 8b 4c 24 30 e8 82 d1 d7 07 48
0x00007ff88550806f:   8b 4c 24 48 48 31 e1 e8 f5 d3 d7 07 90 48 83 c4
0x00007ff88550807f:   50 5b 5f 5e c3 cc cc cc cc cc cc cc cc cc cc cc
0x00007ff88550808f:   cc 48 89 c8 48 8b 49 10 48 c7 40 10 00 00 00 00
0x00007ff88550809f:   48 85 c9 74 15 48 8b 01 48 8b 00 4c 8b 05 f7 e0
0x00007ff8855080af:   67 09 ba 01 00 00 00 49 ff e0 c3 cc cc cc cc cc
0x00007ff8855080bf:   cc 56 48 83 ec 20 48 89 ce b9 70 00 00 00 e8 8e
0x00007ff8855080cf:   d0 d7 07 48 8d 0d 47 d4 56 08 48 89 08 c6 40 08
0x00007ff8855080df:   00 c6 40 68 00 0f 57 c0 0f 11 40 10 c7 40 1f 00
0x00007ff8855080ef:   00 00 00 0f 11 40 28 c6 40 38 00 48 89 06 48 89 


Stack slot to memory mapping:

stack at sp + 0 slots: 0x00005c70000ac390 points into unknown readable memory: 0x00007ff88d316fe0 | e0 6f 31 8d f8 7f 00 00
stack at sp + 1 slots: 0x00005c70000ac368 points into unknown readable memory: 0x00007ff88d2f61e0 | e0 61 2f 8d f8 7f 00 00
stack at sp + 2 slots: 0x00005c7000001560 points into unknown readable memory: 0x00005c70000ac300 | 00 c3 0a 00 70 5c 00 00
stack at sp + 3 slots: 0x00007ff885c43aa1 libcef.dll
stack at sp + 4 slots: 0x00007ff88d6bdf31 libcef.dll
stack at sp + 5 slots: 0x0000000000000004 is an unknown value
stack at sp + 6 slots: 0x0 is null
stack at sp + 7 slots: 0x0 is null


Compiled method (c1) 15236 1594   !   3       jdk.internal.reflect.DirectMethodHandleAccessor::invoke (92 bytes)
 total in heap  [0x00000268eb88a190,0x00000268eb88e450] = 17088
 relocation     [0x00000268eb88a2f0,0x00000268eb88a660] = 880
 main code      [0x00000268eb88a660,0x00000268eb88cec8] = 10344
 stub code      [0x00000268eb88cec8,0x00000268eb88d008] = 320
 oops           [0x00000268eb88d008,0x00000268eb88d038] = 48
 metadata       [0x00000268eb88d038,0x00000268eb88d0b0] = 120
 scopes data    [0x00000268eb88d0b0,0x00000268eb88d590] = 1248
 scopes pcs     [0x00000268eb88d590,0x00000268eb88db70] = 1504
 dependencies   [0x00000268eb88db70,0x00000268eb88db78] = 8
 handler table  [0x00000268eb88db78,0x00000268eb88e388] = 2064
 nul chk table  [0x00000268eb88e388,0x00000268eb88e450] = 200

[Constant Pool (empty)]

[MachCode]
[Entry Point]
  # {method} {0x000002688319def0} 'invoke' '(Ljava/lang/Object;[Ljava/lang/Object;)Ljava/lang/Object;' in 'jdk/internal/reflect/DirectMethodHandleAccessor'
  # this:     rdx:rdx   = 'jdk/internal/reflect/DirectMethodHandleAccessor'
  # parm0:    r8:r8     = 'java/lang/Object'
  # parm1:    r9:r9     = '[Ljava/lang/Object;'
  #           [sp+0x170]  (sp of caller)
  0x00000268eb88a660: 448b 5208 | 49bb 0000 | 0083 6802 | 0000 4d03 | d34c 3bd0 

  0x00000268eb88a674: ;   {runtime_call ic_miss_stub}
  0x00000268eb88a674: 0f85 0641 | 1d07 660f | 1f44 0000 
[Verified Entry Point]
  0x00000268eb88a680: 8984 2400 | 80ff ff55 | 4881 ec60 | 0100 0090 | 4181 7f20 | 0900 0000 

  0x00000268eb88a698: ;   {runtime_call StubRoutines (final stubs)}
  0x00000268eb88a698: 7405 e8c1 | a61b 0748 | 8994 24b0 | 0000 004c | 8984 24c0 | 0000 004c | 898c 24b8 

  0x00000268eb88a6b4: ;   {metadata(method data for {method} {0x000002688319def0} 'invoke' '(Ljava/lang/Object;[Ljava/lang/Object;)Ljava/lang/Object;' in 'jdk/internal/reflect/DirectMethodHandleAccessor')}
  0x00000268eb88a6b4: 0000 0048 | be00 d236 | c468 0200 | 008b becc | 0000 0083 | c702 89be | cc00 0000 | 81e7 fe07 
  0x00000268eb88a6d4: 0000 85ff | 0f84 9b22 | 0000 488b 

  0x00000268eb88a6e0: ;   {metadata(method data for {method} {0x000002688319def0} 'invoke' '(Ljava/lang/Object;[Ljava/lang/Object;)Ljava/lang/Object;' in 'jdk/internal/reflect/DirectMethodHandleAccessor')}
  0x00000268eb88a6e0: f248 bf00 | d236 c468 | 0200 0048 | 8387 1001 

  0x00000268eb88a6f0: ;   {metadata(method data for {method} {0x00000268833c4948} 'isStatic' '()Z' in 'jdk/internal/reflect/DirectMethodHandleAccessor')}
  0x00000268eb88a6f0: 0000 0148 | be80 cb36 | c468 0200 | 008b becc | 0000 0083 | c702 89be | cc00 0000 | 81e7 feff 
  0x00000268eb88a710: 1f00 85ff | 0f84 8022 | 0000 8b72 | 1081 e600 | 0200 0081 | fe00 0200 

  0x00000268eb88a728: ;   {metadata(method data for {method} {0x00000268833c4948} 'isStatic' '()Z' in 'jdk/internal/reflect/DirectMethodHandleAccessor')}
  0x00000268eb88a728: 0048 be80 | cb36 c468 | 0200 0048 | c7c7 1001 | 0000 7507 | 48c7 c720 | 0100 0048 | 8b1c 3e48 
  0x00000268eb88a748: 8d5b 0148 | 891c 3e0f | 851a 0000 

  0x00000268eb88a754: ;   {metadata(method data for {method} {0x00000268833c4948} 'isStatic' '()Z' in 'jdk/internal/reflect/DirectMethodHandleAccessor')}
  0x00000268eb88a754: 0048 be80 | cb36 c468 | 0200 00ff | 8630 0100 | 00be 0100 | 0000 e905 | 0000 00be | 0000 0000 
  0x00000268eb88a774: 83e6 0185 

  0x00000268eb88a778: ;   {metadata(method data for {method} {0x000002688319def0} 'invoke' '(Ljava/lang/Object;[Ljava/lang/Object;)Ljava/lang/Object;' in 'jdk/internal/reflect/DirectMethodHandleAccessor')}
  0x00000268eb88a778: f648 be00 | d236 c468 | 0200 0048 | c7c7 4801 | 0000 7507 | 48c7 c758 | 0100 0048 | 8b1c 3e48 
  0x00000268eb88a798: 8d5b 0148 | 891c 3e0f | 85d5 0000 | 0048 8bf2 

  0x00000268eb88a7a8: ;   {metadata(method data for {method} {0x000002688319def0} 'invoke' '(Ljava/lang/Object;[Ljava/lang/Object;)Ljava/lang/Object;' in 'jdk/internal/reflect/DirectMethodHandleAccessor')}
  0x00000268eb88a7a8: 48bf 00d2 | 36c4 6802 | 0000 4883 | 8768 0100 

  0x00000268eb88a7b8: ;   {metadata(method data for {method} {0x00000268833c4898} 'checkReceiver' '(Ljava/lang/Object;)V' in 'jdk/internal/reflect/DirectMethodHandleAccessor')}
  0x00000268eb88a7b8: 0001 48be | 50d9 36c4 | 6802 0000 | 8bbe cc00 | 0000 83c7 | 0289 becc | 0000 0081 | e7fe ff1f 
  0x00000268eb88a7d8: 0085 ff0f | 84da 2100 | 008b 7214 | 48c1 e603 

  0x00000268eb88a7e8: ; implicit exception: dispatches to 0x00000268eb88c9dc
  0x00000268eb88a7e8: 493b 0049 

  0x00000268eb88a7ec: ;   {metadata(method data for {method} {0x00000268833c4898} 'checkReceiver' '(Ljava/lang/Object;)V' in 'jdk/internal/reflect/DirectMethodHandleAccessor')}
  0x00000268eb88a7ec: 8bf8 48bb | 50d9 36c4 | 6802 0000 | 4883 8310 | 0100 0001 | 418b 7808 | 49ba 0000 | 0083 6802 
  0x00000268eb88a80c: 0000 4903 | fa48 8b7f | 7048 8b3f 

  0x00000268eb88a818: ; implicit exception: dispatches to 0x00000268eb88c9e1
  0x00000268eb88a818: 483b 0648 

  0x00000268eb88a81c: ;   {metadata(method data for {method} {0x00000268833c4898} 'checkReceiver' '(Ljava/lang/Object;)V' in 'jdk/internal/reflect/DirectMethodHandleAccessor')}
  0x00000268eb88a81c: 8bde 48b8 | 50d9 36c4 | 6802 0000 | 4883 8048 | 0100 0001 | 4c8b c748 

  0x00000268eb88a834: ;   {optimized virtual_call}
  0x00000268eb88a834: 8bd6 90e8 

  0x00000268eb88a838: ; ImmutableOopMap {[176]=Oop [184]=Oop [192]=Oop }
                      ;*invokevirtual isAssignableFrom {reexecute=0 rethrow=0 return_oop=0}
                      ; - jdk.internal.reflect.DirectMethodHandleAccessor::checkReceiver@8
                      ; - jdk.internal.reflect.DirectMethodHandleAccessor::invoke@9
  0x00000268eb88a838: 04a8 8e07 

  0x00000268eb88a83c: ;   {other}
  0x00000268eb88a83c: 0f1f 8400 | ac06 0000 

  0x00000268eb88a844: ;   {metadata(method data for {method} {0x00000268833c4898} 'checkReceiver' '(Ljava/lang/Object;)V' in 'jdk/internal/reflect/DirectMethodHandleAccessor')}
  0x00000268eb88a844: 85c0 48ba | 50d9 36c4 | 6802 0000 | 49c7 c090 | 0100 0074 | 0749 c7c0 | 8001 0000 | 4a8b 3402 
  0x00000268eb88a864: 488d 7601 | 4a89 3402 | 0f84 9f1f | 0000 488b | 9424 b000 | 0000 448b 

  0x00000268eb88a87c: ;   {metadata(method data for {method} {0x000002688319def0} 'invoke' '(Ljava/lang/Object;[Ljava/lang/Object;)Ljava/lang/Object;' in 'jdk/internal/reflect/DirectMethodHandleAccessor')}
  0x00000268eb88a87c: 420c 48be | 00d2 36c4 | 6802 0000 | 4883 86a0 | 0100 0001 | 498b d04c | 8b84 24b8 | 0000 000f 
  0x00000268eb88a89c: ;   {static_call}
  0x00000268eb88a89c: 1f40 00e8 

  0x00000268eb88a8a0: ; ImmutableOopMap {[176]=Oop [184]=Oop [192]=Oop }
                      ;*invokestatic checkArgumentCount {reexecute=0 rethrow=0 return_oop=0}
                      ; - jdk.internal.reflect.DirectMethodHandleAccessor::invoke@17
  0x00000268eb88a8a0: dc8c ffff 

  0x00000268eb88a8a4: ;   {other}
  0x00000268eb88a8a4: 0f1f 8400 | 1407 0001 | 488b 9424 | b000 0000 

  0x00000268eb88a8b4: ;   {metadata(method data for {method} {0x000002688319def0} 'invoke' '(Ljava/lang/Object;[Ljava/lang/Object;)Ljava/lang/Object;' in 'jdk/internal/reflect/DirectMethodHandleAccessor')}
  0x00000268eb88a8b4: 4c8b c249 | b900 d236 | c468 0200 | 0049 8381 | b001 0000 

  0x00000268eb88a8c8: ;   {metadata(method data for {method} {0x00000268833c46e0} 'invokeImpl' '(Ljava/lang/Object;[Ljava/lang/Object;)Ljava/lang/Object;' in 'jdk/internal/reflect/DirectMethodHandleAccessor')}
  0x00000268eb88a8c8: 0149 b838 | d536 c468 | 0200 0045 | 8b88 cc00 | 0000 4183 | c102 4589 | 88cc 0000 | 0041 81e1 
  0x00000268eb88a8e8: feff 1f00 | 4585 c90f | 84f1 2000 | 0044 8b42 

  0x00000268eb88a8f8: ;   {metadata(method data for {method} {0x00000268833c46e0} 'invokeImpl' '(Ljava/lang/Object;[Ljava/lang/Object;)Ljava/lang/Object;' in 'jdk/internal/reflect/DirectMethodHandleAccessor')}
  0x00000268eb88a8f8: 0c49 b938 | d536 c468 | 0200 0048 | c7c7 1801 | 0000 4585 | c048 8bf7 | 48c7 c728 | 0100 0048 
  0x00000268eb88a918: 0f45 fe41 | 83f8 0148 | 8bf7 48c7 | c738 0100 | 0048 0f45 | fe41 83f8 | 0248 8bf7 | 48c7 c748 
  0x00000268eb88a938: 0100 0048 | 0f45 fe41 | 83f8 0348 | 8bf7 48c7 | c758 0100 | 0048 0f45 | fe49 8b34 | 3949 c7c2 
  0x00000268eb88a958: 0100 0000 | 4903 f249 | 8934 3945 | 85c0 0f84 | 2616 0000 | 4183 f801 | 0f84 b40f | 0000 4183 
  0x00000268eb88a978: f802 0f84 | 0a09 0000 | 4183 f803 | 0f84 1802 | 0000 4c8b | 8c24 b800 | 0000 4c8b | 8424 c000 
  0x00000268eb88a998: 0000 8b72 | 1848 c1e6 | 030f 1f80 | 0000 0000 

  0x00000268eb88a9a8: ;   {oop(a 'java/lang/invoke/MethodType'{0x00000007401c6100} = (Ljava/lang/Object;[Ljava/lang/Object;)Ljava/lang/Object;)}
  0x00000268eb88a9a8: 48bf 0061 | 1c40 0700 | 0000 483b 

  0x00000268eb88a9b4: ;   {metadata(method data for {method} {0x00000268833c46e0} 'invokeImpl' '(Ljava/lang/Object;[Ljava/lang/Object;)Ljava/lang/Object;' in 'jdk/internal/reflect/DirectMethodHandleAccessor')}
  0x00000268eb88a9b4: 0648 bb38 | d536 c468 | 0200 0048 | 8d9b 9803 | 0000 4d85 | c075 0ef6 | 4308 0175 | 50f0 4883 
  0x00000268eb88a9d4: 4b08 01eb | 4841 8b40 | 0849 ba00 | 0000 8368 | 0200 0049 | 03c2 4c8b | d048 3343 | 0848 a9fc 
  0x00000268eb88a9f4: ffff ff74 | 28a8 0275 | 2448 f743 | 08fe ffff | ff74 1649 | 8bc2 4833 | 4308 48a9 | fcff ffff 
  0x00000268eb88aa14: 740b 4883 | 4b08 02eb | 0448 8943 | 084d 85c9 | 750e f643 | 1801 7550 | f048 834b | 1801 eb48 
  0x00000268eb88aa34: 418b 4108 | 49ba 0000 | 0083 6802 | 0000 4903 | c24c 8bd0 | 4833 4318 | 48a9 fcff | ffff 7428 
  0x00000268eb88aa54: a802 7524 | 48f7 4318 | feff ffff | 7416 498b | c248 3343 | 1848 a9fc | ffff ff74 | 0b48 834b 
  0x00000268eb88aa74: 1802 eb04 | 4889 4318 

  0x00000268eb88aa7c: ;   {metadata(method data for {method} {0x00000268833c46e0} 'invokeImpl' '(Ljava/lang/Object;[Ljava/lang/Object;)Ljava/lang/Object;' in 'jdk/internal/reflect/DirectMethodHandleAccessor')}
  0x00000268eb88aa7c: 488b de48 | b838 d536 | c468 0200 | 008b 5b08 | 49ba 0000 | 0083 6802 | 0000 4903 | da48 3b98 
  0x00000268eb88aa9c: 7003 0000 | 750d 4883 | 8078 0300 | 0001 e960 | 0000 0048 | 3b98 8003 | 0000 750d | 4883 8088 
  0x00000268eb88aabc: 0300 0001 | e94a 0000 | 0048 83b8 | 7003 0000 | 0075 1748 | 8998 7003 | 0000 48c7 | 8078 0300 
  0x00000268eb88aadc: 0001 0000 | 00e9 2900 | 0000 4883 | b880 0300 | 0000 7517 | 4889 9880 | 0300 0048 | c780 8803 
  0x00000268eb88aafc: 0000 0100 | 0000 e908 | 0000 0048 | 8380 6003 | 0000 0148 | 8bd6 0f1f 

  0x00000268eb88ab14: ;   {optimized virtual_call}
  0x00000268eb88ab14: 4400 00e8 

  0x00000268eb88ab18: ; ImmutableOopMap {[176]=Oop }
                      ;*invokevirtual invokeExact {reexecute=0 rethrow=0 return_oop=0}
                      ; - jdk.internal.reflect.DirectMethodHandleAccessor::invokeImpl@104
                      ; - jdk.internal.reflect.DirectMethodHandleAccessor::invoke@23
  0x00000268eb88ab18: b123 0000 

  0x00000268eb88ab1c: ;   {other}
  0x00000268eb88ab1c: 0f1f 8400 | 8c09 0002 

  0x00000268eb88ab24: ;   {metadata(method data for {method} {0x00000268833c46e0} 'invokeImpl' '(Ljava/lang/Object;[Ljava/lang/Object;)Ljava/lang/Object;' in 'jdk/internal/reflect/DirectMethodHandleAccessor')}
  0x00000268eb88ab24: 48ba 38d5 | 36c4 6802 | 0000 488d | 92b8 0300 | 0048 85c0 | 750c f602 | 0175 4df0 | 4883 0a01 
  0x00000268eb88ab44: eb46 8b70 | 0849 ba00 | 0000 8368 | 0200 0049 | 03f2 4c8b | d648 3332 | 48f7 c6fc | ffff ff74 
  0x00000268eb88ab64: 2740 f6c6 | 0275 2148 | f702 feff | ffff 7415 | 498b f248 | 3332 48f7 | c6fc ffff | ff74 0948 
  0x00000268eb88ab84: 830a 02eb | 0348 8932 | 4881 c460 | 0100 005d 

  0x00000268eb88ab94: ;   {poll_return}
  0x00000268eb88ab94: 493b a748 | 0400 000f | 8784 1e00 | 00c3 4c8b | 8c24 b800 | 0000 4c8b | 8424 c000 | 0000 8b72 
  0x00000268eb88abb4: 1848 c1e6 | 0348 89b4 | 24d0 0000 | 0041 8379 | 0c00 0f86 | 791e 0000 | 418b 7910 | 48c1 e703 
  0x00000268eb88abd4: 4889 bc24 | c800 0000 | 4183 790c | 010f 8670 | 1e00 0041 | 8b59 1448 | c1e3 0348 | 899c 24d8 
  0x00000268eb88abf4: 0000 0041 | 8379 0c02 | 0f86 671e | 0000 418b | 4118 48c1 | e003 4889 | 8424 e000 

  0x00000268eb88ac10: ;   {metadata(method data for {method} {0x00000268833c46e0} 'invokeImpl' '(Ljava/lang/Object;[Ljava/lang/Object;)Ljava/lang/Object;' in 'jdk/internal/reflect/DirectMethodHandleAccessor')}
  0x00000268eb88ac10: 0000 48b9 | 38d5 36c4 | 6802 0000 | 488d 8918 | 0300 004d | 85c0 750e | f641 0801 | 7554 f048 
  0x00000268eb88ac30: 8349 0801 | eb4c 458b | 4808 49ba | 0000 0083 | 6802 0000 | 4d03 ca4d | 8bd1 4c33 | 4908 49f7 
  0x00000268eb88ac50: c1fc ffff | ff74 2b41 | f6c1 0275 | 2548 f741 | 08fe ffff | ff74 174d | 8bca 4c33 | 4908 49f7 
  0x00000268eb88ac70: c1fc ffff | ff74 0b48 | 8349 0802 | eb04 4c89 

  0x00000268eb88ac80: ;   {metadata(method data for {method} {0x00000268c442b6b8} 'invokeExact_MT' '(Ljava/lang/Object;Ljava/lang/Object;Ljava/lang/Object;Ljava/lang/Object;Ljava/lang/Object;Ljava/lang/Object;)Ljava/lang/Object;' in 'java/lang/invoke/LambdaForm$MH+0x000002688400f400')}
  0x00000268eb88ac80: 4908 48b9 | 00e8 5dc4 | 6802 0000 | 488d 89c8 | 0200 0048 | 85f6 750c | f601 0175 | 4ef0 4883 
  0x00000268eb88aca0: 0901 eb47 | 448b 4e08 | 49ba 0000 | 0083 6802 | 0000 4d03 | ca4d 8bd1 | 4c33 0949 | f7c1 fcff 
  0x00000268eb88acc0: ffff 7427 | 41f6 c102 | 7521 48f7 | 01fe ffff | ff74 154d | 8bca 4c33 | 0949 f7c1 | fcff ffff 
  0x00000268eb88ace0: 7409 4883 | 0902 eb03 | 4c89 094d | 85c0 750e | f641 1001 | 7554 f048 | 8349 1001 | eb4c 458b 
  0x00000268eb88ad00: 4808 49ba | 0000 0083 | 6802 0000 | 4d03 ca4d | 8bd1 4c33 | 4910 49f7 | c1fc ffff | ff74 2b41 
  0x00000268eb88ad20: f6c1 0275 | 2548 f741 | 10fe ffff | ff74 174d | 8bca 4c33 | 4910 49f7 | c1fc ffff | ff74 0b48 
  0x00000268eb88ad40: 8349 1002 | eb04 4c89 

  0x00000268eb88ad48: ;   {metadata(method data for {method} {0x00000268833c46e0} 'invokeImpl' '(Ljava/lang/Object;[Ljava/lang/Object;)Ljava/lang/Object;' in 'jdk/internal/reflect/DirectMethodHandleAccessor')}
  0x00000268eb88ad48: 4910 48b9 | 38d5 36c4 | 6802 0000 | 4883 81e0 | 0200 0001 

  0x00000268eb88ad5c: ;   {metadata(method data for {method} {0x00000268c442b6b8} 'invokeExact_MT' '(Ljava/lang/Object;Ljava/lang/Object;Ljava/lang/Object;Ljava/lang/Object;Ljava/lang/Object;Ljava/lang/Object;)Ljava/lang/Object;' in 'java/lang/invoke/LambdaForm$MH+0x000002688400f400')}
  0x00000268eb88ad5c: 48b9 00e8 | 5dc4 6802 | 0000 448b | 89cc 0000 | 0041 83c1 | 0244 8989 | cc00 0000 | 4181 e1fe 
  0x00000268eb88ad7c: ff1f 0045 | 85c9 0f84 | f31c 0000 

  0x00000268eb88ad88: ;   {metadata(method data for {method} {0x00000268c442b6b8} 'invokeExact_MT' '(Ljava/lang/Object;Ljava/lang/Object;Ljava/lang/Object;Ljava/lang/Object;Ljava/lang/Object;Ljava/lang/Object;)Ljava/lang/Object;' in 'java/lang/invoke/LambdaForm$MH+0x000002688400f400')}
  0x00000268eb88ad88: 48b9 00e8 | 5dc4 6802 | 0000 488d | 8990 0100 | 0048 85f6 | 750e f641 | 0801 7554 | f048 8349 
  0x00000268eb88ada8: 0801 eb4c | 448b 4e08 | 49ba 0000 | 0083 6802 | 0000 4d03 | ca4d 8bd1 | 4c33 4908 | 49f7 c1fc 
  0x00000268eb88adc8: ffff ff74 | 2b41 f6c1 | 0275 2548 | f741 08fe | ffff ff74 | 174d 8bca | 4c33 4908 | 49f7 c1fc 
  0x00000268eb88ade8: ffff ff74 | 0b48 8349 | 0802 eb04 | 4c89 4908 

  0x00000268eb88adf8: ;   {oop(a 'java/lang/invoke/MethodType'{0x00000007401c61c8} = (Ljava/lang/Object;Ljava/lang/Object;Ljava/lang/Object;Ljava/lang/Object;)Ljava/lang/Object;)}
  0x00000268eb88adf8: 49b9 c861 | 1c40 0700 | 0000 4d85 | c975 0cf6 | 4118 0175 | 06f0 4883 

  0x00000268eb88ae10: ;   {metadata(method data for {method} {0x00000268c442b6b8} 'invokeExact_MT' '(Ljava/lang/Object;Ljava/lang/Object;Ljava/lang/Object;Ljava/lang/Object;Ljava/lang/Object;Ljava/lang/Object;)Ljava/lang/Object;' in 'java/lang/invoke/LambdaForm$MH+0x000002688400f400')}
  0x00000268eb88ae10: 4918 0148 | b900 e85d | c468 0200 | 0048 8381 | 8001 0000 

  0x00000268eb88ae24: ;   {metadata(method data for {method} {0x00000268833d94e0} 'checkExactType' '(Ljava/lang/invoke/MethodHandle;Ljava/lang/invoke/MethodType;)V' in 'java/lang/invoke/Invokers')}
  0x00000268eb88ae24: 0148 b9b0 | 662a c468 | 0200 0044 | 8b99 cc00 | 0000 4183 | c302 4489 | 99cc 0000 | 0041 81e3 
  0x00000268eb88ae44: feff 1f00 | 4585 db0f | 844b 1c00 | 0048 3b06 

  0x00000268eb88ae54: ;   {metadata(method data for {method} {0x00000268833d94e0} 'checkExactType' '(Ljava/lang/invoke/MethodHandle;Ljava/lang/invoke/MethodType;)V' in 'java/lang/invoke/Invokers')}
  0x00000268eb88ae54: 488b ce49 | bbb0 662a | c468 0200 | 008b 4908 | 49ba 0000 | 0083 6802 | 0000 4903 | ca49 3b8b 
  0x00000268eb88ae74: 2001 0000 | 750d 4983 | 8328 0100 | 0001 e960 | 0000 0049 | 3b8b 3001 | 0000 750d | 4983 8338 
  0x00000268eb88ae94: 0100 0001 | e94a 0000 | 0049 83bb | 2001 0000 | 0075 1749 | 898b 2001 | 0000 49c7 | 8328 0100 
  0x00000268eb88aeb4: 0001 0000 | 00e9 2900 | 0000 4983 | bb30 0100 | 0000 7517 | 4989 8b30 | 0100 0049 | c783 3801 
  0x00000268eb88aed4: 0000 0100 | 0000 e908 | 0000 0049 | 8383 1001 | 0000 018b | 4e10 48c1 | e103 493b 

  0x00000268eb88aef0: ;   {metadata(method data for {method} {0x00000268833d94e0} 'checkExactType' '(Ljava/lang/invoke/MethodHandle;Ljava/lang/invoke/MethodType;)V' in 'java/lang/invoke/Invokers')}
  0x00000268eb88aef0: c949 b9b0 | 662a c468 | 0200 0049 | c7c3 5801 | 0000 7507 | 49c7 c348 | 0100 004f | 8b2c 194d 
  0x00000268eb88af10: 8d6d 014f | 892c 190f | 8592 1400 

  0x00000268eb88af1c: ;   {metadata(method data for {method} {0x00000268c442b6b8} 'invokeExact_MT' '(Ljava/lang/Object;Ljava/lang/Object;Ljava/lang/Object;Ljava/lang/Object;Ljava/lang/Object;Ljava/lang/Object;)Ljava/lang/Object;' in 'java/lang/invoke/LambdaForm$MH+0x000002688400f400')}
  0x00000268eb88af1c: 0048 b900 | e85d c468 | 0200 0048 | 8d89 c801 | 0000 448b | 4e08 49ba | 0000 0083 | 6802 0000 
  0x00000268eb88af3c: 4d03 ca4d | 8bd1 4c33 | 4908 49f7 | c1fc ffff | ff74 2b41 | f6c1 0275 | 2548 f741 | 08fe ffff 
  0x00000268eb88af5c: ff74 174d | 8bca 4c33 | 4908 49f7 | c1fc ffff | ff74 0b48 | 8349 0802 | eb04 4c89 

  0x00000268eb88af78: ;   {metadata(method data for {method} {0x00000268c442b6b8} 'invokeExact_MT' '(Ljava/lang/Object;Ljava/lang/Object;Ljava/lang/Object;Ljava/lang/Object;Ljava/lang/Object;Ljava/lang/Object;)Ljava/lang/Object;' in 'java/lang/invoke/LambdaForm$MH+0x000002688400f400')}
  0x00000268eb88af78: 4908 48b9 | 00e8 5dc4 | 6802 0000 | 4883 81b8 | 0100 0001 

  0x00000268eb88af8c: ;   {metadata(method data for {method} {0x00000268833d93d8} 'checkCustomized' '(Ljava/lang/invoke/MethodHandle;)V' in 'java/lang/invoke/Invokers')}
  0x00000268eb88af8c: 48b9 7068 | 2ac4 6802 | 0000 448b | 89cc 0000 | 0041 83c1 | 0244 8989 | cc00 0000 | 4181 e1fe 
  0x00000268eb88afac: ff1f 0045 | 85c9 0f84 | 0a1b 0000 

  0x00000268eb88afb8: ;   {metadata(method data for {method} {0x00000268833d93d8} 'checkCustomized' '(Ljava/lang/invoke/MethodHandle;)V' in 'java/lang/invoke/Invokers')}
  0x00000268eb88afb8: 48b9 7068 | 2ac4 6802 | 0000 4883 | 8110 0100 

  0x00000268eb88afc8: ;   {metadata(method data for {method} {0x0000026883095ff0} 'isCompileConstant' '(Ljava/lang/Object;)Z' in 'java/lang/invoke/MethodHandleImpl')}
  0x00000268eb88afc8: 0001 48b9 | 206a 2ac4 | 6802 0000 | 448b 89cc | 0000 0041 | 83c1 0244 | 8989 cc00 | 0000 4181 
  0x00000268eb88afe8: e1fe ff1f | 0045 85c9 | 0f84 ed1a 

  0x00000268eb88aff4: ;   {metadata(method data for {method} {0x00000268833d93d8} 'checkCustomized' '(Ljava/lang/invoke/MethodHandle;)V' in 'java/lang/invoke/Invokers')}
  0x00000268eb88aff4: 0000 48b9 | 7068 2ac4 | 6802 0000 | ff81 2001 | 0000 8b4e | 1448 c1e1 | 038b 491c | 48c1 e103 
  0x00000268eb88b014: ;   {metadata(method data for {method} {0x00000268833d93d8} 'checkCustomized' '(Ljava/lang/invoke/MethodHandle;)V' in 'java/lang/invoke/Invokers')}
  0x00000268eb88b014: 4885 c948 | b970 682a | c468 0200 | 0049 c7c1 | 4001 0000 | 7507 49c7 | c150 0100 | 004e 8b1c 
  0x00000268eb88b034: 094d 8d5b | 014e 891c | 090f 8529 

  0x00000268eb88b040: ;   {metadata(method data for {method} {0x00000268833d93d8} 'checkCustomized' '(Ljava/lang/invoke/MethodHandle;)V' in 'java/lang/invoke/Invokers')}
  0x00000268eb88b040: 0000 0048 | b970 682a | c468 0200 | 0048 8381 | 6001 0000 | 0148 8bd6 | 0f1f 8000 

  0x00000268eb88b05c: ;   {static_call}
  0x00000268eb88b05c: 0000 00e8 

  0x00000268eb88b060: ; ImmutableOopMap {[176]=Oop [192]=Oop [200]=Oop [208]=Oop [216]=Oop [224]=Oop }
                      ;*invokestatic maybeCustomize {reexecute=0 rethrow=0 return_oop=0}
                      ; - java.lang.invoke.Invokers::checkCustomized@19
                      ; - java.lang.invoke.LambdaForm$MH/0x000002688400f400::invokeExact_MT@15
                      ; - jdk.internal.reflect.DirectMethodHandleAccessor::invokeImpl@92
                      ; - jdk.internal.reflect.DirectMethodHandleAccessor::invoke@23
  0x00000268eb88b060: bc68 0c08 

  0x00000268eb88b064: ;   {other}
  0x00000268eb88b064: 0f1f 8400 | d40e 0003 | 488b bc24 | c800 0000 | 4c8b 8424 | c000 0000 

  0x00000268eb88b07c: ;   {metadata(method data for {method} {0x00000268c442b6b8} 'invokeExact_MT' '(Ljava/lang/Object;Ljava/lang/Object;Ljava/lang/Object;Ljava/lang/Object;Ljava/lang/Object;Ljava/lang/Object;)Ljava/lang/Object;' in 'java/lang/invoke/LambdaForm$MH+0x000002688400f400')}
  0x00000268eb88b07c: 49b9 00e8 | 5dc4 6802 | 0000 4d8d | 8918 0200 | 004d 85c0 | 750f 41f6 | 4108 0175 | 54f0 4983 
  0x00000268eb88b09c: 4908 01eb | 4c41 8b70 | 0849 ba00 | 0000 8368 | 0200 0049 | 03f2 4c8b | d649 3371 | 0848 f7c6 
  0x00000268eb88b0bc: fcff ffff | 742b 40f6 | c602 7525 | 49f7 4108 | feff ffff | 7417 498b | f249 3371 | 0848 f7c6 
  0x00000268eb88b0dc: fcff ffff | 740b 4983 | 4908 02eb | 0449 8971 | 0848 85ff | 750f 41f6 | 4118 0175 | 53f0 4983 
  0x00000268eb88b0fc: 4918 01eb | 4b8b 7708 | 49ba 0000 | 0083 6802 | 0000 4903 | f24c 8bd6 | 4933 7118 | 48f7 c6fc 
  0x00000268eb88b11c: ffff ff74 | 2b40 f6c6 | 0275 2549 | f741 18fe | ffff ff74 | 1749 8bf2 | 4933 7118 | 48f7 c6fc 
  0x00000268eb88b13c: ffff ff74 | 0b49 8349 | 1802 eb04 | 4989 7118 | 488b b424 | d000 0000 

  0x00000268eb88b154: ;   {metadata(method data for {method} {0x00000268c442b6b8} 'invokeExact_MT' '(Ljava/lang/Object;Ljava/lang/Object;Ljava/lang/Object;Ljava/lang/Object;Ljava/lang/Object;Ljava/lang/Object;)Ljava/lang/Object;' in 'java/lang/invoke/LambdaForm$MH+0x000002688400f400')}
  0x00000268eb88b154: 49b9 00e8 | 5dc4 6802 | 0000 4983 | 81e0 0100 | 0001 4c8b | cf48 8bbc | 24d8 0000 | 0048 8bb4 
  0x00000268eb88b174: 24e0 0000 | 0048 8b94 | 24d0 0000 | 0066 0f1f 

  0x00000268eb88b184: ;   {optimized virtual_call}
  0x00000268eb88b184: 4400 00e8 

  0x00000268eb88b188: ; ImmutableOopMap {[176]=Oop }
                      ;*invokevirtual invokeBasic {reexecute=0 rethrow=0 return_oop=0}
                      ; - java.lang.invoke.LambdaForm$MH/0x000002688400f400::invokeExact_MT@24
                      ; - jdk.internal.reflect.DirectMethodHandleAccessor::invokeImpl@92
                      ; - jdk.internal.reflect.DirectMethodHandleAccessor::invoke@23
  0x00000268eb88b188: 74d5 8e07 

  0x00000268eb88b18c: ;   {other}
  0x00000268eb88b18c: 0f1f 8400 | fc0f 0004 

  0x00000268eb88b194: ;   {metadata(method data for {method} {0x00000268c442b6b8} 'invokeExact_MT' '(Ljava/lang/Object;Ljava/lang/Object;Ljava/lang/Object;Ljava/lang/Object;Ljava/lang/Object;Ljava/lang/Object;)Ljava/lang/Object;' in 'java/lang/invoke/LambdaForm$MH+0x000002688400f400')}
  0x00000268eb88b194: 48ba 00e8 | 5dc4 6802 | 0000 488d | 9238 0200 | 0048 85c0 | 750c f602 | 0175 4df0 | 4883 0a01 
  0x00000268eb88b1b4: eb46 8b70 | 0849 ba00 | 0000 8368 | 0200 0049 | 03f2 4c8b | d648 3332 | 48f7 c6fc | ffff ff74 
  0x00000268eb88b1d4: 2740 f6c6 | 0275 2148 | f702 feff | ffff 7415 | 498b f248 | 3332 48f7 | c6fc ffff | ff74 0948 
  0x00000268eb88b1f4: 830a 02eb | 0348 8932 

  0x00000268eb88b1fc: ;   {metadata(method data for {method} {0x00000268833c46e0} 'invokeImpl' '(Ljava/lang/Object;[Ljava/lang/Object;)Ljava/lang/Object;' in 'jdk/internal/reflect/DirectMethodHandleAccessor')}
  0x00000268eb88b1fc: 48ba 38d5 | 36c4 6802 | 0000 488d | 9238 0300 | 0048 85c0 | 750c f602 | 0175 4df0 | 4883 0a01 
  0x00000268eb88b21c: eb46 8b70 | 0849 ba00 | 0000 8368 | 0200 0049 | 03f2 4c8b | d648 3332 | 48f7 c6fc | ffff ff74 
  0x00000268eb88b23c: 2740 f6c6 | 0275 2148 | f702 feff | ffff 7415 | 498b f248 | 3332 48f7 | c6fc ffff | ff74 0948 
  0x00000268eb88b25c: 830a 02eb | 0348 8932 

  0x00000268eb88b264: ;   {metadata(method data for {method} {0x00000268833c46e0} 'invokeImpl' '(Ljava/lang/Object;[Ljava/lang/Object;)Ljava/lang/Object;' in 'jdk/internal/reflect/DirectMethodHandleAccessor')}
  0x00000268eb88b264: 48ba 38d5 | 36c4 6802 | 0000 ff82 | 4803 0000 | 4881 c460 | 0100 005d 

  0x00000268eb88b27c: ;   {poll_return}
  0x00000268eb88b27c: 493b a748 | 0400 000f | 8780 1800 | 00c3 4c8b | 8c24 b800 | 0000 4c8b | 8424 c000 | 0000 8b72 
  0x00000268eb88b29c: 1848 c1e6 | 0348 89b4 | 24f0 0000 | 0041 8379 | 0c00 0f86 | 7518 0000 | 418b 7910 | 48c1 e703 
  0x00000268eb88b2bc: 4889 bc24 | e800 0000 | 4183 790c | 010f 866c | 1800 0041 | 8b59 1448 | c1e3 0348 | 899c 24f8 
  0x00000268eb88b2dc: ;   {metadata(method data for {method} {0x00000268833c46e0} 'invokeImpl' '(Ljava/lang/Object;[Ljava/lang/Object;)Ljava/lang/Object;' in 'jdk/internal/reflect/DirectMethodHandleAccessor')}
  0x00000268eb88b2dc: 0000 0048 | b838 d536 | c468 0200 | 0048 8d80 | 9802 0000 | 4d85 c075 | 0ef6 4008 | 0175 53f0 
  0x00000268eb88b2fc: 4883 4808 | 01eb 4b41 | 8b48 0849 | ba00 0000 | 8368 0200 | 0049 03ca | 4c8b d148 | 3348 0848 
  0x00000268eb88b31c: f7c1 fcff | ffff 742a | f6c1 0275 | 2548 f740 | 08fe ffff | ff74 1749 | 8bca 4833 | 4808 48f7 
  0x00000268eb88b33c: c1fc ffff | ff74 0b48 | 8348 0802 | eb04 4889 

  0x00000268eb88b34c: ;   {metadata(method data for {method} {0x00000268c4455ab8} 'invokeExact_MT' '(Ljava/lang/Object;Ljava/lang/Object;Ljava/lang/Object;Ljava/lang/Object;Ljava/lang/Object;)Ljava/lang/Object;' in 'java/lang/invoke/LambdaForm$MH+0x000002688401cc00')}
  0x00000268eb88b34c: 4808 48b8 | 185d 45c4 | 6802 0000 | 488d 80c0 | 0200 0048 | 85f6 750c | f600 0175 | 4cf0 4883 
  0x00000268eb88b36c: 0801 eb45 | 8b4e 0849 | ba00 0000 | 8368 0200 | 0049 03ca | 4c8b d148 | 3308 48f7 | c1fc ffff 
  0x00000268eb88b38c: ff74 26f6 | c102 7521 | 48f7 00fe | ffff ff74 | 1549 8bca | 4833 0848 | f7c1 fcff | ffff 7409 
  0x00000268eb88b3ac: 4883 0802 | eb03 4889 | 084d 85c0 | 750e f640 | 1001 7553 | f048 8348 | 1001 eb4b | 418b 4808 
  0x00000268eb88b3cc: 49ba 0000 | 0083 6802 | 0000 4903 | ca4c 8bd1 | 4833 4810 | 48f7 c1fc | ffff ff74 | 2af6 c102 
  0x00000268eb88b3ec: 7525 48f7 | 4010 feff | ffff 7417 | 498b ca48 | 3348 1048 | f7c1 fcff | ffff 740b | 4883 4810 
  0x00000268eb88b40c: 02eb 0448 

  0x00000268eb88b410: ;   {metadata(method data for {method} {0x00000268833c46e0} 'invokeImpl' '(Ljava/lang/Object;[Ljava/lang/Object;)Ljava/lang/Object;' in 'jdk/internal/reflect/DirectMethodHandleAccessor')}
  0x00000268eb88b410: 8948 1048 | b838 d536 | c468 0200 | 0048 8380 | 6002 0000 

  0x00000268eb88b424: ;   {metadata(method data for {method} {0x00000268c4455ab8} 'invokeExact_MT' '(Ljava/lang/Object;Ljava/lang/Object;Ljava/lang/Object;Ljava/lang/Object;Ljava/lang/Object;)Ljava/lang/Object;' in 'java/lang/invoke/LambdaForm$MH+0x000002688401cc00')}
  0x00000268eb88b424: 0148 b818 | 5d45 c468 | 0200 008b | 88cc 0000 | 0083 c102 | 8988 cc00 | 0000 81e1 | feff 1f00 
  0x00000268eb88b444: 85c9 0f84 | 0117 0000 

  0x00000268eb88b44c: ;   {metadata(method data for {method} {0x00000268c4455ab8} 'invokeExact_MT' '(Ljava/lang/Object;Ljava/lang/Object;Ljava/lang/Object;Ljava/lang/Object;Ljava/lang/Object;)Ljava/lang/Object;' in 'java/lang/invoke/LambdaForm$MH+0x000002688401cc00')}
  0x00000268eb88b44c: 48b8 185d | 45c4 6802 | 0000 488d | 8090 0100 | 0048 85f6 | 750e f640 | 0801 7552 | f048 8348 
  0x00000268eb88b46c: 0801 eb4a | 8b4e 0849 | ba00 0000 | 8368 0200 | 0049 03ca | 4c8b d148 | 3348 0848 | f7c1 fcff 
  0x00000268eb88b48c: ffff 742a | f6c1 0275 | 2548 f740 | 08fe ffff | ff74 1749 | 8bca 4833 | 4808 48f7 | c1fc ffff 
  0x00000268eb88b4ac: ff74 0b48 | 8348 0802 | eb04 4889 

  0x00000268eb88b4b8: ;   {oop(a 'java/lang/invoke/MethodType'{0x00000007401eaf30} = (Ljava/lang/Object;Ljava/lang/Object;Ljava/lang/Object;)Ljava/lang/Object;)}
  0x00000268eb88b4b8: 4808 48b9 | 30af 1e40 | 0700 0000 | 4885 c975 | 0cf6 4018 | 0175 06f0 | 4883 4818 

  0x00000268eb88b4d4: ;   {metadata(method data for {method} {0x00000268c4455ab8} 'invokeExact_MT' '(Ljava/lang/Object;Ljava/lang/Object;Ljava/lang/Object;Ljava/lang/Object;Ljava/lang/Object;)Ljava/lang/Object;' in 'java/lang/invoke/LambdaForm$MH+0x000002688401cc00')}
  0x00000268eb88b4d4: 0148 b818 | 5d45 c468 | 0200 0048 | 8380 8001 

  0x00000268eb88b4e4: ;   {metadata(method data for {method} {0x00000268833d94e0} 'checkExactType' '(Ljava/lang/invoke/MethodHandle;Ljava/lang/invoke/MethodType;)V' in 'java/lang/invoke/Invokers')}
  0x00000268eb88b4e4: 0000 0148 | b8b0 662a | c468 0200 | 0044 8b88 | cc00 0000 | 4183 c102 | 4489 88cc | 0000 0041 
  0x00000268eb88b504: 81e1 feff | 1f00 4585 | c90f 845b | 1600 0048 | 3b06 488b 

  0x00000268eb88b518: ;   {metadata(method data for {method} {0x00000268833d94e0} 'checkExactType' '(Ljava/lang/invoke/MethodHandle;Ljava/lang/invoke/MethodType;)V' in 'java/lang/invoke/Invokers')}
  0x00000268eb88b518: c649 b9b0 | 662a c468 | 0200 008b | 4008 49ba | 0000 0083 | 6802 0000 | 4903 c249 | 3b81 2001 
  0x00000268eb88b538: 0000 750d | 4983 8128 | 0100 0001 | e960 0000 | 0049 3b81 | 3001 0000 | 750d 4983 | 8138 0100 
  0x00000268eb88b558: 0001 e94a | 0000 0049 | 83b9 2001 | 0000 0075 | 1749 8981 | 2001 0000 | 49c7 8128 | 0100 0001 
  0x00000268eb88b578: 0000 00e9 | 2900 0000 | 4983 b930 | 0100 0000 | 7517 4989 | 8130 0100 | 0049 c781 | 3801 0000 
  0x00000268eb88b598: 0100 0000 | e908 0000 | 0049 8381 | 1001 0000 | 018b 4610 | 48c1 e003 

  0x00000268eb88b5b0: ;   {metadata(method data for {method} {0x00000268833d94e0} 'checkExactType' '(Ljava/lang/invoke/MethodHandle;Ljava/lang/invoke/MethodType;)V' in 'java/lang/invoke/Invokers')}
  0x00000268eb88b5b0: 483b c148 | b9b0 662a | c468 0200 | 0049 c7c1 | 5801 0000 | 7507 49c7 | c148 0100 | 004e 8b1c 
  0x00000268eb88b5d0: 094d 8d5b | 014e 891c | 090f 8590 

  0x00000268eb88b5dc: ;   {metadata(method data for {method} {0x00000268c4455ab8} 'invokeExact_MT' '(Ljava/lang/Object;Ljava/lang/Object;Ljava/lang/Object;Ljava/lang/Object;Ljava/lang/Object;)Ljava/lang/Object;' in 'java/lang/invoke/LambdaForm$MH+0x000002688401cc00')}
  0x00000268eb88b5dc: 0d00 0048 | b818 5d45 | c468 0200 | 0048 8d80 | c801 0000 | 8b4e 0849 | ba00 0000 | 8368 0200 
  0x00000268eb88b5fc: 0049 03ca | 4c8b d148 | 3348 0848 | f7c1 fcff | ffff 742a | f6c1 0275 | 2548 f740 | 08fe ffff 
  0x00000268eb88b61c: ff74 1749 | 8bca 4833 | 4808 48f7 | c1fc ffff | ff74 0b48 | 8348 0802 | eb04 4889 

  0x00000268eb88b638: ;   {metadata(method data for {method} {0x00000268c4455ab8} 'invokeExact_MT' '(Ljava/lang/Object;Ljava/lang/Object;Ljava/lang/Object;Ljava/lang/Object;Ljava/lang/Object;)Ljava/lang/Object;' in 'java/lang/invoke/LambdaForm$MH+0x000002688401cc00')}
  0x00000268eb88b638: 4808 48b8 | 185d 45c4 | 6802 0000 | 4883 80b8 | 0100 0001 

  0x00000268eb88b64c: ;   {metadata(method data for {method} {0x00000268833d93d8} 'checkCustomized' '(Ljava/lang/invoke/MethodHandle;)V' in 'java/lang/invoke/Invokers')}
  0x00000268eb88b64c: 48b8 7068 | 2ac4 6802 | 0000 8b88 | cc00 0000 | 83c1 0289 | 88cc 0000 | 0081 e1fe | ff1f 0085 
  0x00000268eb88b66c: c90f 8421 

  0x00000268eb88b670: ;   {metadata(method data for {method} {0x00000268833d93d8} 'checkCustomized' '(Ljava/lang/invoke/MethodHandle;)V' in 'java/lang/invoke/Invokers')}
  0x00000268eb88b670: 1500 0048 | b870 682a | c468 0200 | 0048 8380 | 1001 0000 

  0x00000268eb88b684: ;   {metadata(method data for {method} {0x0000026883095ff0} 'isCompileConstant' '(Ljava/lang/Object;)Z' in 'java/lang/invoke/MethodHandleImpl')}
  0x00000268eb88b684: 0148 b820 | 6a2a c468 | 0200 008b | 88cc 0000 | 0083 c102 | 8988 cc00 | 0000 81e1 | feff 1f00 
  0x00000268eb88b6a4: 85c9 0f84 | 0915 0000 

  0x00000268eb88b6ac: ;   {metadata(method data for {method} {0x00000268833d93d8} 'checkCustomized' '(Ljava/lang/invoke/MethodHandle;)V' in 'java/lang/invoke/Invokers')}
  0x00000268eb88b6ac: 48b8 7068 | 2ac4 6802 | 0000 ff80 | 2001 0000 | 8b46 1448 | c1e0 038b | 401c 48c1 | e003 4885 
  0x00000268eb88b6cc: ;   {metadata(method data for {method} {0x00000268833d93d8} 'checkCustomized' '(Ljava/lang/invoke/MethodHandle;)V' in 'java/lang/invoke/Invokers')}
  0x00000268eb88b6cc: c048 b870 | 682a c468 | 0200 0048 | c7c1 4001 | 0000 7507 | 48c7 c150 | 0100 004c | 8b0c 084d 
  0x00000268eb88b6ec: 8d49 014c | 890c 080f | 8523 0000 

  0x00000268eb88b6f8: ;   {metadata(method data for {method} {0x00000268833d93d8} 'checkCustomized' '(Ljava/lang/invoke/MethodHandle;)V' in 'java/lang/invoke/Invokers')}
  0x00000268eb88b6f8: 0048 b870 | 682a c468 | 0200 0048 | 8380 6001 | 0000 0148 

  0x00000268eb88b70c: ;   {static_call}
  0x00000268eb88b70c: 8bd6 90e8 

  0x00000268eb88b710: ; ImmutableOopMap {[176]=Oop [192]=Oop [232]=Oop [240]=Oop [248]=Oop }
                      ;*invokestatic maybeCustomize {reexecute=0 rethrow=0 return_oop=0}
                      ; - java.lang.invoke.Invokers::checkCustomized@19
                      ; - java.lang.invoke.LambdaForm$MH/0x000002688401cc00::invokeExact_MT@15
                      ; - jdk.internal.reflect.DirectMethodHandleAccessor::invokeImpl@72
                      ; - jdk.internal.reflect.DirectMethodHandleAccessor::invoke@23
  0x00000268eb88b710: 0c62 0c08 

  0x00000268eb88b714: ;   {other}
  0x00000268eb88b714: 0f1f 8400 | 8415 0005 | 488b bc24 | e800 0000 | 4c8b 8424 | c000 0000 

  0x00000268eb88b72c: ;   {metadata(method data for {method} {0x00000268c4455ab8} 'invokeExact_MT' '(Ljava/lang/Object;Ljava/lang/Object;Ljava/lang/Object;Ljava/lang/Object;Ljava/lang/Object;)Ljava/lang/Object;' in 'java/lang/invoke/LambdaForm$MH+0x000002688401cc00')}
  0x00000268eb88b72c: 49b9 185d | 45c4 6802 | 0000 4d8d | 8918 0200 | 004d 85c0 | 750f 41f6 | 4108 0175 | 53f0 4983 
  0x00000268eb88b74c: 4908 01eb | 4b41 8b50 | 0849 ba00 | 0000 8368 | 0200 0049 | 03d2 4c8b | d249 3351 | 0848 f7c2 
  0x00000268eb88b76c: fcff ffff | 742a f6c2 | 0275 2549 | f741 08fe | ffff ff74 | 1749 8bd2 | 4933 5108 | 48f7 c2fc 
  0x00000268eb88b78c: ffff ff74 | 0b49 8349 | 0802 eb04 | 4989 5108 | 4885 ff75 | 0f41 f641 | 1801 7552 | f049 8349 
  0x00000268eb88b7ac: 1801 eb4a | 8b57 0849 | ba00 0000 | 8368 0200 | 0049 03d2 | 4c8b d249 | 3351 1848 | f7c2 fcff 
  0x00000268eb88b7cc: ffff 742a | f6c2 0275 | 2549 f741 | 18fe ffff | ff74 1749 | 8bd2 4933 | 5118 48f7 | c2fc ffff 
  0x00000268eb88b7ec: ff74 0b49 | 8349 1802 | eb04 4989 | 5118 488b | b424 f000 

  0x00000268eb88b800: ;   {metadata(method data for {method} {0x00000268c4455ab8} 'invokeExact_MT' '(Ljava/lang/Object;Ljava/lang/Object;Ljava/lang/Object;Ljava/lang/Object;Ljava/lang/Object;)Ljava/lang/Object;' in 'java/lang/invoke/LambdaForm$MH+0x000002688401cc00')}
  0x00000268eb88b800: 0000 49b9 | 185d 45c4 | 6802 0000 | 4983 81e0 | 0100 0001 | 4c8b cf48 | 8bbc 24f8 | 0000 0048 
  0x00000268eb88b820: 8b94 24f0 

  0x00000268eb88b824: ;   {optimized virtual_call}
  0x00000268eb88b824: 0000 00e8 

  0x00000268eb88b828: ; ImmutableOopMap {[176]=Oop }
                      ;*invokevirtual invokeBasic {reexecute=0 rethrow=0 return_oop=0}
                      ; - java.lang.invoke.LambdaForm$MH/0x000002688401cc00::invokeExact_MT@22
                      ; - jdk.internal.reflect.DirectMethodHandleAccessor::invokeImpl@72
                      ; - jdk.internal.reflect.DirectMethodHandleAccessor::invoke@23
  0x00000268eb88b828: d48e 8e07 

  0x00000268eb88b82c: ;   {other}
  0x00000268eb88b82c: 0f1f 8400 | 9c16 0006 

  0x00000268eb88b834: ;   {metadata(method data for {method} {0x00000268c4455ab8} 'invokeExact_MT' '(Ljava/lang/Object;Ljava/lang/Object;Ljava/lang/Object;Ljava/lang/Object;Ljava/lang/Object;)Ljava/lang/Object;' in 'java/lang/invoke/LambdaForm$MH+0x000002688401cc00')}
  0x00000268eb88b834: 48ba 185d | 45c4 6802 | 0000 488d | 9238 0200 | 0048 85c0 | 750c f602 | 0175 4df0 | 4883 0a01 
  0x00000268eb88b854: eb46 8b70 | 0849 ba00 | 0000 8368 | 0200 0049 | 03f2 4c8b | d648 3332 | 48f7 c6fc | ffff ff74 
  0x00000268eb88b874: 2740 f6c6 | 0275 2148 | f702 feff | ffff 7415 | 498b f248 | 3332 48f7 | c6fc ffff | ff74 0948 
  0x00000268eb88b894: 830a 02eb | 0348 8932 

  0x00000268eb88b89c: ;   {metadata(method data for {method} {0x00000268833c46e0} 'invokeImpl' '(Ljava/lang/Object;[Ljava/lang/Object;)Ljava/lang/Object;' in 'jdk/internal/reflect/DirectMethodHandleAccessor')}
  0x00000268eb88b89c: 48ba 38d5 | 36c4 6802 | 0000 488d | 92b8 0200 | 0048 85c0 | 750c f602 | 0175 4df0 | 4883 0a01 
  0x00000268eb88b8bc: eb46 8b70 | 0849 ba00 | 0000 8368 | 0200 0049 | 03f2 4c8b | d648 3332 | 48f7 c6fc | ffff ff74 
  0x00000268eb88b8dc: 2740 f6c6 | 0275 2148 | f702 feff | ffff 7415 | 498b f248 | 3332 48f7 | c6fc ffff | ff74 0948 
  0x00000268eb88b8fc: 830a 02eb | 0348 8932 

  0x00000268eb88b904: ;   {metadata(method data for {method} {0x00000268833c46e0} 'invokeImpl' '(Ljava/lang/Object;[Ljava/lang/Object;)Ljava/lang/Object;' in 'jdk/internal/reflect/DirectMethodHandleAccessor')}
  0x00000268eb88b904: 48ba 38d5 | 36c4 6802 | 0000 ff82 | c802 0000 | 4881 c460 | 0100 005d 

  0x00000268eb88b91c: ;   {poll_return}
  0x00000268eb88b91c: 493b a748 | 0400 000f | 87b2 1200 | 00c3 4c8b | 8c24 b800 | 0000 4c8b | 8424 c000 | 0000 8b72 
  0x00000268eb88b93c: 1848 c1e6 | 0348 89b4 | 2408 0100 | 0041 8379 | 0c00 0f86 | a712 0000 | 418b 7910 | 48c1 e703 
  0x00000268eb88b95c: 4889 bc24 | 0001 0000 

  0x00000268eb88b964: ;   {metadata(method data for {method} {0x00000268833c46e0} 'invokeImpl' '(Ljava/lang/Object;[Ljava/lang/Object;)Ljava/lang/Object;' in 'jdk/internal/reflect/DirectMethodHandleAccessor')}
  0x00000268eb88b964: 48bb 38d5 | 36c4 6802 | 0000 488d | 9b18 0200 | 004d 85c0 | 750e f643 | 0801 7550 | f048 834b 
  0x00000268eb88b984: 0801 eb48 | 418b 4008 | 49ba 0000 | 0083 6802 | 0000 4903 | c24c 8bd0 | 4833 4308 | 48a9 fcff 
  0x00000268eb88b9a4: ffff 7428 | a802 7524 | 48f7 4308 | feff ffff | 7416 498b | c248 3343 | 0848 a9fc | ffff ff74 
  0x00000268eb88b9c4: 0b48 834b | 0802 eb04 | 4889 4308 

  0x00000268eb88b9d0: ;   {metadata(method data for {method} {0x00000268830b0158} 'invokeExact_MT' '(Ljava/lang/Object;Ljava/lang/Object;Ljava/lang/Object;Ljava/lang/Object;)Ljava/lang/Object;' in 'java/lang/invoke/Invokers$Holder')}
  0x00000268eb88b9d0: 48bb b825 | 32c4 6802 | 0000 488d | 9bb8 0200 | 0048 85f6 | 750c f603 | 0175 49f0 | 4883 0b01 
  0x00000268eb88b9f0: eb42 8b46 | 0849 ba00 | 0000 8368 | 0200 0049 | 03c2 4c8b | d048 3303 | 48a9 fcff | ffff 7424 
  0x00000268eb88ba10: a802 7520 | 48f7 03fe | ffff ff74 | 1449 8bc2 | 4833 0348 | a9fc ffff | ff74 0948 | 830b 02eb 
  0x00000268eb88ba30: 0348 8903 | 4d85 c075 | 0ef6 4310 | 0175 50f0 | 4883 4b10 | 01eb 4841 | 8b40 0849 | ba00 0000 
  0x00000268eb88ba50: 8368 0200 | 0049 03c2 | 4c8b d048 | 3343 1048 | a9fc ffff | ff74 28a8 | 0275 2448 | f743 10fe 
  0x00000268eb88ba70: ffff ff74 | 1649 8bc2 | 4833 4310 | 48a9 fcff | ffff 740b | 4883 4b10 | 02eb 0448 

  0x00000268eb88ba8c: ;   {metadata(method data for {method} {0x00000268833c46e0} 'invokeImpl' '(Ljava/lang/Object;[Ljava/lang/Object;)Ljava/lang/Object;' in 'jdk/internal/reflect/DirectMethodHandleAccessor')}
  0x00000268eb88ba8c: 8943 1048 | bb38 d536 | c468 0200 | 0048 8383 | e001 0000 

  0x00000268eb88baa0: ;   {metadata(method data for {method} {0x00000268830b0158} 'invokeExact_MT' '(Ljava/lang/Object;Ljava/lang/Object;Ljava/lang/Object;Ljava/lang/Object;)Ljava/lang/Object;' in 'java/lang/invoke/Invokers$Holder')}
  0x00000268eb88baa0: 0148 bbb8 | 2532 c468 | 0200 008b | 83cc 0000 | 0083 c002 | 8983 cc00 | 0000 25fe | ff1f 0085 
  0x00000268eb88bac0: c00f 8446 

  0x00000268eb88bac4: ;   {metadata(method data for {method} {0x00000268830b0158} 'invokeExact_MT' '(Ljava/lang/Object;Ljava/lang/Object;Ljava/lang/Object;Ljava/lang/Object;)Ljava/lang/Object;' in 'java/lang/invoke/Invokers$Holder')}
  0x00000268eb88bac4: 1100 0048 | bbb8 2532 | c468 0200 | 0048 8d9b | 9001 0000 | 4885 f675 | 0ef6 4308 | 0175 4ff0 
  0x00000268eb88bae4: 4883 4b08 | 01eb 478b | 4608 49ba | 0000 0083 | 6802 0000 | 4903 c24c | 8bd0 4833 | 4308 48a9 
  0x00000268eb88bb04: fcff ffff | 7428 a802 | 7524 48f7 | 4308 feff | ffff 7416 | 498b c248 | 3343 0848 | a9fc ffff 
  0x00000268eb88bb24: ff74 0b48 | 834b 0802 | eb04 4889 

  0x00000268eb88bb30: ;   {oop(a 'java/lang/invoke/MethodType'{0x00000007401f6770} = (Ljava/lang/Object;Ljava/lang/Object;)Ljava/lang/Object;)}
  0x00000268eb88bb30: 4308 48b8 | 7067 1f40 | 0700 0000 | 4885 c075 | 0cf6 4318 | 0175 06f0 | 4883 4b18 

  0x00000268eb88bb4c: ;   {metadata(method data for {method} {0x00000268830b0158} 'invokeExact_MT' '(Ljava/lang/Object;Ljava/lang/Object;Ljava/lang/Object;Ljava/lang/Object;)Ljava/lang/Object;' in 'java/lang/invoke/Invokers$Holder')}
  0x00000268eb88bb4c: 0148 bbb8 | 2532 c468 | 0200 0048 | 8383 8001 

  0x00000268eb88bb5c: ;   {metadata(method data for {method} {0x00000268833d94e0} 'checkExactType' '(Ljava/lang/invoke/MethodHandle;Ljava/lang/invoke/MethodType;)V' in 'java/lang/invoke/Invokers')}
  0x00000268eb88bb5c: 0000 0148 | bbb0 662a | c468 0200 | 008b 8bcc | 0000 0083 | c102 898b | cc00 0000 | 81e1 feff 
  0x00000268eb88bb7c: 1f00 85c9 | 0f84 a810 | 0000 483b | 0648 8bde 

  0x00000268eb88bb8c: ;   {metadata(method data for {method} {0x00000268833d94e0} 'checkExactType' '(Ljava/lang/invoke/MethodHandle;Ljava/lang/invoke/MethodType;)V' in 'java/lang/invoke/Invokers')}
  0x00000268eb88bb8c: 48b9 b066 | 2ac4 6802 | 0000 8b5b | 0849 ba00 | 0000 8368 | 0200 0049 | 03da 483b | 9920 0100 
  0x00000268eb88bbac: 0075 0d48 | 8381 2801 | 0000 01e9 | 6000 0000 | 483b 9930 | 0100 0075 | 0d48 8381 | 3801 0000 
  0x00000268eb88bbcc: 01e9 4a00 | 0000 4883 | b920 0100 | 0000 7517 | 4889 9920 | 0100 0048 | c781 2801 | 0000 0100 
  0x00000268eb88bbec: 0000 e929 | 0000 0048 | 83b9 3001 | 0000 0075 | 1748 8999 | 3001 0000 | 48c7 8138 | 0100 0001 
  0x00000268eb88bc0c: 0000 00e9 | 0800 0000 | 4883 8110 | 0100 0001 | 8b5e 1048 | c1e3 0348 

  0x00000268eb88bc24: ;   {metadata(method data for {method} {0x00000268833d94e0} 'checkExactType' '(Ljava/lang/invoke/MethodHandle;Ljava/lang/invoke/MethodType;)V' in 'java/lang/invoke/Invokers')}
  0x00000268eb88bc24: 3bd8 48b8 | b066 2ac4 | 6802 0000 | 48c7 c158 | 0100 0075 | 0748 c7c1 | 4801 0000 | 4c8b 0c08 
  0x00000268eb88bc44: 4d8d 4901 | 4c89 0c08 | 0f85 dd06 

  0x00000268eb88bc50: ;   {metadata(method data for {method} {0x00000268830b0158} 'invokeExact_MT' '(Ljava/lang/Object;Ljava/lang/Object;Ljava/lang/Object;Ljava/lang/Object;)Ljava/lang/Object;' in 'java/lang/invoke/Invokers$Holder')}
  0x00000268eb88bc50: 0000 48bb | b825 32c4 | 6802 0000 | 488d 9bc8 | 0100 008b | 4608 49ba | 0000 0083 | 6802 0000 
  0x00000268eb88bc70: 4903 c24c | 8bd0 4833 | 4308 48a9 | fcff ffff | 7428 a802 | 7524 48f7 | 4308 feff | ffff 7416 
  0x00000268eb88bc90: 498b c248 | 3343 0848 | a9fc ffff | ff74 0b48 | 834b 0802 | eb04 4889 

  0x00000268eb88bca8: ;   {metadata(method data for {method} {0x00000268830b0158} 'invokeExact_MT' '(Ljava/lang/Object;Ljava/lang/Object;Ljava/lang/Object;Ljava/lang/Object;)Ljava/lang/Object;' in 'java/lang/invoke/Invokers$Holder')}
  0x00000268eb88bca8: 4308 48bb | b825 32c4 | 6802 0000 | 4883 83b8 | 0100 0001 

  0x00000268eb88bcbc: ;   {metadata(method data for {method} {0x00000268833d93d8} 'checkCustomized' '(Ljava/lang/invoke/MethodHandle;)V' in 'java/lang/invoke/Invokers')}
  0x00000268eb88bcbc: 48bb 7068 | 2ac4 6802 | 0000 8b83 | cc00 0000 | 83c0 0289 | 83cc 0000 | 0025 feff | 1f00 85c0 
  0x00000268eb88bcdc: 0f84 720f 

  0x00000268eb88bce0: ;   {metadata(method data for {method} {0x00000268833d93d8} 'checkCustomized' '(Ljava/lang/invoke/MethodHandle;)V' in 'java/lang/invoke/Invokers')}
  0x00000268eb88bce0: 0000 48bb | 7068 2ac4 | 6802 0000 | 4883 8310 | 0100 0001 

  0x00000268eb88bcf4: ;   {metadata(method data for {method} {0x0000026883095ff0} 'isCompileConstant' '(Ljava/lang/Object;)Z' in 'java/lang/invoke/MethodHandleImpl')}
  0x00000268eb88bcf4: 48bb 206a | 2ac4 6802 | 0000 8b83 | cc00 0000 | 83c0 0289 | 83cc 0000 | 0025 feff | 1f00 85c0 
  0x00000268eb88bd14: 0f84 5b0f 

  0x00000268eb88bd18: ;   {metadata(method data for {method} {0x00000268833d93d8} 'checkCustomized' '(Ljava/lang/invoke/MethodHandle;)V' in 'java/lang/invoke/Invokers')}
  0x00000268eb88bd18: 0000 48bb | 7068 2ac4 | 6802 0000 | ff83 2001 | 0000 8b5e | 1448 c1e3 | 038b 5b1c | 48c1 e303 
  0x00000268eb88bd38: ;   {metadata(method data for {method} {0x00000268833d93d8} 'checkCustomized' '(Ljava/lang/invoke/MethodHandle;)V' in 'java/lang/invoke/Invokers')}
  0x00000268eb88bd38: 4885 db48 | bb70 682a | c468 0200 | 0048 c7c0 | 4001 0000 | 7507 48c7 | c050 0100 | 0048 8b0c 
  0x00000268eb88bd58: 0348 8d49 | 0148 890c | 030f 8525 

  0x00000268eb88bd64: ;   {metadata(method data for {method} {0x00000268833d93d8} 'checkCustomized' '(Ljava/lang/invoke/MethodHandle;)V' in 'java/lang/invoke/Invokers')}
  0x00000268eb88bd64: 0000 0048 | bb70 682a | c468 0200 | 0048 8383 | 6001 0000 | 0148 8bd6 

  0x00000268eb88bd7c: ;   {static_call}
  0x00000268eb88bd7c: 6666 90e8 

  0x00000268eb88bd80: ; ImmutableOopMap {[176]=Oop [192]=Oop [256]=Oop [264]=Oop }
                      ;*invokestatic maybeCustomize {reexecute=0 rethrow=0 return_oop=0}
                      ; - java.lang.invoke.Invokers::checkCustomized@19
                      ; - java.lang.invoke.Invokers$Holder::invokeExact_MT@14
                      ; - jdk.internal.reflect.DirectMethodHandleAccessor::invokeImpl@55
                      ; - jdk.internal.reflect.DirectMethodHandleAccessor::invoke@23
  0x00000268eb88bd80: 9c5b 0c08 

  0x00000268eb88bd84: ;   {other}
  0x00000268eb88bd84: 0f1f 8400 | f41b 0007 | 488b bc24 | 0001 0000 | 4c8b 8424 | c000 0000 

  0x00000268eb88bd9c: ;   {metadata(method data for {method} {0x00000268830b0158} 'invokeExact_MT' '(Ljava/lang/Object;Ljava/lang/Object;Ljava/lang/Object;Ljava/lang/Object;)Ljava/lang/Object;' in 'java/lang/invoke/Invokers$Holder')}
  0x00000268eb88bd9c: 49b9 b825 | 32c4 6802 | 0000 4d8d | 8918 0200 | 004d 85c0 | 750f 41f6 | 4108 0175 | 53f0 4983 
  0x00000268eb88bdbc: 4908 01eb | 4b41 8b50 | 0849 ba00 | 0000 8368 | 0200 0049 | 03d2 4c8b | d249 3351 | 0848 f7c2 
  0x00000268eb88bddc: fcff ffff | 742a f6c2 | 0275 2549 | f741 08fe | ffff ff74 | 1749 8bd2 | 4933 5108 | 48f7 c2fc 
  0x00000268eb88bdfc: ffff ff74 | 0b49 8349 | 0802 eb04 | 4989 5108 | 4885 ff75 | 0f41 f641 | 1801 7552 | f049 8349 
  0x00000268eb88be1c: 1801 eb4a | 8b57 0849 | ba00 0000 | 8368 0200 | 0049 03d2 | 4c8b d249 | 3351 1848 | f7c2 fcff 
  0x00000268eb88be3c: ffff 742a | f6c2 0275 | 2549 f741 | 18fe ffff | ff74 1749 | 8bd2 4933 | 5118 48f7 | c2fc ffff 
  0x00000268eb88be5c: ff74 0b49 | 8349 1802 | eb04 4989 | 5118 488b | b424 0801 

  0x00000268eb88be70: ;   {metadata(method data for {method} {0x00000268830b0158} 'invokeExact_MT' '(Ljava/lang/Object;Ljava/lang/Object;Ljava/lang/Object;Ljava/lang/Object;)Ljava/lang/Object;' in 'java/lang/invoke/Invokers$Holder')}
  0x00000268eb88be70: 0000 49b9 | b825 32c4 | 6802 0000 | 4983 81e0 | 0100 0001 | 4c8b cf48 | 8b94 2408 

  0x00000268eb88be8c: ;   {optimized virtual_call}
  0x00000268eb88be8c: 0100 00e8 

  0x00000268eb88be90: ; ImmutableOopMap {[176]=Oop }
                      ;*invokevirtual invokeBasic {reexecute=0 rethrow=0 return_oop=0}
                      ; - java.lang.invoke.Invokers$Holder::invokeExact_MT@20
                      ; - jdk.internal.reflect.DirectMethodHandleAccessor::invokeImpl@55
                      ; - jdk.internal.reflect.DirectMethodHandleAccessor::invoke@23
  0x00000268eb88be90: 6c32 8f07 

  0x00000268eb88be94: ;   {other}
  0x00000268eb88be94: 0f1f 8400 | 041d 0008 

  0x00000268eb88be9c: ;   {metadata(method data for {method} {0x00000268830b0158} 'invokeExact_MT' '(Ljava/lang/Object;Ljava/lang/Object;Ljava/lang/Object;Ljava/lang/Object;)Ljava/lang/Object;' in 'java/lang/invoke/Invokers$Holder')}
  0x00000268eb88be9c: 48ba b825 | 32c4 6802 | 0000 488d | 9238 0200 | 0048 85c0 | 750c f602 | 0175 4df0 | 4883 0a01 
  0x00000268eb88bebc: eb46 8b70 | 0849 ba00 | 0000 8368 | 0200 0049 | 03f2 4c8b | d648 3332 | 48f7 c6fc | ffff ff74 
  0x00000268eb88bedc: 2740 f6c6 | 0275 2148 | f702 feff | ffff 7415 | 498b f248 | 3332 48f7 | c6fc ffff | ff74 0948 
  0x00000268eb88befc: 830a 02eb | 0348 8932 

  0x00000268eb88bf04: ;   {metadata(method data for {method} {0x00000268833c46e0} 'invokeImpl' '(Ljava/lang/Object;[Ljava/lang/Object;)Ljava/lang/Object;' in 'jdk/internal/reflect/DirectMethodHandleAccessor')}
  0x00000268eb88bf04: 48ba 38d5 | 36c4 6802 | 0000 488d | 9238 0200 | 0048 85c0 | 750c f602 | 0175 4df0 | 4883 0a01 
  0x00000268eb88bf24: eb46 8b70 | 0849 ba00 | 0000 8368 | 0200 0049 | 03f2 4c8b | d648 3332 | 48f7 c6fc | ffff ff74 
  0x00000268eb88bf44: 2740 f6c6 | 0275 2148 | f702 feff | ffff 7415 | 498b f248 | 3332 48f7 | c6fc ffff | ff74 0948 
  0x00000268eb88bf64: 830a 02eb | 0348 8932 

  0x00000268eb88bf6c: ;   {metadata(method data for {method} {0x00000268833c46e0} 'invokeImpl' '(Ljava/lang/Object;[Ljava/lang/Object;)Ljava/lang/Object;' in 'jdk/internal/reflect/DirectMethodHandleAccessor')}
  0x00000268eb88bf6c: 48ba 38d5 | 36c4 6802 | 0000 ff82 | 4802 0000 | 4881 c460 | 0100 005d 

  0x00000268eb88bf84: ;   {poll_return}
  0x00000268eb88bf84: 493b a748 | 0400 000f | 870a 0d00 | 00c3 4c8b | 8424 c000 | 0000 8b72 | 1848 c1e6 | 0348 89b4 
  0x00000268eb88bfa4: 2410 0100 

  0x00000268eb88bfa8: ;   {metadata(method data for {method} {0x00000268833c46e0} 'invokeImpl' '(Ljava/lang/Object;[Ljava/lang/Object;)Ljava/lang/Object;' in 'jdk/internal/reflect/DirectMethodHandleAccessor')}
  0x00000268eb88bfa8: 0048 bf38 | d536 c468 | 0200 0048 | 8dbf a801 | 0000 4d85 | c075 0cf6 | 4708 0175 | 06f0 4883 
  0x00000268eb88bfc8: ;   {metadata(method data for {method} {0x00000268830b0208} 'invokeExact_MT' '(Ljava/lang/Object;Ljava/lang/Object;Ljava/lang/Object;)Ljava/lang/Object;' in 'java/lang/invoke/Invokers$Holder')}
  0x00000268eb88bfc8: 4f08 0148 | bf00 2332 | c468 0200 | 0048 8dbf | a002 0000 | 4885 f675 | 0af6 0701 | 7505 f048 
  0x00000268eb88bfe8: ;   {metadata(method data for {method} {0x00000268833c46e0} 'invokeImpl' '(Ljava/lang/Object;[Ljava/lang/Object;)Ljava/lang/Object;' in 'jdk/internal/reflect/DirectMethodHandleAccessor')}
  0x00000268eb88bfe8: 830f 0148 | bf38 d536 | c468 0200 | 0048 8387 | 7001 0000 

  0x00000268eb88bffc: ;   {metadata(method data for {method} {0x00000268830b0208} 'invokeExact_MT' '(Ljava/lang/Object;Ljava/lang/Object;Ljava/lang/Object;)Ljava/lang/Object;' in 'java/lang/invoke/Invokers$Holder')}
  0x00000268eb88bffc: 0148 bf00 | 2332 c468 | 0200 008b | 9fcc 0000 | 0083 c302 | 899f cc00 | 0000 81e3 | feff 1f00 
  0x00000268eb88c01c: 85db 0f84 | 8d0c 0000 

  0x00000268eb88c024: ;   {metadata(method data for {method} {0x00000268830b0208} 'invokeExact_MT' '(Ljava/lang/Object;Ljava/lang/Object;Ljava/lang/Object;)Ljava/lang/Object;' in 'java/lang/invoke/Invokers$Holder')}
  0x00000268eb88c024: 48bf 0023 | 32c4 6802 | 0000 488d | bf90 0100 | 0048 85f6 | 750c f647 | 0801 7506 | f048 834f 
  0x00000268eb88c044: ;   {oop(a 'java/lang/invoke/MethodType'{0x00000007401f6658} = (Ljava/lang/Object;)Ljava/lang/Object;)}
  0x00000268eb88c044: 0801 48bb | 5866 1f40 | 0700 0000 | 4885 db75 | 0cf6 4718 | 0175 06f0 | 4883 4f18 

  0x00000268eb88c060: ;   {metadata(method data for {method} {0x00000268830b0208} 'invokeExact_MT' '(Ljava/lang/Object;Ljava/lang/Object;Ljava/lang/Object;)Ljava/lang/Object;' in 'java/lang/invoke/Invokers$Holder')}
  0x00000268eb88c060: 0148 bf00 | 2332 c468 | 0200 0048 | 8387 8001 

  0x00000268eb88c070: ;   {metadata(method data for {method} {0x00000268833d94e0} 'checkExactType' '(Ljava/lang/invoke/MethodHandle;Ljava/lang/invoke/MethodType;)V' in 'java/lang/invoke/Invokers')}
  0x00000268eb88c070: 0000 0148 | bfb0 662a | c468 0200 | 008b 87cc | 0000 0083 | c002 8987 | cc00 0000 | 25fe ff1f 
  0x00000268eb88c090: 0085 c00f | 8439 0c00 | 0048 3b06 

  0x00000268eb88c09c: ;   {metadata(method data for {method} {0x00000268833d94e0} 'checkExactType' '(Ljava/lang/invoke/MethodHandle;Ljava/lang/invoke/MethodType;)V' in 'java/lang/invoke/Invokers')}
  0x00000268eb88c09c: 488b fe48 | b8b0 662a | c468 0200 | 008b 7f08 | 49ba 0000 | 0083 6802 | 0000 4903 | fa48 3bb8 
  0x00000268eb88c0bc: 2001 0000 | 750d 4883 | 8028 0100 | 0001 e960 | 0000 0048 | 3bb8 3001 | 0000 750d | 4883 8038 
  0x00000268eb88c0dc: 0100 0001 | e94a 0000 | 0048 83b8 | 2001 0000 | 0075 1748 | 89b8 2001 | 0000 48c7 | 8028 0100 
  0x00000268eb88c0fc: 0001 0000 | 00e9 2900 | 0000 4883 | b830 0100 | 0000 7517 | 4889 b830 | 0100 0048 | c780 3801 
  0x00000268eb88c11c: 0000 0100 | 0000 e908 | 0000 0048 | 8380 1001 | 0000 018b | 7e10 48c1 | e703 483b 

  0x00000268eb88c138: ;   {metadata(method data for {method} {0x00000268833d94e0} 'checkExactType' '(Ljava/lang/invoke/MethodHandle;Ljava/lang/invoke/MethodType;)V' in 'java/lang/invoke/Invokers')}
  0x00000268eb88c138: fb48 bbb0 | 662a c468 | 0200 0048 | c7c0 5801 | 0000 7507 | 48c7 c048 | 0100 0048 | 8b0c 0348 
  0x00000268eb88c158: 8d49 0148 | 890c 030f | 8585 0100 

  0x00000268eb88c164: ;   {metadata(method data for {method} {0x00000268830b0208} 'invokeExact_MT' '(Ljava/lang/Object;Ljava/lang/Object;Ljava/lang/Object;)Ljava/lang/Object;' in 'java/lang/invoke/Invokers$Holder')}
  0x00000268eb88c164: 0048 bf00 | 2332 c468 | 0200 0048 | 8387 b801 

  0x00000268eb88c174: ;   {metadata(method data for {method} {0x00000268833d93d8} 'checkCustomized' '(Ljava/lang/invoke/MethodHandle;)V' in 'java/lang/invoke/Invokers')}
  0x00000268eb88c174: 0000 0148 | bf70 682a | c468 0200 | 008b 9fcc | 0000 0083 | c302 899f | cc00 0000 | 81e3 feff 
  0x00000268eb88c194: 1f00 85db | 0f84 5a0b 

  0x00000268eb88c19c: ;   {metadata(method data for {method} {0x00000268833d93d8} 'checkCustomized' '(Ljava/lang/invoke/MethodHandle;)V' in 'java/lang/invoke/Invokers')}
  0x00000268eb88c19c: 0000 48bf | 7068 2ac4 | 6802 0000 | 4883 8710 | 0100 0001 

  0x00000268eb88c1b0: ;   {metadata(method data for {method} {0x0000026883095ff0} 'isCompileConstant' '(Ljava/lang/Object;)Z' in 'java/lang/invoke/MethodHandleImpl')}
  0x00000268eb88c1b0: 48bf 206a | 2ac4 6802 | 0000 8b9f | cc00 0000 | 83c3 0289 | 9fcc 0000 | 0081 e3fe | ff1f 0085 
  0x00000268eb88c1d0: db0f 8442 

  0x00000268eb88c1d4: ;   {metadata(method data for {method} {0x00000268833d93d8} 'checkCustomized' '(Ljava/lang/invoke/MethodHandle;)V' in 'java/lang/invoke/Invokers')}
  0x00000268eb88c1d4: 0b00 0048 | bf70 682a | c468 0200 | 00ff 8720 | 0100 008b | 7e14 48c1 | e703 8b7f | 1c48 c1e7 
  0x00000268eb88c1f4: 0348 85ff 

  0x00000268eb88c1f8: ;   {metadata(method data for {method} {0x00000268833d93d8} 'checkCustomized' '(Ljava/lang/invoke/MethodHandle;)V' in 'java/lang/invoke/Invokers')}
  0x00000268eb88c1f8: 48bf 7068 | 2ac4 6802 | 0000 48c7 | c340 0100 | 0075 0748 | c7c3 5001 | 0000 488b | 041f 488d 
  0x00000268eb88c218: 4001 4889 | 041f 0f85 | 2800 0000 

  0x00000268eb88c224: ;   {metadata(method data for {method} {0x00000268833d93d8} 'checkCustomized' '(Ljava/lang/invoke/MethodHandle;)V' in 'java/lang/invoke/Invokers')}
  0x00000268eb88c224: 48bf 7068 | 2ac4 6802 | 0000 4883 | 8760 0100 | 0001 488b | d666 0f1f 

  0x00000268eb88c23c: ;   {static_call}
  0x00000268eb88c23c: 4400 00e8 

  0x00000268eb88c240: ; ImmutableOopMap {[176]=Oop [192]=Oop [272]=Oop }
                      ;*invokestatic maybeCustomize {reexecute=0 rethrow=0 return_oop=0}
                      ; - java.lang.invoke.Invokers::checkCustomized@19
                      ; - java.lang.invoke.Invokers$Holder::invokeExact_MT@14
                      ; - jdk.internal.reflect.DirectMethodHandleAccessor::invokeImpl@41
                      ; - jdk.internal.reflect.DirectMethodHandleAccessor::invoke@23
  0x00000268eb88c240: dc56 0c08 

  0x00000268eb88c244: ;   {other}
  0x00000268eb88c244: 0f1f 8400 | b420 0009 | 488b b424 | 1001 0000 

  0x00000268eb88c254: ;   {metadata(method data for {method} {0x00000268830b0208} 'invokeExact_MT' '(Ljava/lang/Object;Ljava/lang/Object;Ljava/lang/Object;)Ljava/lang/Object;' in 'java/lang/invoke/Invokers$Holder')}
  0x00000268eb88c254: 49b8 0023 | 32c4 6802 | 0000 4983 | 80e0 0100 | 0001 4c8b | 8424 c000 | 0000 488b | 9424 1001 
  0x00000268eb88c274: ;   {optimized virtual_call}
  0x00000268eb88c274: 0000 90e8 

  0x00000268eb88c278: ; ImmutableOopMap {[176]=Oop }
                      ;*invokevirtual invokeBasic {reexecute=0 rethrow=0 return_oop=0}
                      ; - java.lang.invoke.Invokers$Holder::invokeExact_MT@19
                      ; - jdk.internal.reflect.DirectMethodHandleAccessor::invokeImpl@41
                      ; - jdk.internal.reflect.DirectMethodHandleAccessor::invoke@23
  0x00000268eb88c278: 8476 8d07 

  0x00000268eb88c27c: ;   {other}
  0x00000268eb88c27c: 0f1f 8400 | ec20 000a 

  0x00000268eb88c284: ;   {metadata(method data for {method} {0x00000268830b0208} 'invokeExact_MT' '(Ljava/lang/Object;Ljava/lang/Object;Ljava/lang/Object;)Ljava/lang/Object;' in 'java/lang/invoke/Invokers$Holder')}
  0x00000268eb88c284: 48ba 0023 | 32c4 6802 | 0000 488d | 9228 0200 | 0048 85c0 | 750a f602 | 0175 05f0 | 4883 0a01 
  0x00000268eb88c2a4: ;   {metadata(method data for {method} {0x00000268833c46e0} 'invokeImpl' '(Ljava/lang/Object;[Ljava/lang/Object;)Ljava/lang/Object;' in 'jdk/internal/reflect/DirectMethodHandleAccessor')}
  0x00000268eb88c2a4: 48ba 38d5 | 36c4 6802 | 0000 488d | 92b8 0100 | 0048 85c0 | 750a f602 | 0175 05f0 | 4883 0a01 
  0x00000268eb88c2c4: ;   {metadata(method data for {method} {0x00000268833c46e0} 'invokeImpl' '(Ljava/lang/Object;[Ljava/lang/Object;)Ljava/lang/Object;' in 'jdk/internal/reflect/DirectMethodHandleAccessor')}
  0x00000268eb88c2c4: 48ba 38d5 | 36c4 6802 | 0000 ff82 | c801 0000 | 4881 c460 | 0100 005d 

  0x00000268eb88c2dc: ;   {poll_return}
  0x00000268eb88c2dc: 493b a748 | 0400 000f | 8756 0a00 

  0x00000268eb88c2e8: ;   {metadata(method data for {method} {0x00000268833d94e0} 'checkExactType' '(Ljava/lang/invoke/MethodHandle;Ljava/lang/invoke/MethodType;)V' in 'java/lang/invoke/Invokers')}
  0x00000268eb88c2e8: 00c3 48ba | b066 2ac4 | 6802 0000 | 4883 8268 | 0100 0001 

  0x00000268eb88c2fc: ;   {oop(a 'java/lang/invoke/MethodType'{0x00000007401f6658} = (Ljava/lang/Object;)Ljava/lang/Object;)}
  0x00000268eb88c2fc: 49b8 5866 | 1f40 0700 | 0000 488b | d766 0f1f 

  0x00000268eb88c30c: ;   {static_call}
  0x00000268eb88c30c: 4400 00e8 

  0x00000268eb88c310: ; ImmutableOopMap {[176]=Oop [192]=Oop [272]=Oop }
                      ;*invokestatic newWrongMethodTypeException {reexecute=0 rethrow=0 return_oop=0}
                      ; - java.lang.invoke.Invokers::checkExactType@12
                      ; - java.lang.invoke.Invokers$Holder::invokeExact_MT@10
                      ; - jdk.internal.reflect.DirectMethodHandleAccessor::invokeImpl@41
                      ; - jdk.internal.reflect.DirectMethodHandleAccessor::invoke@23
  0x00000268eb88c310: 6c2d 1d07 

  0x00000268eb88c314: ;   {other}
  0x00000268eb88c314: 0f1f 8400 | 8421 000b 

  0x00000268eb88c31c: ; implicit exception: dispatches to 0x00000268eb88cd55
                      ; ImmutableOopMap {rax=Oop [176]=Oop [192]=Oop [272]=Oop }
                      ;*athrow {reexecute=1 rethrow=0 return_oop=0}
                      ; - (reexecute) java.lang.invoke.Invokers::checkExactType@15
                      ; - java.lang.invoke.Invokers$Holder::invokeExact_MT@10
                      ; - jdk.internal.reflect.DirectMethodHandleAccessor::invokeImpl@41
                      ; - jdk.internal.reflect.DirectMethodHandleAccessor::invoke@23
                      ;   {section_word}
  0x00000268eb88c31c: 483b 0048 | ba1f c388 | eb68 0200 

  0x00000268eb88c328: ;   {runtime_call handle_exception_nofpu Runtime1 stub}
  0x00000268eb88c328: 00e8 52a7 

  0x00000268eb88c32c: ;   {metadata(method data for {method} {0x00000268833d94e0} 'checkExactType' '(Ljava/lang/invoke/MethodHandle;Ljava/lang/invoke/MethodType;)V' in 'java/lang/invoke/Invokers')}
  0x00000268eb88c32c: 2907 9048 | bab0 662a | c468 0200 | 0048 8382 | 6801 0000 

  0x00000268eb88c340: ;   {oop(a 'java/lang/invoke/MethodType'{0x00000007401f6770} = (Ljava/lang/Object;Ljava/lang/Object;)Ljava/lang/Object;)}
  0x00000268eb88c340: 0149 b870 | 671f 4007 | 0000 0048 

  0x00000268eb88c34c: ;   {static_call}
  0x00000268eb88c34c: 8bd3 90e8 

  0x00000268eb88c350: ; ImmutableOopMap {[176]=Oop [192]=Oop [256]=Oop [264]=Oop }
                      ;*invokestatic newWrongMethodTypeException {reexecute=0 rethrow=0 return_oop=0}
                      ; - java.lang.invoke.Invokers::checkExactType@12
                      ; - java.lang.invoke.Invokers$Holder::invokeExact_MT@10
                      ; - jdk.internal.reflect.DirectMethodHandleAccessor::invokeImpl@55
                      ; - jdk.internal.reflect.DirectMethodHandleAccessor::invoke@23
  0x00000268eb88c350: 2c2d 1d07 

  0x00000268eb88c354: ;   {other}
  0x00000268eb88c354: 0f1f 8400 | c421 000d 

  0x00000268eb88c35c: ; implicit exception: dispatches to 0x00000268eb88cd5a
                      ; ImmutableOopMap {rax=Oop [176]=Oop [192]=Oop [256]=Oop [264]=Oop }
                      ;*athrow {reexecute=1 rethrow=0 return_oop=0}
                      ; - (reexecute) java.lang.invoke.Invokers::checkExactType@15
                      ; - java.lang.invoke.Invokers$Holder::invokeExact_MT@10
                      ; - jdk.internal.reflect.DirectMethodHandleAccessor::invokeImpl@55
                      ; - jdk.internal.reflect.DirectMethodHandleAccessor::invoke@23
                      ;   {section_word}
  0x00000268eb88c35c: 483b 0048 | ba5f c388 | eb68 0200 

  0x00000268eb88c368: ;   {runtime_call handle_exception_nofpu Runtime1 stub}
  0x00000268eb88c368: 00e8 12a7 

  0x00000268eb88c36c: ;   {metadata(method data for {method} {0x00000268833d94e0} 'checkExactType' '(Ljava/lang/invoke/MethodHandle;Ljava/lang/invoke/MethodType;)V' in 'java/lang/invoke/Invokers')}
  0x00000268eb88c36c: 2907 9048 | bab0 662a | c468 0200 | 0048 8382 | 6801 0000 

  0x00000268eb88c380: ;   {oop(a 'java/lang/invoke/MethodType'{0x00000007401eaf30} = (Ljava/lang/Object;Ljava/lang/Object;Ljava/lang/Object;)Ljava/lang/Object;)}
  0x00000268eb88c380: 0149 b830 | af1e 4007 | 0000 0048 

  0x00000268eb88c38c: ;   {static_call}
  0x00000268eb88c38c: 8bd0 90e8 

  0x00000268eb88c390: ; ImmutableOopMap {[176]=Oop [192]=Oop [232]=Oop [240]=Oop [248]=Oop }
                      ;*invokestatic newWrongMethodTypeException {reexecute=0 rethrow=0 return_oop=0}
                      ; - java.lang.invoke.Invokers::checkExactType@12
                      ; - java.lang.invoke.LambdaForm$MH/0x000002688401cc00::invokeExact_MT@11
                      ; - jdk.internal.reflect.DirectMethodHandleAccessor::invokeImpl@72
                      ; - jdk.internal.reflect.DirectMethodHandleAccessor::invoke@23
  0x00000268eb88c390: ec2c 1d07 

  0x00000268eb88c394: ;   {other}
  0x00000268eb88c394: 0f1f 8400 | 0422 000f 

  0x00000268eb88c39c: ; implicit exception: dispatches to 0x00000268eb88cd5f
                      ; ImmutableOopMap {rax=Oop [176]=Oop [192]=Oop [232]=Oop [240]=Oop [248]=Oop }
                      ;*athrow {reexecute=1 rethrow=0 return_oop=0}
                      ; - (reexecute) java.lang.invoke.Invokers::checkExactType@15
                      ; - java.lang.invoke.LambdaForm$MH/0x000002688401cc00::invokeExact_MT@11
                      ; - jdk.internal.reflect.DirectMethodHandleAccessor::invokeImpl@72
                      ; - jdk.internal.reflect.DirectMethodHandleAccessor::invoke@23
                      ;   {section_word}
  0x00000268eb88c39c: 483b 0048 | ba9f c388 | eb68 0200 

  0x00000268eb88c3a8: ;   {runtime_call handle_exception_nofpu Runtime1 stub}
  0x00000268eb88c3a8: 00e8 d2a6 

  0x00000268eb88c3ac: ;   {metadata(method data for {method} {0x00000268833d94e0} 'checkExactType' '(Ljava/lang/invoke/MethodHandle;Ljava/lang/invoke/MethodType;)V' in 'java/lang/invoke/Invokers')}
  0x00000268eb88c3ac: 2907 9048 | bab0 662a | c468 0200 | 0048 8382 | 6801 0000 

  0x00000268eb88c3c0: ;   {oop(a 'java/lang/invoke/MethodType'{0x00000007401c61c8} = (Ljava/lang/Object;Ljava/lang/Object;Ljava/lang/Object;Ljava/lang/Object;)Ljava/lang/Object;)}
  0x00000268eb88c3c0: 0149 b8c8 | 611c 4007 | 0000 0048 

  0x00000268eb88c3cc: ;   {static_call}
  0x00000268eb88c3cc: 8bd1 90e8 

  0x00000268eb88c3d0: ; ImmutableOopMap {[176]=Oop [192]=Oop [200]=Oop [208]=Oop [216]=Oop [224]=Oop }
                      ;*invokestatic newWrongMethodTypeException {reexecute=0 rethrow=0 return_oop=0}
                      ; - java.lang.invoke.Invokers::checkExactType@12
                      ; - java.lang.invoke.LambdaForm$MH/0x000002688400f400::invokeExact_MT@11
                      ; - jdk.internal.reflect.DirectMethodHandleAccessor::invokeImpl@92
                      ; - jdk.internal.reflect.DirectMethodHandleAccessor::invoke@23
  0x00000268eb88c3d0: ac2c 1d07 

  0x00000268eb88c3d4: ;   {other}
  0x00000268eb88c3d4: 0f1f 8400 | 4422 0011 

  0x00000268eb88c3dc: ; implicit exception: dispatches to 0x00000268eb88cd64
                      ; ImmutableOopMap {rax=Oop [176]=Oop [192]=Oop [200]=Oop [208]=Oop [216]=Oop [224]=Oop }
                      ;*athrow {reexecute=1 rethrow=0 return_oop=0}
                      ; - (reexecute) java.lang.invoke.Invokers::checkExactType@15
                      ; - java.lang.invoke.LambdaForm$MH/0x000002688400f400::invokeExact_MT@11
                      ; - jdk.internal.reflect.DirectMethodHandleAccessor::invokeImpl@92
                      ; - jdk.internal.reflect.DirectMethodHandleAccessor::invoke@23
                      ;   {section_word}
  0x00000268eb88c3dc: 483b 0048 | badf c388 | eb68 0200 

  0x00000268eb88c3e8: ;   {runtime_call handle_exception_nofpu Runtime1 stub}
  0x00000268eb88c3e8: 00e8 92a6 | 2907 9049 | 8b87 f804 | 0000 4d33 | d24d 8997 | f804 0000 | 4d33 d24d | 8997 0005 
  0x00000268eb88c408: 0000 488b | 9424 b000 

  0x00000268eb88c410: ;   {metadata(method data for {method} {0x000002688319def0} 'invoke' '(Ljava/lang/Object;[Ljava/lang/Object;)Ljava/lang/Object;' in 'jdk/internal/reflect/DirectMethodHandleAccessor')}
  0x00000268eb88c410: 0000 49b8 | 00d2 36c4 | 6802 0000 | 4983 8060 | 0200 0001 

  0x00000268eb88c424: ;   {metadata(method data for {method} {0x00000268833c4688} 'isIllegalArgument' '(Ljava/lang/RuntimeException;)Z' in 'jdk/internal/reflect/DirectMethodHandleAccessor')}
  0x00000268eb88c424: 48ba e002 | 37c4 6802 | 0000 448b | 82cc 0000 | 0041 83c0 | 0244 8982 | cc00 0000 | 4181 e0fe 
  0x00000268eb88c444: ff1f 0045 | 85c0 0f84 | 1909 0000 

  0x00000268eb88c450: ;   {oop(a 'java/lang/Class'{0x0000000740129a00} = 'jdk/internal/reflect/DirectMethodHandleAccessor')}
  0x00000268eb88c450: 48ba 009a | 1240 0700 | 0000 4c8b | c048 8984 | 2418 0100 

  0x00000268eb88c464: ;   {static_call}
  0x00000268eb88c464: 0066 90e8 

  0x00000268eb88c468: ; ImmutableOopMap {[280]=Oop }
                      ;*invokestatic isIllegalArgument {reexecute=0 rethrow=0 return_oop=0}
                      ; - jdk.internal.reflect.DirectMethodHandleAccessor::isIllegalArgument@3
                      ; - jdk.internal.reflect.DirectMethodHandleAccessor::invoke@58
  0x00000268eb88c468: 142c 1d07 

  0x00000268eb88c46c: ;   {other}
  0x00000268eb88c46c: 0f1f 8400 | dc22 0013 | 83e0 0185 

  0x00000268eb88c478: ;   {metadata(method data for {method} {0x000002688319def0} 'invoke' '(Ljava/lang/Object;[Ljava/lang/Object;)Ljava/lang/Object;' in 'jdk/internal/reflect/DirectMethodHandleAccessor')}
  0x00000268eb88c478: c048 b800 | d236 c468 | 0200 0048 | c7c2 9802 | 0000 7407 | 48c7 c2a8 | 0200 004c | 8b04 104d 
  0x00000268eb88c498: 8d40 014c | 8904 100f | 84bc 0200 | 00e9 0f02 | 0000 498b | 87f8 0400 | 004d 33d2 | 4d89 97f8 
  0x00000268eb88c4b8: 0400 004d | 33d2 4d89 | 9700 0500 | 0048 8b94 | 24b0 0000 

  0x00000268eb88c4cc: ;   {metadata(method data for {method} {0x000002688319def0} 'invoke' '(Ljava/lang/Object;[Ljava/lang/Object;)Ljava/lang/Object;' in 'jdk/internal/reflect/DirectMethodHandleAccessor')}
  0x00000268eb88c4cc: 0049 b800 | d236 c468 | 0200 0049 | 8380 e801 

  0x00000268eb88c4dc: ;   {metadata(method data for {method} {0x00000268833c4688} 'isIllegalArgument' '(Ljava/lang/RuntimeException;)Z' in 'jdk/internal/reflect/DirectMethodHandleAccessor')}
  0x00000268eb88c4dc: 0000 0148 | bae0 0237 | c468 0200 | 0044 8b82 | cc00 0000 | 4183 c002 | 4489 82cc | 0000 0041 
  0x00000268eb88c4fc: 81e0 feff | 1f00 4585 | c00f 847f 

  0x00000268eb88c508: ;   {oop(a 'java/lang/Class'{0x0000000740129a00} = 'jdk/internal/reflect/DirectMethodHandleAccessor')}
  0x00000268eb88c508: 0800 0048 | ba00 9a12 | 4007 0000 | 004c 8bc0 | 4889 8424 | 2001 0000 | 0f1f 8000 

  0x00000268eb88c524: ;   {static_call}
  0x00000268eb88c524: 0000 00e8 

  0x00000268eb88c528: ; ImmutableOopMap {[288]=Oop }
                      ;*invokestatic isIllegalArgument {reexecute=0 rethrow=0 return_oop=0}
                      ; - jdk.internal.reflect.DirectMethodHandleAccessor::isIllegalArgument@3
                      ; - jdk.internal.reflect.DirectMethodHandleAccessor::invoke@30
  0x00000268eb88c528: 542b 1d07 

  0x00000268eb88c52c: ;   {other}
  0x00000268eb88c52c: 0f1f 8400 | 9c23 0014 | 83e0 0185 

  0x00000268eb88c538: ;   {metadata(method data for {method} {0x000002688319def0} 'invoke' '(Ljava/lang/Object;[Ljava/lang/Object;)Ljava/lang/Object;' in 'jdk/internal/reflect/DirectMethodHandleAccessor')}
  0x00000268eb88c538: c048 ba00 | d236 c468 | 0200 0048 | c7c6 2002 | 0000 7407 | 48c7 c630 | 0200 0048 | 8b3c 3248 
  0x00000268eb88c558: 8d7f 0148 | 893c 320f | 84a4 0000 | 0066 6690 

  0x00000268eb88c568: ;   {no_reloc}
  0x00000268eb88c568: e94d 0800 | 0000 0000 | 0000 498b | 87b8 0100 | 0048 8d78 | 2849 3bbf | c801 0000 | 0f87 3a08 
  0x00000268eb88c588: 0000 4989 | bfb8 0100 | 0048 c700 | 0100 0000 | 488b ca49 | ba00 0000 | 8368 0200 | 0049 2bca 
  0x00000268eb88c5a8: 8948 0848 | 33c9 8948 | 0c48 33c9 | 4889 4810 | 4889 4818 | 4889 4820 

  0x00000268eb88c5c0: ;   {metadata(method data for {method} {0x000002688319def0} 'invoke' '(Ljava/lang/Object;[Ljava/lang/Object;)Ljava/lang/Object;' in 'jdk/internal/reflect/DirectMethodHandleAccessor')}
  0x00000268eb88c5c0: 4c8b c048 | ba00 d236 | c468 0200 | 0048 8382 | 4002 0000 

  0x00000268eb88c5d4: ;   {oop("argument type mismatch"{0x00000007415e3950})}
  0x00000268eb88c5d4: 0149 b850 | 395e 4107 | 0000 0048 | 8bd0 4889 | 8424 2801 | 0000 0f1f 

  0x00000268eb88c5ec: ;   {optimized virtual_call}
  0x00000268eb88c5ec: 4400 00e8 

  0x00000268eb88c5f0: ; ImmutableOopMap {[296]=Oop }
                      ;*invokespecial <init> {reexecute=0 rethrow=0 return_oop=0}
                      ; - jdk.internal.reflect.DirectMethodHandleAccessor::invoke@42
  0x00000268eb88c5f0: 8c24 1d07 

  0x00000268eb88c5f4: ;   {other}
  0x00000268eb88c5f4: 0f1f 8400 | 6424 0015 | 488b 8424 | 2801 0000 | e9b2 0800 | 004c 8b84 | 2420 0100 | 000f 1f80 
  0x00000268eb88c614: 0000 0000 

  0x00000268eb88c618: ;   {no_reloc}
  0x00000268eb88c618: e9c3 0700 | 0000 0000 | 0000 80ba | 2101 0000 | 040f 85c0 | 0700 0049 | 8b87 b801 | 0000 488d 
  0x00000268eb88c638: 7828 493b | bfc8 0100 | 000f 87a8 | 0700 0049 | 89bf b801 | 0000 48c7 | 0001 0000 | 0048 8bca 
  0x00000268eb88c658: 49ba 0000 | 0083 6802 | 0000 492b | ca89 4808 | 4833 c989 | 480c 4833 | c948 8948 | 1048 8948 
  0x00000268eb88c678: 1848 8948 | 2048 8bd0 

  0x00000268eb88c680: ;   {metadata(method data for {method} {0x000002688319def0} 'invoke' '(Ljava/lang/Object;[Ljava/lang/Object;)Ljava/lang/Object;' in 'jdk/internal/reflect/DirectMethodHandleAccessor')}
  0x00000268eb88c680: 48be 00d2 | 36c4 6802 | 0000 4883 | 8650 0200 | 0001 488b | d048 8984 | 2430 0100 

  0x00000268eb88c69c: ;   {optimized virtual_call}
  0x00000268eb88c69c: 0066 90e8 

  0x00000268eb88c6a0: ; ImmutableOopMap {[304]=Oop }
                      ;*invokespecial <init> {reexecute=0 rethrow=0 return_oop=0}
                      ; - jdk.internal.reflect.DirectMethodHandleAccessor::invoke@51
  0x00000268eb88c6a0: dc23 1d07 

  0x00000268eb88c6a4: ;   {other}
  0x00000268eb88c6a4: 0f1f 8400 | 1425 0016 | 488b 8424 | 3001 0000 | e902 0800 | 000f 1f80 | 0000 0000 

  0x00000268eb88c6c0: ;   {no_reloc}
  0x00000268eb88c6c0: e946 0700 | 0000 0000 | 0000 498b | 87b8 0100 | 0048 8d78 | 2849 3bbf | c801 0000 | 0f87 3307 
  0x00000268eb88c6e0: 0000 4989 | bfb8 0100 | 0048 c700 | 0100 0000 | 488b ca49 | ba00 0000 | 8368 0200 | 0049 2bca 
  0x00000268eb88c700: 8948 0848 | 33c9 8948 | 0c48 33c9 | 4889 4810 | 4889 4818 | 4889 4820 

  0x00000268eb88c718: ;   {metadata(method data for {method} {0x000002688319def0} 'invoke' '(Ljava/lang/Object;[Ljava/lang/Object;)Ljava/lang/Object;' in 'jdk/internal/reflect/DirectMethodHandleAccessor')}
  0x00000268eb88c718: 4c8b c048 | ba00 d236 | c468 0200 | 0048 8382 | b802 0000 | 014c 8b84 | 2418 0100 | 0048 8bd0 
  0x00000268eb88c738: 4889 8424 | 3801 0000 | 0f1f 8000 

  0x00000268eb88c744: ;   {optimized virtual_call}
  0x00000268eb88c744: 0000 00e8 

  0x00000268eb88c748: ; ImmutableOopMap {[312]=Oop }
                      ;*invokespecial <init> {reexecute=0 rethrow=0 return_oop=0}
                      ; - jdk.internal.reflect.DirectMethodHandleAccessor::invoke@69
  0x00000268eb88c748: 3423 1d07 

  0x00000268eb88c74c: ;   {other}
  0x00000268eb88c74c: 0f1f 8400 | bc25 0017 | 488b 8424 | 3801 0000 | e95a 0700 | 004c 8b84 | 2418 0100 | 000f 1f80 
  0x00000268eb88c76c: 0000 0000 

  0x00000268eb88c770: ;   {no_reloc}
  0x00000268eb88c770: e9bc 0600 | 0000 0000 | 0000 80ba | 2101 0000 | 040f 85b9 | 0600 0049 | 8b87 b801 | 0000 488d 
  0x00000268eb88c790: 7828 493b | bfc8 0100 | 000f 87a1 | 0600 0049 | 89bf b801 | 0000 48c7 | 0001 0000 | 0048 8bca 
  0x00000268eb88c7b0: 49ba 0000 | 0083 6802 | 0000 492b | ca89 4808 | 4833 c989 | 480c 4833 | c948 8948 | 1048 8948 
  0x00000268eb88c7d0: 1848 8948 | 2048 8bd0 

  0x00000268eb88c7d8: ;   {metadata(method data for {method} {0x000002688319def0} 'invoke' '(Ljava/lang/Object;[Ljava/lang/Object;)Ljava/lang/Object;' in 'jdk/internal/reflect/DirectMethodHandleAccessor')}
  0x00000268eb88c7d8: 48be 00d2 | 36c4 6802 | 0000 4883 | 86c8 0200 | 0001 488b | d048 8984 | 2440 0100 

  0x00000268eb88c7f4: ;   {optimized virtual_call}
  0x00000268eb88c7f4: 0066 90e8 

  0x00000268eb88c7f8: ; ImmutableOopMap {[320]=Oop }
                      ;*invokespecial <init> {reexecute=0 rethrow=0 return_oop=0}
                      ; - jdk.internal.reflect.DirectMethodHandleAccessor::invoke@78
  0x00000268eb88c7f8: 8422 1d07 

  0x00000268eb88c7fc: ;   {other}
  0x00000268eb88c7fc: 0f1f 8400 | 6c26 0018 | 488b 8424 | 4001 0000 | e9aa 0600 | 000f 1f80 | 0000 0000 

  0x00000268eb88c818: ;   {no_reloc}
  0x00000268eb88c818: e93f 0600 | 0000 0000 | 0000 498b | 87b8 0100 | 0048 8d78 | 2849 3bbf | c801 0000 | 0f87 2c06 
  0x00000268eb88c838: 0000 4989 | bfb8 0100 | 0048 c700 | 0100 0000 | 488b ca49 | ba00 0000 | 8368 0200 | 0049 2bca 
  0x00000268eb88c858: 8948 0848 | 33c9 8948 | 0c48 33c9 | 4889 4810 | 4889 4818 | 4889 4820 

  0x00000268eb88c870: ;   {metadata(method data for {method} {0x00000268833c4898} 'checkReceiver' '(Ljava/lang/Object;)V' in 'jdk/internal/reflect/DirectMethodHandleAccessor')}
  0x00000268eb88c870: 488b d048 | be50 d936 | c468 0200 | 0048 8386 | a001 0000 

  0x00000268eb88c884: ;   {oop("object is not an instance of declaring class"{0x00000007407107c0})}
  0x00000268eb88c884: 0149 b8c0 | 0771 4007 | 0000 0048 | 8bd0 4889 | 8424 4801 | 0000 0f1f 

  0x00000268eb88c89c: ;   {optimized virtual_call}
  0x00000268eb88c89c: 4400 00e8 

  0x00000268eb88c8a0: ; ImmutableOopMap {[176]=Oop [184]=Oop [192]=Oop [328]=Oop }
                      ;*invokespecial <init> {reexecute=0 rethrow=0 return_oop=0}
                      ; - jdk.internal.reflect.DirectMethodHandleAccessor::checkReceiver@20
                      ; - jdk.internal.reflect.DirectMethodHandleAccessor::invoke@9
  0x00000268eb88c8a0: dc21 1d07 

  0x00000268eb88c8a4: ;   {other}
  0x00000268eb88c8a4: 0f1f 8400 | 1427 0019 | 488b 8424 | 4801 0000 | e902 0600 | 0049 8b87 | f804 0000 | 4d33 d24d 
  0x00000268eb88c8c4: 8997 f804 | 0000 4d33 | d24d 8997 | 0005 0000 | 4c8b c090 

  0x00000268eb88c8d8: ;   {metadata('java/lang/reflect/InvocationTargetException')}
  0x00000268eb88c8d8: 48ba 884c | 0484 6802 | 0000 80ba | 2101 0000 | 040f 85a2 | 0500 0049 | 8b87 b801 | 0000 488d 
  0x00000268eb88c8f8: 7828 493b | bfc8 0100 | 000f 878a | 0500 0049 | 89bf b801 | 0000 48c7 | 0001 0000 | 0048 8bca 
  0x00000268eb88c918: 49ba 0000 | 0083 6802 | 0000 492b | ca89 4808 | 4833 c989 | 480c 4833 | c948 8948 | 1048 8948 
  0x00000268eb88c938: 1848 8948 | 2048 8bd0 

  0x00000268eb88c940: ;   {metadata(method data for {method} {0x000002688319def0} 'invoke' '(Ljava/lang/Object;[Ljava/lang/Object;)Ljava/lang/Object;' in 'jdk/internal/reflect/DirectMethodHandleAccessor')}
  0x00000268eb88c940: 48be 00d2 | 36c4 6802 | 0000 4883 | 86d8 0200 | 0001 488b | d048 8984 | 2450 0100 

  0x00000268eb88c95c: ;   {optimized virtual_call}
  0x00000268eb88c95c: 0066 90e8 

  0x00000268eb88c960: ; ImmutableOopMap {[336]=Oop }
                      ;*invokespecial <init> {reexecute=0 rethrow=0 return_oop=0}
                      ; - jdk.internal.reflect.DirectMethodHandleAccessor::invoke@88
  0x00000268eb88c960: b905 0000 

  0x00000268eb88c964: ;   {other}
  0x00000268eb88c964: 0f1f 8400 | d427 001a | 488b 8424 | 5001 0000 | e942 0500 

  0x00000268eb88c978: ;   {metadata({method} {0x000002688319def0} 'invoke' '(Ljava/lang/Object;[Ljava/lang/Object;)Ljava/lang/Object;' in 'jdk/internal/reflect/DirectMethodHandleAccessor')}
  0x00000268eb88c978: 0049 bae8 | de19 8368 | 0200 004c | 8954 2408 | 48c7 0424 | ffff ffff 

  0x00000268eb88c990: ;   {runtime_call counter_overflow Runtime1 stub}
  0x00000268eb88c990: e8eb e229 

  0x00000268eb88c994: ; ImmutableOopMap {rdx=Oop r8=Oop r9=Oop [176]=Oop [184]=Oop [192]=Oop }
                      ;*synchronization entry
                      ; - jdk.internal.reflect.DirectMethodHandleAccessor::invoke@-1
  0x00000268eb88c994: 07e9 44dd 

  0x00000268eb88c998: ;   {metadata({method} {0x00000268833c4948} 'isStatic' '()Z' in 'jdk/internal/reflect/DirectMethodHandleAccessor')}
  0x00000268eb88c998: ffff 49ba | 4049 3c83 | 6802 0000 | 4c89 5424 | 0848 c704 | 24ff ffff 

  0x00000268eb88c9b0: ;   {runtime_call counter_overflow Runtime1 stub}
  0x00000268eb88c9b0: ffe8 cae2 

  0x00000268eb88c9b4: ; ImmutableOopMap {rdx=Oop r8=Oop r9=Oop [176]=Oop [184]=Oop [192]=Oop }
                      ;*synchronization entry
                      ; - jdk.internal.reflect.DirectMethodHandleAccessor::isStatic@-1
                      ; - jdk.internal.reflect.DirectMethodHandleAccessor::invoke@1
  0x00000268eb88c9b4: 2907 e95f 

  0x00000268eb88c9b8: ;   {metadata({method} {0x00000268833c4898} 'checkReceiver' '(Ljava/lang/Object;)V' in 'jdk/internal/reflect/DirectMethodHandleAccessor')}
  0x00000268eb88c9b8: ddff ff49 | ba90 483c | 8368 0200 | 004c 8954 | 2408 48c7 | 0424 ffff 

  0x00000268eb88c9d0: ;   {runtime_call counter_overflow Runtime1 stub}
  0x00000268eb88c9d0: ffff e8a9 

  0x00000268eb88c9d4: ; ImmutableOopMap {rdx=Oop r8=Oop [176]=Oop [184]=Oop [192]=Oop }
                      ;*synchronization entry
                      ; - jdk.internal.reflect.DirectMethodHandleAccessor::checkReceiver@-1
                      ; - jdk.internal.reflect.DirectMethodHandleAccessor::invoke@9
  0x00000268eb88c9d4: e229 07e9 | 05de ffff 

  0x00000268eb88c9dc: ;   {runtime_call throw_null_pointer_exception Runtime1 stub}
  0x00000268eb88c9dc: e81f 9d28 

  0x00000268eb88c9e0: ; ImmutableOopMap {rdx=Oop r8=Oop rsi=Oop [176]=Oop [184]=Oop [192]=Oop }
                      ;*invokevirtual getClass {reexecute=0 rethrow=0 return_oop=0}
                      ; - jdk.internal.reflect.DirectMethodHandleAccessor::checkReceiver@5
                      ; - jdk.internal.reflect.DirectMethodHandleAccessor::invoke@9
                      ;   {runtime_call throw_null_pointer_exception Runtime1 stub}
  0x00000268eb88c9e0: 07e8 1a9d 

  0x00000268eb88c9e4: ; ImmutableOopMap {rdx=Oop r8=Oop rsi=Oop rdi=Oop [176]=Oop [184]=Oop [192]=Oop }
                      ;*invokevirtual isAssignableFrom {reexecute=0 rethrow=0 return_oop=0}
                      ; - jdk.internal.reflect.DirectMethodHandleAccessor::checkReceiver@8
                      ; - jdk.internal.reflect.DirectMethodHandleAccessor::invoke@9
                      ;   {metadata({method} {0x00000268833c46e0} 'invokeImpl' '(Ljava/lang/Object;[Ljava/lang/Object;)Ljava/lang/Object;' in 'jdk/internal/reflect/DirectMethodHandleAccessor')}
  0x00000268eb88c9e4: 2807 49ba | d846 3c83 | 6802 0000 | 4c89 5424 | 0848 c704 | 24ff ffff 

  0x00000268eb88c9fc: ;   {runtime_call counter_overflow Runtime1 stub}
  0x00000268eb88c9fc: ffe8 7ee2 

  0x00000268eb88ca00: ; ImmutableOopMap {rdx=Oop [176]=Oop [184]=Oop [192]=Oop }
                      ;*synchronization entry
                      ; - jdk.internal.reflect.DirectMethodHandleAccessor::invokeImpl@-1
                      ; - jdk.internal.reflect.DirectMethodHandleAccessor::invoke@23
  0x00000268eb88ca00: 2907 e9ee | deff ff48 | bf00 611c | 4007 0000 | 00b8 000f 

  0x00000268eb88ca14: ;   {runtime_call load_appendix_patching Runtime1 stub}
  0x00000268eb88ca14: 050a e865 

  0x00000268eb88ca18: ; ImmutableOopMap {rdx=Oop r9=Oop r8=Oop rsi=Oop [176]=Oop [184]=Oop [192]=Oop }
                      ;*invokevirtual invokeExact {reexecute=1 rethrow=0 return_oop=0}
                      ; - (reexecute) jdk.internal.reflect.DirectMethodHandleAccessor::invokeImpl@104
                      ; - jdk.internal.reflect.DirectMethodHandleAccessor::invoke@23
  0x00000268eb88ca18: d629 07e9 | 88df ffff 

  0x00000268eb88ca20: ;   {runtime_call throw_null_pointer_exception Runtime1 stub}
  0x00000268eb88ca20: e8db 9c28 

  0x00000268eb88ca24: ; ImmutableOopMap {rdx=Oop r9=Oop r8=Oop rsi=Oop rdi=Oop [176]=Oop [184]=Oop [192]=Oop }
                      ;*invokevirtual invokeExact {reexecute=0 rethrow=0 return_oop=0}
                      ; - jdk.internal.reflect.DirectMethodHandleAccessor::invokeImpl@104
                      ; - jdk.internal.reflect.DirectMethodHandleAccessor::invoke@23
                      ;   {internal_word}
  0x00000268eb88ca24: 0749 ba94 | ab88 eb68 | 0200 004d | 8997 6004 

  0x00000268eb88ca34: ;   {runtime_call SafepointBlob}
  0x00000268eb88ca34: 0000 e9c5 

  0x00000268eb88ca38: ;   {runtime_call throw_null_pointer_exception Runtime1 stub}
  0x00000268eb88ca38: 8c1d 07e8 

  0x00000268eb88ca3c: ; ImmutableOopMap {rdx=Oop r9=Oop r8=Oop rsi=Oop [176]=Oop [184]=Oop [192]=Oop [208]=Oop }
                      ;*aaload {reexecute=0 rethrow=0 return_oop=0}
                      ; - jdk.internal.reflect.DirectMethodHandleAccessor::invokeImpl@85
                      ; - jdk.internal.reflect.DirectMethodHandleAccessor::invoke@23
  0x00000268eb88ca3c: c09c 2807 

  0x00000268eb88ca40: ;   {runtime_call throw_null_pointer_exception Runtime1 stub}
  0x00000268eb88ca40: e8bb 9c28 

  0x00000268eb88ca44: ; ImmutableOopMap {rdx=Oop r9=Oop r8=Oop rsi=Oop [176]=Oop [184]=Oop [192]=Oop [208]=Oop }
                      ;*aaload {reexecute=0 rethrow=0 return_oop=0}
                      ; - jdk.internal.reflect.DirectMethodHandleAccessor::invokeImpl@85
                      ; - jdk.internal.reflect.DirectMethodHandleAccessor::invoke@23
  0x00000268eb88ca44: 0748 c704 | 2400 0000 | 004c 894c 

  0x00000268eb88ca50: ;   {runtime_call throw_range_check_failed Runtime1 stub}
  0x00000268eb88ca50: 2408 e8a9 

  0x00000268eb88ca54: ; ImmutableOopMap {rdx=Oop r9=Oop r8=Oop rsi=Oop [176]=Oop [184]=Oop [192]=Oop [208]=Oop }
                      ;*aaload {reexecute=0 rethrow=0 return_oop=0}
                      ; - jdk.internal.reflect.DirectMethodHandleAccessor::invokeImpl@85
                      ; - jdk.internal.reflect.DirectMethodHandleAccessor::invoke@23
  0x00000268eb88ca54: 8a28 0748 | c704 2401 | 0000 004c | 894c 2408 

  0x00000268eb88ca64: ;   {runtime_call throw_range_check_failed Runtime1 stub}
  0x00000268eb88ca64: e897 8a28 

  0x00000268eb88ca68: ; ImmutableOopMap {rdx=Oop r9=Oop r8=Oop rsi=Oop rdi=Oop [176]=Oop [184]=Oop [192]=Oop [200]=Oop [208]=Oop }
                      ;*aaload {reexecute=0 rethrow=0 return_oop=0}
                      ; - jdk.internal.reflect.DirectMethodHandleAccessor::invokeImpl@88
                      ; - jdk.internal.reflect.DirectMethodHandleAccessor::invoke@23
  0x00000268eb88ca68: 0748 c704 | 2402 0000 | 004c 894c 

  0x00000268eb88ca74: ;   {runtime_call throw_range_check_failed Runtime1 stub}
  0x00000268eb88ca74: 2408 e885 

  0x00000268eb88ca78: ; ImmutableOopMap {rdx=Oop r9=Oop r8=Oop rsi=Oop rdi=Oop rbx=Oop [176]=Oop [184]=Oop [192]=Oop [200]=Oop [208]=Oop [216]=Oop }
                      ;*aaload {reexecute=0 rethrow=0 return_oop=0}
                      ; - jdk.internal.reflect.DirectMethodHandleAccessor::invokeImpl@91
                      ; - jdk.internal.reflect.DirectMethodHandleAccessor::invoke@23
                      ;   {metadata({method} {0x00000268c442b6b8} 'invokeExact_MT' '(Ljava/lang/Object;Ljava/lang/Object;Ljava/lang/Object;Ljava/lang/Object;Ljava/lang/Object;Ljava/lang/Object;)Ljava/lang/Object;' in 'java/lang/invoke/LambdaForm$MH+0x000002688400f400')}
  0x00000268eb88ca78: 8a28 0749 | bab0 b642 | c468 0200 | 004c 8954 | 2408 48c7 | 0424 ffff 

  0x00000268eb88ca90: ;   {runtime_call counter_overflow Runtime1 stub}
  0x00000268eb88ca90: ffff e8e9 

  0x00000268eb88ca94: ; ImmutableOopMap {rdx=Oop r8=Oop rsi=Oop rdi=Oop rbx=Oop rax=Oop [176]=Oop [192]=Oop [200]=Oop [208]=Oop [216]=Oop [224]=Oop }
                      ;*synchronization entry
                      ; - java.lang.invoke.LambdaForm$MH/0x000002688400f400::invokeExact_MT@-1
                      ; - jdk.internal.reflect.DirectMethodHandleAccessor::invokeImpl@92
                      ; - jdk.internal.reflect.DirectMethodHandleAccessor::invoke@23
  0x00000268eb88ca94: e129 07e9 | ece2 ffff 

  0x00000268eb88ca9c: ;   {metadata({method} {0x00000268833d94e0} 'checkExactType' '(Ljava/lang/invoke/MethodHandle;Ljava/lang/invoke/MethodType;)V' in 'java/lang/invoke/Invokers')}
  0x00000268eb88ca9c: 49ba d894 | 3d83 6802 | 0000 4c89 | 5424 0848 | c704 24ff 

  0x00000268eb88cab0: ;   {runtime_call counter_overflow Runtime1 stub}
  0x00000268eb88cab0: ffff ffe8 

  0x00000268eb88cab4: ; ImmutableOopMap {rdx=Oop r8=Oop rsi=Oop rdi=Oop rbx=Oop rax=Oop r9=Oop [176]=Oop [192]=Oop [200]=Oop [208]=Oop [216]=Oop [224]=Oop }
                      ;*synchronization entry
                      ; - java.lang.invoke.Invokers::checkExactType@-1
                      ; - java.lang.invoke.LambdaForm$MH/0x000002688400f400::invokeExact_MT@11
                      ; - jdk.internal.reflect.DirectMethodHandleAccessor::invokeImpl@92
                      ; - jdk.internal.reflect.DirectMethodHandleAccessor::invoke@23
  0x00000268eb88cab4: c8e1 2907 | e994 e3ff 

  0x00000268eb88cabc: ;   {runtime_call throw_null_pointer_exception Runtime1 stub}
  0x00000268eb88cabc: ffe8 3e9c 

  0x00000268eb88cac0: ; ImmutableOopMap {rdx=Oop r8=Oop rsi=Oop rdi=Oop rbx=Oop rax=Oop r9=Oop [176]=Oop [192]=Oop [200]=Oop [208]=Oop [216]=Oop [224]=Oop }
                      ;*invokevirtual type {reexecute=0 rethrow=0 return_oop=0}
                      ; - java.lang.invoke.Invokers::checkExactType@1
                      ; - java.lang.invoke.LambdaForm$MH/0x000002688400f400::invokeExact_MT@11
                      ; - jdk.internal.reflect.DirectMethodHandleAccessor::invokeImpl@92
                      ; - jdk.internal.reflect.DirectMethodHandleAccessor::invoke@23
                      ;   {metadata({method} {0x00000268833d93d8} 'checkCustomized' '(Ljava/lang/invoke/MethodHandle;)V' in 'java/lang/invoke/Invokers')}
  0x00000268eb88cac0: 2807 49ba | d093 3d83 | 6802 0000 | 4c89 5424 | 0848 c704 | 24ff ffff 

  0x00000268eb88cad8: ;   {runtime_call counter_overflow Runtime1 stub}
  0x00000268eb88cad8: ffe8 a2e1 

  0x00000268eb88cadc: ; ImmutableOopMap {rdx=Oop r8=Oop rsi=Oop rdi=Oop rbx=Oop rax=Oop [176]=Oop [192]=Oop [200]=Oop [208]=Oop [216]=Oop [224]=Oop }
                      ;*synchronization entry
                      ; - java.lang.invoke.Invokers::checkCustomized@-1
                      ; - java.lang.invoke.LambdaForm$MH/0x000002688400f400::invokeExact_MT@15
                      ; - jdk.internal.reflect.DirectMethodHandleAccessor::invokeImpl@92
                      ; - jdk.internal.reflect.DirectMethodHandleAccessor::invoke@23
  0x00000268eb88cadc: 2907 e9d5 

  0x00000268eb88cae0: ;   {metadata({method} {0x0000026883095ff0} 'isCompileConstant' '(Ljava/lang/Object;)Z' in 'java/lang/invoke/MethodHandleImpl')}
  0x00000268eb88cae0: e4ff ff49 | bae8 5f09 | 8368 0200 | 004c 8954 | 2408 48c7 | 0424 ffff 

  0x00000268eb88caf8: ;   {runtime_call counter_overflow Runtime1 stub}
  0x00000268eb88caf8: ffff e881 

  0x00000268eb88cafc: ; ImmutableOopMap {rdx=Oop r8=Oop rsi=Oop rdi=Oop rbx=Oop rax=Oop [176]=Oop [192]=Oop [200]=Oop [208]=Oop [216]=Oop [224]=Oop }
                      ;*synchronization entry
                      ; - java.lang.invoke.MethodHandleImpl::isCompileConstant@-1
                      ; - java.lang.invoke.Invokers::checkCustomized@1
                      ; - java.lang.invoke.LambdaForm$MH/0x000002688400f400::invokeExact_MT@15
                      ; - jdk.internal.reflect.DirectMethodHandleAccessor::invokeImpl@92
                      ; - jdk.internal.reflect.DirectMethodHandleAccessor::invoke@23
  0x00000268eb88cafc: e129 07e9 | f2e4 ffff 

  0x00000268eb88cb04: ;   {runtime_call throw_null_pointer_exception Runtime1 stub}
  0x00000268eb88cb04: e8f7 9b28 

  0x00000268eb88cb08: ; ImmutableOopMap {rdx=Oop r8=Oop rsi=Oop rdi=Oop rbx=Oop rax=Oop [176]=Oop [192]=Oop [200]=Oop [208]=Oop [216]=Oop [224]=Oop }
                      ;*getfield customized {reexecute=1 rethrow=0 return_oop=0}
                      ; - (reexecute) java.lang.invoke.Invokers::checkCustomized@12
                      ; - java.lang.invoke.LambdaForm$MH/0x000002688400f400::invokeExact_MT@15
                      ; - jdk.internal.reflect.DirectMethodHandleAccessor::invokeImpl@92
                      ; - jdk.internal.reflect.DirectMethodHandleAccessor::invoke@23
                      ;   {internal_word}
  0x00000268eb88cb08: 0749 ba7c | b288 eb68 | 0200 004d | 8997 6004 

  0x00000268eb88cb18: ;   {runtime_call SafepointBlob}
  0x00000268eb88cb18: 0000 e9e1 

  0x00000268eb88cb1c: ;   {runtime_call throw_null_pointer_exception Runtime1 stub}
  0x00000268eb88cb1c: 8b1d 07e8 

  0x00000268eb88cb20: ; ImmutableOopMap {rdx=Oop r9=Oop r8=Oop rsi=Oop [176]=Oop [184]=Oop [192]=Oop [240]=Oop }
                      ;*aaload {reexecute=0 rethrow=0 return_oop=0}
                      ; - jdk.internal.reflect.DirectMethodHandleAccessor::invokeImpl@68
                      ; - jdk.internal.reflect.DirectMethodHandleAccessor::invoke@23
  0x00000268eb88cb20: dc9b 2807 

  0x00000268eb88cb24: ;   {runtime_call throw_null_pointer_exception Runtime1 stub}
  0x00000268eb88cb24: e8d7 9b28 

  0x00000268eb88cb28: ; ImmutableOopMap {rdx=Oop r9=Oop r8=Oop rsi=Oop [176]=Oop [184]=Oop [192]=Oop [240]=Oop }
                      ;*aaload {reexecute=0 rethrow=0 return_oop=0}
                      ; - jdk.internal.reflect.DirectMethodHandleAccessor::invokeImpl@68
                      ; - jdk.internal.reflect.DirectMethodHandleAccessor::invoke@23
  0x00000268eb88cb28: 0748 c704 | 2400 0000 | 004c 894c 

  0x00000268eb88cb34: ;   {runtime_call throw_range_check_failed Runtime1 stub}
  0x00000268eb88cb34: 2408 e8c5 

  0x00000268eb88cb38: ; ImmutableOopMap {rdx=Oop r9=Oop r8=Oop rsi=Oop [176]=Oop [184]=Oop [192]=Oop [240]=Oop }
                      ;*aaload {reexecute=0 rethrow=0 return_oop=0}
                      ; - jdk.internal.reflect.DirectMethodHandleAccessor::invokeImpl@68
                      ; - jdk.internal.reflect.DirectMethodHandleAccessor::invoke@23
  0x00000268eb88cb38: 8928 0748 | c704 2401 | 0000 004c | 894c 2408 

  0x00000268eb88cb48: ;   {runtime_call throw_range_check_failed Runtime1 stub}
  0x00000268eb88cb48: e8b3 8928 

  0x00000268eb88cb4c: ; ImmutableOopMap {rdx=Oop r9=Oop r8=Oop rsi=Oop rdi=Oop [176]=Oop [184]=Oop [192]=Oop [232]=Oop [240]=Oop }
                      ;*aaload {reexecute=0 rethrow=0 return_oop=0}
                      ; - jdk.internal.reflect.DirectMethodHandleAccessor::invokeImpl@71
                      ; - jdk.internal.reflect.DirectMethodHandleAccessor::invoke@23
                      ;   {metadata({method} {0x00000268c4455ab8} 'invokeExact_MT' '(Ljava/lang/Object;Ljava/lang/Object;Ljava/lang/Object;Ljava/lang/Object;Ljava/lang/Object;)Ljava/lang/Object;' in 'java/lang/invoke/LambdaForm$MH+0x000002688401cc00')}
  0x00000268eb88cb4c: 0749 bab0 | 5a45 c468 | 0200 004c | 8954 2408 | 48c7 0424 | ffff ffff 

  0x00000268eb88cb64: ;   {runtime_call counter_overflow Runtime1 stub}
  0x00000268eb88cb64: e817 e129 

  0x00000268eb88cb68: ; ImmutableOopMap {rdx=Oop r8=Oop rsi=Oop rdi=Oop rbx=Oop [176]=Oop [192]=Oop [232]=Oop [240]=Oop [248]=Oop }
                      ;*synchronization entry
                      ; - java.lang.invoke.LambdaForm$MH/0x000002688401cc00::invokeExact_MT@-1
                      ; - jdk.internal.reflect.DirectMethodHandleAccessor::invokeImpl@72
                      ; - jdk.internal.reflect.DirectMethodHandleAccessor::invoke@23
  0x00000268eb88cb68: 07e9 dee8 

  0x00000268eb88cb6c: ;   {metadata({method} {0x00000268833d94e0} 'checkExactType' '(Ljava/lang/invoke/MethodHandle;Ljava/lang/invoke/MethodType;)V' in 'java/lang/invoke/Invokers')}
  0x00000268eb88cb6c: ffff 49ba | d894 3d83 | 6802 0000 | 4c89 5424 | 0848 c704 | 24ff ffff 

  0x00000268eb88cb84: ;   {runtime_call counter_overflow Runtime1 stub}
  0x00000268eb88cb84: ffe8 f6e0 

  0x00000268eb88cb88: ; ImmutableOopMap {rdx=Oop r8=Oop rsi=Oop rdi=Oop rbx=Oop rcx=Oop [176]=Oop [192]=Oop [232]=Oop [240]=Oop [248]=Oop }
                      ;*synchronization entry
                      ; - java.lang.invoke.Invokers::checkExactType@-1
                      ; - java.lang.invoke.LambdaForm$MH/0x000002688401cc00::invokeExact_MT@11
                      ; - jdk.internal.reflect.DirectMethodHandleAccessor::invokeImpl@72
                      ; - jdk.internal.reflect.DirectMethodHandleAccessor::invoke@23
  0x00000268eb88cb88: 2907 e984 

  0x00000268eb88cb8c: ;   {runtime_call throw_null_pointer_exception Runtime1 stub}
  0x00000268eb88cb8c: e9ff ffe8 

  0x00000268eb88cb90: ; ImmutableOopMap {rdx=Oop r8=Oop rsi=Oop rdi=Oop rbx=Oop rcx=Oop [176]=Oop [192]=Oop [232]=Oop [240]=Oop [248]=Oop }
                      ;*invokevirtual type {reexecute=0 rethrow=0 return_oop=0}
                      ; - java.lang.invoke.Invokers::checkExactType@1
                      ; - java.lang.invoke.LambdaForm$MH/0x000002688401cc00::invokeExact_MT@11
                      ; - jdk.internal.reflect.DirectMethodHandleAccessor::invokeImpl@72
                      ; - jdk.internal.reflect.DirectMethodHandleAccessor::invoke@23
  0x00000268eb88cb90: 6c9b 2807 

  0x00000268eb88cb94: ;   {metadata({method} {0x00000268833d93d8} 'checkCustomized' '(Ljava/lang/invoke/MethodHandle;)V' in 'java/lang/invoke/Invokers')}
  0x00000268eb88cb94: 49ba d093 | 3d83 6802 | 0000 4c89 | 5424 0848 | c704 24ff 

  0x00000268eb88cba8: ;   {runtime_call counter_overflow Runtime1 stub}
  0x00000268eb88cba8: ffff ffe8 

  0x00000268eb88cbac: ; ImmutableOopMap {rdx=Oop r8=Oop rsi=Oop rdi=Oop rbx=Oop [176]=Oop [192]=Oop [232]=Oop [240]=Oop [248]=Oop }
                      ;*synchronization entry
                      ; - java.lang.invoke.Invokers::checkCustomized@-1
                      ; - java.lang.invoke.LambdaForm$MH/0x000002688401cc00::invokeExact_MT@15
                      ; - jdk.internal.reflect.DirectMethodHandleAccessor::invokeImpl@72
                      ; - jdk.internal.reflect.DirectMethodHandleAccessor::invoke@23
  0x00000268eb88cbac: d0e0 2907 | e9be eaff 

  0x00000268eb88cbb4: ;   {metadata({method} {0x0000026883095ff0} 'isCompileConstant' '(Ljava/lang/Object;)Z' in 'java/lang/invoke/MethodHandleImpl')}
  0x00000268eb88cbb4: ff49 bae8 | 5f09 8368 | 0200 004c | 8954 2408 | 48c7 0424 | ffff ffff 

  0x00000268eb88cbcc: ;   {runtime_call counter_overflow Runtime1 stub}
  0x00000268eb88cbcc: e8af e029 

  0x00000268eb88cbd0: ; ImmutableOopMap {rdx=Oop r8=Oop rsi=Oop rdi=Oop rbx=Oop [176]=Oop [192]=Oop [232]=Oop [240]=Oop [248]=Oop }
                      ;*synchronization entry
                      ; - java.lang.invoke.MethodHandleImpl::isCompileConstant@-1
                      ; - java.lang.invoke.Invokers::checkCustomized@1
                      ; - java.lang.invoke.LambdaForm$MH/0x000002688401cc00::invokeExact_MT@15
                      ; - jdk.internal.reflect.DirectMethodHandleAccessor::invokeImpl@72
                      ; - jdk.internal.reflect.DirectMethodHandleAccessor::invoke@23
  0x00000268eb88cbd0: 07e9 d6ea 

  0x00000268eb88cbd4: ;   {runtime_call throw_null_pointer_exception Runtime1 stub}
  0x00000268eb88cbd4: ffff e825 

  0x00000268eb88cbd8: ; ImmutableOopMap {rdx=Oop r8=Oop rsi=Oop rdi=Oop rbx=Oop [176]=Oop [192]=Oop [232]=Oop [240]=Oop [248]=Oop }
                      ;*getfield customized {reexecute=1 rethrow=0 return_oop=0}
                      ; - (reexecute) java.lang.invoke.Invokers::checkCustomized@12
                      ; - java.lang.invoke.LambdaForm$MH/0x000002688401cc00::invokeExact_MT@15
                      ; - jdk.internal.reflect.DirectMethodHandleAccessor::invokeImpl@72
                      ; - jdk.internal.reflect.DirectMethodHandleAccessor::invoke@23
                      ;   {internal_word}
  0x00000268eb88cbd8: 9b28 0749 | ba1c b988 | eb68 0200 | 004d 8997 | 6004 0000 

  0x00000268eb88cbec: ;   {runtime_call SafepointBlob}
  0x00000268eb88cbec: e90f 8b1d 

  0x00000268eb88cbf0: ;   {runtime_call throw_null_pointer_exception Runtime1 stub}
  0x00000268eb88cbf0: 07e8 0a9b 

  0x00000268eb88cbf4: ; ImmutableOopMap {rdx=Oop r9=Oop r8=Oop rsi=Oop [176]=Oop [184]=Oop [192]=Oop [264]=Oop }
                      ;*aaload {reexecute=0 rethrow=0 return_oop=0}
                      ; - jdk.internal.reflect.DirectMethodHandleAccessor::invokeImpl@54
                      ; - jdk.internal.reflect.DirectMethodHandleAccessor::invoke@23
                      ;   {runtime_call throw_null_pointer_exception Runtime1 stub}
  0x00000268eb88cbf4: 2807 e805 

  0x00000268eb88cbf8: ; ImmutableOopMap {rdx=Oop r9=Oop r8=Oop rsi=Oop [176]=Oop [184]=Oop [192]=Oop [264]=Oop }
                      ;*aaload {reexecute=0 rethrow=0 return_oop=0}
                      ; - jdk.internal.reflect.DirectMethodHandleAccessor::invokeImpl@54
                      ; - jdk.internal.reflect.DirectMethodHandleAccessor::invoke@23
  0x00000268eb88cbf8: 9b28 0748 | c704 2400 | 0000 004c | 894c 2408 

  0x00000268eb88cc08: ;   {runtime_call throw_range_check_failed Runtime1 stub}
  0x00000268eb88cc08: e8f3 8828 

  0x00000268eb88cc0c: ; ImmutableOopMap {rdx=Oop r9=Oop r8=Oop rsi=Oop [176]=Oop [184]=Oop [192]=Oop [264]=Oop }
                      ;*aaload {reexecute=0 rethrow=0 return_oop=0}
                      ; - jdk.internal.reflect.DirectMethodHandleAccessor::invokeImpl@54
                      ; - jdk.internal.reflect.DirectMethodHandleAccessor::invoke@23
                      ;   {metadata({method} {0x00000268830b0158} 'invokeExact_MT' '(Ljava/lang/Object;Ljava/lang/Object;Ljava/lang/Object;Ljava/lang/Object;)Ljava/lang/Object;' in 'java/lang/invoke/Invokers$Holder')}
  0x00000268eb88cc0c: 0749 ba50 | 010b 8368 | 0200 004c | 8954 2408 | 48c7 0424 | ffff ffff 

  0x00000268eb88cc24: ;   {runtime_call counter_overflow Runtime1 stub}
  0x00000268eb88cc24: e857 e029 

  0x00000268eb88cc28: ; ImmutableOopMap {rdx=Oop r8=Oop rsi=Oop rdi=Oop [176]=Oop [192]=Oop [256]=Oop [264]=Oop }
                      ;*synchronization entry
                      ; - java.lang.invoke.Invokers$Holder::invokeExact_MT@-1
                      ; - jdk.internal.reflect.DirectMethodHandleAccessor::invokeImpl@55
                      ; - jdk.internal.reflect.DirectMethodHandleAccessor::invoke@23
  0x00000268eb88cc28: 07e9 99ee 

  0x00000268eb88cc2c: ;   {metadata({method} {0x00000268833d94e0} 'checkExactType' '(Ljava/lang/invoke/MethodHandle;Ljava/lang/invoke/MethodType;)V' in 'java/lang/invoke/Invokers')}
  0x00000268eb88cc2c: ffff 49ba | d894 3d83 | 6802 0000 | 4c89 5424 | 0848 c704 | 24ff ffff 

  0x00000268eb88cc44: ;   {runtime_call counter_overflow Runtime1 stub}
  0x00000268eb88cc44: ffe8 36e0 

  0x00000268eb88cc48: ; ImmutableOopMap {rdx=Oop r8=Oop rsi=Oop rdi=Oop rax=Oop [176]=Oop [192]=Oop [256]=Oop [264]=Oop }
                      ;*synchronization entry
                      ; - java.lang.invoke.Invokers::checkExactType@-1
                      ; - java.lang.invoke.Invokers$Holder::invokeExact_MT@10
                      ; - jdk.internal.reflect.DirectMethodHandleAccessor::invokeImpl@55
                      ; - jdk.internal.reflect.DirectMethodHandleAccessor::invoke@23
  0x00000268eb88cc48: 2907 e937 

  0x00000268eb88cc4c: ;   {runtime_call throw_null_pointer_exception Runtime1 stub}
  0x00000268eb88cc4c: efff ffe8 

  0x00000268eb88cc50: ; ImmutableOopMap {rdx=Oop r8=Oop rsi=Oop rdi=Oop rax=Oop [176]=Oop [192]=Oop [256]=Oop [264]=Oop }
                      ;*invokevirtual type {reexecute=0 rethrow=0 return_oop=0}
                      ; - java.lang.invoke.Invokers::checkExactType@1
                      ; - java.lang.invoke.Invokers$Holder::invokeExact_MT@10
                      ; - jdk.internal.reflect.DirectMethodHandleAccessor::invokeImpl@55
                      ; - jdk.internal.reflect.DirectMethodHandleAccessor::invoke@23
  0x00000268eb88cc50: ac9a 2807 

  0x00000268eb88cc54: ;   {metadata({method} {0x00000268833d93d8} 'checkCustomized' '(Ljava/lang/invoke/MethodHandle;)V' in 'java/lang/invoke/Invokers')}
  0x00000268eb88cc54: 49ba d093 | 3d83 6802 | 0000 4c89 | 5424 0848 | c704 24ff 

  0x00000268eb88cc68: ;   {runtime_call counter_overflow Runtime1 stub}
  0x00000268eb88cc68: ffff ffe8 

  0x00000268eb88cc6c: ; ImmutableOopMap {rdx=Oop r8=Oop rsi=Oop rdi=Oop [176]=Oop [192]=Oop [256]=Oop [264]=Oop }
                      ;*synchronization entry
                      ; - java.lang.invoke.Invokers::checkCustomized@-1
                      ; - java.lang.invoke.Invokers$Holder::invokeExact_MT@14
                      ; - jdk.internal.reflect.DirectMethodHandleAccessor::invokeImpl@55
                      ; - jdk.internal.reflect.DirectMethodHandleAccessor::invoke@23
  0x00000268eb88cc6c: 10e0 2907 | e96d f0ff 

  0x00000268eb88cc74: ;   {metadata({method} {0x0000026883095ff0} 'isCompileConstant' '(Ljava/lang/Object;)Z' in 'java/lang/invoke/MethodHandleImpl')}
  0x00000268eb88cc74: ff49 bae8 | 5f09 8368 | 0200 004c | 8954 2408 | 48c7 0424 | ffff ffff 

  0x00000268eb88cc8c: ;   {runtime_call counter_overflow Runtime1 stub}
  0x00000268eb88cc8c: e8ef df29 

  0x00000268eb88cc90: ; ImmutableOopMap {rdx=Oop r8=Oop rsi=Oop rdi=Oop [176]=Oop [192]=Oop [256]=Oop [264]=Oop }
                      ;*synchronization entry
                      ; - java.lang.invoke.MethodHandleImpl::isCompileConstant@-1
                      ; - java.lang.invoke.Invokers::checkCustomized@1
                      ; - java.lang.invoke.Invokers$Holder::invokeExact_MT@14
                      ; - jdk.internal.reflect.DirectMethodHandleAccessor::invokeImpl@55
                      ; - jdk.internal.reflect.DirectMethodHandleAccessor::invoke@23
  0x00000268eb88cc90: 07e9 84f0 

  0x00000268eb88cc94: ;   {runtime_call throw_null_pointer_exception Runtime1 stub}
  0x00000268eb88cc94: ffff e865 

  0x00000268eb88cc98: ; ImmutableOopMap {rdx=Oop r8=Oop rsi=Oop rdi=Oop [176]=Oop [192]=Oop [256]=Oop [264]=Oop }
                      ;*getfield customized {reexecute=1 rethrow=0 return_oop=0}
                      ; - (reexecute) java.lang.invoke.Invokers::checkCustomized@12
                      ; - java.lang.invoke.Invokers$Holder::invokeExact_MT@14
                      ; - jdk.internal.reflect.DirectMethodHandleAccessor::invokeImpl@55
                      ; - jdk.internal.reflect.DirectMethodHandleAccessor::invoke@23
                      ;   {internal_word}
  0x00000268eb88cc98: 9a28 0749 | ba84 bf88 | eb68 0200 | 004d 8997 | 6004 0000 

  0x00000268eb88ccac: ;   {runtime_call SafepointBlob}
  0x00000268eb88ccac: e94f 8a1d 

  0x00000268eb88ccb0: ;   {metadata({method} {0x00000268830b0208} 'invokeExact_MT' '(Ljava/lang/Object;Ljava/lang/Object;Ljava/lang/Object;)Ljava/lang/Object;' in 'java/lang/invoke/Invokers$Holder')}
  0x00000268eb88ccb0: 0749 ba00 | 020b 8368 | 0200 004c | 8954 2408 | 48c7 0424 | ffff ffff 

  0x00000268eb88ccc8: ;   {runtime_call counter_overflow Runtime1 stub}
  0x00000268eb88ccc8: e8b3 df29 

  0x00000268eb88cccc: ; ImmutableOopMap {rdx=Oop r8=Oop rsi=Oop [176]=Oop [192]=Oop [272]=Oop }
                      ;*synchronization entry
                      ; - java.lang.invoke.Invokers$Holder::invokeExact_MT@-1
                      ; - jdk.internal.reflect.DirectMethodHandleAccessor::invokeImpl@41
                      ; - jdk.internal.reflect.DirectMethodHandleAccessor::invoke@23
  0x00000268eb88cccc: 07e9 52f3 

  0x00000268eb88ccd0: ;   {metadata({method} {0x00000268833d94e0} 'checkExactType' '(Ljava/lang/invoke/MethodHandle;Ljava/lang/invoke/MethodType;)V' in 'java/lang/invoke/Invokers')}
  0x00000268eb88ccd0: ffff 49ba | d894 3d83 | 6802 0000 | 4c89 5424 | 0848 c704 | 24ff ffff 

  0x00000268eb88cce8: ;   {runtime_call counter_overflow Runtime1 stub}
  0x00000268eb88cce8: ffe8 92df 

  0x00000268eb88ccec: ; ImmutableOopMap {rdx=Oop r8=Oop rsi=Oop rbx=Oop [176]=Oop [192]=Oop [272]=Oop }
                      ;*synchronization entry
                      ; - java.lang.invoke.Invokers::checkExactType@-1
                      ; - java.lang.invoke.Invokers$Holder::invokeExact_MT@10
                      ; - jdk.internal.reflect.DirectMethodHandleAccessor::invokeImpl@41
                      ; - jdk.internal.reflect.DirectMethodHandleAccessor::invoke@23
  0x00000268eb88ccec: 2907 e9a6 

  0x00000268eb88ccf0: ;   {runtime_call throw_null_pointer_exception Runtime1 stub}
  0x00000268eb88ccf0: f3ff ffe8 

  0x00000268eb88ccf4: ; ImmutableOopMap {rdx=Oop r8=Oop rsi=Oop rbx=Oop [176]=Oop [192]=Oop [272]=Oop }
                      ;*invokevirtual type {reexecute=0 rethrow=0 return_oop=0}
                      ; - java.lang.invoke.Invokers::checkExactType@1
                      ; - java.lang.invoke.Invokers$Holder::invokeExact_MT@10
                      ; - jdk.internal.reflect.DirectMethodHandleAccessor::invokeImpl@41
                      ; - jdk.internal.reflect.DirectMethodHandleAccessor::invoke@23
  0x00000268eb88ccf4: 089a 2807 

  0x00000268eb88ccf8: ;   {metadata({method} {0x00000268833d93d8} 'checkCustomized' '(Ljava/lang/invoke/MethodHandle;)V' in 'java/lang/invoke/Invokers')}
  0x00000268eb88ccf8: 49ba d093 | 3d83 6802 | 0000 4c89 | 5424 0848 | c704 24ff 

  0x00000268eb88cd0c: ;   {runtime_call counter_overflow Runtime1 stub}
  0x00000268eb88cd0c: ffff ffe8 

  0x00000268eb88cd10: ; ImmutableOopMap {rdx=Oop r8=Oop rsi=Oop [176]=Oop [192]=Oop [272]=Oop }
                      ;*synchronization entry
                      ; - java.lang.invoke.Invokers::checkCustomized@-1
                      ; - java.lang.invoke.Invokers$Holder::invokeExact_MT@14
                      ; - jdk.internal.reflect.DirectMethodHandleAccessor::invokeImpl@41
                      ; - jdk.internal.reflect.DirectMethodHandleAccessor::invoke@23
  0x00000268eb88cd10: 6cdf 2907 | e985 f4ff 

  0x00000268eb88cd18: ;   {metadata({method} {0x0000026883095ff0} 'isCompileConstant' '(Ljava/lang/Object;)Z' in 'java/lang/invoke/MethodHandleImpl')}
  0x00000268eb88cd18: ff49 bae8 | 5f09 8368 | 0200 004c | 8954 2408 | 48c7 0424 | ffff ffff 

  0x00000268eb88cd30: ;   {runtime_call counter_overflow Runtime1 stub}
  0x00000268eb88cd30: e84b df29 

  0x00000268eb88cd34: ; ImmutableOopMap {rdx=Oop r8=Oop rsi=Oop [176]=Oop [192]=Oop [272]=Oop }
                      ;*synchronization entry
                      ; - java.lang.invoke.MethodHandleImpl::isCompileConstant@-1
                      ; - java.lang.invoke.Invokers::checkCustomized@1
                      ; - java.lang.invoke.Invokers$Holder::invokeExact_MT@14
                      ; - jdk.internal.reflect.DirectMethodHandleAccessor::invokeImpl@41
                      ; - jdk.internal.reflect.DirectMethodHandleAccessor::invoke@23
  0x00000268eb88cd34: 07e9 9df4 

  0x00000268eb88cd38: ;   {runtime_call throw_null_pointer_exception Runtime1 stub}
  0x00000268eb88cd38: ffff e8c1 

  0x00000268eb88cd3c: ; ImmutableOopMap {rdx=Oop r8=Oop rsi=Oop [176]=Oop [192]=Oop [272]=Oop }
                      ;*getfield customized {reexecute=1 rethrow=0 return_oop=0}
                      ; - (reexecute) java.lang.invoke.Invokers::checkCustomized@12
                      ; - java.lang.invoke.Invokers$Holder::invokeExact_MT@14
                      ; - jdk.internal.reflect.DirectMethodHandleAccessor::invokeImpl@41
                      ; - jdk.internal.reflect.DirectMethodHandleAccessor::invoke@23
                      ;   {internal_word}
  0x00000268eb88cd3c: 9928 0749 | badc c288 | eb68 0200 | 004d 8997 | 6004 0000 

  0x00000268eb88cd50: ;   {runtime_call SafepointBlob}
  0x00000268eb88cd50: e9ab 891d 

  0x00000268eb88cd54: ;   {runtime_call throw_null_pointer_exception Runtime1 stub}
  0x00000268eb88cd54: 07e8 a699 

  0x00000268eb88cd58: ; ImmutableOopMap {rax=Oop [176]=Oop [192]=Oop [272]=Oop }
                      ;*athrow {reexecute=1 rethrow=0 return_oop=0}
                      ; - (reexecute) java.lang.invoke.Invokers::checkExactType@15
                      ; - java.lang.invoke.Invokers$Holder::invokeExact_MT@10
                      ; - jdk.internal.reflect.DirectMethodHandleAccessor::invokeImpl@41
                      ; - jdk.internal.reflect.DirectMethodHandleAccessor::invoke@23
                      ;   {runtime_call throw_null_pointer_exception Runtime1 stub}
  0x00000268eb88cd58: 2807 e8a1 

  0x00000268eb88cd5c: ; ImmutableOopMap {rax=Oop [176]=Oop [192]=Oop [256]=Oop [264]=Oop }
                      ;*athrow {reexecute=1 rethrow=0 return_oop=0}
                      ; - (reexecute) java.lang.invoke.Invokers::checkExactType@15
                      ; - java.lang.invoke.Invokers$Holder::invokeExact_MT@10
                      ; - jdk.internal.reflect.DirectMethodHandleAccessor::invokeImpl@55
                      ; - jdk.internal.reflect.DirectMethodHandleAccessor::invoke@23
                      ;   {runtime_call throw_null_pointer_exception Runtime1 stub}
  0x00000268eb88cd5c: 9928 07e8 

  0x00000268eb88cd60: ; ImmutableOopMap {rax=Oop [176]=Oop [192]=Oop [232]=Oop [240]=Oop [248]=Oop }
                      ;*athrow {reexecute=1 rethrow=0 return_oop=0}
                      ; - (reexecute) java.lang.invoke.Invokers::checkExactType@15
                      ; - java.lang.invoke.LambdaForm$MH/0x000002688401cc00::invokeExact_MT@11
                      ; - jdk.internal.reflect.DirectMethodHandleAccessor::invokeImpl@72
                      ; - jdk.internal.reflect.DirectMethodHandleAccessor::invoke@23
  0x00000268eb88cd60: 9c99 2807 

  0x00000268eb88cd64: ;   {runtime_call throw_null_pointer_exception Runtime1 stub}
  0x00000268eb88cd64: e897 9928 

  0x00000268eb88cd68: ; ImmutableOopMap {rax=Oop [176]=Oop [192]=Oop [200]=Oop [208]=Oop [216]=Oop [224]=Oop }
                      ;*athrow {reexecute=1 rethrow=0 return_oop=0}
                      ; - (reexecute) java.lang.invoke.Invokers::checkExactType@15
                      ; - java.lang.invoke.LambdaForm$MH/0x000002688400f400::invokeExact_MT@11
                      ; - jdk.internal.reflect.DirectMethodHandleAccessor::invokeImpl@92
                      ; - jdk.internal.reflect.DirectMethodHandleAccessor::invoke@23
                      ;   {metadata({method} {0x00000268833c4688} 'isIllegalArgument' '(Ljava/lang/RuntimeException;)Z' in 'jdk/internal/reflect/DirectMethodHandleAccessor')}
  0x00000268eb88cd68: 0749 ba80 | 463c 8368 | 0200 004c | 8954 2408 | 48c7 0424 | ffff ffff 

  0x00000268eb88cd80: ;   {runtime_call counter_overflow Runtime1 stub}
  0x00000268eb88cd80: e8fb de29 

  0x00000268eb88cd84: ; ImmutableOopMap {rax=Oop }
                      ;*synchronization entry
                      ; - jdk.internal.reflect.DirectMethodHandleAccessor::isIllegalArgument@-1
                      ; - jdk.internal.reflect.DirectMethodHandleAccessor::invoke@58
  0x00000268eb88cd84: 07e9 c6f6 

  0x00000268eb88cd88: ;   {metadata({method} {0x00000268833c4688} 'isIllegalArgument' '(Ljava/lang/RuntimeException;)Z' in 'jdk/internal/reflect/DirectMethodHandleAccessor')}
  0x00000268eb88cd88: ffff 49ba | 8046 3c83 | 6802 0000 | 4c89 5424 | 0848 c704 | 24ff ffff 

  0x00000268eb88cda0: ;   {runtime_call counter_overflow Runtime1 stub}
  0x00000268eb88cda0: ffe8 dade 

  0x00000268eb88cda4: ; ImmutableOopMap {rax=Oop }
                      ;*synchronization entry
                      ; - jdk.internal.reflect.DirectMethodHandleAccessor::isIllegalArgument@-1
                      ; - jdk.internal.reflect.DirectMethodHandleAccessor::invoke@30
  0x00000268eb88cda4: 2907 e960 

  0x00000268eb88cda8: ;   {metadata(nullptr)}
  0x00000268eb88cda8: f7ff ff48 | ba00 0000 | 0000 0000 | 00b8 000f 

  0x00000268eb88cdb8: ;   {runtime_call load_klass_patching Runtime1 stub}
  0x00000268eb88cdb8: 050a e8c1 

  0x00000268eb88cdbc: ; ImmutableOopMap {}
                      ;*new {reexecute=1 rethrow=0 return_oop=0}
                      ; - (reexecute) jdk.internal.reflect.DirectMethodHandleAccessor::invoke@36
  0x00000268eb88cdbc: c929 07e9 | a4f7 ffff 

  0x00000268eb88cdc4: ;   {runtime_call fast_new_instance Runtime1 stub}
  0x00000268eb88cdc4: 488b d2e8 

  0x00000268eb88cdc8: ; ImmutableOopMap {}
                      ;*new {reexecute=0 rethrow=0 return_oop=0}
                      ; - jdk.internal.reflect.DirectMethodHandleAccessor::invoke@36
  0x00000268eb88cdc8: 3484 2907 | e9ef f7ff 

  0x00000268eb88cdd0: ;   {metadata(nullptr)}
  0x00000268eb88cdd0: ff48 ba00 | 0000 0000 | 0000 00b8 | 000f 050a 

  0x00000268eb88cde0: ;   {runtime_call load_klass_patching Runtime1 stub}
  0x00000268eb88cde0: e89b c929 

  0x00000268eb88cde4: ; ImmutableOopMap {r8=Oop }
                      ;*new {reexecute=1 rethrow=0 return_oop=0}
                      ; - (reexecute) jdk.internal.reflect.DirectMethodHandleAccessor::invoke@46
  0x00000268eb88cde4: 07e9 2ef8 

  0x00000268eb88cde8: ;   {runtime_call throw_null_pointer_exception Runtime1 stub}
  0x00000268eb88cde8: ffff e811 

  0x00000268eb88cdec: ; ImmutableOopMap {r8=Oop }
                      ;*new {reexecute=0 rethrow=0 return_oop=0}
                      ; - jdk.internal.reflect.DirectMethodHandleAccessor::invoke@46
  0x00000268eb88cdec: 9928 0748 

  0x00000268eb88cdf0: ;   {runtime_call fast_new_instance_init_check Runtime1 stub}
  0x00000268eb88cdf0: 8bd2 e809 

  0x00000268eb88cdf4: ; ImmutableOopMap {r8=Oop }
                      ;*new {reexecute=0 rethrow=0 return_oop=0}
                      ; - jdk.internal.reflect.DirectMethodHandleAccessor::invoke@46
  0x00000268eb88cdf4: 8c29 07e9 | 81f8 ffff 

  0x00000268eb88cdfc: ;   {metadata(nullptr)}
  0x00000268eb88cdfc: 48ba 0000 | 0000 0000 | 0000 b800 

  0x00000268eb88ce08: ;   {runtime_call load_klass_patching Runtime1 stub}
  0x00000268eb88ce08: 0f05 0ae8 

  0x00000268eb88ce0c: ; ImmutableOopMap {[280]=Oop }
                      ;*new {reexecute=1 rethrow=0 return_oop=0}
                      ; - (reexecute) jdk.internal.reflect.DirectMethodHandleAccessor::invoke@64
  0x00000268eb88ce0c: 70c9 2907 | e9ab f8ff | ff48 8bd2 

  0x00000268eb88ce18: ;   {runtime_call fast_new_instance Runtime1 stub}
  0x00000268eb88ce18: e8e3 8329 

  0x00000268eb88ce1c: ; ImmutableOopMap {[280]=Oop }
                      ;*new {reexecute=0 rethrow=0 return_oop=0}
                      ; - jdk.internal.reflect.DirectMethodHandleAccessor::invoke@64
  0x00000268eb88ce1c: 07e9 f6f8 

  0x00000268eb88ce20: ;   {metadata(nullptr)}
  0x00000268eb88ce20: ffff 48ba | 0000 0000 | 0000 0000 | b800 0f05 

  0x00000268eb88ce30: ;   {runtime_call load_klass_patching Runtime1 stub}
  0x00000268eb88ce30: 0ae8 4ac9 

  0x00000268eb88ce34: ; ImmutableOopMap {r8=Oop }
                      ;*new {reexecute=1 rethrow=0 return_oop=0}
                      ; - (reexecute) jdk.internal.reflect.DirectMethodHandleAccessor::invoke@73
  0x00000268eb88ce34: 2907 e935 

  0x00000268eb88ce38: ;   {runtime_call throw_null_pointer_exception Runtime1 stub}
  0x00000268eb88ce38: f9ff ffe8 

  0x00000268eb88ce3c: ; ImmutableOopMap {r8=Oop }
                      ;*new {reexecute=0 rethrow=0 return_oop=0}
                      ; - jdk.internal.reflect.DirectMethodHandleAccessor::invoke@73
  0x00000268eb88ce3c: c098 2807 

  0x00000268eb88ce40: ;   {runtime_call fast_new_instance_init_check Runtime1 stub}
  0x00000268eb88ce40: 488b d2e8 

  0x00000268eb88ce44: ; ImmutableOopMap {r8=Oop }
                      ;*new {reexecute=0 rethrow=0 return_oop=0}
                      ; - jdk.internal.reflect.DirectMethodHandleAccessor::invoke@73
  0x00000268eb88ce44: b88b 2907 | e988 f9ff 

  0x00000268eb88ce4c: ;   {metadata(nullptr)}
  0x00000268eb88ce4c: ff48 ba00 | 0000 0000 | 0000 00b8 | 000f 050a 

  0x00000268eb88ce5c: ;   {runtime_call load_klass_patching Runtime1 stub}
  0x00000268eb88ce5c: e81f c929 

  0x00000268eb88ce60: ; ImmutableOopMap {[176]=Oop [184]=Oop [192]=Oop }
                      ;*new {reexecute=1 rethrow=0 return_oop=0}
                      ; - (reexecute) jdk.internal.reflect.DirectMethodHandleAccessor::checkReceiver@14
                      ; - jdk.internal.reflect.DirectMethodHandleAccessor::invoke@9
  0x00000268eb88ce60: 07e9 b2f9 | ffff 488b 

  0x00000268eb88ce68: ;   {runtime_call fast_new_instance Runtime1 stub}
  0x00000268eb88ce68: d2e8 9283 

  0x00000268eb88ce6c: ; ImmutableOopMap {[176]=Oop [184]=Oop [192]=Oop }
                      ;*new {reexecute=0 rethrow=0 return_oop=0}
                      ; - jdk.internal.reflect.DirectMethodHandleAccessor::checkReceiver@14
                      ; - jdk.internal.reflect.DirectMethodHandleAccessor::invoke@9
  0x00000268eb88ce6c: 2907 e9fd 

  0x00000268eb88ce70: ;   {metadata('java/lang/reflect/InvocationTargetException')}
  0x00000268eb88ce70: f9ff ff48 | ba88 4c04 | 8468 0200 | 00b8 000f 

  0x00000268eb88ce80: ;   {runtime_call load_klass_patching Runtime1 stub}
  0x00000268eb88ce80: 050a e8f9 

  0x00000268eb88ce84: ; ImmutableOopMap {r8=Oop }
                      ;*new {reexecute=1 rethrow=0 return_oop=0}
                      ; - (reexecute) jdk.internal.reflect.DirectMethodHandleAccessor::invoke@83
  0x00000268eb88ce84: c829 07e9 | 4cfa ffff 

  0x00000268eb88ce8c: ;   {runtime_call throw_null_pointer_exception Runtime1 stub}
  0x00000268eb88ce8c: e86f 9828 

  0x00000268eb88ce90: ; ImmutableOopMap {r8=Oop }
                      ;*new {reexecute=0 rethrow=0 return_oop=0}
                      ; - jdk.internal.reflect.DirectMethodHandleAccessor::invoke@83
  0x00000268eb88ce90: 0748 8bd2 

  0x00000268eb88ce94: ;   {runtime_call fast_new_instance_init_check Runtime1 stub}
  0x00000268eb88ce94: e867 8b29 

  0x00000268eb88ce98: ; ImmutableOopMap {r8=Oop }
                      ;*new {reexecute=0 rethrow=0 return_oop=0}
                      ; - jdk.internal.reflect.DirectMethodHandleAccessor::invoke@83
  0x00000268eb88ce98: 07e9 9ffa | ffff 498b | 87f8 0400 | 0049 c787 | f804 0000 | 0000 0000 | 49c7 8700 | 0500 0000 
  0x00000268eb88ceb8: 0000 0048 | 81c4 6001 

  0x00000268eb88cec0: ;   {runtime_call unwind_exception Runtime1 stub}
  0x00000268eb88cec0: 0000 5de9 | 3877 2807 
[Stub Code]
  0x00000268eb88cec8: ;   {no_reloc}
  0x00000268eb88cec8: 0f1f 4400 

  0x00000268eb88cecc: ;   {static_stub}
  0x00000268eb88cecc: 0048 bb50 | 010b 8368 

  0x00000268eb88ced4: ;   {runtime_call I2C/C2I adapters}
  0x00000268eb88ced4: 0200 00e9 | 9350 1c07 

  0x00000268eb88cedc: ;   {static_stub}
  0x00000268eb88cedc: 9048 bb00 | 0000 0000 

  0x00000268eb88cee4: ;   {runtime_call nmethod}
  0x00000268eb88cee4: 0000 00e9 | fbff ffff 

  0x00000268eb88ceec: ;   {static_stub}
  0x00000268eb88ceec: 9048 bb00 | 0000 0000 

  0x00000268eb88cef4: ;   {runtime_call nmethod}
  0x00000268eb88cef4: 0000 00e9 | fbff ffff 

  0x00000268eb88cefc: ;   {static_stub}
  0x00000268eb88cefc: 9048 bb00 | 0000 0000 

  0x00000268eb88cf04: ;   {runtime_call nmethod}
  0x00000268eb88cf04: 0000 00e9 | fbff ffff 

  0x00000268eb88cf0c: ;   {static_stub}
  0x00000268eb88cf0c: 9048 bb00 | 0000 0000 

  0x00000268eb88cf14: ;   {runtime_call nmethod}
  0x00000268eb88cf14: 0000 00e9 | fbff ffff 

  0x00000268eb88cf1c: ;   {static_stub}
  0x00000268eb88cf1c: 9048 bb58 | f804 c468 

  0x00000268eb88cf24: ;   {runtime_call I2C/C2I adapters}
  0x00000268eb88cf24: 0200 00e9 | bb72 1d07 

  0x00000268eb88cf2c: ;   {static_stub}
  0x00000268eb88cf2c: 48bb 0000 | 0000 0000 

  0x00000268eb88cf34: ;   {runtime_call nmethod}
  0x00000268eb88cf34: 0000 e9fb 

  0x00000268eb88cf38: ;   {static_stub}
  0x00000268eb88cf38: ffff ff48 | bb00 0000 | 0000 0000 

  0x00000268eb88cf44: ;   {runtime_call nmethod}
  0x00000268eb88cf44: 00e9 fbff 

  0x00000268eb88cf48: ;   {static_stub}
  0x00000268eb88cf48: ffff 48bb | 0000 0000 | 0000 0000 

  0x00000268eb88cf54: ;   {runtime_call nmethod}
  0x00000268eb88cf54: e9fb ffff 

  0x00000268eb88cf58: ;   {static_stub}
  0x00000268eb88cf58: ff48 bb00 | 0000 0000 

  0x00000268eb88cf60: ;   {runtime_call nmethod}
  0x00000268eb88cf60: 0000 00e9 | fbff ffff 

  0x00000268eb88cf68: ;   {static_stub}
  0x00000268eb88cf68: 48bb 0000 | 0000 0000 

  0x00000268eb88cf70: ;   {runtime_call nmethod}
  0x00000268eb88cf70: 0000 e9fb 

  0x00000268eb88cf74: ;   {static_stub}
  0x00000268eb88cf74: ffff ff48 | bb00 0000 | 0000 0000 

  0x00000268eb88cf80: ;   {runtime_call nmethod}
  0x00000268eb88cf80: 00e9 fbff 

  0x00000268eb88cf84: ;   {static_stub}
  0x00000268eb88cf84: ffff 48bb | 0000 0000 | 0000 0000 

  0x00000268eb88cf90: ;   {runtime_call nmethod}
  0x00000268eb88cf90: e9fb ffff 

  0x00000268eb88cf94: ;   {static_stub}
  0x00000268eb88cf94: ff48 bb00 | 0000 0000 

  0x00000268eb88cf9c: ;   {runtime_call nmethod}
  0x00000268eb88cf9c: 0000 00e9 | fbff ffff 

  0x00000268eb88cfa4: ;   {static_stub}
  0x00000268eb88cfa4: 48bb 0000 | 0000 0000 

  0x00000268eb88cfac: ;   {runtime_call nmethod}
  0x00000268eb88cfac: 0000 e9fb 

  0x00000268eb88cfb0: ;   {static_stub}
  0x00000268eb88cfb0: ffff ff48 | bb00 0000 | 0000 0000 

  0x00000268eb88cfbc: ;   {runtime_call nmethod}
  0x00000268eb88cfbc: 00e9 fbff 

  0x00000268eb88cfc0: ;   {runtime_call handle_exception_from_callee Runtime1 stub}
  0x00000268eb88cfc0: ffff e8b9 

  0x00000268eb88cfc4: ;   {external_word}
  0x00000268eb88cfc4: a029 0748 | b990 7fff | bef8 7f00 | 0048 83e4 

  0x00000268eb88cfd4: ;   {runtime_call}
  0x00000268eb88cfd4: f048 b8e0 | 44c2 bef8 | 7f00 00ff 

  0x00000268eb88cfe0: ;   {section_word}
  0x00000268eb88cfe0: d0f4 49ba | e2cf 88eb | 6802 0000 

  0x00000268eb88cfec: ;   {runtime_call DeoptimizationBlob}
  0x00000268eb88cfec: 4152 e9ad 

  0x00000268eb88cff0: ;   {section_word}
  0x00000268eb88cff0: 791d 0749 | baf3 cf88 | eb68 0200 

  0x00000268eb88cffc: ;   {runtime_call DeoptimizationBlob}
  0x00000268eb88cffc: 0041 52e9 | 9c79 1d07 | f4f4 f4f4 
[/MachCode]


Compiled method (c1) 15271 10021   !   3       org.eclipse.e4.core.internal.di.MethodRequestor::execute (176 bytes)
 total in heap  [0x00000268ebc5f090,0x00000268ebc62c48] = 15288
 relocation     [0x00000268ebc5f1f0,0x00000268ebc5f500] = 784
 main code      [0x00000268ebc5f500,0x00000268ebc61ad8] = 9688
 stub code      [0x00000268ebc61ad8,0x00000268ebc61c28] = 336
 oops           [0x00000268ebc61c28,0x00000268ebc61c38] = 16
 metadata       [0x00000268ebc61c38,0x00000268ebc61cf8] = 192
 scopes data    [0x00000268ebc61cf8,0x00000268ebc62138] = 1088
 scopes pcs     [0x00000268ebc62138,0x00000268ebc62618] = 1248
 dependencies   [0x00000268ebc62618,0x00000268ebc62638] = 32
 handler table  [0x00000268ebc62638,0x00000268ebc62b90] = 1368
 nul chk table  [0x00000268ebc62b90,0x00000268ebc62c48] = 184

[Constant Pool (empty)]

[MachCode]
[Entry Point]
  # {method} {0x00000268c579ff38} 'execute' '()Ljava/lang/Object;' in 'org/eclipse/e4/core/internal/di/MethodRequestor'
  #           [sp+0x160]  (sp of caller)
  0x00000268ebc5f500: 448b 5208 | 49bb 0000 | 0083 6802 | 0000 4d03 | d34c 3bd0 

  0x00000268ebc5f514: ;   {runtime_call ic_miss_stub}
  0x00000268ebc5f514: 0f85 66f2 | df06 660f | 1f44 0000 
[Verified Entry Point]
  0x00000268ebc5f520: 8984 2400 | 80ff ff55 | 4881 ec50 | 0100 0090 | 4181 7f20 | 0800 0000 

  0x00000268ebc5f538: ;   {runtime_call StubRoutines (final stubs)}
  0x00000268ebc5f538: 7405 e821 | 58de 0648 | 8994 24b8 

  0x00000268ebc5f544: ;   {metadata(method data for {method} {0x00000268c579ff38} 'execute' '()Ljava/lang/Object;' in 'org/eclipse/e4/core/internal/di/MethodRequestor')}
  0x00000268ebc5f544: 0000 0048 | bea0 9977 | c668 0200 | 008b becc | 0000 0083 | c702 89be | cc00 0000 | 81e7 fe07 
  0x00000268ebc5f564: 0000 85ff | 0f84 d21e | 0000 8b72 | 2848 c1e6 | 0348 85f6 

  0x00000268ebc5f578: ;   {metadata(method data for {method} {0x00000268c579ff38} 'execute' '()Ljava/lang/Object;' in 'org/eclipse/e4/core/internal/di/MethodRequestor')}
  0x00000268ebc5f578: 48be a099 | 77c6 6802 | 0000 48c7 | c710 0100 | 0075 0748 | c7c7 2001 | 0000 488b | 1c3e 488d 
  0x00000268ebc5f598: 5b01 4889 | 1c3e 0f85 | 0c03 0000 | 8b72 1448 | c1e6 0348 | 85f6 7516 

  0x00000268ebc5f5b0: ;   {metadata(method data for {method} {0x00000268c579ff38} 'execute' '()Ljava/lang/Object;' in 'org/eclipse/e4/core/internal/di/MethodRequestor')}
  0x00000268ebc5f5b0: 48bb a099 | 77c6 6802 | 0000 808b | 2901 0000 | 01e9 cc00 

  0x00000268ebc5f5c4: ;   {metadata('java/lang/reflect/Method')}
  0x00000268ebc5f5c4: 0000 48b8 | a805 0483 | 6802 0000 | 8b7e 0849 | ba00 0000 | 8368 0200 | 0049 03fa | 483b c70f 
  0x00000268ebc5f5e4: 858d 0000 

  0x00000268ebc5f5e8: ;   {metadata(method data for {method} {0x00000268c579ff38} 'execute' '()Ljava/lang/Object;' in 'org/eclipse/e4/core/internal/di/MethodRequestor')}
  0x00000268ebc5f5e8: 0048 bba0 | 9977 c668 | 0200 008b | 4608 49ba | 0000 0083 | 6802 0000 | 4903 c248 | 3b83 4001 
  0x00000268ebc5f608: 0000 750d | 4883 8348 | 0100 0001 | e979 0000 | 0048 3b83 | 5001 0000 | 750d 4883 | 8358 0100 
  0x00000268ebc5f628: 0001 e963 | 0000 0048 | 83bb 4001 | 0000 0075 | 1748 8983 | 4001 0000 | 48c7 8348 | 0100 0001 
  0x00000268ebc5f648: 0000 00e9 | 4200 0000 | 4883 bb50 | 0100 0000 | 7517 4889 | 8350 0100 | 0048 c783 | 5801 0000 
  0x00000268ebc5f668: 0100 0000 | e921 0000 | 00e9 1c00 

  0x00000268ebc5f674: ;   {metadata(method data for {method} {0x00000268c579ff38} 'execute' '()Ljava/lang/Object;' in 'org/eclipse/e4/core/internal/di/MethodRequestor')}
  0x00000268ebc5f674: 0000 48bb | a099 77c6 | 6802 0000 | 4883 ab30 | 0100 0001 | e9d4 1d00 | 00e9 0000 | 0000 483b 
  0x00000268ebc5f694: 0648 8bfe 

  0x00000268ebc5f698: ;   {metadata(method data for {method} {0x00000268c579ff38} 'execute' '()Ljava/lang/Object;' in 'org/eclipse/e4/core/internal/di/MethodRequestor')}
  0x00000268ebc5f698: 48bb a099 | 77c6 6802 | 0000 4883 | 8368 0100 

  0x00000268ebc5f6a8: ;   {metadata(method data for {method} {0x0000026883041d00} 'getParameterTypes' '()[Ljava/lang/Class;' in 'java/lang/reflect/Method')}
  0x00000268ebc5f6a8: 0001 48bf | 5875 7cc5 | 6802 0000 | 8b9f cc00 | 0000 83c3 | 0289 9fcc | 0000 0081 | e3fe ff1f 
  0x00000268ebc5f6c8: 0085 db0f | 849e 1d00 | 008b 7630 | 48c1 e603 

  0x00000268ebc5f6d8: ; implicit exception: dispatches to 0x00000268ebc61490
  0x00000268ebc5f6d8: 483b 0648 

  0x00000268ebc5f6dc: ;   {metadata(method data for {method} {0x0000026883041d00} 'getParameterTypes' '()[Ljava/lang/Class;' in 'java/lang/reflect/Method')}
  0x00000268ebc5f6dc: 8bfe 48bb | 5875 7cc5 | 6802 0000 | 8b7f 0849 | ba00 0000 | 8368 0200 | 0049 03fa | 483b bb20 
  0x00000268ebc5f6fc: 0100 0075 | 0d48 8383 | 2801 0000 | 01e9 6000 | 0000 483b | bb30 0100 | 0075 0d48 | 8383 3801 
  0x00000268ebc5f71c: 0000 01e9 | 4a00 0000 | 4883 bb20 | 0100 0000 | 7517 4889 | bb20 0100 | 0048 c783 | 2801 0000 
  0x00000268ebc5f73c: 0100 0000 | e929 0000 | 0048 83bb | 3001 0000 | 0075 1748 | 89bb 3001 | 0000 48c7 | 8338 0100 
  0x00000268ebc5f75c: 0001 0000 | 00e9 0800 | 0000 4883 | 8310 0100 | 0001 488b | d60f 1f40 | 0048 b8ff | ffff ffff 
  0x00000268ebc5f77c: ;   {virtual_call}
  0x00000268ebc5f77c: ffff ffe8 

  0x00000268ebc5f780: ; ImmutableOopMap {[184]=Oop }
                      ;*invokevirtual clone {reexecute=0 rethrow=0 return_oop=0}
                      ; - java.lang.reflect.Method::getParameterTypes@4
                      ; - org.eclipse.e4.core.internal.di.MethodRequestor::execute@14 (line 42)
  0x00000268ebc5f780: fcf5 df06 

  0x00000268ebc5f784: ;   {other}
  0x00000268ebc5f784: 0f1f 8400 | f406 0000 | 4885 c075 

  0x00000268ebc5f790: ;   {metadata(method data for {method} {0x0000026883041d00} 'getParameterTypes' '()[Ljava/lang/Class;' in 'java/lang/reflect/Method')}
  0x00000268ebc5f790: 1648 bf58 | 757c c568 | 0200 0080 | 8f41 0100 | 0001 e9cd 

  0x00000268ebc5f7a4: ;   {metadata('java/lang/Class'[])}
  0x00000268ebc5f7a4: 0000 0048 | bbe0 6e00 | 8368 0200 | 008b 7808 | 49ba 0000 | 0083 6802 | 0000 4903 | fa48 3b5f 
  0x00000268ebc5f7c4: 400f 858d 

  0x00000268ebc5f7c8: ;   {metadata(method data for {method} {0x0000026883041d00} 'getParameterTypes' '()[Ljava/lang/Class;' in 'java/lang/reflect/Method')}
  0x00000268ebc5f7c8: 0000 0048 | bf58 757c | c568 0200 | 008b 5808 | 49ba 0000 | 0083 6802 | 0000 4903 | da48 3b9f 
  0x00000268ebc5f7e8: 5801 0000 | 750d 4883 | 8760 0100 | 0001 e979 | 0000 0048 | 3b9f 6801 | 0000 750d | 4883 8770 
  0x00000268ebc5f808: 0100 0001 | e963 0000 | 0048 83bf | 5801 0000 | 0075 1748 | 899f 5801 | 0000 48c7 | 8760 0100 
  0x00000268ebc5f828: 0001 0000 | 00e9 4200 | 0000 4883 | bf68 0100 | 0000 7517 | 4889 9f68 | 0100 0048 | c787 7001 
  0x00000268ebc5f848: 0000 0100 | 0000 e921 | 0000 00e9 | 1c00 0000 

  0x00000268ebc5f858: ;   {metadata(method data for {method} {0x0000026883041d00} 'getParameterTypes' '()[Ljava/lang/Class;' in 'java/lang/reflect/Method')}
  0x00000268ebc5f858: 48bf 5875 | 7cc5 6802 | 0000 4883 | af48 0100 | 0001 e926 | 1c00 00e9 | 0000 0000 | 488b d08b 
  0x00000268ebc5f878: 520c 85d2 

  0x00000268ebc5f87c: ;   {metadata(method data for {method} {0x00000268c579ff38} 'execute' '()Ljava/lang/Object;' in 'org/eclipse/e4/core/internal/di/MethodRequestor')}
  0x00000268ebc5f87c: 48ba a099 | 77c6 6802 | 0000 48c7 | c6b0 0100 | 007f 0748 | c7c6 a001 | 0000 488b | 3c32 488d 
  0x00000268ebc5f89c: 7f01 4889 | 3c32 0f8f | a616 0000 | 488b 9424 | b800 0000 

  0x00000268ebc5f8b0: ;   {metadata(method data for {method} {0x00000268c579ff38} 'execute' '()Ljava/lang/Object;' in 'org/eclipse/e4/core/internal/di/MethodRequestor')}
  0x00000268ebc5f8b0: 488b f248 | bfa0 9977 | c668 0200 | 008b 7608 | 49ba 0000 | 0083 6802 | 0000 4903 | f248 3bb7 
  0x00000268ebc5f8d0: d001 0000 | 750d 4883 | 87d8 0100 | 0001 e960 | 0000 0048 | 3bb7 e001 | 0000 750d | 4883 87e8 
  0x00000268ebc5f8f0: 0100 0001 | e94a 0000 | 0048 83bf | d001 0000 | 0075 1748 | 89b7 d001 | 0000 48c7 | 87d8 0100 
  0x00000268ebc5f910: 0001 0000 | 00e9 2900 | 0000 4883 | bfe0 0100 | 0000 7517 | 4889 b7e0 | 0100 0048 | c787 e801 
  0x00000268ebc5f930: 0000 0100 | 0000 e908 | 0000 0048 | 8387 c001 

  0x00000268ebc5f940: ;   {metadata(method data for {method} {0x00000268c579eeb8} 'getRequestingObject' '()Ljava/lang/Object;' in 'org/eclipse/e4/core/internal/di/Requestor')}
  0x00000268ebc5f940: 0000 0148 | be50 8477 | c668 0200 | 008b becc | 0000 0083 | c702 89be | cc00 0000 | 81e7 feff 
  0x00000268ebc5f960: 1f00 85ff | 0f84 391b | 0000 8b72 | 1848 c1e6 | 0348 85f6 

  0x00000268ebc5f974: ;   {metadata(method data for {method} {0x00000268c579eeb8} 'getRequestingObject' '()Ljava/lang/Object;' in 'org/eclipse/e4/core/internal/di/Requestor')}
  0x00000268ebc5f974: 48bf 5084 | 77c6 6802 | 0000 48c7 | c310 0100 | 0075 0748 | c7c3 2001 | 0000 488b | 041f 488d 
  0x00000268ebc5f994: 4001 4889 | 041f 0f85 | 0f00 0000 

  0x00000268ebc5f9a0: ;   {oop(nullptr)}
  0x00000268ebc5f9a0: 48be 0000 | 0000 0000 | 0000 e9b8 | 0000 0048 | 3b06 488b 

  0x00000268ebc5f9b4: ;   {metadata(method data for {method} {0x00000268c579eeb8} 'getRequestingObject' '()Ljava/lang/Object;' in 'org/eclipse/e4/core/internal/di/Requestor')}
  0x00000268ebc5f9b4: fe48 bb50 | 8477 c668 | 0200 008b | 7f08 49ba | 0000 0083 | 6802 0000 | 4903 fa48 | 3bbb 4001 
  0x00000268ebc5f9d4: 0000 750d | 4883 8348 | 0100 0001 | e960 0000 | 0048 3bbb | 5001 0000 | 750d 4883 | 8358 0100 
  0x00000268ebc5f9f4: 0001 e94a | 0000 0048 | 83bb 4001 | 0000 0075 | 1748 89bb | 4001 0000 | 48c7 8348 | 0100 0001 
  0x00000268ebc5fa14: 0000 00e9 | 2900 0000 | 4883 bb50 | 0100 0000 | 7517 4889 | bb50 0100 | 0048 c783 | 5801 0000 
  0x00000268ebc5fa34: 0100 0000 | e908 0000 | 0048 8383 | 3001 0000 | 0148 8bd6 | 0f1f 4400 | 0048 b8c0 | 22fa ce68 
  0x00000268ebc5fa54: ;   {virtual_call}
  0x00000268ebc5fa54: 0200 00e8 

  0x00000268ebc5fa58: ; ImmutableOopMap {[184]=Oop }
                      ;*invokevirtual get {reexecute=0 rethrow=0 return_oop=0}
                      ; - org.eclipse.e4.core.internal.di.Requestor::getRequestingObject@13 (line 108)
                      ; - org.eclipse.e4.core.internal.di.MethodRequestor::execute@24 (line 45)
  0x00000268ebc5fa58: d539 e006 

  0x00000268ebc5fa5c: ;   {other}
  0x00000268ebc5fa5c: 0f1f 8400 | cc09 0001 | 488b f048 

  0x00000268ebc5fa68: ;   {metadata(method data for {method} {0x00000268c579ff38} 'execute' '()Ljava/lang/Object;' in 'org/eclipse/e4/core/internal/di/MethodRequestor')}
  0x00000268ebc5fa68: 85f6 48b8 | a099 77c6 | 6802 0000 | 48c7 c208 | 0200 0074 | 0748 c7c2 | f801 0000 | 488b 3c10 
  0x00000268ebc5fa88: 488d 7f01 | 4889 3c10 | 0f84 9814 | 0000 488b | 9424 b800 | 0000 8b7a | 2048 c1e7 | 0348 85ff 
  0x00000268ebc5faa8: ;   {metadata(method data for {method} {0x00000268c579ff38} 'execute' '()Ljava/lang/Object;' in 'org/eclipse/e4/core/internal/di/MethodRequestor')}
  0x00000268ebc5faa8: 48b8 a099 | 77c6 6802 | 0000 48c7 | c328 0200 | 0075 0748 | c7c3 1802 | 0000 488b | 0c18 488d 
  0x00000268ebc5fac8: 4901 4889 | 0c18 0f85 | 1900 0000 | bf00 0000 | 0089 bc24 | d400 0000 | 4889 b424 | c000 0000 
  0x00000268ebc5fae8: e9e9 0800 | 0048 89b4 | 24c0 0000 | 0048 3b07 

  0x00000268ebc5faf8: ;   {metadata(method data for {method} {0x00000268c579ff38} 'execute' '()Ljava/lang/Object;' in 'org/eclipse/e4/core/internal/di/MethodRequestor')}
  0x00000268ebc5faf8: 488b c748 | bba0 9977 | c668 0200 

  0x00000268ebc5fb04: ;   {metadata('org/eclipse/e4/core/internal/contexts/ContextObjectSupplier')}
  0x00000268ebc5fb04: 0049 baa8 | d62b 8468 | 0200 004c | 8993 4802 | 0000 4883 | 8350 0200 | 0001 488d | 9c24 2001 
  0x00000268ebc5fb24: 0000 4889 | 7b08 488b | 0748 83c8 | 0148 8903 | f048 0fb1 | 1f0f 8412 | 0000 0048 | 2bc4 4825 
  0x00000268ebc5fb44: 07f0 ffff | 4889 030f | 857d 1900 | 0049 ff87 | 4805 0000 

  0x00000268ebc5fb58: ;   {metadata(method data for {method} {0x00000268c5798070} 'pauseRecording' '()V' in 'org/eclipse/e4/core/internal/contexts/ContextObjectSupplier')}
  0x00000268ebc5fb58: 48bb 00c9 | 0fc6 6802 | 0000 8b83 | cc00 0000 | 83c0 0289 | 83cc 0000 | 0025 feff | 1f00 85c0 
  0x00000268ebc5fb78: 0f84 6319 

  0x00000268ebc5fb7c: ;   {metadata(method data for {method} {0x00000268c5798070} 'pauseRecording' '()V' in 'org/eclipse/e4/core/internal/contexts/ContextObjectSupplier')}
  0x00000268ebc5fb7c: 0000 48bf | 00c9 0fc6 | 6802 0000 | 4883 8710 | 0100 0001 

  0x00000268ebc5fb90: ;   {metadata(method data for {method} {0x00000268c57824d0} 'getCalculatedComputations' '()Ljava/util/Stack;' in 'org/eclipse/e4/core/internal/contexts/EclipseContext')}
  0x00000268ebc5fb90: 48bf 38de | 80c5 6802 | 0000 8b9f | cc00 0000 | 83c3 0289 | 9fcc 0000 | 0081 e3fe | ff1f 0085 
  0x00000268ebc5fbb0: db0f 844b 

  0x00000268ebc5fbb4: ;   {oop(a 'java/lang/Class'{0x0000000741bb9c90} = 'org/eclipse/e4/core/internal/contexts/EclipseContext')}
  0x00000268ebc5fbb4: 1900 0048 | bf90 9cbb | 4107 0000 | 008b 7f7c | 48c1 e703 

  0x00000268ebc5fbc8: ; implicit exception: dispatches to 0x00000268ebc61523
  0x00000268ebc5fbc8: 483b 0748 

  0x00000268ebc5fbcc: ;   {metadata(method data for {method} {0x00000268c57824d0} 'getCalculatedComputations' '()Ljava/util/Stack;' in 'org/eclipse/e4/core/internal/contexts/EclipseContext')}
  0x00000268ebc5fbcc: 8bdf 48b8 | 38de 80c5 | 6802 0000 | 8b5b 0849 | ba00 0000 | 8368 0200 | 0049 03da | 483b 9820 
  0x00000268ebc5fbec: 0100 0075 | 0d48 8380 | 2801 0000 | 01e9 6000 | 0000 483b | 9830 0100 | 0075 0d48 | 8380 3801 
  0x00000268ebc5fc0c: 0000 01e9 | 4a00 0000 | 4883 b820 | 0100 0000 | 7517 4889 | 9820 0100 | 0048 c780 | 2801 0000 
  0x00000268ebc5fc2c: 0100 0000 | e929 0000 | 0048 83b8 | 3001 0000 | 0075 1748 | 8998 3001 | 0000 48c7 | 8038 0100 
  0x00000268ebc5fc4c: 0001 0000 | 00e9 0800 | 0000 4883 | 8010 0100 | 0001 488b | d70f 1f40 | 0048 b810 | 1812 8368 
  0x00000268ebc5fc6c: ;   {virtual_call}
  0x00000268ebc5fc6c: 0200 00e8 

  0x00000268ebc5fc70: ; ImmutableOopMap {[184]=Oop [192]=Oop [296]=Oop }
                      ;*invokevirtual get {reexecute=0 rethrow=0 return_oop=0}
                      ; - org.eclipse.e4.core.internal.contexts.EclipseContext::getCalculatedComputations@3 (line 734)
                      ; - org.eclipse.e4.core.internal.contexts.ContextObjectSupplier::pauseRecording@0 (line 214)
                      ; - org.eclipse.e4.core.internal.di.MethodRequestor::execute@49 (line 51)
  0x00000268ebc5fc70: 4c7c 7807 

  0x00000268ebc5fc74: ;   {other}
  0x00000268ebc5fc74: 0f1f 8400 | e40b 0002 | 4885 c075 

  0x00000268ebc5fc80: ;   {metadata(method data for {method} {0x00000268c57824d0} 'getCalculatedComputations' '()Ljava/util/Stack;' in 'org/eclipse/e4/core/internal/contexts/EclipseContext')}
  0x00000268ebc5fc80: 1648 bf38 | de80 c568 | 0200 0080 | 8f41 0100 | 0001 e9cc 

  0x00000268ebc5fc94: ;   {metadata('java/util/Stack')}
  0x00000268ebc5fc94: 0000 0048 | bae0 720d | 8468 0200 | 008b 7008 | 49ba 0000 | 0083 6802 | 0000 4903 | f248 3bd6 
  0x00000268ebc5fcb4: 0f85 8d00 

  0x00000268ebc5fcb8: ;   {metadata(method data for {method} {0x00000268c57824d0} 'getCalculatedComputations' '()Ljava/util/Stack;' in 'org/eclipse/e4/core/internal/contexts/EclipseContext')}
  0x00000268ebc5fcb8: 0000 48bf | 38de 80c5 | 6802 0000 | 8b50 0849 | ba00 0000 | 8368 0200 | 0049 03d2 | 483b 9758 
  0x00000268ebc5fcd8: 0100 0075 | 0d48 8387 | 6001 0000 | 01e9 7900 | 0000 483b | 9768 0100 | 0075 0d48 | 8387 7001 
  0x00000268ebc5fcf8: 0000 01e9 | 6300 0000 | 4883 bf58 | 0100 0000 | 7517 4889 | 9758 0100 | 0048 c787 | 6001 0000 
  0x00000268ebc5fd18: 0100 0000 | e942 0000 | 0048 83bf | 6801 0000 | 0075 1748 | 8997 6801 | 0000 48c7 | 8770 0100 
  0x00000268ebc5fd38: 0001 0000 | 00e9 2100 | 0000 e91c 

  0x00000268ebc5fd44: ;   {metadata(method data for {method} {0x00000268c57824d0} 'getCalculatedComputations' '()Ljava/util/Stack;' in 'org/eclipse/e4/core/internal/contexts/EclipseContext')}
  0x00000268ebc5fd44: 0000 0048 | bf38 de80 | c568 0200 | 0048 83af | 4801 0000 | 01e9 ca17 | 0000 e900 | 0000 0048 
  0x00000268ebc5fd64: 8bd0 4885 

  0x00000268ebc5fd68: ;   {metadata(method data for {method} {0x00000268c57824d0} 'getCalculatedComputations' '()Ljava/util/Stack;' in 'org/eclipse/e4/core/internal/contexts/EclipseContext')}
  0x00000268ebc5fd68: d248 be38 | de80 c568 | 0200 0048 | c7c7 8001 | 0000 7507 | 48c7 c790 | 0100 0048 | 8b04 3e48 
  0x00000268ebc5fd88: 8d40 0148 | 8904 3e0f | 8527 0200 

  0x00000268ebc5fd94: ;   {metadata('java/util/Stack')}
  0x00000268ebc5fd94: 0048 bae0 | 720d 8468 | 0200 0049 | 8b87 b801 | 0000 488d | 7820 493b | bfc8 0100 | 000f 877a 
  0x00000268ebc5fdb4: 1700 0049 | 89bf b801 | 0000 48c7 | 0001 0000 | 0048 8bca | 49ba 0000 | 0083 6802 | 0000 492b 
  0x00000268ebc5fdd4: ca89 4808 | 4833 c989 | 480c 4833 | c948 8948 | 1048 8948 | 184c 8bc0 

  0x00000268ebc5fdec: ;   {metadata(method data for {method} {0x00000268c57824d0} 'getCalculatedComputations' '()Ljava/util/Stack;' in 'org/eclipse/e4/core/internal/contexts/EclipseContext')}
  0x00000268ebc5fdec: 49b9 38de | 80c5 6802 | 0000 4983 | 81a0 0100 

  0x00000268ebc5fdfc: ;   {metadata(method data for {method} {0x00000268c4934d58} '<init>' '()V' in 'java/util/Stack')}
  0x00000268ebc5fdfc: 0001 49b8 | 7812 b9c4 | 6802 0000 | 458b 88cc | 0000 0041 | 83c1 0245 | 8988 cc00 | 0000 4181 
  0x00000268ebc5fe1c: e1fe ff1f | 0045 85c9 | 0f84 1417 | 0000 4c8b 

  0x00000268ebc5fe2c: ;   {metadata(method data for {method} {0x00000268c4934d58} '<init>' '()V' in 'java/util/Stack')}
  0x00000268ebc5fe2c: c049 b978 | 12b9 c468 | 0200 0049 | 8381 1001 

  0x00000268ebc5fe3c: ;   {metadata(method data for {method} {0x00000268c4192070} '<init>' '()V' in 'java/util/Vector')}
  0x00000268ebc5fe3c: 0000 0149 | b8c8 08b9 | c468 0200 | 0045 8b88 | cc00 0000 | 4183 c102 | 4589 88cc | 0000 0041 
  0x00000268ebc5fe5c: 81e1 feff | 1f00 4585 | c90f 84f4 | 1600 004c 

  0x00000268ebc5fe6c: ;   {metadata(method data for {method} {0x00000268c4192070} '<init>' '()V' in 'java/util/Vector')}
  0x00000268ebc5fe6c: 8bc0 49b9 | c808 b9c4 | 6802 0000 | 4983 8110 | 0100 0001 

  0x00000268ebc5fe80: ;   {metadata(method data for {method} {0x00000268c4191fd8} '<init>' '(I)V' in 'java/util/Vector')}
  0x00000268ebc5fe80: 49b8 080a | b9c4 6802 | 0000 458b | 88cc 0000 | 0041 83c1 | 0245 8988 | cc00 0000 | 4181 e1fe 
  0x00000268ebc5fea0: ff1f 0045 | 85c9 0f84 | d416 0000 

  0x00000268ebc5feac: ;   {metadata(method data for {method} {0x00000268c4191fd8} '<init>' '(I)V' in 'java/util/Vector')}
  0x00000268ebc5feac: 4c8b c049 | b908 0ab9 | c468 0200 | 0049 8381 | 1001 0000 | 0141 b80a | 0000 0041 | b900 0000 
  0x00000268ebc5fecc: 0048 8bd0 | 4889 8424 | c800 0000 | 0f1f 8000 

  0x00000268ebc5fedc: ;   {optimized virtual_call}
  0x00000268ebc5fedc: 0000 00e8 

  0x00000268ebc5fee0: ; ImmutableOopMap {[184]=Oop [192]=Oop [200]=Oop [296]=Oop }
                      ;*invokespecial <init> {reexecute=0 rethrow=0 return_oop=0}
                      ; - java.util.Vector::<init>@3
                      ; - java.util.Vector::<init>@3
                      ; - java.util.Stack::<init>@1
                      ; - org.eclipse.e4.core.internal.contexts.EclipseContext::getCalculatedComputations@18 (line 736)
                      ; - org.eclipse.e4.core.internal.contexts.ContextObjectSupplier::pauseRecording@0 (line 214)
                      ; - org.eclipse.e4.core.internal.di.MethodRequestor::execute@49 (line 51)
  0x00000268ebc5fee0: 9ceb df06 

  0x00000268ebc5fee4: ;   {other}
  0x00000268ebc5fee4: 0f1f 8400 | 540e 0003 

  0x00000268ebc5feec: ;   {oop(a 'java/lang/Class'{0x0000000741bb9c90} = 'org/eclipse/e4/core/internal/contexts/EclipseContext')}
  0x00000268ebc5feec: 49b8 909c | bb41 0700 | 0000 418b | 507c 48c1 | e203 483b | 024c 8bc2 

  0x00000268ebc5ff04: ;   {metadata(method data for {method} {0x00000268c57824d0} 'getCalculatedComputations' '()Ljava/util/Stack;' in 'org/eclipse/e4/core/internal/contexts/EclipseContext')}
  0x00000268ebc5ff04: 48be 38de | 80c5 6802 | 0000 458b | 4008 49ba | 0000 0083 | 6802 0000 | 4d03 c24c | 3b86 c001 
  0x00000268ebc5ff24: 0000 750d | 4883 86c8 | 0100 0001 | e960 0000 | 004c 3b86 | d001 0000 | 750d 4883 | 86d8 0100 
  0x00000268ebc5ff44: 0001 e94a | 0000 0048 | 83be c001 | 0000 0075 | 174c 8986 | c001 0000 | 48c7 86c8 | 0100 0001 
  0x00000268ebc5ff64: 0000 00e9 | 2900 0000 | 4883 bed0 | 0100 0000 | 7517 4c89 | 86d0 0100 | 0048 c786 | d801 0000 
  0x00000268ebc5ff84: 0100 0000 | e908 0000 | 0048 8386 | b001 0000 | 014c 8b84 | 24c8 0000 | 0048 b8ff | ffff ffff 
  0x00000268ebc5ffa4: ;   {virtual_call}
  0x00000268ebc5ffa4: ffff ffe8 

  0x00000268ebc5ffa8: ; ImmutableOopMap {[184]=Oop [192]=Oop [200]=Oop [296]=Oop }
                      ;*invokevirtual set {reexecute=0 rethrow=0 return_oop=0}
                      ; - org.eclipse.e4.core.internal.contexts.EclipseContext::getCalculatedComputations@26 (line 737)
                      ; - org.eclipse.e4.core.internal.contexts.ContextObjectSupplier::pauseRecording@0 (line 214)
                      ; - org.eclipse.e4.core.internal.di.MethodRequestor::execute@49 (line 51)
  0x00000268ebc5ffa8: d4ed df06 

  0x00000268ebc5ffac: ;   {other}
  0x00000268ebc5ffac: 0f1f 8400 | 1c0f 0004 | 488b 9424 | c800 0000 

  0x00000268ebc5ffbc: ; implicit exception: dispatches to 0x00000268ebc615a6
  0x00000268ebc5ffbc: 483b 0248 

  0x00000268ebc5ffc0: ;   {metadata(method data for {method} {0x00000268c5798070} 'pauseRecording' '()V' in 'org/eclipse/e4/core/internal/contexts/ContextObjectSupplier')}
  0x00000268ebc5ffc0: 8bc2 49b8 | 00c9 0fc6 | 6802 0000 | 4983 8038 | 0100 0001 

  0x00000268ebc5ffd4: ;   {metadata(method data for {method} {0x00000268c4934df8} 'push' '(Ljava/lang/Object;)Ljava/lang/Object;' in 'java/util/Stack')}
  0x00000268ebc5ffd4: 48b8 4878 | b8c4 6802 | 0000 448b | 80cc 0000 | 0041 83c0 | 0244 8980 | cc00 0000 | 4181 e0fe 
  0x00000268ebc5fff4: ff1f 0045 | 85c0 0f84 | ab15 0000 

  0x00000268ebc60000: ;   {metadata(method data for {method} {0x00000268c4934df8} 'push' '(Ljava/lang/Object;)Ljava/lang/Object;' in 'java/util/Stack')}
  0x00000268ebc60000: 488b c249 | b848 78b8 | c468 0200 | 008b 4008 | 49ba 0000 | 0083 6802 | 0000 4903 | c249 3b80 
  0x00000268ebc60020: 2001 0000 | 750d 4983 | 8028 0100 | 0001 e960 | 0000 0049 | 3b80 3001 | 0000 750d | 4983 8038 
  0x00000268ebc60040: 0100 0001 | e94a 0000 | 0049 83b8 | 2001 0000 | 0075 1749 | 8980 2001 | 0000 49c7 | 8028 0100 
  0x00000268ebc60060: 0001 0000 | 00e9 2900 | 0000 4983 | b830 0100 | 0000 7517 | 4989 8030 | 0100 0049 | c780 3801 
  0x00000268ebc60080: 0000 0100 | 0000 e908 | 0000 0049 | 8380 1001 | 0000 014c | 8d84 2430 | 0100 0049 | 8950 0848 
  0x00000268ebc600a0: 8b02 4883 | c801 4989 | 00f0 4c0f | b102 0f84 | 1200 0000 | 482b c448 | 2507 f0ff | ff49 8900 
  0x00000268ebc600c0: 0f85 0615 | 0000 49ff | 8748 0500 

  0x00000268ebc600cc: ;   {metadata(method data for {method} {0x00000268c4193270} 'addElement' '(Ljava/lang/Object;)V' in 'java/util/Vector')}
  0x00000268ebc600cc: 0049 b878 | 6cb8 c468 | 0200 0041 | 8bb0 cc00 | 0000 83c6 | 0241 89b0 | cc00 0000 | 81e6 feff 
  0x00000268ebc600ec: 1f00 85f6 | 0f84 e914 | 0000 448b | 420c 41ff | c044 8942 | 0c44 8b42 | 1849 c1e0 | 038b 7210 
  0x00000268ebc6010c: ;   {metadata(method data for {method} {0x00000268c4193270} 'addElement' '(Ljava/lang/Object;)V' in 'java/util/Vector')}
  0x00000268ebc6010c: 488b fa48 | bb78 6cb8 | c468 0200 | 0048 8383 | 1001 0000 

  0x00000268ebc60120: ;   {metadata(method data for {method} {0x00000268c41939d0} 'add' '(Ljava/lang/Object;[Ljava/lang/Object;I)V' in 'java/util/Vector')}
  0x00000268ebc60120: 0148 bf08 | 6eb8 c468 | 0200 008b | 9fcc 0000 | 0083 c302 | 899f cc00 | 0000 81e3 | feff 1f00 
  0x00000268ebc60140: 85db 0f84 | b814 0000 

  0x00000268ebc60148: ; implicit exception: dispatches to 0x00000268ebc61621
  0x00000268ebc60148: 418b 780c 

  0x00000268ebc6014c: ;   {metadata(method data for {method} {0x00000268c41939d0} 'add' '(Ljava/lang/Object;[Ljava/lang/Object;I)V' in 'java/util/Vector')}
  0x00000268ebc6014c: 3bf7 48bf | 086e b8c4 | 6802 0000 | 48c7 c310 | 0100 0075 | 0748 c7c3 | 2001 0000 | 488b 041f 
  0x00000268ebc6016c: 488d 4001 | 4889 041f | 0f85 9400 | 0000 4c8b 

  0x00000268ebc6017c: ;   {metadata(method data for {method} {0x00000268c41939d0} 'add' '(Ljava/lang/Object;[Ljava/lang/Object;I)V' in 'java/util/Vector')}
  0x00000268ebc6017c: c248 bf08 | 6eb8 c468 | 0200 0048 | 8387 3001 

  0x00000268ebc6018c: ;   {metadata(method data for {method} {0x00000268c4192508} 'grow' '()[Ljava/lang/Object;' in 'java/util/Vector')}
  0x00000268ebc6018c: 0000 0149 | b888 73b8 | c468 0200 | 0041 8bb8 | cc00 0000 | 83c7 0241 | 89b8 cc00 | 0000 81e7 
  0x00000268ebc601ac: feff 1f00 | 85ff 0f84 | 6e14 0000 

  0x00000268ebc601b8: ;   {metadata(method data for {method} {0x00000268c4192508} 'grow' '()[Ljava/lang/Object;' in 'java/util/Vector')}
  0x00000268ebc601b8: 4c8b c248 | bf88 73b8 | c468 0200 | 0048 8387 | 1001 0000 | 014c 8bc6 | 41ff c048 | 8bfa 488b 
  0x00000268ebc601d8: d748 89bc | 24d8 0000 | 0089 b424 | d000 0000 | 0f1f 8000 

  0x00000268ebc601ec: ;   {optimized virtual_call}
  0x00000268ebc601ec: 0000 00e8 

  0x00000268ebc601f0: ; ImmutableOopMap {[184]=Oop [192]=Oop [216]=Oop [296]=Oop [312]=Oop }
                      ;*invokevirtual grow {reexecute=0 rethrow=0 return_oop=0}
                      ; - java.util.Vector::grow@7
                      ; - java.util.Vector::add@7
                      ; - java.util.Vector::addElement@20
                      ; - java.util.Stack::push@2
                      ; - org.eclipse.e4.core.internal.contexts.ContextObjectSupplier::pauseRecording@6 (line 215)
                      ; - org.eclipse.e4.core.internal.di.MethodRequestor::execute@49 (line 51)
  0x00000268ebc601f0: 8ce8 df06 

  0x00000268ebc601f4: ;   {other}
  0x00000268ebc601f4: 0f1f 8400 | 6411 0005 | 4c8b c08b | b424 d000 | 0000 488b | 9424 d800 

  0x00000268ebc6020c: ;   {oop(nullptr)}
  0x00000268ebc6020c: 0000 48b8 | 0000 0000 | 0000 0000 

  0x00000268ebc60218: ; implicit exception: dispatches to 0x00000268ebc61647
  0x00000268ebc60218: 413b 700c | 0f83 2f14 | 0000 4885 

  0x00000268ebc60224: ;   {metadata(method data for {method} {0x00000268c41939d0} 'add' '(Ljava/lang/Object;[Ljava/lang/Object;I)V' in 'java/util/Vector')}
  0x00000268ebc60224: c075 1648 | bb08 6eb8 | c468 0200 | 0080 8b61 | 0100 0001 | e9f9 0000 | 0041 8b78 | 0849 ba00 
  0x00000268ebc60244: 0000 8368 | 0200 0049 | 03fa 8b58 | 0849 ba00 | 0000 8368 | 0200 0049 | 03da 488b | bfd0 0000 
  0x00000268ebc60264: 0048 3bdf | 0f84 2700 | 0000 8b4f | 1448 3b3c | 0b0f 841a | 0000 0083 | f920 0f85 | 9b00 0000 
  0x00000268ebc60284: ;   {runtime_call slow_subtype_check Runtime1 stub}
  0x00000268ebc60284: 5357 e875 | 7eec 065b | 5f85 ff0f | 848a 0000 

  0x00000268ebc60294: ;   {metadata(method data for {method} {0x00000268c41939d0} 'add' '(Ljava/lang/Object;[Ljava/lang/Object;I)V' in 'java/util/Vector')}
  0x00000268ebc60294: 0048 bb08 | 6eb8 c468 | 0200 008b | 7808 49ba | 0000 0083 | 6802 0000 | 4903 fa48 | 3bbb 7801 
  0x00000268ebc602b4: 0000 750d | 4883 8380 | 0100 0001 | e971 0000 | 0048 3bbb | 8801 0000 | 750d 4883 | 8390 0100 
  0x00000268ebc602d4: 0001 e95b | 0000 0048 | 83bb 7801 | 0000 0075 | 1748 89bb | 7801 0000 | 48c7 8380 | 0100 0001 
  0x00000268ebc602f4: 0000 00e9 | 3a00 0000 | 4883 bb88 | 0100 0000 | 7517 4889 | bb88 0100 | 0048 c783 | 9001 0000 
  0x00000268ebc60314: 0100 0000 | e919 0000 

  0x00000268ebc6031c: ;   {metadata(method data for {method} {0x00000268c41939d0} 'add' '(Ljava/lang/Object;[Ljava/lang/Object;I)V' in 'java/util/Vector')}
  0x00000268ebc6031c: 00eb 1748 | bb08 6eb8 | c468 0200 | 0048 83ab | 6801 0000 | 01e9 2e13 | 0000 4863 | fe49 8d7c 
  0x00000268ebc6033c: b810 410f | be5f 4085 | db0f 8522 | 1300 004c | 8bd0 49c1 | ea03 4489 | 1748 8bdf | 4833 d848 
  0x00000268ebc6035c: c1eb 1548 | 83fb 000f | 8522 1300 | 00ff c689 | 7210 488d | 8424 3001 | 0000 488b | 1048 85d2 
  0x00000268ebc6037c: 0f84 0f00 | 0000 488b | 7008 f048 | 0fb1 160f | 8512 1300 | 0049 ff8f | 4805 0000 | 488d 8424 
  0x00000268ebc6039c: 2001 0000 | 488b 1048 | 85d2 0f84 | 0f00 0000 | 488b 7008 | f048 0fb1 | 160f 85fe | 1200 0049 
  0x00000268ebc603bc: ff8f 4805 | 0000 bf01 | 0000 0089 | bc24 d400 | 0000 488b | 9424 b800 | 0000 8b72 | 1448 c1e6 
  0x00000268ebc603dc: 0348 85f6 

  0x00000268ebc603e0: ;   {metadata(method data for {method} {0x00000268c579ff38} 'execute' '()Ljava/lang/Object;' in 'org/eclipse/e4/core/internal/di/MethodRequestor')}
  0x00000268ebc603e0: 7516 48b8 | a099 77c6 | 6802 0000 | 8088 6902 | 0000 01e9 | cc00 0000 

  0x00000268ebc603f8: ;   {metadata('java/lang/reflect/Method')}
  0x00000268ebc603f8: 48b9 a805 | 0483 6802 | 0000 8b5e | 0849 ba00 | 0000 8368 | 0200 0049 | 03da 483b | cb0f 858d 
  0x00000268ebc60418: ;   {metadata(method data for {method} {0x00000268c579ff38} 'execute' '()Ljava/lang/Object;' in 'org/eclipse/e4/core/internal/di/MethodRequestor')}
  0x00000268ebc60418: 0000 0048 | b8a0 9977 | c668 0200 | 008b 4e08 | 49ba 0000 | 0083 6802 | 0000 4903 | ca48 3b88 
  0x00000268ebc60438: 8002 0000 | 750d 4883 | 8088 0200 | 0001 e979 | 0000 0048 | 3b88 9002 | 0000 750d | 4883 8098 
  0x00000268ebc60458: 0200 0001 | e963 0000 | 0048 83b8 | 8002 0000 | 0075 1748 | 8988 8002 | 0000 48c7 | 8088 0200 
  0x00000268ebc60478: 0001 0000 | 00e9 4200 | 0000 4883 | b890 0200 | 0000 7517 | 4889 8890 | 0200 0048 | c780 9802 
  0x00000268ebc60498: 0000 0100 | 0000 e921 | 0000 00e9 | 1c00 0000 

  0x00000268ebc604a8: ;   {metadata(method data for {method} {0x00000268c579ff38} 'execute' '()Ljava/lang/Object;' in 'org/eclipse/e4/core/internal/di/MethodRequestor')}
  0x00000268ebc604a8: 48b8 a099 | 77c6 6802 | 0000 4883 | a870 0200 | 0001 e910 | 1200 00e9 | 0000 0000 

  0x00000268ebc604c4: ; implicit exception: dispatches to 0x00000268ebc616d8
  0x00000268ebc604c4: 483b 0648 

  0x00000268ebc604c8: ;   {metadata(method data for {method} {0x00000268c579ff38} 'execute' '()Ljava/lang/Object;' in 'org/eclipse/e4/core/internal/di/MethodRequestor')}
  0x00000268ebc604c8: 8bde 48b8 | a099 77c6 | 6802 0000 | 4883 80a8 | 0200 0001 

  0x00000268ebc604dc: ;   {optimized virtual_call}
  0x00000268ebc604dc: 488b d6e8 

  0x00000268ebc604e0: ; ImmutableOopMap {[184]=Oop [192]=Oop }
                      ;*invokevirtual trySetAccessible {reexecute=0 rethrow=0 return_oop=0}
                      ; - org.eclipse.e4.core.internal.di.MethodRequestor::execute@61 (line 55)
  0x00000268ebc604e0: 9cf3 1e00 

  0x00000268ebc604e4: ;   {other}
  0x00000268ebc604e4: 0f1f 8400 | 5414 0006 | 488b 9424 | b800 0000 | 8b72 1448 | c1e6 0348 | 85f6 7516 

  0x00000268ebc60500: ;   {metadata(method data for {method} {0x00000268c579ff38} 'execute' '()Ljava/lang/Object;' in 'org/eclipse/e4/core/internal/di/MethodRequestor')}
  0x00000268ebc60500: 48bb a099 | 77c6 6802 | 0000 808b | d902 0000 | 01e9 cc00 

  0x00000268ebc60514: ;   {metadata('java/lang/reflect/Method')}
  0x00000268ebc60514: 0000 48b8 | a805 0483 | 6802 0000 | 8b7e 0849 | ba00 0000 | 8368 0200 | 0049 03fa | 483b c70f 
  0x00000268ebc60534: 858d 0000 

  0x00000268ebc60538: ;   {metadata(method data for {method} {0x00000268c579ff38} 'execute' '()Ljava/lang/Object;' in 'org/eclipse/e4/core/internal/di/MethodRequestor')}
  0x00000268ebc60538: 0048 bba0 | 9977 c668 | 0200 008b | 4608 49ba | 0000 0083 | 6802 0000 | 4903 c248 | 3b83 f002 
  0x00000268ebc60558: 0000 750d | 4883 83f8 | 0200 0001 | e979 0000 | 0048 3b83 | 0003 0000 | 750d 4883 | 8308 0300 
  0x00000268ebc60578: 0001 e963 | 0000 0048 | 83bb f002 | 0000 0075 | 1748 8983 | f002 0000 | 48c7 83f8 | 0200 0001 
  0x00000268ebc60598: 0000 00e9 | 4200 0000 | 4883 bb00 | 0300 0000 | 7517 4889 | 8300 0300 | 0048 c783 | 0803 0000 
  0x00000268ebc605b8: 0100 0000 | e921 0000 | 00e9 1c00 

  0x00000268ebc605c4: ;   {metadata(method data for {method} {0x00000268c579ff38} 'execute' '()Ljava/lang/Object;' in 'org/eclipse/e4/core/internal/di/MethodRequestor')}
  0x00000268ebc605c4: 0000 48bb | a099 77c6 | 6802 0000 | 4883 abe0 | 0200 0001 | e900 1100 | 00e9 0000 | 0000 4889 
  0x00000268ebc605e4: b424 e000 | 0000 8b7a | 2848 c1e7 | 0348 3b06 

  0x00000268ebc605f4: ;   {metadata(method data for {method} {0x00000268c579ff38} 'execute' '()Ljava/lang/Object;' in 'org/eclipse/e4/core/internal/di/MethodRequestor')}
  0x00000268ebc605f4: 488b de48 | b8a0 9977 | c668 0200 | 0048 8380 | 1803 0000 

  0x00000268ebc60608: ;   {metadata(method data for {method} {0x0000026883043cd8} 'invoke' '(Ljava/lang/Object;[Ljava/lang/Object;)Ljava/lang/Object;' in 'java/lang/reflect/Method')}
  0x00000268ebc60608: 0148 bb48 | 6036 c468 | 0200 008b | 83cc 0000 | 0083 c002 | 8983 cc00 | 0000 25fe | ff1f 0085 
  0x00000268ebc60628: c00f 84bc | 1000 0048 

  0x00000268ebc60630: ;   {metadata(method data for {method} {0x0000026883043cd8} 'invoke' '(Ljava/lang/Object;[Ljava/lang/Object;)Ljava/lang/Object;' in 'java/lang/reflect/Method')}
  0x00000268ebc60630: 8bde 48b8 | 4860 36c4 | 6802 0000 | 4883 8010 | 0100 0001 | 488b d648 | 89bc 24e8 

  0x00000268ebc6064c: ;   {optimized virtual_call}
  0x00000268ebc6064c: 0000 00e8 

  0x00000268ebc60650: ; ImmutableOopMap {[184]=Oop [192]=Oop [224]=Oop [232]=Oop }
                      ;*invokevirtual isCallerSensitive {reexecute=0 rethrow=0 return_oop=0}
                      ; - java.lang.reflect.Method::invoke@1
                      ; - org.eclipse.e4.core.internal.di.MethodRequestor::execute@77 (line 56)
  0x00000268ebc60650: ac46 c2ff 

  0x00000268ebc60654: ;   {other}
  0x00000268ebc60654: 0f1f 8400 | c415 0007 | 488b b424 | e000 0000 | 0fbe 7e0c 

  0x00000268ebc60668: ;   {metadata(method data for {method} {0x0000026883043cd8} 'invoke' '(Ljava/lang/Object;[Ljava/lang/Object;)Ljava/lang/Object;' in 'java/lang/reflect/Method')}
  0x00000268ebc60668: 85ff 48bf | 4860 36c4 | 6802 0000 | 48c7 c348 | 0100 0074 | 0748 c7c3 | 5801 0000 | 488b 141f 
  0x00000268ebc60688: 488d 5201 | 4889 141f | 0f84 4400 | 0000 85c0 

  0x00000268ebc60698: ;   {metadata(method data for {method} {0x0000026883043cd8} 'invoke' '(Ljava/lang/Object;[Ljava/lang/Object;)Ljava/lang/Object;' in 'java/lang/reflect/Method')}
  0x00000268ebc60698: 48bf 4860 | 36c4 6802 | 0000 48c7 | c378 0100 | 0075 0748 | c7c3 6801 | 0000 488b | 141f 488d 
  0x00000268ebc606b8: 5201 4889 | 141f 0f85 | 1600 0000 

  0x00000268ebc606c4: ;   {oop(nullptr)}
  0x00000268ebc606c4: 48bb 0000 | 0000 0000 | 0000 8984 | 24f0 0000 | 00e9 3500 | 0000 8984 | 24f0 0000 

  0x00000268ebc606e0: ;   {metadata(method data for {method} {0x0000026883043cd8} 'invoke' '(Ljava/lang/Object;[Ljava/lang/Object;)Ljava/lang/Object;' in 'java/lang/reflect/Method')}
  0x00000268ebc606e0: 0048 bf48 | 6036 c468 | 0200 0048 | 8387 8801 | 0000 010f 

  0x00000268ebc606f4: ;   {static_call}
  0x00000268ebc606f4: 1f40 00e8 

  0x00000268ebc606f8: ; ImmutableOopMap {[184]=Oop [192]=Oop [224]=Oop [232]=Oop }
                      ;*invokestatic getCallerClass {reexecute=0 rethrow=0 return_oop=0}
                      ; - java.lang.reflect.Method::invoke@19
                      ; - org.eclipse.e4.core.internal.di.MethodRequestor::execute@77 (line 56)
  0x00000268ebc606f8: 84e9 df06 

  0x00000268ebc606fc: ;   {other}
  0x00000268ebc606fc: 0f1f 8400 | 6c16 0008 | 488b d848 | 8bb4 24e0 | 0000 0044 | 0fbe 460c 

  0x00000268ebc60714: ;   {metadata(method data for {method} {0x0000026883043cd8} 'invoke' '(Ljava/lang/Object;[Ljava/lang/Object;)Ljava/lang/Object;' in 'java/lang/reflect/Method')}
  0x00000268ebc60714: 4585 c049 | b848 6036 | c468 0200 | 0049 c7c1 | a801 0000 | 7407 49c7 | c198 0100 | 004b 8b3c 
  0x00000268ebc60734: 0848 8d7f | 014b 893c | 080f 840d | 0000 0048 | 899c 24f8 | 0000 00e9 | 7401 0000 | 448b 4e24 
  0x00000268ebc60754: 49c1 e103 

  0x00000268ebc60758: ;   {metadata(method data for {method} {0x0000026883043cd8} 'invoke' '(Ljava/lang/Object;[Ljava/lang/Object;)Ljava/lang/Object;' in 'java/lang/reflect/Method')}
  0x00000268ebc60758: 8b56 2049 | b848 6036 | c468 0200 | 0049 8380 | b801 0000 

  0x00000268ebc6076c: ;   {metadata(method data for {method} {0x00000268833dc098} 'isStatic' '(I)Z' in 'java/lang/reflect/Modifier')}
  0x00000268ebc6076c: 0149 b8b0 | 3406 c468 | 0200 0041 | 8bb8 cc00 | 0000 83c7 | 0241 89b8 | cc00 0000 | 81e7 feff 
  0x00000268ebc6078c: 1f00 85ff | 0f84 760f | 0000 4c8b | c241 83e0 | 0845 85c0 

  0x00000268ebc607a0: ;   {metadata(method data for {method} {0x00000268833dc098} 'isStatic' '(I)Z' in 'java/lang/reflect/Modifier')}
  0x00000268ebc607a0: 49b8 b034 | 06c4 6802 | 0000 48c7 | c710 0100 | 0074 0748 | c7c7 2001 | 0000 498b | 0438 488d 
  0x00000268ebc607c0: 4001 4989 | 0438 0f84 | 1c00 0000 

  0x00000268ebc607cc: ;   {metadata(method data for {method} {0x00000268833dc098} 'isStatic' '(I)Z' in 'java/lang/reflect/Modifier')}
  0x00000268ebc607cc: 49b8 b034 | 06c4 6802 | 0000 41ff | 8030 0100 | 0041 b801 | 0000 00e9 | 0600 0000 | 41b8 0000 
  0x00000268ebc607ec: 0000 4183 | e001 4585 

  0x00000268ebc607f4: ;   {metadata(method data for {method} {0x0000026883043cd8} 'invoke' '(Ljava/lang/Object;[Ljava/lang/Object;)Ljava/lang/Object;' in 'java/lang/reflect/Method')}
  0x00000268ebc607f4: c049 b848 | 6036 c468 | 0200 0048 | c7c7 c801 | 0000 7407 | 48c7 c7d8 | 0100 0049 | 8b04 3848 
  0x00000268ebc60814: 8d40 0149 | 8904 380f | 8420 0000 

  0x00000268ebc60820: ;   {metadata(method data for {method} {0x0000026883043cd8} 'invoke' '(Ljava/lang/Object;[Ljava/lang/Object;)Ljava/lang/Object;' in 'java/lang/reflect/Method')}
  0x00000268ebc60820: 0049 b848 | 6036 c468 | 0200 0041 | ff80 e801 

  0x00000268ebc60830: ;   {oop(nullptr)}
  0x00000268ebc60830: 0000 48bf | 0000 0000 | 0000 0000 | e943 0000 | 0048 8b84 | 24c0 0000 | 0048 3b00 

  0x00000268ebc6084c: ;   {metadata(method data for {method} {0x0000026883043cd8} 'invoke' '(Ljava/lang/Object;[Ljava/lang/Object;)Ljava/lang/Object;' in 'java/lang/reflect/Method')}
  0x00000268ebc6084c: 4c8b c048 | bf48 6036 | c468 0200 | 0048 8387 | 0002 0000 | 0144 8b40 | 0849 ba00 | 0000 8368 
  0x00000268ebc6086c: 0200 004d | 03c2 4d8b | 4070 4d8b | 0049 8bf8 | 4889 8424 | c000 0000 

  0x00000268ebc60884: ;   {metadata(method data for {method} {0x0000026883043cd8} 'invoke' '(Ljava/lang/Object;[Ljava/lang/Object;)Ljava/lang/Object;' in 'java/lang/reflect/Method')}
  0x00000268ebc60884: 4c8b c648 | b948 6036 | c468 0200 | 0048 8381 | 3802 0000 | 014c 8bc3 | 488b ce48 | 8bf2 488b 
  0x00000268ebc608a4: d148 899c | 24f8 0000 

  0x00000268ebc608ac: ;   {optimized virtual_call}
  0x00000268ebc608ac: 0066 90e8 

  0x00000268ebc608b0: ; ImmutableOopMap {[184]=Oop [192]=Oop [224]=Oop [232]=Oop [248]=Oop }
                      ;*invokevirtual checkAccess {reexecute=0 rethrow=0 return_oop=0}
                      ; - java.lang.reflect.Method::invoke@60
                      ; - org.eclipse.e4.core.internal.di.MethodRequestor::execute@77 (line 56)
  0x00000268ebc608b0: cce1 df06 

  0x00000268ebc608b4: ;   {other}
  0x00000268ebc608b4: 0f1f 8400 | 2418 0009 | 488b b424 | e000 0000 | 8b56 4c48 | c1e2 0348 

  0x00000268ebc608cc: ;   {metadata(method data for {method} {0x0000026883043cd8} 'invoke' '(Ljava/lang/Object;[Ljava/lang/Object;)Ljava/lang/Object;' in 'java/lang/reflect/Method')}
  0x00000268ebc608cc: 85d2 48bf | 4860 36c4 | 6802 0000 | 48c7 c370 | 0200 0075 | 0748 c7c3 | 8002 0000 | 488b 041f 
  0x00000268ebc608ec: 488d 4001 | 4889 041f | 0f85 2d00 | 0000 488b 

  0x00000268ebc608fc: ;   {metadata(method data for {method} {0x0000026883043cd8} 'invoke' '(Ljava/lang/Object;[Ljava/lang/Object;)Ljava/lang/Object;' in 'java/lang/reflect/Method')}
  0x00000268ebc608fc: d648 bf48 | 6036 c468 | 0200 0048 | 8387 9002 | 0000 0148 | 8bd6 0f1f 

  0x00000268ebc60914: ;   {optimized virtual_call}
  0x00000268ebc60914: 4400 00e8 

  0x00000268ebc60918: ; ImmutableOopMap {[184]=Oop [192]=Oop [232]=Oop [248]=Oop }
                      ;*invokevirtual acquireMethodAccessor {reexecute=0 rethrow=0 return_oop=0}
                      ; - java.lang.reflect.Method::invoke@75
                      ; - org.eclipse.e4.core.internal.di.MethodRequestor::execute@77 (line 56)
  0x00000268ebc60918: 8d12 0000 

  0x00000268ebc6091c: ;   {other}
  0x00000268ebc6091c: 0f1f 8400 | 8c18 000a | 488b d08b | 8424 f000 | 0000 85c0 

  0x00000268ebc60930: ;   {metadata(method data for {method} {0x0000026883043cd8} 'invoke' '(Ljava/lang/Object;[Ljava/lang/Object;)Ljava/lang/Object;' in 'java/lang/reflect/Method')}
  0x00000268ebc60930: 49b8 4860 | 36c4 6802 | 0000 49c7 | c1c8 0200 | 0074 0749 | c7c1 d802 | 0000 4b8b | 3c08 488d 
  0x00000268ebc60950: 7f01 4b89 | 3c08 0f84 | e600 0000 | 488b 9c24 | f800 0000 

  0x00000268ebc60964: ; implicit exception: dispatches to 0x00000268ebc61732
  0x00000268ebc60964: 483b 024c 

  0x00000268ebc60968: ;   {metadata(method data for {method} {0x0000026883043cd8} 'invoke' '(Ljava/lang/Object;[Ljava/lang/Object;)Ljava/lang/Object;' in 'java/lang/reflect/Method')}
  0x00000268ebc60968: 8bc2 49b9 | 4860 36c4 | 6802 0000 | 458b 4008 | 49ba 0000 | 0083 6802 | 0000 4d03 | c24d 3b81 
  0x00000268ebc60988: f802 0000 | 750d 4983 | 8100 0300 | 0001 e960 | 0000 004d | 3b81 0803 | 0000 750d | 4983 8110 
  0x00000268ebc609a8: 0300 0001 | e94a 0000 | 0049 83b9 | f802 0000 | 0075 174d | 8981 f802 | 0000 49c7 | 8100 0300 
  0x00000268ebc609c8: 0001 0000 | 00e9 2900 | 0000 4983 | b908 0300 | 0000 7517 | 4d89 8108 | 0300 0049 | c781 1003 
  0x00000268ebc609e8: 0000 0100 | 0000 e908 | 0000 0049 | 8381 e802 | 0000 014c | 8b84 24c0 | 0000 004c | 8b8c 24e8 
  0x00000268ebc60a08: 0000 0048 | 8bfb 0f1f | 8000 0000 | 0048 b8ff | ffff ffff 

  0x00000268ebc60a1c: ;   {virtual_call}
  0x00000268ebc60a1c: ffff ffe8 

  0x00000268ebc60a20: ; ImmutableOopMap {[184]=Oop }
                      ;*invokeinterface invoke {reexecute=0 rethrow=0 return_oop=0}
                      ; - java.lang.reflect.Method::invoke@90
                      ; - org.eclipse.e4.core.internal.di.MethodRequestor::execute@77 (line 56)
  0x00000268ebc60a20: 5ce3 df06 

  0x00000268ebc60a24: ;   {other}
  0x00000268ebc60a24: 0f1f 8400 | 9419 000b 

  0x00000268ebc60a2c: ;   {metadata(method data for {method} {0x0000026883043cd8} 'invoke' '(Ljava/lang/Object;[Ljava/lang/Object;)Ljava/lang/Object;' in 'java/lang/reflect/Method')}
  0x00000268ebc60a2c: 49b8 4860 | 36c4 6802 | 0000 41ff | 8020 0300 | 00e9 c200 | 0000 488b | bc24 e800 | 0000 483b 
  0x00000268ebc60a4c: 024c 8bc2 

  0x00000268ebc60a50: ;   {metadata(method data for {method} {0x0000026883043cd8} 'invoke' '(Ljava/lang/Object;[Ljava/lang/Object;)Ljava/lang/Object;' in 'java/lang/reflect/Method')}
  0x00000268ebc60a50: 49b9 4860 | 36c4 6802 | 0000 458b | 4008 49ba | 0000 0083 | 6802 0000 | 4d03 c24d | 3b81 4803 
  0x00000268ebc60a70: 0000 750d | 4983 8150 | 0300 0001 | e960 0000 | 004d 3b81 | 5803 0000 | 750d 4983 | 8160 0300 
  0x00000268ebc60a90: 0001 e94a | 0000 0049 | 83b9 4803 | 0000 0075 | 174d 8981 | 4803 0000 | 49c7 8150 | 0300 0001 
  0x00000268ebc60ab0: 0000 00e9 | 2900 0000 | 4983 b958 | 0300 0000 | 7517 4d89 | 8158 0300 | 0049 c781 | 6003 0000 
  0x00000268ebc60ad0: 0100 0000 | e908 0000 | 0049 8381 | 3803 0000 | 014c 8b84 | 24c0 0000 | 004c 8bcf | 9048 b8b8 
  0x00000268ebc60af0: dc19 8368 

  0x00000268ebc60af4: ;   {virtual_call}
  0x00000268ebc60af4: 0200 00e8 

  0x00000268ebc60af8: ; ImmutableOopMap {[184]=Oop }
                      ;*invokeinterface invoke {reexecute=0 rethrow=0 return_oop=0}
                      ; - java.lang.reflect.Method::invoke@102
                      ; - org.eclipse.e4.core.internal.di.MethodRequestor::execute@77 (line 56)
  0x00000268ebc60af8: 649b c2ff 

  0x00000268ebc60afc: ;   {other}
  0x00000268ebc60afc: 0f1f 8400 | 6c1a 000c 

  0x00000268ebc60b04: ;   {metadata(method data for {method} {0x00000268c579ff38} 'execute' '()Ljava/lang/Object;' in 'org/eclipse/e4/core/internal/di/MethodRequestor')}
  0x00000268ebc60b04: 48ba a099 | 77c6 6802 | 0000 ff82 | 5003 0000 | 8bbc 24d4 | 0000 0085 

  0x00000268ebc60b1c: ;   {metadata(method data for {method} {0x00000268c579ff38} 'execute' '()Ljava/lang/Object;' in 'org/eclipse/e4/core/internal/di/MethodRequestor')}
  0x00000268ebc60b1c: ff48 baa0 | 9977 c668 | 0200 0048 | c7c6 1805 | 0000 7407 | 48c7 c628 | 0500 0048 | 8b3c 3248 
  0x00000268ebc60b3c: 8d7f 0148 | 893c 3248 | 8984 2400 | 0100 000f | 844b 0000 | 0048 8b94 | 24b8 0000 | 008b 7220 
  0x00000268ebc60b5c: 48c1 e603 

  0x00000268ebc60b60: ; implicit exception: dispatches to 0x00000268ebc6173c
  0x00000268ebc60b60: 483b 0648 

  0x00000268ebc60b64: ;   {metadata(method data for {method} {0x00000268c579ff38} 'execute' '()Ljava/lang/Object;' in 'org/eclipse/e4/core/internal/di/MethodRequestor')}
  0x00000268ebc60b64: 8bfe 48bb | a099 77c6 | 6802 0000 

  0x00000268ebc60b70: ;   {metadata('org/eclipse/e4/core/internal/contexts/ContextObjectSupplier')}
  0x00000268ebc60b70: 49ba a8d6 | 2b84 6802 | 0000 4c89 | 9348 0500 | 0048 8383 | 5005 0000 | 0148 8bd6 

  0x00000268ebc60b8c: ;   {optimized virtual_call}
  0x00000268ebc60b8c: 6666 90e8 

  0x00000268ebc60b90: ; ImmutableOopMap {[184]=Oop [256]=Oop }
                      ;*invokevirtual resumeRecording {reexecute=0 rethrow=0 return_oop=0}
                      ; - org.eclipse.e4.core.internal.di.MethodRequestor::execute@167 (line 69)
  0x00000268ebc60b90: eca7 a5ff 

  0x00000268ebc60b94: ;   {other}
  0x00000268ebc60b94: 0f1f 8400 | 041b 000d | 488b 9424 | b800 0000 

  0x00000268ebc60ba4: ;   {metadata(method data for {method} {0x00000268c579ff38} 'execute' '()Ljava/lang/Object;' in 'org/eclipse/e4/core/internal/di/MethodRequestor')}
  0x00000268ebc60ba4: 488b c248 | bea0 9977 | c668 0200 | 008b 4008 | 49ba 0000 | 0083 6802 | 0000 4903 | c248 3b86 
  0x00000268ebc60bc4: 8005 0000 | 750d 4883 | 8688 0500 | 0001 e960 | 0000 0048 | 3b86 9005 | 0000 750d | 4883 8698 
  0x00000268ebc60be4: 0500 0001 | e94a 0000 | 0048 83be | 8005 0000 | 0075 1748 | 8986 8005 | 0000 48c7 | 8688 0500 
  0x00000268ebc60c04: 0001 0000 | 00e9 2900 | 0000 4883 | be90 0500 | 0000 7517 | 4889 8690 | 0500 0048 | c786 9805 
  0x00000268ebc60c24: 0000 0100 | 0000 e908 | 0000 0048 | 8386 7005 

  0x00000268ebc60c34: ;   {metadata(method data for {method} {0x00000268c579f8b8} 'clearResolvedArgs' '()V' in 'org/eclipse/e4/core/internal/di/Requestor')}
  0x00000268ebc60c34: 0000 0148 | b8d0 8277 | c668 0200 | 008b b0cc | 0000 0083 | c602 89b0 | cc00 0000 | 81e6 feff 
  0x00000268ebc60c54: 1f00 85f6 | 0f84 e30a | 0000 448b | 4228 49c1 | e003 4d85 

  0x00000268ebc60c68: ;   {metadata(method data for {method} {0x00000268c579f8b8} 'clearResolvedArgs' '()V' in 'org/eclipse/e4/core/internal/di/Requestor')}
  0x00000268ebc60c68: c048 b8d0 | 8277 c668 | 0200 0048 | c7c6 1001 | 0000 7507 | 48c7 c620 | 0100 0048 | 8b3c 3048 
  0x00000268ebc60c88: 8d7f 0148 | 893c 300f | 852c 0200 | 00e9 7602 | 0000 488b | 9424 b800 | 0000 498b | 87f8 0400 
  0x00000268ebc60ca8: 004d 33d2 | 4d89 97f8 | 0400 004d | 33d2 4d89 | 9700 0500 | 0048 8bd8 

  0x00000268ebc60cc0: ;   {metadata(method data for {method} {0x00000268c579ff38} 'execute' '()Ljava/lang/Object;' in 'org/eclipse/e4/core/internal/di/MethodRequestor')}
  0x00000268ebc60cc0: 488b f348 | b8a0 9977 | c668 0200 

  0x00000268ebc60ccc: ;   {metadata('java/lang/reflect/InvocationTargetException')}
  0x00000268ebc60ccc: 0049 ba88 | 4c04 8468 | 0200 004c | 8990 8803 | 0000 4883 | 8090 0300 | 0001 448b | 4324 49c1 
  0x00000268ebc60cec: e003 4d85 

  0x00000268ebc60cf0: ;   {metadata(method data for {method} {0x00000268c579ff38} 'execute' '()Ljava/lang/Object;' in 'org/eclipse/e4/core/internal/di/MethodRequestor')}
  0x00000268ebc60cf0: c075 1648 | b9a0 9977 | c668 0200 | 0080 89a9 | 0300 0001 | e9cf 0000 

  0x00000268ebc60d08: ;   {metadata('java/lang/Error')}
  0x00000268ebc60d08: 0049 b9c8 | 0701 8368 | 0200 0041 | 8b48 0849 | ba00 0000 | 8368 0200 | 0049 03ca | 4c3b 4940 
  0x00000268ebc60d28: 0f85 8e00 

  0x00000268ebc60d2c: ;   {metadata(method data for {method} {0x00000268c579ff38} 'execute' '()Ljava/lang/Object;' in 'org/eclipse/e4/core/internal/di/MethodRequestor')}
  0x00000268ebc60d2c: 0000 48b9 | a099 77c6 | 6802 0000 | 458b 4808 | 49ba 0000 | 0083 6802 | 0000 4d03 | ca4c 3b89 
  0x00000268ebc60d4c: c003 0000 | 750d 4883 | 81c8 0300 | 0001 e97e | 0000 004c | 3b89 d003 | 0000 750d | 4883 81d8 
  0x00000268ebc60d6c: 0300 0001 | e968 0000 | 0048 83b9 | c003 0000 | 0075 174c | 8989 c003 | 0000 48c7 | 81c8 0300 
  0x00000268ebc60d8c: 0001 0000 | 00e9 4700 | 0000 4883 | b9d0 0300 | 0000 7517 | 4c89 89d0 | 0300 0048 | c781 d803 
  0x00000268ebc60dac: 0000 0100 | 0000 e926 | 0000 00e9 | 2100 0000 

  0x00000268ebc60dbc: ;   {metadata(method data for {method} {0x00000268c579ff38} 'execute' '()Ljava/lang/Object;' in 'org/eclipse/e4/core/internal/di/MethodRequestor')}
  0x00000268ebc60dbc: 48b9 a099 | 77c6 6802 | 0000 4883 | a9b0 0300 | 0001 e905 | 0000 00e9 | 0500 0000 | 4833 f6eb 
  0x00000268ebc60ddc: 0748 c7c6 | 0100 0000 

  0x00000268ebc60de4: ;   {metadata(method data for {method} {0x00000268c579ff38} 'execute' '()Ljava/lang/Object;' in 'org/eclipse/e4/core/internal/di/MethodRequestor')}
  0x00000268ebc60de4: 85f6 48be | a099 77c6 | 6802 0000 | 48c7 c0f8 | 0300 0075 | 0748 c7c0 | e803 0000 | 488b 0c06 
  0x00000268ebc60e04: 488d 4901 | 4889 0c06 | 89bc 24d4 | 0000 000f | 85b3 0100 | 000f 1f80 | 0000 0000 

  0x00000268ebc60e20: ;   {no_reloc}
  0x00000268ebc60e20: e94c 0900 | 0000 0000 | 0000 80ba | 2101 0000 | 040f 8549 | 0900 0049 | 8b87 b801 | 0000 488d 
  0x00000268ebc60e40: 7828 493b | bfc8 0100 | 000f 8731 | 0900 0049 | 89bf b801 | 0000 48c7 | 0001 0000 | 0048 8bca 
  0x00000268ebc60e60: 49ba 0000 | 0083 6802 | 0000 492b | ca89 4808 | 4833 c989 | 480c 4833 | c948 8948 | 1048 8948 
  0x00000268ebc60e80: 1848 8948 | 204d 85c0 

  0x00000268ebc60e88: ;   {metadata(method data for {method} {0x00000268c579ff38} 'execute' '()Ljava/lang/Object;' in 'org/eclipse/e4/core/internal/di/MethodRequestor')}
  0x00000268ebc60e88: 48ba a099 | 77c6 6802 | 0000 48c7 | c640 0400 | 0074 0748 | c7c6 5004 | 0000 488b | 3c32 488d 
  0x00000268ebc60ea8: 7f01 4889 | 3c32 488b | 9424 b800 | 0000 0f84 | c700 0000 | e9ad 0000 

  0x00000268ebc60ec0: ;   {metadata(method data for {method} {0x00000268c579f8b8} 'clearResolvedArgs' '()V' in 'org/eclipse/e4/core/internal/di/Requestor')}
  0x00000268ebc60ec0: 0048 bed0 | 8277 c668 | 0200 0048 | 8386 3001 | 0000 0149 

  0x00000268ebc60ed4: ;   {oop(nullptr)}
  0x00000268ebc60ed4: 8bd0 49b8 | 0000 0000 | 0000 0000 | 0f1f 8000 

  0x00000268ebc60ee4: ;   {static_call}
  0x00000268ebc60ee4: 0000 00e8 

  0x00000268ebc60ee8: ; ImmutableOopMap {[184]=Oop [256]=Oop }
                      ;*invokestatic fill {reexecute=0 rethrow=0 return_oop=0}
                      ; - org.eclipse.e4.core.internal.di.Requestor::clearResolvedArgs@13 (line 195)
                      ; - org.eclipse.e4.core.internal.di.MethodRequestor::execute@171 (line 70)
  0x00000268ebc60ee8: 5403 8d00 

  0x00000268ebc60eec: ;   {other}
  0x00000268ebc60eec: 0f1f 8400 | 5c1e 000e | 410f be47 | 4085 c048 | 8b94 24b8 | 0000 000f | 8584 0800 | 00c7 4228 
  0x00000268ebc60f0c: 0000 0000 | 488b 8424 | 0001 0000 | 4881 c450 | 0100 005d 

  0x00000268ebc60f20: ;   {poll_return}
  0x00000268ebc60f20: 493b a748 | 0400 000f | 877f 0800 

  0x00000268ebc60f2c: ;   {oop(nullptr)}
  0x00000268ebc60f2c: 00c3 48b8 | 0000 0000 | 0000 0000 | 4881 c450 | 0100 005d 

  0x00000268ebc60f40: ;   {poll_return}
  0x00000268ebc60f40: 493b a748 | 0400 000f | 8775 0800 

  0x00000268ebc60f4c: ;   {oop(nullptr)}
  0x00000268ebc60f4c: 00c3 48b8 | 0000 0000 | 0000 0000 | 4881 c450 | 0100 005d 

  0x00000268ebc60f60: ;   {poll_return}
  0x00000268ebc60f60: 493b a748 | 0400 000f | 876b 0800 

  0x00000268ebc60f6c: ;   {metadata(method data for {method} {0x00000268c579ff38} 'execute' '()Ljava/lang/Object;' in 'org/eclipse/e4/core/internal/di/MethodRequestor')}
  0x00000268ebc60f6c: 00c3 48be | a099 77c6 | 6802 0000 | ff86 6004 | 0000 e903 | 0000 004c | 8bc3 488b 

  0x00000268ebc60f88: ;   {metadata(method data for {method} {0x00000268c579ff38} 'execute' '()Ljava/lang/Object;' in 'org/eclipse/e4/core/internal/di/MethodRequestor')}
  0x00000268ebc60f88: f048 bba0 | 9977 c668 | 0200 0048 | 8383 7804 | 0000 0148 | 8bd0 4889 | 8424 0801 

  0x00000268ebc60fa4: ;   {optimized virtual_call}
  0x00000268ebc60fa4: 0000 90e8 

  0x00000268ebc60fa8: ; ImmutableOopMap {[184]=Oop [264]=Oop }
                      ;*invokespecial <init> {reexecute=0 rethrow=0 return_oop=0}
                      ; - org.eclipse.e4.core.internal.di.MethodRequestor::execute@135 (line 66)
  0x00000268ebc60fa8: d4da df06 

  0x00000268ebc60fac: ;   {other}
  0x00000268ebc60fac: 0f1f 8400 | 1c1f 000f | 488b 8424 

  0x00000268ebc60fb8: ; ImmutableOopMap {rax=Oop [184]=Oop }
                      ;*athrow {reexecute=1 rethrow=0 return_oop=0}
                      ; - (reexecute) org.eclipse.e4.core.internal.di.MethodRequestor::execute@138 (line 66)
  0x00000268ebc60fb8: 0801 0000 

  0x00000268ebc60fbc: ;   {section_word}
  0x00000268ebc60fbc: 48ba bc0f | c6eb 6802 

  0x00000268ebc60fc4: ;   {runtime_call handle_exception_nofpu Runtime1 stub}
  0x00000268ebc60fc4: 0000 e8b5 | 5aec 0690 | 4d85 c075 

  0x00000268ebc60fd0: ;   {metadata(method data for {method} {0x00000268c579ff38} 'execute' '()Ljava/lang/Object;' in 'org/eclipse/e4/core/internal/di/MethodRequestor')}
  0x00000268ebc60fd0: 1648 bea0 | 9977 c668 | 0200 0080 | 8e01 0400 | 0001 e9cf 

  0x00000268ebc60fe4: ;   {metadata('java/lang/Error')}
  0x00000268ebc60fe4: 0000 0048 | bfc8 0701 | 8368 0200 | 0041 8b70 | 0849 ba00 | 0000 8368 | 0200 0049 | 03f2 483b 
  0x00000268ebc61004: 7e40 0f85 | 8e00 0000 

  0x00000268ebc6100c: ;   {metadata(method data for {method} {0x00000268c579ff38} 'execute' '()Ljava/lang/Object;' in 'org/eclipse/e4/core/internal/di/MethodRequestor')}
  0x00000268ebc6100c: 48be a099 | 77c6 6802 | 0000 418b | 7808 49ba | 0000 0083 | 6802 0000 | 4903 fa48 | 3bbe 1804 
  0x00000268ebc6102c: 0000 750d | 4883 8620 | 0400 0001 | e979 0000 | 0048 3bbe | 2804 0000 | 750d 4883 | 8630 0400 
  0x00000268ebc6104c: 0001 e963 | 0000 0048 | 83be 1804 | 0000 0075 | 1748 89be | 1804 0000 | 48c7 8620 | 0400 0001 
  0x00000268ebc6106c: 0000 00e9 | 4200 0000 | 4883 be28 | 0400 0000 | 7517 4889 | be28 0400 | 0048 c786 | 3004 0000 
  0x00000268ebc6108c: 0100 0000 | e921 0000 | 00e9 1c00 

  0x00000268ebc61098: ;   {metadata(method data for {method} {0x00000268c579ff38} 'execute' '()Ljava/lang/Object;' in 'org/eclipse/e4/core/internal/di/MethodRequestor')}
  0x00000268ebc61098: 0000 48be | a099 77c6 | 6802 0000 | 4883 ae08 | 0400 0001 | e93d 0700 | 00e9 0000 | 0000 498b 
  0x00000268ebc610b8: ; ImmutableOopMap {rax=Oop [184]=Oop }
                      ;*athrow {reexecute=1 rethrow=0 return_oop=0}
                      ; - (reexecute) org.eclipse.e4.core.internal.di.MethodRequestor::execute@118 (line 64)
  0x00000268ebc610b8: c048 3b00 

  0x00000268ebc610bc: ;   {section_word}
  0x00000268ebc610bc: 48ba bc10 | c6eb 6802 

  0x00000268ebc610c4: ;   {runtime_call handle_exception_nofpu Runtime1 stub}
  0x00000268ebc610c4: 0000 e8b5 | 59ec 0690 | 498b 87f8 | 0400 004d | 33d2 4d89 | 97f8 0400 | 004d 33d2 | 4d89 9700 
  0x00000268ebc610e4: 0500 004c | 8bc0 660f | 1f44 0000 

  0x00000268ebc610f0: ;   {no_reloc}
  0x00000268ebc610f0: e916 0700 | 0000 0000 | 0000 80ba | 2101 0000 | 040f 8513 | 0700 0049 | 8b87 b801 | 0000 488d 
  0x00000268ebc61110: 7828 493b | bfc8 0100 | 000f 87fb | 0600 0049 | 89bf b801 | 0000 48c7 | 0001 0000 | 0048 8bca 
  0x00000268ebc61130: 49ba 0000 | 0083 6802 | 0000 492b | ca89 4808 | 4833 c989 | 480c 4833 | c948 8948 | 1048 8948 
  0x00000268ebc61150: 1848 8948 | 2048 8bd0 

  0x00000268ebc61158: ;   {metadata(method data for {method} {0x00000268c579ff38} 'execute' '()Ljava/lang/Object;' in 'org/eclipse/e4/core/internal/di/MethodRequestor')}
  0x00000268ebc61158: 48be a099 | 77c6 6802 | 0000 4883 | 8668 0300 | 0001 488b | d048 8984 | 2410 0100 

  0x00000268ebc61174: ;   {optimized virtual_call}
  0x00000268ebc61174: 0066 90e8 

  0x00000268ebc61178: ; ImmutableOopMap {[184]=Oop [272]=Oop }
                      ;*invokespecial <init> {reexecute=0 rethrow=0 return_oop=0}
                      ; - org.eclipse.e4.core.internal.di.MethodRequestor::execute@92 (line 58)
  0x00000268ebc61178: 04d9 df06 

  0x00000268ebc6117c: ;   {other}
  0x00000268ebc6117c: 0f1f 8400 | ec20 0012 | 488b 8424 

  0x00000268ebc61188: ; ImmutableOopMap {rax=Oop [184]=Oop }
                      ;*athrow {reexecute=1 rethrow=0 return_oop=0}
                      ; - (reexecute) org.eclipse.e4.core.internal.di.MethodRequestor::execute@95 (line 58)
  0x00000268ebc61188: 1001 0000 

  0x00000268ebc6118c: ;   {section_word}
  0x00000268ebc6118c: 48ba 8c11 | c6eb 6802 

  0x00000268ebc61194: ;   {runtime_call handle_exception_nofpu Runtime1 stub}
  0x00000268ebc61194: 0000 e8e5 | 58ec 0690 | 498b 87f8 | 0400 004d | 33d2 4d89 | 97f8 0400 | 004d 33d2 | 4d89 9700 
  0x00000268ebc611b4: 0500 0085 

  0x00000268ebc611b8: ;   {metadata(method data for {method} {0x00000268c579ff38} 'execute' '()Ljava/lang/Object;' in 'org/eclipse/e4/core/internal/di/MethodRequestor')}
  0x00000268ebc611b8: ff48 baa0 | 9977 c668 | 0200 0048 | c7c6 8804 | 0000 7407 | 48c7 c698 | 0400 0048 | 8b3c 3248 
  0x00000268ebc611d8: 8d7f 0148 | 893c 3248 | 8984 2418 | 0100 000f | 844f 0000 | 0048 8b94 | 24b8 0000 | 008b 7220 
  0x00000268ebc611f8: 48c1 e603 

  0x00000268ebc611fc: ; implicit exception: dispatches to 0x00000268ebc61827
  0x00000268ebc611fc: 483b 0648 

  0x00000268ebc61200: ;   {metadata(method data for {method} {0x00000268c579ff38} 'execute' '()Ljava/lang/Object;' in 'org/eclipse/e4/core/internal/di/MethodRequestor')}
  0x00000268ebc61200: 8bfe 48bb | a099 77c6 | 6802 0000 

  0x00000268ebc6120c: ;   {metadata('org/eclipse/e4/core/internal/contexts/ContextObjectSupplier')}
  0x00000268ebc6120c: 49ba a8d6 | 2b84 6802 | 0000 4c89 | 93b8 0400 | 0048 8383 | c004 0000 | 0148 8bd6 | 0f1f 8000 
  0x00000268ebc6122c: ;   {optimized virtual_call}
  0x00000268ebc6122c: 0000 00e8 

  0x00000268ebc61230: ; ImmutableOopMap {[184]=Oop [280]=Oop }
                      ;*invokevirtual resumeRecording {reexecute=0 rethrow=0 return_oop=0}
                      ; - org.eclipse.e4.core.internal.di.MethodRequestor::execute@149 (line 69)
  0x00000268ebc61230: 4cd8 df06 

  0x00000268ebc61234: ;   {other}
  0x00000268ebc61234: 0f1f 8400 | a421 0014 | 488b 9424 | b800 0000 

  0x00000268ebc61244: ;   {metadata(method data for {method} {0x00000268c579ff38} 'execute' '()Ljava/lang/Object;' in 'org/eclipse/e4/core/internal/di/MethodRequestor')}
  0x00000268ebc61244: 4c8b c248 | bea0 9977 | c668 0200 | 0045 8b40 | 0849 ba00 | 0000 8368 | 0200 004d | 03c2 4c3b 
  0x00000268ebc61264: 86f0 0400 | 0075 0d48 | 8386 f804 | 0000 01e9 | 6000 0000 | 4c3b 8600 | 0500 0075 | 0d48 8386 
  0x00000268ebc61284: 0805 0000 | 01e9 4a00 | 0000 4883 | bef0 0400 | 0000 7517 | 4c89 86f0 | 0400 0048 | c786 f804 
  0x00000268ebc612a4: 0000 0100 | 0000 e929 | 0000 0048 | 83be 0005 | 0000 0075 | 174c 8986 | 0005 0000 | 48c7 8608 
  0x00000268ebc612c4: 0500 0001 | 0000 00e9 | 0800 0000 | 4883 86e0 | 0400 0001 

  0x00000268ebc612d8: ;   {metadata(method data for {method} {0x00000268c579f8b8} 'clearResolvedArgs' '()V' in 'org/eclipse/e4/core/internal/di/Requestor')}
  0x00000268ebc612d8: 49b8 d082 | 77c6 6802 | 0000 418b | b0cc 0000 | 0083 c602 | 4189 b0cc | 0000 0081 | e6fe ff1f 
  0x00000268ebc612f8: 0085 f60f | 842b 0500 | 0044 8b42 | 2849 c1e0 | 034d 85c0 

  0x00000268ebc6130c: ;   {metadata(method data for {method} {0x00000268c579f8b8} 'clearResolvedArgs' '()V' in 'org/eclipse/e4/core/internal/di/Requestor')}
  0x00000268ebc6130c: 48be d082 | 77c6 6802 | 0000 48c7 | c720 0100 | 0074 0748 | c7c7 1001 | 0000 488b | 1c3e 488d 
  0x00000268ebc6132c: 5b01 4889 | 1c3e 0f84 | 4800 0000 

  0x00000268ebc61338: ;   {metadata(method data for {method} {0x00000268c579f8b8} 'clearResolvedArgs' '()V' in 'org/eclipse/e4/core/internal/di/Requestor')}
  0x00000268ebc61338: 48be d082 | 77c6 6802 | 0000 4883 | 8630 0100 | 0001 498b 

  0x00000268ebc6134c: ;   {oop(nullptr)}
  0x00000268ebc6134c: d049 b800 | 0000 0000 

  0x00000268ebc61354: ;   {static_call}
  0x00000268ebc61354: 0000 00e8 

  0x00000268ebc61358: ; ImmutableOopMap {[184]=Oop [280]=Oop }
                      ;*invokestatic fill {reexecute=0 rethrow=0 return_oop=0}
                      ; - org.eclipse.e4.core.internal.di.Requestor::clearResolvedArgs@13 (line 195)
                      ; - org.eclipse.e4.core.internal.di.MethodRequestor::execute@153 (line 70)
  0x00000268ebc61358: 24dd df06 

  0x00000268ebc6135c: ;   {other}
  0x00000268ebc6135c: 0f1f 8400 | cc22 0015 | 410f be47 | 4085 c048 | 8bb4 24b8 | 0000 000f | 85d4 0400 | 00c7 4628 
  0x00000268ebc6137c: 0000 0000 | 488b 8424 | 1801 0000 | e93d 0700 | 0048 8bb4 | 24b8 0000 | 0049 8b87 | f804 0000 
  0x00000268ebc6139c: 4d33 d24d | 8997 f804 | 0000 4d33 | d24d 8997 | 0005 0000 | 488b d048 | 8d84 2430 | 0100 0048 
  0x00000268ebc613bc: 8b18 4885 | db0f 840f | 0000 0048 | 8b48 08f0 | 480f b119 | 0f85 9604 | 0000 49ff | 8f48 0500 
  0x00000268ebc613dc: ; ImmutableOopMap {rdi=Oop rsi=Oop rax=Oop [184]=Oop [296]=Oop }
                      ;*invokevirtual addElement {reexecute=0 rethrow=0 return_oop=0}
                      ; - java.util.Stack::push@2
                      ; - org.eclipse.e4.core.internal.contexts.ContextObjectSupplier::pauseRecording@6 (line 215)
                      ; - org.eclipse.e4.core.internal.di.MethodRequestor::execute@49 (line 51)
  0x00000268ebc613dc: 0048 8bc2 

  0x00000268ebc613e0: ;   {section_word}
  0x00000268ebc613e0: 48ba e013 | c6eb 6802 

  0x00000268ebc613e8: ;   {runtime_call handle_exception_nofpu Runtime1 stub}
  0x00000268ebc613e8: 0000 e891 | 56ec 0690 | 498b 87f8 | 0400 004d | 33d2 4d89 | 97f8 0400 | 004d 33d2 | 4d89 9700 
  0x00000268ebc61408: 0500 0048 | 8bf0 488d | 8424 2001 | 0000 488b | 3848 85ff | 0f84 0f00 | 0000 488b | 5808 f048 
  0x00000268ebc61428: 0fb1 3b0f | 8551 0400 | 0049 ff8f | 4805 0000 | 488b c6e9 | 8a06 0000 

  0x00000268ebc61440: ;   {metadata({method} {0x00000268c579ff38} 'execute' '()Ljava/lang/Object;' in 'org/eclipse/e4/core/internal/di/MethodRequestor')}
  0x00000268ebc61440: 49ba 30ff | 79c5 6802 | 0000 4c89 | 5424 0848 | c704 24ff 

  0x00000268ebc61454: ;   {runtime_call counter_overflow Runtime1 stub}
  0x00000268ebc61454: ffff ffe8 

  0x00000268ebc61458: ; ImmutableOopMap {rdx=Oop [184]=Oop }
                      ;*synchronization entry
                      ; - org.eclipse.e4.core.internal.di.MethodRequestor::execute@-1 (line 41)
  0x00000268ebc61458: 2498 ec06 | e90d e1ff | ff48 8934 

  0x00000268ebc61464: ;   {runtime_call throw_class_cast_exception Runtime1 stub}
  0x00000268ebc61464: 24e8 9666 

  0x00000268ebc61468: ; ImmutableOopMap {rdx=Oop [184]=Oop }
                      ;*checkcast {reexecute=0 rethrow=0 return_oop=0}
                      ; - org.eclipse.e4.core.internal.di.MethodRequestor::execute@11 (line 42)
                      ;   {runtime_call throw_null_pointer_exception Runtime1 stub}
  0x00000268ebc61468: ec06 e891 

  0x00000268ebc6146c: ; ImmutableOopMap {rdx=Oop rsi=Oop [184]=Oop }
                      ;*invokevirtual getParameterTypes {reexecute=0 rethrow=0 return_oop=0}
                      ; - org.eclipse.e4.core.internal.di.MethodRequestor::execute@14 (line 42)
                      ;   {metadata({method} {0x0000026883041d00} 'getParameterTypes' '()[Ljava/lang/Class;' in 'java/lang/reflect/Method')}
  0x00000268ebc6146c: 52eb 0649 | baf8 1c04 | 8368 0200 | 004c 8954 | 2408 48c7 | 0424 ffff 

  0x00000268ebc61484: ;   {runtime_call counter_overflow Runtime1 stub}
  0x00000268ebc61484: ffff e8f5 

  0x00000268ebc61488: ; ImmutableOopMap {rdx=Oop rsi=Oop [184]=Oop }
                      ;*synchronization entry
                      ; - java.lang.reflect.Method::getParameterTypes@-1
                      ; - org.eclipse.e4.core.internal.di.MethodRequestor::execute@14 (line 42)
  0x00000268ebc61488: 97ec 06e9 | 41e2 ffff 

  0x00000268ebc61490: ;   {runtime_call throw_null_pointer_exception Runtime1 stub}
  0x00000268ebc61490: e86b 52eb 

  0x00000268ebc61494: ; ImmutableOopMap {rdx=Oop rsi=Oop [184]=Oop }
                      ;*invokevirtual clone {reexecute=0 rethrow=0 return_oop=0}
                      ; - java.lang.reflect.Method::getParameterTypes@4
                      ; - org.eclipse.e4.core.internal.di.MethodRequestor::execute@14 (line 42)
  0x00000268ebc61494: 0648 8904 

  0x00000268ebc61498: ;   {runtime_call throw_class_cast_exception Runtime1 stub}
  0x00000268ebc61498: 24e8 6266 

  0x00000268ebc6149c: ; ImmutableOopMap {[184]=Oop }
                      ;*checkcast {reexecute=0 rethrow=0 return_oop=0}
                      ; - java.lang.reflect.Method::getParameterTypes@7
                      ; - org.eclipse.e4.core.internal.di.MethodRequestor::execute@14 (line 42)
                      ;   {runtime_call throw_null_pointer_exception Runtime1 stub}
  0x00000268ebc6149c: ec06 e85d 

  0x00000268ebc614a0: ; ImmutableOopMap {[184]=Oop }
                      ;*arraylength {reexecute=0 rethrow=0 return_oop=0}
                      ; - org.eclipse.e4.core.internal.di.MethodRequestor::execute@17 (line 42)
                      ;   {metadata({method} {0x00000268c579eeb8} 'getRequestingObject' '()Ljava/lang/Object;' in 'org/eclipse/e4/core/internal/di/Requestor')}
  0x00000268ebc614a0: 52eb 0649 | bab0 ee79 | c568 0200 | 004c 8954 | 2408 48c7 | 0424 ffff 

  0x00000268ebc614b8: ;   {runtime_call counter_overflow Runtime1 stub}
  0x00000268ebc614b8: ffff e8c1 

  0x00000268ebc614bc: ; ImmutableOopMap {rdx=Oop [184]=Oop }
                      ;*synchronization entry
                      ; - org.eclipse.e4.core.internal.di.Requestor::getRequestingObject@-1 (line 106)
                      ; - org.eclipse.e4.core.internal.di.MethodRequestor::execute@24 (line 45)
  0x00000268ebc614bc: 97ec 06e9 | a6e4 ffff 

  0x00000268ebc614c4: ;   {runtime_call throw_null_pointer_exception Runtime1 stub}
  0x00000268ebc614c4: e837 52eb 

  0x00000268ebc614c8: ; ImmutableOopMap {rsi=Oop [184]=Oop }
                      ;*invokevirtual get {reexecute=0 rethrow=0 return_oop=0}
                      ; - org.eclipse.e4.core.internal.di.Requestor::getRequestingObject@13 (line 108)
                      ; - org.eclipse.e4.core.internal.di.MethodRequestor::execute@24 (line 45)
                      ;   {runtime_call throw_null_pointer_exception Runtime1 stub}
  0x00000268ebc614c8: 06e8 3252 

  0x00000268ebc614cc: ; ImmutableOopMap {rdi=Oop [184]=Oop [192]=Oop }
                      ;*invokevirtual pauseRecording {reexecute=0 rethrow=0 return_oop=0}
                      ; - org.eclipse.e4.core.internal.di.MethodRequestor::execute@49 (line 51)
  0x00000268ebc614cc: eb06 4889 | 7c24 0848 

  0x00000268ebc614d4: ;   {runtime_call monitorenter_nofpu Runtime1 stub}
  0x00000268ebc614d4: 891c 24e8 

  0x00000268ebc614d8: ; ImmutableOopMap {rdi=Oop [184]=Oop [192]=Oop [296]=Oop }
                      ;*synchronization entry
                      ; - org.eclipse.e4.core.internal.contexts.ContextObjectSupplier::pauseRecording@-1 (line 214)
                      ; - org.eclipse.e4.core.internal.di.MethodRequestor::execute@49 (line 51)
  0x00000268ebc614d8: 2472 ec06 | e977 e6ff 

  0x00000268ebc614e0: ;   {metadata({method} {0x00000268c5798070} 'pauseRecording' '()V' in 'org/eclipse/e4/core/internal/contexts/ContextObjectSupplier')}
  0x00000268ebc614e0: ff49 ba68 | 8079 c568 | 0200 004c | 8954 2408 | 48c7 0424 | ffff ffff 

  0x00000268ebc614f8: ;   {runtime_call counter_overflow Runtime1 stub}
  0x00000268ebc614f8: e883 97ec 

  0x00000268ebc614fc: ; ImmutableOopMap {rdi=Oop [184]=Oop [192]=Oop [296]=Oop }
                      ;*synchronization entry
                      ; - org.eclipse.e4.core.internal.contexts.ContextObjectSupplier::pauseRecording@-1 (line 214)
                      ; - org.eclipse.e4.core.internal.di.MethodRequestor::execute@49 (line 51)
  0x00000268ebc614fc: 06e9 7ce6 

  0x00000268ebc61500: ;   {metadata({method} {0x00000268c57824d0} 'getCalculatedComputations' '()Ljava/util/Stack;' in 'org/eclipse/e4/core/internal/contexts/EclipseContext')}
  0x00000268ebc61500: ffff 49ba | c824 78c5 | 6802 0000 | 4c89 5424 | 0848 c704 | 24ff ffff 

  0x00000268ebc61518: ;   {runtime_call counter_overflow Runtime1 stub}
  0x00000268ebc61518: ffe8 6297 

  0x00000268ebc6151c: ; ImmutableOopMap {[184]=Oop [192]=Oop [296]=Oop }
                      ;*synchronization entry
                      ; - org.eclipse.e4.core.internal.contexts.EclipseContext::getCalculatedComputations@-1 (line 734)
                      ; - org.eclipse.e4.core.internal.contexts.ContextObjectSupplier::pauseRecording@0 (line 214)
                      ; - org.eclipse.e4.core.internal.di.MethodRequestor::execute@49 (line 51)
  0x00000268ebc6151c: ec06 e994 

  0x00000268ebc61520: ;   {runtime_call throw_null_pointer_exception Runtime1 stub}
  0x00000268ebc61520: e6ff ffe8 

  0x00000268ebc61524: ; ImmutableOopMap {rdi=Oop [184]=Oop [192]=Oop [296]=Oop }
                      ;*invokevirtual get {reexecute=0 rethrow=0 return_oop=0}
                      ; - org.eclipse.e4.core.internal.contexts.EclipseContext::getCalculatedComputations@3 (line 734)
                      ; - org.eclipse.e4.core.internal.contexts.ContextObjectSupplier::pauseRecording@0 (line 214)
                      ; - org.eclipse.e4.core.internal.di.MethodRequestor::execute@49 (line 51)
  0x00000268ebc61524: d851 eb06 | 4889 0424 

  0x00000268ebc6152c: ;   {runtime_call throw_class_cast_exception Runtime1 stub}
  0x00000268ebc6152c: e8cf 65ec 

  0x00000268ebc61530: ; ImmutableOopMap {[184]=Oop [192]=Oop [296]=Oop }
                      ;*checkcast {reexecute=0 rethrow=0 return_oop=0}
                      ; - org.eclipse.e4.core.internal.contexts.EclipseContext::getCalculatedComputations@6 (line 734)
                      ; - org.eclipse.e4.core.internal.contexts.ContextObjectSupplier::pauseRecording@0 (line 214)
                      ; - org.eclipse.e4.core.internal.di.MethodRequestor::execute@49 (line 51)
  0x00000268ebc61530: 0648 8bd2 

  0x00000268ebc61534: ;   {runtime_call fast_new_instance Runtime1 stub}
  0x00000268ebc61534: e8c7 3cec 

  0x00000268ebc61538: ; ImmutableOopMap {[184]=Oop [192]=Oop [296]=Oop }
                      ;*new {reexecute=0 rethrow=0 return_oop=0}
                      ; - org.eclipse.e4.core.internal.contexts.EclipseContext::getCalculatedComputations@14 (line 736)
                      ; - org.eclipse.e4.core.internal.contexts.ContextObjectSupplier::pauseRecording@0 (line 214)
                      ; - org.eclipse.e4.core.internal.di.MethodRequestor::execute@49 (line 51)
  0x00000268ebc61538: 06e9 abe8 

  0x00000268ebc6153c: ;   {metadata({method} {0x00000268c4934d58} '<init>' '()V' in 'java/util/Stack')}
  0x00000268ebc6153c: ffff 49ba | 504d 93c4 | 6802 0000 | 4c89 5424 | 0848 c704 | 24ff ffff 

  0x00000268ebc61554: ;   {runtime_call counter_overflow Runtime1 stub}
  0x00000268ebc61554: ffe8 2697 

  0x00000268ebc61558: ; ImmutableOopMap {rax=Oop [184]=Oop [192]=Oop [296]=Oop }
                      ;*synchronization entry
                      ; - java.util.Stack::<init>@-1
                      ; - org.eclipse.e4.core.internal.contexts.EclipseContext::getCalculatedComputations@18 (line 736)
                      ; - org.eclipse.e4.core.internal.contexts.ContextObjectSupplier::pauseRecording@0 (line 214)
                      ; - org.eclipse.e4.core.internal.di.MethodRequestor::execute@49 (line 51)
  0x00000268ebc61558: ec06 e9cb 

  0x00000268ebc6155c: ;   {metadata({method} {0x00000268c4192070} '<init>' '()V' in 'java/util/Vector')}
  0x00000268ebc6155c: e8ff ff49 | ba68 2019 | c468 0200 | 004c 8954 | 2408 48c7 | 0424 ffff 

  0x00000268ebc61574: ;   {runtime_call counter_overflow Runtime1 stub}
  0x00000268ebc61574: ffff e805 

  0x00000268ebc61578: ; ImmutableOopMap {rax=Oop [184]=Oop [192]=Oop [296]=Oop }
                      ;*synchronization entry
                      ; - java.util.Vector::<init>@-1
                      ; - java.util.Stack::<init>@1
                      ; - org.eclipse.e4.core.internal.contexts.EclipseContext::getCalculatedComputations@18 (line 736)
                      ; - org.eclipse.e4.core.internal.contexts.ContextObjectSupplier::pauseRecording@0 (line 214)
                      ; - org.eclipse.e4.core.internal.di.MethodRequestor::execute@49 (line 51)
  0x00000268ebc61578: 97ec 06e9 | ebe8 ffff 

  0x00000268ebc61580: ;   {metadata({method} {0x00000268c4191fd8} '<init>' '(I)V' in 'java/util/Vector')}
  0x00000268ebc61580: 49ba d01f | 19c4 6802 | 0000 4c89 | 5424 0848 | c704 24ff 

  0x00000268ebc61594: ;   {runtime_call counter_overflow Runtime1 stub}
  0x00000268ebc61594: ffff ffe8 

  0x00000268ebc61598: ; ImmutableOopMap {rax=Oop [184]=Oop [192]=Oop [296]=Oop }
                      ;*synchronization entry
                      ; - java.util.Vector::<init>@-1
                      ; - java.util.Vector::<init>@3
                      ; - java.util.Stack::<init>@1
                      ; - org.eclipse.e4.core.internal.contexts.EclipseContext::getCalculatedComputations@18 (line 736)
                      ; - org.eclipse.e4.core.internal.contexts.ContextObjectSupplier::pauseRecording@0 (line 214)
                      ; - org.eclipse.e4.core.internal.di.MethodRequestor::execute@49 (line 51)
  0x00000268ebc61598: e496 ec06 | e90b e9ff 

  0x00000268ebc615a0: ;   {runtime_call throw_null_pointer_exception Runtime1 stub}
  0x00000268ebc615a0: ffe8 5a51 

  0x00000268ebc615a4: ; ImmutableOopMap {rdx=Oop [184]=Oop [192]=Oop [200]=Oop [296]=Oop }
                      ;*invokevirtual set {reexecute=0 rethrow=0 return_oop=0}
                      ; - org.eclipse.e4.core.internal.contexts.EclipseContext::getCalculatedComputations@26 (line 737)
                      ; - org.eclipse.e4.core.internal.contexts.ContextObjectSupplier::pauseRecording@0 (line 214)
                      ; - org.eclipse.e4.core.internal.di.MethodRequestor::execute@49 (line 51)
                      ;   {runtime_call throw_null_pointer_exception Runtime1 stub}
  0x00000268ebc615a4: eb06 e855 

  0x00000268ebc615a8: ; ImmutableOopMap {rdx=Oop [184]=Oop [192]=Oop [296]=Oop }
                      ;*invokevirtual push {reexecute=0 rethrow=0 return_oop=0}
                      ; - org.eclipse.e4.core.internal.contexts.ContextObjectSupplier::pauseRecording@6 (line 215)
                      ; - org.eclipse.e4.core.internal.di.MethodRequestor::execute@49 (line 51)
                      ;   {metadata({method} {0x00000268c4934df8} 'push' '(Ljava/lang/Object;)Ljava/lang/Object;' in 'java/util/Stack')}
  0x00000268ebc615a8: 51eb 0649 | baf0 4d93 | c468 0200 | 004c 8954 | 2408 48c7 | 0424 ffff 

  0x00000268ebc615c0: ;   {runtime_call counter_overflow Runtime1 stub}
  0x00000268ebc615c0: ffff e8b9 

  0x00000268ebc615c4: ; ImmutableOopMap {rdx=Oop [184]=Oop [192]=Oop [296]=Oop }
                      ;*synchronization entry
                      ; - java.util.Stack::push@-1
                      ; - org.eclipse.e4.core.internal.contexts.ContextObjectSupplier::pauseRecording@6 (line 215)
                      ; - org.eclipse.e4.core.internal.di.MethodRequestor::execute@49 (line 51)
  0x00000268ebc615c4: 96ec 06e9 | 34ea ffff | 4889 5424 | 084c 8904 

  0x00000268ebc615d4: ;   {runtime_call monitorenter_nofpu Runtime1 stub}
  0x00000268ebc615d4: 24e8 2671 

  0x00000268ebc615d8: ; ImmutableOopMap {rdx=Oop [184]=Oop [192]=Oop [296]=Oop [312]=Oop }
                      ;*synchronization entry
                      ; - java.util.Vector::addElement@-1
                      ; - java.util.Stack::push@2
                      ; - org.eclipse.e4.core.internal.contexts.ContextObjectSupplier::pauseRecording@6 (line 215)
                      ; - org.eclipse.e4.core.internal.di.MethodRequestor::execute@49 (line 51)
  0x00000268ebc615d8: ec06 e9ee 

  0x00000268ebc615dc: ;   {metadata({method} {0x00000268c4193270} 'addElement' '(Ljava/lang/Object;)V' in 'java/util/Vector')}
  0x00000268ebc615dc: eaff ff49 | ba68 3219 | c468 0200 | 004c 8954 | 2408 48c7 | 0424 ffff 

  0x00000268ebc615f4: ;   {runtime_call counter_overflow Runtime1 stub}
  0x00000268ebc615f4: ffff e885 

  0x00000268ebc615f8: ; ImmutableOopMap {rdx=Oop [184]=Oop [192]=Oop [296]=Oop [312]=Oop }
                      ;*synchronization entry
                      ; - java.util.Vector::addElement@-1
                      ; - java.util.Stack::push@2
                      ; - org.eclipse.e4.core.internal.contexts.ContextObjectSupplier::pauseRecording@6 (line 215)
                      ; - org.eclipse.e4.core.internal.di.MethodRequestor::execute@49 (line 51)
  0x00000268ebc615f8: 96ec 06e9 | f6ea ffff 

  0x00000268ebc61600: ;   {metadata({method} {0x00000268c41939d0} 'add' '(Ljava/lang/Object;[Ljava/lang/Object;I)V' in 'java/util/Vector')}
  0x00000268ebc61600: 49ba c839 | 19c4 6802 | 0000 4c89 | 5424 0848 | c704 24ff 

  0x00000268ebc61614: ;   {runtime_call counter_overflow Runtime1 stub}
  0x00000268ebc61614: ffff ffe8 

  0x00000268ebc61618: ; ImmutableOopMap {rdx=Oop r8=Oop [184]=Oop [192]=Oop [296]=Oop [312]=Oop }
                      ;*synchronization entry
                      ; - java.util.Vector::add@-1
                      ; - java.util.Vector::addElement@20
                      ; - java.util.Stack::push@2
                      ; - org.eclipse.e4.core.internal.contexts.ContextObjectSupplier::pauseRecording@6 (line 215)
                      ; - org.eclipse.e4.core.internal.di.MethodRequestor::execute@49 (line 51)
  0x00000268ebc61618: 6496 ec06 | e927 ebff 

  0x00000268ebc61620: ;   {runtime_call throw_null_pointer_exception Runtime1 stub}
  0x00000268ebc61620: ffe8 da50 

  0x00000268ebc61624: ; ImmutableOopMap {rdx=Oop r8=Oop [184]=Oop [192]=Oop [296]=Oop [312]=Oop }
                      ;*arraylength {reexecute=0 rethrow=0 return_oop=0}
                      ; - java.util.Vector::add@2
                      ; - java.util.Vector::addElement@20
                      ; - java.util.Stack::push@2
                      ; - org.eclipse.e4.core.internal.contexts.ContextObjectSupplier::pauseRecording@6 (line 215)
                      ; - org.eclipse.e4.core.internal.di.MethodRequestor::execute@49 (line 51)
                      ;   {metadata({method} {0x00000268c4192508} 'grow' '()[Ljava/lang/Object;' in 'java/util/Vector')}
  0x00000268ebc61624: eb06 49ba | 0025 19c4 | 6802 0000 | 4c89 5424 | 0848 c704 | 24ff ffff 

  0x00000268ebc6163c: ;   {runtime_call counter_overflow Runtime1 stub}
  0x00000268ebc6163c: ffe8 3e96 

  0x00000268ebc61640: ; ImmutableOopMap {rdx=Oop [184]=Oop [192]=Oop [296]=Oop [312]=Oop }
                      ;*synchronization entry
                      ; - java.util.Vector::grow@-1
                      ; - java.util.Vector::add@7
                      ; - java.util.Vector::addElement@20
                      ; - java.util.Stack::push@2
                      ; - org.eclipse.e4.core.internal.contexts.ContextObjectSupplier::pauseRecording@6 (line 215)
                      ; - org.eclipse.e4.core.internal.di.MethodRequestor::execute@49 (line 51)
  0x00000268ebc61640: ec06 e971 

  0x00000268ebc61644: ;   {runtime_call throw_null_pointer_exception Runtime1 stub}
  0x00000268ebc61644: ebff ffe8 

  0x00000268ebc61648: ; ImmutableOopMap {r8=Oop rdx=Oop rax=Oop [184]=Oop [192]=Oop [296]=Oop [312]=Oop }
                      ;*aastore {reexecute=1 rethrow=0 return_oop=0}
                      ; - (reexecute) java.util.Vector::add@14
                      ; - java.util.Vector::addElement@20
                      ; - java.util.Stack::push@2
                      ; - org.eclipse.e4.core.internal.contexts.ContextObjectSupplier::pauseRecording@6 (line 215)
                      ; - org.eclipse.e4.core.internal.di.MethodRequestor::execute@49 (line 51)
  0x00000268ebc61648: b450 eb06 

  0x00000268ebc6164c: ;   {runtime_call throw_null_pointer_exception Runtime1 stub}
  0x00000268ebc6164c: e8af 50eb 

  0x00000268ebc61650: ; ImmutableOopMap {r8=Oop rdx=Oop rax=Oop [184]=Oop [192]=Oop [296]=Oop [312]=Oop }
                      ;*aastore {reexecute=1 rethrow=0 return_oop=0}
                      ; - (reexecute) java.util.Vector::add@14
                      ; - java.util.Vector::addElement@20
                      ; - java.util.Stack::push@2
                      ; - org.eclipse.e4.core.internal.contexts.ContextObjectSupplier::pauseRecording@6 (line 215)
                      ; - org.eclipse.e4.core.internal.di.MethodRequestor::execute@49 (line 51)
  0x00000268ebc61650: 0648 8934 | 244c 8944 

  0x00000268ebc61658: ;   {runtime_call throw_range_check_failed Runtime1 stub}
  0x00000268ebc61658: 2408 e8a1 

  0x00000268ebc6165c: ; ImmutableOopMap {r8=Oop rdx=Oop rax=Oop [184]=Oop [192]=Oop [296]=Oop [312]=Oop }
                      ;*aastore {reexecute=1 rethrow=0 return_oop=0}
                      ; - (reexecute) java.util.Vector::add@14
                      ; - java.util.Vector::addElement@20
                      ; - java.util.Stack::push@2
                      ; - org.eclipse.e4.core.internal.contexts.ContextObjectSupplier::pauseRecording@6 (line 215)
                      ; - org.eclipse.e4.core.internal.di.MethodRequestor::execute@49 (line 51)
                      ;   {runtime_call throw_null_pointer_exception Runtime1 stub}
  0x00000268ebc6165c: 3eeb 06e8 

  0x00000268ebc61660: ; ImmutableOopMap {r8=Oop rdx=Oop rax=Oop [184]=Oop [192]=Oop [296]=Oop [312]=Oop }
                      ;*aastore {reexecute=1 rethrow=0 return_oop=0}
                      ; - (reexecute) java.util.Vector::add@14
                      ; - java.util.Vector::addElement@20
                      ; - java.util.Stack::push@2
                      ; - org.eclipse.e4.core.internal.contexts.ContextObjectSupplier::pauseRecording@6 (line 215)
                      ; - org.eclipse.e4.core.internal.di.MethodRequestor::execute@49 (line 51)
  0x00000268ebc61660: 9c50 eb06 | 4889 0424 

  0x00000268ebc61668: ;   {runtime_call throw_array_store_exception Runtime1 stub}
  0x00000268ebc61668: e893 61ec 

  0x00000268ebc6166c: ; ImmutableOopMap {r8=Oop rdx=Oop rax=Oop [184]=Oop [192]=Oop [296]=Oop [312]=Oop }
                      ;*aastore {reexecute=1 rethrow=0 return_oop=0}
                      ; - (reexecute) java.util.Vector::add@14
                      ; - java.util.Vector::addElement@20
                      ; - java.util.Stack::push@2
                      ; - org.eclipse.e4.core.internal.contexts.ContextObjectSupplier::pauseRecording@6 (line 215)
                      ; - org.eclipse.e4.core.internal.di.MethodRequestor::execute@49 (line 51)
  0x00000268ebc6166c: 068b 1f48 | c1e3 0348 | 83fb 000f | 84ce ecff | ff48 891c 

  0x00000268ebc61680: ;   {runtime_call g1_pre_barrier_slow}
  0x00000268ebc61680: 24e8 fa9b | ec06 e9c0 | ecff ff48 | 83f8 000f | 84d4 ecff | ff48 893c 

  0x00000268ebc61698: ;   {runtime_call g1_post_barrier_slow}
  0x00000268ebc61698: 24e8 e29e | ec06 e9c6 | ecff ff48 | 8d84 2430 | 0100 0048 

  0x00000268ebc616ac: ;   {runtime_call monitorexit_nofpu Runtime1 stub}
  0x00000268ebc616ac: 8904 24e8 | 4c76 ec06 | e9df ecff | ff48 8d84 | 2420 0100 | 0048 8904 

  0x00000268ebc616c4: ;   {runtime_call monitorexit_nofpu Runtime1 stub}
  0x00000268ebc616c4: 24e8 3676 | ec06 e9f3 | ecff ff48 

  0x00000268ebc616d0: ;   {runtime_call throw_class_cast_exception Runtime1 stub}
  0x00000268ebc616d0: 8934 24e8 

  0x00000268ebc616d4: ; ImmutableOopMap {rdx=Oop [184]=Oop [192]=Oop }
                      ;*checkcast {reexecute=0 rethrow=0 return_oop=0}
                      ; - org.eclipse.e4.core.internal.di.MethodRequestor::execute@58 (line 55)
  0x00000268ebc616d4: 2864 ec06 

  0x00000268ebc616d8: ;   {runtime_call throw_null_pointer_exception Runtime1 stub}
  0x00000268ebc616d8: e823 50eb 

  0x00000268ebc616dc: ; ImmutableOopMap {rdx=Oop rsi=Oop [184]=Oop [192]=Oop }
                      ;*invokevirtual trySetAccessible {reexecute=0 rethrow=0 return_oop=0}
                      ; - org.eclipse.e4.core.internal.di.MethodRequestor::execute@61 (line 55)
  0x00000268ebc616dc: 0648 8934 

  0x00000268ebc616e0: ;   {runtime_call throw_class_cast_exception Runtime1 stub}
  0x00000268ebc616e0: 24e8 1a64 

  0x00000268ebc616e4: ; ImmutableOopMap {rdx=Oop [184]=Oop [192]=Oop }
                      ;*checkcast {reexecute=0 rethrow=0 return_oop=0}
                      ; - org.eclipse.e4.core.internal.di.MethodRequestor::execute@69 (line 56)
                      ;   {runtime_call throw_null_pointer_exception Runtime1 stub}
  0x00000268ebc616e4: ec06 e815 

  0x00000268ebc616e8: ; ImmutableOopMap {rdx=Oop rsi=Oop rdi=Oop [184]=Oop [192]=Oop [224]=Oop }
                      ;*invokevirtual invoke {reexecute=0 rethrow=0 return_oop=0}
                      ; - org.eclipse.e4.core.internal.di.MethodRequestor::execute@77 (line 56)
                      ;   {metadata({method} {0x0000026883043cd8} 'invoke' '(Ljava/lang/Object;[Ljava/lang/Object;)Ljava/lang/Object;' in 'java/lang/reflect/Method')}
  0x00000268ebc616e8: 50eb 0649 | bad0 3c04 | 8368 0200 | 004c 8954 | 2408 48c7 | 0424 ffff 

  0x00000268ebc61700: ;   {runtime_call counter_overflow Runtime1 stub}
  0x00000268ebc61700: ffff e879 

  0x00000268ebc61704: ; ImmutableOopMap {rdx=Oop rsi=Oop rdi=Oop [184]=Oop [192]=Oop [224]=Oop }
                      ;*synchronization entry
                      ; - java.lang.reflect.Method::invoke@-1
                      ; - org.eclipse.e4.core.internal.di.MethodRequestor::execute@77 (line 56)
  0x00000268ebc61704: 95ec 06e9 | 23ef ffff 

  0x00000268ebc6170c: ;   {metadata({method} {0x00000268833dc098} 'isStatic' '(I)Z' in 'java/lang/reflect/Modifier')}
  0x00000268ebc6170c: 49ba 90c0 | 3d83 6802 | 0000 4c89 | 5424 0848 | c704 24ff 

  0x00000268ebc61720: ;   {runtime_call counter_overflow Runtime1 stub}
  0x00000268ebc61720: ffff ffe8 

  0x00000268ebc61724: ; ImmutableOopMap {rbx=Oop rsi=Oop r9=Oop [184]=Oop [192]=Oop [224]=Oop [232]=Oop }
                      ;*synchronization entry
                      ; - java.lang.reflect.Modifier::isStatic@-1
                      ; - java.lang.reflect.Method::invoke@42
                      ; - org.eclipse.e4.core.internal.di.MethodRequestor::execute@77 (line 56)
  0x00000268ebc61724: 5895 ec06 | e969 f0ff 

  0x00000268ebc6172c: ;   {runtime_call throw_null_pointer_exception Runtime1 stub}
  0x00000268ebc6172c: ffe8 ce4f 

  0x00000268ebc61730: ; ImmutableOopMap {rbx=Oop rsi=Oop r9=Oop rax=Oop [184]=Oop [224]=Oop [232]=Oop }
                      ;*invokevirtual getClass {reexecute=0 rethrow=0 return_oop=0}
                      ; - java.lang.reflect.Method::invoke@53
                      ; - org.eclipse.e4.core.internal.di.MethodRequestor::execute@77 (line 56)
                      ;   {runtime_call throw_null_pointer_exception Runtime1 stub}
  0x00000268ebc61730: eb06 e8c9 

  0x00000268ebc61734: ; ImmutableOopMap {rdx=Oop rbx=Oop [184]=Oop [192]=Oop [232]=Oop }
                      ;*invokeinterface invoke {reexecute=0 rethrow=0 return_oop=0}
                      ; - java.lang.reflect.Method::invoke@90
                      ; - org.eclipse.e4.core.internal.di.MethodRequestor::execute@77 (line 56)
                      ;   {runtime_call throw_null_pointer_exception Runtime1 stub}
  0x00000268ebc61734: 4feb 06e8 

  0x00000268ebc61738: ; ImmutableOopMap {rdi=Oop rdx=Oop [184]=Oop [192]=Oop }
                      ;*invokeinterface invoke {reexecute=0 rethrow=0 return_oop=0}
                      ; - java.lang.reflect.Method::invoke@102
                      ; - org.eclipse.e4.core.internal.di.MethodRequestor::execute@77 (line 56)
  0x00000268ebc61738: c44f eb06 

  0x00000268ebc6173c: ;   {runtime_call throw_null_pointer_exception Runtime1 stub}
  0x00000268ebc6173c: e8bf 4feb 

  0x00000268ebc61740: ; ImmutableOopMap {rdx=Oop rsi=Oop [184]=Oop [256]=Oop }
                      ;*invokevirtual resumeRecording {reexecute=0 rethrow=0 return_oop=0}
                      ; - org.eclipse.e4.core.internal.di.MethodRequestor::execute@167 (line 69)
                      ;   {metadata({method} {0x00000268c579f8b8} 'clearResolvedArgs' '()V' in 'org/eclipse/e4/core/internal/di/Requestor')}
  0x00000268ebc61740: 0649 bab0 | f879 c568 | 0200 004c | 8954 2408 | 48c7 0424 | ffff ffff 

  0x00000268ebc61758: ;   {runtime_call counter_overflow Runtime1 stub}
  0x00000268ebc61758: e823 95ec 

  0x00000268ebc6175c: ; ImmutableOopMap {rdx=Oop [184]=Oop [256]=Oop }
                      ;*synchronization entry
                      ; - org.eclipse.e4.core.internal.di.Requestor::clearResolvedArgs@-1 (line 193)
                      ; - org.eclipse.e4.core.internal.di.MethodRequestor::execute@171 (line 70)
  0x00000268ebc6175c: 06e9 fcf4 

  0x00000268ebc61760: ;   {metadata(nullptr)}
  0x00000268ebc61760: ffff 48ba | 0000 0000 | 0000 0000 | b800 0f05 

  0x00000268ebc61770: ;   {runtime_call load_klass_patching Runtime1 stub}
  0x00000268ebc61770: 0ae8 0a80 

  0x00000268ebc61774: ; ImmutableOopMap {rbx=Oop r8=Oop [184]=Oop }
                      ;*new {reexecute=1 rethrow=0 return_oop=0}
                      ; - (reexecute) org.eclipse.e4.core.internal.di.MethodRequestor::execute@119 (line 66)
  0x00000268ebc61774: ec06 e9a5 

  0x00000268ebc61778: ;   {runtime_call throw_null_pointer_exception Runtime1 stub}
  0x00000268ebc61778: f6ff ffe8 

  0x00000268ebc6177c: ; ImmutableOopMap {rbx=Oop r8=Oop [184]=Oop }
                      ;*new {reexecute=0 rethrow=0 return_oop=0}
                      ; - org.eclipse.e4.core.internal.di.MethodRequestor::execute@119 (line 66)
  0x00000268ebc6177c: 804f eb06 

  0x00000268ebc61780: ;   {runtime_call fast_new_instance_init_check Runtime1 stub}
  0x00000268ebc61780: 488b d2e8 

  0x00000268ebc61784: ; ImmutableOopMap {rbx=Oop r8=Oop [184]=Oop }
                      ;*new {reexecute=0 rethrow=0 return_oop=0}
                      ; - org.eclipse.e4.core.internal.di.MethodRequestor::execute@119 (line 66)
  0x00000268ebc61784: 7842 ec06 | e9f8 f6ff | ff8b 4228 | 48c1 e003 | 4883 f800 | 0f84 6bf7 | ffff 4889 

  0x00000268ebc617a0: ;   {runtime_call g1_pre_barrier_slow}
  0x00000268ebc617a0: 0424 e8d9 | 9aec 06e9 | 5df7 ffff 

  0x00000268ebc617ac: ;   {internal_word}
  0x00000268ebc617ac: 49ba 200f | c6eb 6802 | 0000 4d89 | 9760 0400 

  0x00000268ebc617bc: ;   {runtime_call SafepointBlob}
  0x00000268ebc617bc: 00e9 3e3f 

  0x00000268ebc617c0: ;   {internal_word}
  0x00000268ebc617c0: e006 49ba | 400f c6eb | 6802 0000 | 4d89 9760 

  0x00000268ebc617d0: ;   {runtime_call SafepointBlob}
  0x00000268ebc617d0: 0400 00e9 | 283f e006 

  0x00000268ebc617d8: ;   {internal_word}
  0x00000268ebc617d8: 49ba 600f | c6eb 6802 | 0000 4d89 | 9760 0400 

  0x00000268ebc617e8: ;   {runtime_call SafepointBlob}
  0x00000268ebc617e8: 00e9 123f | e006 4c89 

  0x00000268ebc617f0: ;   {runtime_call throw_class_cast_exception Runtime1 stub}
  0x00000268ebc617f0: 0424 e809 

  0x00000268ebc617f4: ; ImmutableOopMap {[184]=Oop }
                      ;*checkcast {reexecute=0 rethrow=0 return_oop=0}
                      ; - org.eclipse.e4.core.internal.di.MethodRequestor::execute@115 (line 64)
                      ;   {runtime_call throw_null_pointer_exception Runtime1 stub}
  0x00000268ebc617f4: 63ec 06e8 

  0x00000268ebc617f8: ; ImmutableOopMap {rax=Oop [184]=Oop }
                      ;*athrow {reexecute=1 rethrow=0 return_oop=0}
                      ; - (reexecute) org.eclipse.e4.core.internal.di.MethodRequestor::execute@118 (line 64)
  0x00000268ebc617f8: 044f eb06 

  0x00000268ebc617fc: ;   {metadata(nullptr)}
  0x00000268ebc617fc: 48ba 0000 | 0000 0000 | 0000 b800 

  0x00000268ebc61808: ;   {runtime_call load_klass_patching Runtime1 stub}
  0x00000268ebc61808: 0f05 0ae8 

  0x00000268ebc6180c: ; ImmutableOopMap {r8=Oop [184]=Oop }
                      ;*new {reexecute=1 rethrow=0 return_oop=0}
                      ; - (reexecute) org.eclipse.e4.core.internal.di.MethodRequestor::execute@86 (line 58)
  0x00000268ebc6180c: 707f ec06 | e9db f8ff 

  0x00000268ebc61814: ;   {runtime_call throw_null_pointer_exception Runtime1 stub}
  0x00000268ebc61814: ffe8 e64e 

  0x00000268ebc61818: ; ImmutableOopMap {r8=Oop [184]=Oop }
                      ;*new {reexecute=0 rethrow=0 return_oop=0}
                      ; - org.eclipse.e4.core.internal.di.MethodRequestor::execute@86 (line 58)
  0x00000268ebc61818: eb06 488b 

  0x00000268ebc6181c: ;   {runtime_call fast_new_instance_init_check Runtime1 stub}
  0x00000268ebc6181c: d2e8 de41 

  0x00000268ebc61820: ; ImmutableOopMap {r8=Oop [184]=Oop }
                      ;*new {reexecute=0 rethrow=0 return_oop=0}
                      ; - org.eclipse.e4.core.internal.di.MethodRequestor::execute@86 (line 58)
  0x00000268ebc61820: ec06 e92e 

  0x00000268ebc61824: ;   {runtime_call throw_null_pointer_exception Runtime1 stub}
  0x00000268ebc61824: f9ff ffe8 

  0x00000268ebc61828: ; ImmutableOopMap {rdx=Oop rsi=Oop [184]=Oop [280]=Oop }
                      ;*invokevirtual resumeRecording {reexecute=0 rethrow=0 return_oop=0}
                      ; - org.eclipse.e4.core.internal.di.MethodRequestor::execute@149 (line 69)
  0x00000268ebc61828: d44e eb06 

  0x00000268ebc6182c: ;   {metadata({method} {0x00000268c579f8b8} 'clearResolvedArgs' '()V' in 'org/eclipse/e4/core/internal/di/Requestor')}
  0x00000268ebc6182c: 49ba b0f8 | 79c5 6802 | 0000 4c89 | 5424 0848 | c704 24ff 

  0x00000268ebc61840: ;   {runtime_call counter_overflow Runtime1 stub}
  0x00000268ebc61840: ffff ffe8 

  0x00000268ebc61844: ; ImmutableOopMap {rdx=Oop [184]=Oop [280]=Oop }
                      ;*synchronization entry
                      ; - org.eclipse.e4.core.internal.di.Requestor::clearResolvedArgs@-1 (line 193)
                      ; - org.eclipse.e4.core.internal.di.MethodRequestor::execute@153 (line 70)
  0x00000268ebc61844: 3894 ec06 | e9b4 faff | ff8b 4628 | 48c1 e003 | 4883 f800 | 0f84 1bfb | ffff 4889 

  0x00000268ebc61860: ;   {runtime_call g1_pre_barrier_slow}
  0x00000268ebc61860: 0424 e819 | 9aec 06e9 | 0dfb ffff | 488d 8424 | 3001 0000 | 4889 0424 

  0x00000268ebc61878: ;   {runtime_call monitorexit_nofpu Runtime1 stub}
  0x00000268ebc61878: e883 74ec | 06e9 5bfb | ffff 488d | 8424 2001 | 0000 4889 

  0x00000268ebc6188c: ;   {runtime_call monitorexit_nofpu Runtime1 stub}
  0x00000268ebc6188c: 0424 e86d | 74ec 06e9 | a0fb ffff | 488b bc24 | c000 0000 | e9e8 faff | ff8b bc24 | d400 0000 
  0x00000268ebc618ac: e9e9 f3ff | ff8b bc24 | d400 0000 | e9df f8ff | ff8b bc24 | d400 0000 | e9d1 f3ff | ff8b bc24 
  0x00000268ebc618cc: d400 0000 | e9c7 f8ff | ff8b bc24 | d400 0000 | e9b9 f3ff | ff8b bc24 | d400 0000 | e9af f8ff 
  0x00000268ebc618ec: ff8b bc24 | d400 0000 | e9a1 f3ff | ff8b bc24 | d400 0000 | e997 f8ff | ff8b bc24 | d400 0000 
  0x00000268ebc6190c: e989 f3ff | ff8b bc24 | d400 0000 | e97f f8ff | ff8b bc24 | d400 0000 | e971 f3ff | ff8b bc24 
  0x00000268ebc6192c: d400 0000 | e967 f8ff | ff8b bc24 | d400 0000 | e959 f3ff | ff8b bc24 | d400 0000 | e94f f8ff 
  0x00000268ebc6194c: ff8b bc24 | d400 0000 | e943 f8ff | ff8b bc24 | d400 0000 | e937 f8ff | ff8b bc24 | d400 0000 
  0x00000268ebc6196c: e92b f8ff | ff8b bc24 | d400 0000 | e91f f8ff | ff8b bc24 | d400 0000 | e913 f8ff | ff48 8bbc 
  0x00000268ebc6198c: ;   {no_reloc}
  0x00000268ebc6198c: 24c0 0000 | 00e9 f7f9 | ffff 488b | bc24 c000 | 0000 e9ea | f9ff ff48 | 8bbc 24c0 | 0000 00e9 
  0x00000268ebc619ac: ddf9 ffff | 488b bc24 | c000 0000 | e9d0 f9ff | ff8b bc24 | d400 0000 | e9d1 f2ff | ff8b bc24 
  0x00000268ebc619cc: d400 0000 | e9c7 f7ff | ff8b bc24 | d400 0000 | e9b9 f2ff | ff8b bc24 | d400 0000 | e9af f7ff 
  0x00000268ebc619ec: ff8b bc24 | d400 0000 | e9a1 f2ff | ff8b bc24 | d400 0000 | e997 f7ff | ff8b bc24 | d400 0000 
  0x00000268ebc61a0c: e989 f2ff | ff8b bc24 | d400 0000 | e97f f7ff | ff8b bc24 | d400 0000 | e971 f2ff | ff8b bc24 
  0x00000268ebc61a2c: d400 0000 | e967 f7ff | ff8b bc24 | d400 0000 | e959 f2ff | ff8b bc24 | d400 0000 | e94f f7ff 
  0x00000268ebc61a4c: ff8b bc24 | d400 0000 | e941 f2ff | ff8b bc24 | d400 0000 | e937 f7ff | ff8b bc24 | d400 0000 
  0x00000268ebc61a6c: e92b f7ff | ff8b bc24 | d400 0000 | e91f f7ff | ff8b bc24 | d400 0000 | e913 f7ff | ff8b bc24 
  0x00000268ebc61a8c: ;   {no_reloc}
  0x00000268ebc61a8c: d400 0000 | e907 f7ff | ff8b bc24 | d400 0000 | e9fb f6ff | ff8b bc24 | d400 0000 | e9ef f6ff 
  0x00000268ebc61aac: ff49 8b87 | f804 0000 | 49c7 87f8 | 0400 0000 | 0000 0049 | c787 0005 | 0000 0000 | 0000 4881 
  0x00000268ebc61acc: c450 0100 

  0x00000268ebc61ad0: ;   {runtime_call unwind_exception Runtime1 stub}
  0x00000268ebc61ad0: 005d e929 | 2beb 06f4 
[Stub Code]
  0x00000268ebc61ad8: ;   {no_reloc}
  0x00000268ebc61ad8: 0f1f 4400 

  0x00000268ebc61adc: ;   {static_stub}
  0x00000268ebc61adc: 0048 bb00 | 0000 0000 

  0x00000268ebc61ae4: ;   {runtime_call nmethod}
  0x00000268ebc61ae4: 0000 00e9 | fbff ffff 

  0x00000268ebc61aec: ;   {static_stub}
  0x00000268ebc61aec: 9048 bb00 | 0000 0000 

  0x00000268ebc61af4: ;   {runtime_call nmethod}
  0x00000268ebc61af4: 0000 00e9 | fbff ffff 

  0x00000268ebc61afc: ;   {static_stub}
  0x00000268ebc61afc: 9048 bb00 | 0000 0000 

  0x00000268ebc61b04: ;   {runtime_call nmethod}
  0x00000268ebc61b04: 0000 00e9 | fbff ffff 

  0x00000268ebc61b0c: ;   {static_stub}
  0x00000268ebc61b0c: 9048 bb00 | 0000 0000 

  0x00000268ebc61b14: ;   {runtime_call nmethod}
  0x00000268ebc61b14: 0000 00e9 | fbff ffff 

  0x00000268ebc61b1c: ;   {static_stub}
  0x00000268ebc61b1c: 9048 bb00 | 0000 0000 

  0x00000268ebc61b24: ;   {runtime_call nmethod}
  0x00000268ebc61b24: 0000 00e9 | fbff ffff 

  0x00000268ebc61b2c: ;   {static_stub}
  0x00000268ebc61b2c: 9048 bb00 | 0000 0000 

  0x00000268ebc61b34: ;   {runtime_call nmethod}
  0x00000268ebc61b34: 0000 00e9 | fbff ffff 

  0x00000268ebc61b3c: ;   {static_stub}
  0x00000268ebc61b3c: 9048 bb00 | 0000 0000 

  0x00000268ebc61b44: ;   {runtime_call nmethod}
  0x00000268ebc61b44: 0000 00e9 | fbff ffff 

  0x00000268ebc61b4c: ;   {static_stub}
  0x00000268ebc61b4c: 9048 bb00 | 0000 0000 

  0x00000268ebc61b54: ;   {runtime_call nmethod}
  0x00000268ebc61b54: 0000 00e9 | fbff ffff 

  0x00000268ebc61b5c: ;   {static_stub}
  0x00000268ebc61b5c: 9048 bb00 | 0000 0000 

  0x00000268ebc61b64: ;   {runtime_call nmethod}
  0x00000268ebc61b64: 0000 00e9 | fbff ffff 

  0x00000268ebc61b6c: ;   {static_stub}
  0x00000268ebc61b6c: 9048 bb00 | 0000 0000 

  0x00000268ebc61b74: ;   {runtime_call nmethod}
  0x00000268ebc61b74: 0000 00e9 | fbff ffff 

  0x00000268ebc61b7c: ;   {static_stub}
  0x00000268ebc61b7c: 48bb 0000 | 0000 0000 

  0x00000268ebc61b84: ;   {runtime_call nmethod}
  0x00000268ebc61b84: 0000 e9fb 

  0x00000268ebc61b88: ;   {static_stub}
  0x00000268ebc61b88: ffff ff48 | bb00 0000 | 0000 0000 

  0x00000268ebc61b94: ;   {runtime_call nmethod}
  0x00000268ebc61b94: 00e9 fbff 

  0x00000268ebc61b98: ;   {static_stub}
  0x00000268ebc61b98: ffff 48bb | 0000 0000 | 0000 0000 

  0x00000268ebc61ba4: ;   {runtime_call nmethod}
  0x00000268ebc61ba4: e9fb ffff 

  0x00000268ebc61ba8: ;   {static_stub}
  0x00000268ebc61ba8: ff48 bb48 | 4104 8368 

  0x00000268ebc61bb0: ;   {runtime_call I2C/C2I adapters}
  0x00000268ebc61bb0: 0200 00e9 | ab18 e006 

  0x00000268ebc61bb8: ;   {static_stub}
  0x00000268ebc61bb8: 48bb 0000 | 0000 0000 

  0x00000268ebc61bc0: ;   {runtime_call nmethod}
  0x00000268ebc61bc0: 0000 e9fb 

  0x00000268ebc61bc4: ;   {static_stub}
  0x00000268ebc61bc4: ffff ff48 | bb00 0000 | 0000 0000 

  0x00000268ebc61bd0: ;   {runtime_call nmethod}
  0x00000268ebc61bd0: 00e9 fbff 

  0x00000268ebc61bd4: ;   {static_stub}
  0x00000268ebc61bd4: ffff 48bb | 0000 0000 | 0000 0000 

  0x00000268ebc61be0: ;   {runtime_call nmethod}
  0x00000268ebc61be0: e9fb ffff 

  0x00000268ebc61be4: ;   {static_stub}
  0x00000268ebc61be4: ff48 bb00 | 0000 0000 

  0x00000268ebc61bec: ;   {runtime_call nmethod}
  0x00000268ebc61bec: 0000 00e9 | fbff ffff 
[Exception Handler]
  0x00000268ebc61bf4: ;   {runtime_call handle_exception_from_callee Runtime1 stub}
  0x00000268ebc61bf4: e887 54ec 

  0x00000268ebc61bf8: ;   {external_word}
  0x00000268ebc61bf8: 0648 b990 | 7fff bef8 | 7f00 0048 

  0x00000268ebc61c04: ;   {runtime_call}
  0x00000268ebc61c04: 83e4 f048 | b8e0 44c2 | bef8 7f00 | 00ff d0f4 
[Deopt Handler Code]
  0x00000268ebc61c14: ;   {section_word}
  0x00000268ebc61c14: 49ba 141c | c6eb 6802 | 0000 4152 

  0x00000268ebc61c20: ;   {runtime_call DeoptimizationBlob}
  0x00000268ebc61c20: e97b 2de0 | 06f4 f4f4 
[/MachCode]


Compiled method (c1) 15302 10026       3       org.eclipse.e4.core.internal.di.InjectorImpl::processAnnotated (417 bytes)
 total in heap  [0x00000268eb6ea010,0x00000268eb6eb788] = 6008
 relocation     [0x00000268eb6ea170,0x00000268eb6ea300] = 400
 main code      [0x00000268eb6ea300,0x00000268eb6eafe0] = 3296
 stub code      [0x00000268eb6eafe0,0x00000268eb6eb0f0] = 272
 oops           [0x00000268eb6eb0f0,0x00000268eb6eb0f8] = 8
 metadata       [0x00000268eb6eb0f8,0x00000268eb6eb128] = 48
 scopes data    [0x00000268eb6eb128,0x00000268eb6eb510] = 1000
 scopes pcs     [0x00000268eb6eb510,0x00000268eb6eb740] = 560
 dependencies   [0x00000268eb6eb740,0x00000268eb6eb748] = 8
 nul chk table  [0x00000268eb6eb748,0x00000268eb6eb788] = 64

[Constant Pool (empty)]

[MachCode]
[Entry Point]
  # {method} {0x00000268c57a70a0} 'processAnnotated' '(Lorg/eclipse/e4/core/internal/di/AnnotationLookup$AnnotationProxy;Ljava/lang/Object;Ljava/lang/Class;Lorg/eclipse/e4/core/di/suppliers/PrimaryObjectSupplier;Lorg/eclipse/e4/core/di/suppliers/PrimaryObjectSupplier;Ljava/util/List;)V' in 'org/eclipse/e4/core/internal/di/InjectorImpl'
  # this:     rdx:rdx   = 'org/eclipse/e4/core/internal/di/InjectorImpl'
  # parm0:    r8:r8     = 'org/eclipse/e4/core/internal/di/AnnotationLookup$AnnotationProxy'
  # parm1:    r9:r9     = 'java/lang/Object'
  # parm2:    rdi:rdi   = 'java/lang/Class'
  # parm3:    rsi:rsi   = 'org/eclipse/e4/core/di/suppliers/PrimaryObjectSupplier'
  # parm4:    rcx:rcx   = 'org/eclipse/e4/core/di/suppliers/PrimaryObjectSupplier'
  # parm5:    [sp+0xf0]   = 'java/util/List'  (sp of caller)
  0x00000268eb6ea300: 448b 5208 | 49bb 0000 | 0083 6802 | 0000 4d03 | d34c 3bd0 

  0x00000268eb6ea314: ;   {runtime_call ic_miss_stub}
  0x00000268eb6ea314: 0f85 6644 | 3707 660f | 1f44 0000 
[Verified Entry Point]
  0x00000268eb6ea320: 8984 2400 | 80ff ff55 | 4881 ece0 | 0000 0090 | 4181 7f20 | 0800 0000 

  0x00000268eb6ea338: ;   {runtime_call StubRoutines (final stubs)}
  0x00000268eb6ea338: 7405 e821 | aa35 0748 | 8954 2470 | 4c89 4424 | 784c 898c | 2480 0000 | 0048 89b4 | 2488 0000 
  0x00000268eb6ea358: 0048 898c | 2490 0000 

  0x00000268eb6ea360: ;   {metadata(method data for {method} {0x00000268c57a70a0} 'processAnnotated' '(Lorg/eclipse/e4/core/internal/di/AnnotationLookup$AnnotationProxy;Ljava/lang/Object;Ljava/lang/Class;Lorg/eclipse/e4/core/di/suppliers/PrimaryObjectSupplier;Lorg/eclipse/e4/core/di/suppliers/PrimaryObjectSupplier;Ljava/util/List;)V' in 'org/eclipse/e4/core/internal/di/InjectorImpl')}
  0x00000268eb6ea360: 0048 bba0 | 9f77 c668 | 0200 008b | 83cc 0000 | 0083 c002 | 8983 cc00 | 0000 25fe | 0700 0085 
  0x00000268eb6ea380: c00f 84c2 | 0a00 0048 | 3b07 488b 

  0x00000268eb6ea38c: ;   {metadata(method data for {method} {0x00000268c57a70a0} 'processAnnotated' '(Lorg/eclipse/e4/core/internal/di/AnnotationLookup$AnnotationProxy;Ljava/lang/Object;Ljava/lang/Class;Lorg/eclipse/e4/core/di/suppliers/PrimaryObjectSupplier;Lorg/eclipse/e4/core/di/suppliers/PrimaryObjectSupplier;Ljava/util/List;)V' in 'org/eclipse/e4/core/internal/di/InjectorImpl')}
  0x00000268eb6ea38c: df48 b8a0 | 9f77 c668 | 0200 0048 | 8380 1001 | 0000 0148 | 8bd7 4889 

  0x00000268eb6ea3a4: ;   {optimized virtual_call}
  0x00000268eb6ea3a4: 7c24 68e8 

  0x00000268eb6ea3a8: ; ImmutableOopMap {[104]=Oop [112]=Oop [120]=Oop [128]=Oop [136]=Oop [144]=Oop [240]=Oop }
                      ;*invokevirtual getSuperclass {reexecute=0 rethrow=0 return_oop=0}
                      ; - org.eclipse.e4.core.internal.di.InjectorImpl::processAnnotated@1 (line 936)
  0x00000268eb6ea3a8: b4f2 c807 

  0x00000268eb6ea3ac: ;   {other}
  0x00000268eb6ea3ac: 0f1f 8400 | 9c03 0000 | 4889 8424 | 9800 0000 

  0x00000268eb6ea3bc: ;   {metadata(method data for {method} {0x00000268c57a70a0} 'processAnnotated' '(Lorg/eclipse/e4/core/internal/di/AnnotationLookup$AnnotationProxy;Ljava/lang/Object;Ljava/lang/Class;Lorg/eclipse/e4/core/di/suppliers/PrimaryObjectSupplier;Lorg/eclipse/e4/core/di/suppliers/PrimaryObjectSupplier;Ljava/util/List;)V' in 'org/eclipse/e4/core/internal/di/InjectorImpl')}
  0x00000268eb6ea3bc: 4885 c048 | baa0 9f77 | c668 0200 | 0048 c7c6 | 4801 0000 | 7407 48c7 | c658 0100 | 0048 8b3c 
  0x00000268eb6ea3dc: 3248 8d7f | 0148 893c | 320f 84f9 | 0200 0048 | 3b00 488b 

  0x00000268eb6ea3f0: ;   {metadata(method data for {method} {0x00000268c57a70a0} 'processAnnotated' '(Lorg/eclipse/e4/core/internal/di/AnnotationLookup$AnnotationProxy;Ljava/lang/Object;Ljava/lang/Class;Lorg/eclipse/e4/core/di/suppliers/PrimaryObjectSupplier;Lorg/eclipse/e4/core/di/suppliers/PrimaryObjectSupplier;Ljava/util/List;)V' in 'org/eclipse/e4/core/internal/di/InjectorImpl')}
  0x00000268eb6ea3f0: d048 bea0 | 9f77 c668 | 0200 0048 | 8386 6801 

  0x00000268eb6ea400: ;   {metadata(method data for {method} {0x0000026883465ac0} 'getName' '()Ljava/lang/String;' in 'java/lang/Class')}
  0x00000268eb6ea400: 0000 0148 | ba18 af05 | c468 0200 | 008b b2cc | 0000 0083 | c602 89b2 | cc00 0000 | 81e6 feff 
  0x00000268eb6ea420: 1f00 85f6 | 0f84 4a0a | 0000 8b50 | 2c48 c1e2 | 0348 85d2 

  0x00000268eb6ea434: ;   {metadata(method data for {method} {0x0000026883465ac0} 'getName' '()Ljava/lang/String;' in 'java/lang/Class')}
  0x00000268eb6ea434: 48be 18af | 05c4 6802 | 0000 48c7 | c710 0100 | 0074 0748 | c7c7 2001 | 0000 488b | 1c3e 488d 
  0x00000268eb6ea454: 5b01 4889 | 1c3e 0f84 | 1500 0000 

  0x00000268eb6ea460: ;   {metadata(method data for {method} {0x0000026883465ac0} 'getName' '()Ljava/lang/String;' in 'java/lang/Class')}
  0x00000268eb6ea460: 48be 18af | 05c4 6802 | 0000 ff86 | 3001 0000 | e92a 0000 | 0048 8bd0 

  0x00000268eb6ea478: ;   {metadata(method data for {method} {0x0000026883465ac0} 'getName' '()Ljava/lang/String;' in 'java/lang/Class')}
  0x00000268eb6ea478: 48be 18af | 05c4 6802 | 0000 4883 | 8648 0100 | 0001 488b 

  0x00000268eb6ea48c: ;   {optimized virtual_call}
  0x00000268eb6ea48c: d066 90e8 

  0x00000268eb6ea490: ; ImmutableOopMap {[104]=Oop [112]=Oop [120]=Oop [128]=Oop [136]=Oop [144]=Oop [152]=Oop [240]=Oop }
                      ;*invokevirtual initClassName {reexecute=0 rethrow=0 return_oop=0}
                      ; - java.lang.Class::getName@14
                      ; - org.eclipse.e4.core.internal.di.InjectorImpl::processAnnotated@13 (line 937)
  0x00000268eb6ea490: ec45 3707 

  0x00000268eb6ea494: ;   {other}
  0x00000268eb6ea494: 0f1f 8400 | 8404 0001 | 488b d048 | 3b02 4c8b 

  0x00000268eb6ea4a4: ;   {metadata(method data for {method} {0x00000268c57a70a0} 'processAnnotated' '(Lorg/eclipse/e4/core/internal/di/AnnotationLookup$AnnotationProxy;Ljava/lang/Object;Ljava/lang/Class;Lorg/eclipse/e4/core/di/suppliers/PrimaryObjectSupplier;Lorg/eclipse/e4/core/di/suppliers/PrimaryObjectSupplier;Ljava/util/List;)V' in 'org/eclipse/e4/core/internal/di/InjectorImpl')}
  0x00000268eb6ea4a4: c248 bea0 | 9f77 c668 | 0200 0048 | 8386 a001 

  0x00000268eb6ea4b4: ;   {oop("java.lang.Object"{0x0000000740ece940})}
  0x00000268eb6ea4b4: 0000 0149 | b840 e9ec | 4007 0000 | 0066 0f1f 

  0x00000268eb6ea4c4: ;   {optimized virtual_call}
  0x00000268eb6ea4c4: 4400 00e8 

  0x00000268eb6ea4c8: ; ImmutableOopMap {[104]=Oop [112]=Oop [120]=Oop [128]=Oop [136]=Oop [144]=Oop [152]=Oop [240]=Oop }
                      ;*invokevirtual equals {reexecute=0 rethrow=0 return_oop=0}
                      ; - org.eclipse.e4.core.internal.di.InjectorImpl::processAnnotated@18 (line 937)
  0x00000268eb6ea4c8: 7462 b207 

  0x00000268eb6ea4cc: ;   {other}
  0x00000268eb6ea4cc: 0f1f 8400 | bc04 0002 

  0x00000268eb6ea4d4: ;   {metadata(method data for {method} {0x00000268c57a70a0} 'processAnnotated' '(Lorg/eclipse/e4/core/internal/di/AnnotationLookup$AnnotationProxy;Ljava/lang/Object;Ljava/lang/Class;Lorg/eclipse/e4/core/di/suppliers/PrimaryObjectSupplier;Lorg/eclipse/e4/core/di/suppliers/PrimaryObjectSupplier;Ljava/util/List;)V' in 'org/eclipse/e4/core/internal/di/InjectorImpl')}
  0x00000268eb6ea4d4: 85c0 49b8 | a09f 77c6 | 6802 0000 | 48c7 c2d8 | 0100 0075 | 0748 c7c2 | e801 0000 | 498b 3410 
  0x00000268eb6ea4f4: 488d 7601 | 4989 3410 | 0f85 e201 | 0000 488b | b424 f000 | 0000 483b | 064c 8bc6 

  0x00000268eb6ea510: ;   {metadata(method data for {method} {0x00000268c57a70a0} 'processAnnotated' '(Lorg/eclipse/e4/core/internal/di/AnnotationLookup$AnnotationProxy;Ljava/lang/Object;Ljava/lang/Class;Lorg/eclipse/e4/core/di/suppliers/PrimaryObjectSupplier;Lorg/eclipse/e4/core/di/suppliers/PrimaryObjectSupplier;Ljava/util/List;)V' in 'org/eclipse/e4/core/internal/di/InjectorImpl')}
  0x00000268eb6ea510: 48ba a09f | 77c6 6802 | 0000 458b | 4008 49ba | 0000 0083 | 6802 0000 | 4d03 c24c | 3b82 0802 
  0x00000268eb6ea530: 0000 750d | 4883 8210 | 0200 0001 | e960 0000 | 004c 3b82 | 1802 0000 | 750d 4883 | 8220 0200 
  0x00000268eb6ea550: 0001 e94a | 0000 0048 | 83ba 0802 | 0000 0075 | 174c 8982 | 0802 0000 | 48c7 8210 | 0200 0001 
  0x00000268eb6ea570: 0000 00e9 | 2900 0000 | 4883 ba18 | 0200 0000 | 7517 4c89 | 8218 0200 | 0048 c782 | 2002 0000 
  0x00000268eb6ea590: 0100 0000 | e908 0000 | 0048 8382 | f801 0000 | 014c 8b44 | 2468 488b | d60f 1f40 | 0048 b8e0 
  0x00000268eb6ea5b0: a50b 8368 

  0x00000268eb6ea5b4: ;   {virtual_call}
  0x00000268eb6ea5b4: 0200 00e8 

  0x00000268eb6ea5b8: ; ImmutableOopMap {[104]=Oop [112]=Oop [120]=Oop [128]=Oop [136]=Oop [144]=Oop [152]=Oop [240]=Oop }
                      ;*invokeinterface add {reexecute=0 rethrow=0 return_oop=0}
                      ; - org.eclipse.e4.core.internal.di.InjectorImpl::processAnnotated@27 (line 938)
  0x00000268eb6ea5b8: a455 af07 

  0x00000268eb6ea5bc: ;   {other}
  0x00000268eb6ea5bc: 0f1f 8400 | ac05 0003 | 488b 5424 

  0x00000268eb6ea5c8: ;   {metadata(method data for {method} {0x00000268c57a70a0} 'processAnnotated' '(Lorg/eclipse/e4/core/internal/di/AnnotationLookup$AnnotationProxy;Ljava/lang/Object;Ljava/lang/Class;Lorg/eclipse/e4/core/di/suppliers/PrimaryObjectSupplier;Lorg/eclipse/e4/core/di/suppliers/PrimaryObjectSupplier;Ljava/util/List;)V' in 'org/eclipse/e4/core/internal/di/InjectorImpl')}
  0x00000268eb6ea5c8: 7049 b8a0 | 9f77 c668 | 0200 0049 | 8380 3002 | 0000 014c | 8b44 2478 | 4c8b 8c24 | 8000 0000 
  0x00000268eb6ea5e8: 488b bc24 | 9800 0000 | 488b b424 | 8800 0000 | 488b 8c24 | 9000 0000 | 488b 9c24 | f000 0000 
  0x00000268eb6ea608: 4889 1c24 | 488b 5424 | 7066 0f1f 

  0x00000268eb6ea614: ;   {optimized virtual_call}
  0x00000268eb6ea614: 4400 00e8 

  0x00000268eb6ea618: ; ImmutableOopMap {[104]=Oop [112]=Oop [120]=Oop [128]=Oop [136]=Oop [144]=Oop [240]=Oop }
                      ;*invokevirtual processAnnotated {reexecute=0 rethrow=0 return_oop=0}
                      ; - org.eclipse.e4.core.internal.di.InjectorImpl::processAnnotated@44 (line 939)
  0x00000268eb6ea618: 04fd ffff 

  0x00000268eb6ea61c: ;   {other}
  0x00000268eb6ea61c: 0f1f 8400 | 0c06 0004 | 488b b424 | f000 0000 

  0x00000268eb6ea62c: ;   {metadata(method data for {method} {0x00000268c57a70a0} 'processAnnotated' '(Lorg/eclipse/e4/core/internal/di/AnnotationLookup$AnnotationProxy;Ljava/lang/Object;Ljava/lang/Class;Lorg/eclipse/e4/core/di/suppliers/PrimaryObjectSupplier;Lorg/eclipse/e4/core/di/suppliers/PrimaryObjectSupplier;Ljava/util/List;)V' in 'org/eclipse/e4/core/internal/di/InjectorImpl')}
  0x00000268eb6ea62c: 49b8 a09f | 77c6 6802 | 0000 8b76 | 0849 ba00 | 0000 8368 | 0200 0049 | 03f2 493b | b078 0200 
  0x00000268eb6ea64c: 0075 0d49 | 8380 8002 | 0000 01e9 | 6000 0000 | 493b b088 | 0200 0075 | 0d49 8380 | 9002 0000 
  0x00000268eb6ea66c: 01e9 4a00 | 0000 4983 | b878 0200 | 0000 7517 | 4989 b078 | 0200 0049 | c780 8002 | 0000 0100 
  0x00000268eb6ea68c: 0000 e929 | 0000 0049 | 83b8 8802 | 0000 0075 | 1749 89b0 | 8802 0000 | 49c7 8090 | 0200 0001 
  0x00000268eb6ea6ac: 0000 00e9 | 0800 0000 | 4983 8068 | 0200 0001 | 4c8b 4424 | 6848 8b94 | 24f0 0000 | 000f 1f40 
  0x00000268eb6ea6cc: 0048 b8e0 | a50b 8368 

  0x00000268eb6ea6d4: ;   {virtual_call}
  0x00000268eb6ea6d4: 0200 00e8 

  0x00000268eb6ea6d8: ; ImmutableOopMap {[104]=Oop [112]=Oop [120]=Oop [128]=Oop [136]=Oop [144]=Oop [240]=Oop }
                      ;*invokeinterface remove {reexecute=0 rethrow=0 return_oop=0}
                      ; - org.eclipse.e4.core.internal.di.InjectorImpl::processAnnotated@50 (line 940)
  0x00000268eb6ea6d8: 64e3 0a08 

  0x00000268eb6ea6dc: ;   {other}
  0x00000268eb6ea6dc: 0f1f 8400 | cc06 0005 | 488b 7c24 | 6848 8b54 

  0x00000268eb6ea6ec: ;   {metadata(method data for {method} {0x00000268c57a70a0} 'processAnnotated' '(Lorg/eclipse/e4/core/internal/di/AnnotationLookup$AnnotationProxy;Ljava/lang/Object;Ljava/lang/Class;Lorg/eclipse/e4/core/di/suppliers/PrimaryObjectSupplier;Lorg/eclipse/e4/core/di/suppliers/PrimaryObjectSupplier;Ljava/util/List;)V' in 'org/eclipse/e4/core/internal/di/InjectorImpl')}
  0x00000268eb6ea6ec: 2470 49b8 | a09f 77c6 | 6802 0000 | 4983 80a0 | 0200 0001 | 4c8b c748 | 8b54 2470 | 0f1f 8000 
  0x00000268eb6ea70c: ;   {optimized virtual_call}
  0x00000268eb6ea70c: 0000 00e8 

  0x00000268eb6ea710: ; ImmutableOopMap {[112]=Oop [120]=Oop [128]=Oop [136]=Oop [144]=Oop [240]=Oop }
                      ;*invokevirtual getDeclaredMethods {reexecute=0 rethrow=0 return_oop=0}
                      ; - org.eclipse.e4.core.internal.di.InjectorImpl::processAnnotated@58 (line 942)
  0x00000268eb6ea710: cc54 1500 

  0x00000268eb6ea714: ;   {other}
  0x00000268eb6ea714: 0f1f 8400 | 0407 0006 | 4889 8424 | b000 0000 

  0x00000268eb6ea724: ; implicit exception: dispatches to 0x00000268eb6eae9f
  0x00000268eb6ea724: 8b70 0c89 | b424 a400 

  0x00000268eb6ea72c: ;   {metadata(method data for {method} {0x00000268c57a70a0} 'processAnnotated' '(Lorg/eclipse/e4/core/internal/di/AnnotationLookup$AnnotationProxy;Ljava/lang/Object;Ljava/lang/Class;Lorg/eclipse/e4/core/di/suppliers/PrimaryObjectSupplier;Lorg/eclipse/e4/core/di/suppliers/PrimaryObjectSupplier;Ljava/util/List;)V' in 'org/eclipse/e4/core/internal/di/InjectorImpl')}
  0x00000268eb6ea72c: 0000 49b8 | a09f 77c6 | 6802 0000 | 41ff 80d8 | 0200 00bf | 0000 0000 | 0f1f 4000 | 4c8b 4424 
  0x00000268eb6ea74c: 783b fe41 | bd02 0000 | 007c 0641 | bd00 0000 

  0x00000268eb6ea75c: ;   {metadata(method data for {method} {0x00000268c57a70a0} 'processAnnotated' '(Lorg/eclipse/e4/core/internal/di/AnnotationLookup$AnnotationProxy;Ljava/lang/Object;Ljava/lang/Class;Lorg/eclipse/e4/core/di/suppliers/PrimaryObjectSupplier;Lorg/eclipse/e4/core/di/suppliers/PrimaryObjectSupplier;Ljava/util/List;)V' in 'org/eclipse/e4/core/internal/di/InjectorImpl')}
  0x00000268eb6ea75c: 0049 bea0 | 9f77 c668 | 0200 0041 | 8b96 d000 | 0000 4103 | d541 8996 | d000 0000 | 4585 ed75 
  0x00000268eb6ea77c: 05ba 0200 | 0000 81e2 | fe3f 0000 | 85d2 0f84 | 1407 0000 | 4d8b 9750 

  0x00000268eb6ea794: ; ImmutableOopMap {rax=Oop r8=Oop [112]=Oop [120]=Oop [128]=Oop [136]=Oop [144]=Oop [176]=Oop [240]=Oop }
                      ;*if_icmplt {reexecute=1 rethrow=0 return_oop=0}
                      ; - (reexecute) org.eclipse.e4.core.internal.di.InjectorImpl::processAnnotated@413 (line 943)
                      ;   {poll}
  0x00000268eb6ea794: 0400 0041 | 8502 3bfe 

  0x00000268eb6ea79c: ;   {metadata(method data for {method} {0x00000268c57a70a0} 'processAnnotated' '(Lorg/eclipse/e4/core/internal/di/AnnotationLookup$AnnotationProxy;Ljava/lang/Object;Ljava/lang/Class;Lorg/eclipse/e4/core/di/suppliers/PrimaryObjectSupplier;Lorg/eclipse/e4/core/di/suppliers/PrimaryObjectSupplier;Ljava/util/List;)V' in 'org/eclipse/e4/core/internal/di/InjectorImpl')}
  0x00000268eb6ea79c: 48ba a09f | 77c6 6802 | 0000 49c7 | c508 0c00 | 007d 0749 | c7c5 f80b | 0000 4e8b | 342a 4d8d 
  0x00000268eb6ea7bc: 7601 4e89 | 342a 0f8d | 3905 0000 | 488b 5424 | 704c 63ef | 468b 6ca8 | 1049 c1e5 | 034c 8bf2 
  0x00000268eb6ea7dc: 89bc 24a0 

  0x00000268eb6ea7e0: ;   {metadata(method data for {method} {0x00000268c57a70a0} 'processAnnotated' '(Lorg/eclipse/e4/core/internal/di/AnnotationLookup$AnnotationProxy;Ljava/lang/Object;Ljava/lang/Class;Lorg/eclipse/e4/core/di/suppliers/PrimaryObjectSupplier;Lorg/eclipse/e4/core/di/suppliers/PrimaryObjectSupplier;Ljava/util/List;)V' in 'org/eclipse/e4/core/internal/di/InjectorImpl')}
  0x00000268eb6ea7e0: 0000 0048 | bea0 9f77 | c668 0200 | 0048 8386 | f002 0000 | 0149 8bf0 | 4d8b c54c | 8bce 4c8b 
  0x00000268eb6ea800: f249 8bd6 | 4c89 ac24 | a800 0000 

  0x00000268eb6ea80c: ;   {optimized virtual_call}
  0x00000268eb6ea80c: 6666 90e8 

  0x00000268eb6ea810: ; ImmutableOopMap {[112]=Oop [120]=Oop [128]=Oop [136]=Oop [144]=Oop [168]=Oop [176]=Oop [240]=Oop }
                      ;*invokevirtual isAnnotationPresent {reexecute=0 rethrow=0 return_oop=0}
                      ; - org.eclipse.e4.core.internal.di.InjectorImpl::processAnnotated@88 (line 944)
  0x00000268eb6ea810: ecbe d007 

  0x00000268eb6ea814: ;   {other}
  0x00000268eb6ea814: 0f1f 8400 | 0408 0008 

  0x00000268eb6ea81c: ;   {metadata(method data for {method} {0x00000268c57a70a0} 'processAnnotated' '(Lorg/eclipse/e4/core/internal/di/AnnotationLookup$AnnotationProxy;Ljava/lang/Object;Ljava/lang/Class;Lorg/eclipse/e4/core/di/suppliers/PrimaryObjectSupplier;Lorg/eclipse/e4/core/di/suppliers/PrimaryObjectSupplier;Ljava/util/List;)V' in 'org/eclipse/e4/core/internal/di/InjectorImpl')}
  0x00000268eb6ea81c: 85c0 49b8 | a09f 77c6 | 6802 0000 | 49c7 c128 | 0300 0075 | 0749 c7c1 | 3803 0000 | 4b8b 1408 
  0x00000268eb6ea83c: 488d 5201 | 4b89 1408 | 0f85 1600 

  0x00000268eb6ea848: ;   {metadata(method data for {method} {0x00000268c57a70a0} 'processAnnotated' '(Lorg/eclipse/e4/core/internal/di/AnnotationLookup$AnnotationProxy;Ljava/lang/Object;Ljava/lang/Class;Lorg/eclipse/e4/core/di/suppliers/PrimaryObjectSupplier;Lorg/eclipse/e4/core/di/suppliers/PrimaryObjectSupplier;Ljava/util/List;)V' in 'org/eclipse/e4/core/internal/di/InjectorImpl')}
  0x00000268eb6ea848: 0000 49b8 | a09f 77c6 | 6802 0000 | 41ff 8048 | 0300 00e9 | 8404 0000 | 488b 5424 

  0x00000268eb6ea864: ;   {metadata(method data for {method} {0x00000268c57a70a0} 'processAnnotated' '(Lorg/eclipse/e4/core/internal/di/AnnotationLookup$AnnotationProxy;Ljava/lang/Object;Ljava/lang/Class;Lorg/eclipse/e4/core/di/suppliers/PrimaryObjectSupplier;Lorg/eclipse/e4/core/di/suppliers/PrimaryObjectSupplier;Ljava/util/List;)V' in 'org/eclipse/e4/core/internal/di/InjectorImpl')}
  0x00000268eb6ea864: 7049 b8a0 | 9f77 c668 | 0200 0049 | 8380 d009 | 0000 014c | 8b84 24a8 | 0000 004c | 8b8c 24f0 
  0x00000268eb6ea884: 0000 0048 | 8b54 2470 

  0x00000268eb6ea88c: ;   {optimized virtual_call}
  0x00000268eb6ea88c: 6666 90e8 

  0x00000268eb6ea890: ; ImmutableOopMap {[112]=Oop [120]=Oop [128]=Oop [136]=Oop [144]=Oop [168]=Oop [176]=Oop [240]=Oop }
                      ;*invokevirtual isOverridden {reexecute=0 rethrow=0 return_oop=0}
                      ; - org.eclipse.e4.core.internal.di.InjectorImpl::processAnnotated@314 (line 964)
  0x00000268eb6ea890: ae07 0000 

  0x00000268eb6ea894: ;   {other}
  0x00000268eb6ea894: 0f1f 8400 | 8408 0009 

  0x00000268eb6ea89c: ;   {metadata(method data for {method} {0x00000268c57a70a0} 'processAnnotated' '(Lorg/eclipse/e4/core/internal/di/AnnotationLookup$AnnotationProxy;Ljava/lang/Object;Ljava/lang/Class;Lorg/eclipse/e4/core/di/suppliers/PrimaryObjectSupplier;Lorg/eclipse/e4/core/di/suppliers/PrimaryObjectSupplier;Ljava/util/List;)V' in 'org/eclipse/e4/core/internal/di/InjectorImpl')}
  0x00000268eb6ea89c: 85c0 48ba | a09f 77c6 | 6802 0000 | 48c7 c608 | 0a00 0074 | 0748 c7c6 | 180a 0000 | 488b 3c32 
  0x00000268eb6ea8bc: 488d 7f01 | 4889 3c32 | 0f84 1500 

  0x00000268eb6ea8c8: ;   {metadata(method data for {method} {0x00000268c57a70a0} 'processAnnotated' '(Lorg/eclipse/e4/core/internal/di/AnnotationLookup$AnnotationProxy;Ljava/lang/Object;Ljava/lang/Class;Lorg/eclipse/e4/core/di/suppliers/PrimaryObjectSupplier;Lorg/eclipse/e4/core/di/suppliers/PrimaryObjectSupplier;Ljava/util/List;)V' in 'org/eclipse/e4/core/internal/di/InjectorImpl')}
  0x00000268eb6ea8c8: 0000 48ba | a09f 77c6 | 6802 0000 | ff82 280a | 0000 e905 

  0x00000268eb6ea8dc: ;   {metadata('org/eclipse/e4/core/internal/di/MethodRequestor')}
  0x00000268eb6ea8dc: 0400 0048 | bac0 3730 | 8468 0200 | 0049 8b87 | b801 0000 | 488d 7830 | 493b bfc8 | 0100 000f 
  0x00000268eb6ea8fc: 87c4 0500 | 0049 89bf | b801 0000 | 48c7 0001 | 0000 0048 | 8bca 49ba | 0000 0083 | 6802 0000 
  0x00000268eb6ea91c: 492b ca89 | 4808 4833 | c989 480c | 4833 c948 | 8948 1048 | 8948 1848 | 8948 2048 | 8948 2848 
  0x00000268eb6ea93c: 8984 24b8 | 0000 004c 

  0x00000268eb6ea944: ;   {metadata(method data for {method} {0x00000268c57a70a0} 'processAnnotated' '(Lorg/eclipse/e4/core/internal/di/AnnotationLookup$AnnotationProxy;Ljava/lang/Object;Ljava/lang/Class;Lorg/eclipse/e4/core/di/suppliers/PrimaryObjectSupplier;Lorg/eclipse/e4/core/di/suppliers/PrimaryObjectSupplier;Ljava/util/List;)V' in 'org/eclipse/e4/core/internal/di/InjectorImpl')}
  0x00000268eb6ea944: 8bc0 49b9 | a09f 77c6 | 6802 0000 | 4983 8140 | 0a00 0001 | 4c8b 8424 | a800 0000 | 4c8b 4c24 
  0x00000268eb6ea964: 7048 8bbc | 2488 0000 | 0048 8bb4 | 2490 0000 | 0048 8b8c | 2480 0000 | 00c7 0424 | 0000 0000 
  0x00000268eb6ea984: ;   {optimized virtual_call}
  0x00000268eb6ea984: 488b d0e8 

  0x00000268eb6ea988: ; ImmutableOopMap {[112]=Oop [120]=Oop [128]=Oop [136]=Oop [144]=Oop [168]=Oop [176]=Oop [184]=Oop [240]=Oop }
                      ;*invokespecial <init> {reexecute=0 rethrow=0 return_oop=0}
                      ; - org.eclipse.e4.core.internal.di.InjectorImpl::processAnnotated@336 (line 967)
  0x00000268eb6ea988: c506 0000 

  0x00000268eb6ea98c: ;   {other}
  0x00000268eb6ea98c: 0f1f 8400 | 7c09 000a | 488b 5424 

  0x00000268eb6ea998: ;   {metadata(method data for {method} {0x00000268c57a70a0} 'processAnnotated' '(Lorg/eclipse/e4/core/internal/di/AnnotationLookup$AnnotationProxy;Ljava/lang/Object;Ljava/lang/Class;Lorg/eclipse/e4/core/di/suppliers/PrimaryObjectSupplier;Lorg/eclipse/e4/core/di/suppliers/PrimaryObjectSupplier;Ljava/util/List;)V' in 'org/eclipse/e4/core/internal/di/InjectorImpl')}
  0x00000268eb6ea998: 7049 b8a0 | 9f77 c668 | 0200 0049 | 8380 500a | 0000 014c | 8b84 24b8 | 0000 004c | 8b8c 2488 
  0x00000268eb6ea9b8: 0000 0048 | 8bbc 2490 | 0000 00be | 0000 0000 | b900 0000 | 00c7 0424 | 0000 0000 | 488b 5424 
  0x00000268eb6ea9d8: 7066 0f1f 

  0x00000268eb6ea9dc: ;   {optimized virtual_call}
  0x00000268eb6ea9dc: 4400 00e8 

  0x00000268eb6ea9e0: ; ImmutableOopMap {[112]=Oop [120]=Oop [128]=Oop [136]=Oop [144]=Oop [168]=Oop [176]=Oop [184]=Oop [240]=Oop }
                      ;*invokevirtual resolveArgs {reexecute=0 rethrow=0 return_oop=0}
                      ; - org.eclipse.e4.core.internal.di.InjectorImpl::processAnnotated@351 (line 968)
  0x00000268eb6ea9e0: 9cff 1800 

  0x00000268eb6ea9e4: ;   {other}
  0x00000268eb6ea9e4: 0f1f 8400 | d409 000b | 4889 8424 | c000 0000 | 488b 5424 

  0x00000268eb6ea9f8: ;   {metadata(method data for {method} {0x00000268c57a70a0} 'processAnnotated' '(Lorg/eclipse/e4/core/internal/di/AnnotationLookup$AnnotationProxy;Ljava/lang/Object;Ljava/lang/Class;Lorg/eclipse/e4/core/di/suppliers/PrimaryObjectSupplier;Lorg/eclipse/e4/core/di/suppliers/PrimaryObjectSupplier;Ljava/util/List;)V' in 'org/eclipse/e4/core/internal/di/InjectorImpl')}
  0x00000268eb6ea9f8: 7049 b8a0 | 9f77 c668 | 0200 0049 | 8380 880a 

  0x00000268eb6eaa08: ;   {metadata(method data for {method} {0x00000268c57a5328} 'unresolved' '([Ljava/lang/Object;)I' in 'org/eclipse/e4/core/internal/di/InjectorImpl')}
  0x00000268eb6eaa08: 0000 0149 | b878 6f68 | c668 0200 | 0045 8b88 | cc00 0000 | 4183 c102 | 4589 88cc | 0000 0041 
  0x00000268eb6eaa28: 81e1 feff | 1f00 4585 | c90f 849b 

  0x00000268eb6eaa34: ;   {metadata(method data for {method} {0x00000268c57a5328} 'unresolved' '([Ljava/lang/Object;)I' in 'org/eclipse/e4/core/internal/di/InjectorImpl')}
  0x00000268eb6eaa34: 0400 0049 | b878 6f68 | c668 0200 | 0041 ff80 | 1001 0000 | 41b8 0000 | 0000 e94d | 0000 000f 
  0x00000268eb6eaa54: 1f44 0000 | 4d63 c846 | 8b4c 8810 | 49c1 e103 

  0x00000268eb6eaa64: ;   {oop(a 'java/lang/Object'{0x0000000741bcdd60})}
  0x00000268eb6eaa64: 49ba 60dd | bc41 0700 | 0000 4d3b 

  0x00000268eb6eaa70: ;   {metadata(method data for {method} {0x00000268c57a5328} 'unresolved' '([Ljava/lang/Object;)I' in 'org/eclipse/e4/core/internal/di/InjectorImpl')}
  0x00000268eb6eaa70: ca49 b978 | 6f68 c668 | 0200 0048 | c7c2 3801 | 0000 7407 | 48c7 c228 | 0100 0049 | 8b34 1148 
  0x00000268eb6eaa90: 8d76 0149 | 8934 110f | 8484 0000 | 0041 ffc0 

  0x00000268eb6eaaa0: ; implicit exception: dispatches to 0x00000268eb6eaef3
  0x00000268eb6eaaa0: 448b 480c | 453b c1ba | 0200 0000 | 7c05 ba00 

  0x00000268eb6eaab0: ;   {metadata(method data for {method} {0x00000268c57a5328} 'unresolved' '([Ljava/lang/Object;)I' in 'org/eclipse/e4/core/internal/di/InjectorImpl')}
  0x00000268eb6eaab0: 0000 0048 | be78 6f68 | c668 0200 | 008b bed0 | 0000 0003 | fa89 bed0 | 0000 0085 | d275 05bf 
  0x00000268eb6eaad0: 0200 0000 | 81e7 fe3f | 0000 85ff | 0f84 1604 | 0000 4d8b | 9750 0400 

  0x00000268eb6eaae8: ; ImmutableOopMap {rax=Oop [112]=Oop [120]=Oop [128]=Oop [136]=Oop [144]=Oop [168]=Oop [176]=Oop [184]=Oop [192]=Oop [240]=Oop }
                      ;*if_icmplt {reexecute=1 rethrow=0 return_oop=0}
                      ; - (reexecute) org.eclipse.e4.core.internal.di.InjectorImpl::unresolved@22 (line 625)
                      ; - org.eclipse.e4.core.internal.di.InjectorImpl::processAnnotated@359 (line 969)
                      ;   {poll}
  0x00000268eb6eaae8: 0041 8502 

  0x00000268eb6eaaec: ;   {metadata(method data for {method} {0x00000268c57a5328} 'unresolved' '([Ljava/lang/Object;)I' in 'org/eclipse/e4/core/internal/di/InjectorImpl')}
  0x00000268eb6eaaec: 453b c149 | b978 6f68 | c668 0200 | 0048 c7c2 | 4801 0000 | 7c07 48c7 | c258 0100 | 0049 8b34 
  0x00000268eb6eab0c: 1148 8d76 | 0149 8934 | 110f 8c3d | ffff ff41 | b8ff ffff | ff41 83f8 

  0x00000268eb6eab24: ;   {metadata(method data for {method} {0x00000268c57a70a0} 'processAnnotated' '(Lorg/eclipse/e4/core/internal/di/AnnotationLookup$AnnotationProxy;Ljava/lang/Object;Ljava/lang/Class;Lorg/eclipse/e4/core/di/suppliers/PrimaryObjectSupplier;Lorg/eclipse/e4/core/di/suppliers/PrimaryObjectSupplier;Ljava/util/List;)V' in 'org/eclipse/e4/core/internal/di/InjectorImpl')}
  0x00000268eb6eab24: ff49 b9a0 | 9f77 c668 | 0200 0048 | c7c2 c00a | 0000 7407 | 48c7 c2d0 | 0a00 0049 | 8b34 1148 
  0x00000268eb6eab44: 8d76 0149 | 8934 110f | 848e 0000 | 0044 8984 | 24c8 0000 | 004c 8bac | 24a8 0000 | 0048 8b54 
  0x00000268eb6eab64: ;   {metadata(method data for {method} {0x00000268c57a70a0} 'processAnnotated' '(Lorg/eclipse/e4/core/internal/di/AnnotationLookup$AnnotationProxy;Ljava/lang/Object;Ljava/lang/Class;Lorg/eclipse/e4/core/di/suppliers/PrimaryObjectSupplier;Lorg/eclipse/e4/core/di/suppliers/PrimaryObjectSupplier;Ljava/util/List;)V' in 'org/eclipse/e4/core/internal/di/InjectorImpl')}
  0x00000268eb6eab64: 2470 49b9 | a09f 77c6 | 6802 0000 | 4983 81e0 | 0a00 0001 

  0x00000268eb6eab78: ;   {oop(a 'org/eclipse/e4/core/internal/di/AnnotationLookup$AnnotationProxy'{0x0000000741be23c0})}
  0x00000268eb6eab78: 4d8b c549 | b9c0 23be | 4107 0000 | 0048 8b54 | 2470 0f1f 

  0x00000268eb6eab8c: ;   {optimized virtual_call}
  0x00000268eb6eab8c: 4400 00e8 

  0x00000268eb6eab90: ; ImmutableOopMap {[112]=Oop [120]=Oop [128]=Oop [136]=Oop [144]=Oop [176]=Oop [184]=Oop [192]=Oop [240]=Oop }
                      ;*invokevirtual isAnnotationPresent {reexecute=0 rethrow=0 return_oop=0}
                      ; - org.eclipse.e4.core.internal.di.InjectorImpl::processAnnotated@376 (line 971)
  0x00000268eb6eab90: ec3e 3707 

  0x00000268eb6eab94: ;   {other}
  0x00000268eb6eab94: 0f1f 8400 | 840b 000d 

  0x00000268eb6eab9c: ;   {metadata(method data for {method} {0x00000268c57a70a0} 'processAnnotated' '(Lorg/eclipse/e4/core/internal/di/AnnotationLookup$AnnotationProxy;Ljava/lang/Object;Ljava/lang/Class;Lorg/eclipse/e4/core/di/suppliers/PrimaryObjectSupplier;Lorg/eclipse/e4/core/di/suppliers/PrimaryObjectSupplier;Ljava/util/List;)V' in 'org/eclipse/e4/core/internal/di/InjectorImpl')}
  0x00000268eb6eab9c: 85c0 48ba | a09f 77c6 | 6802 0000 | 48c7 c618 | 0b00 0074 | 0748 c7c6 | 280b 0000 | 488b 3c32 
  0x00000268eb6eabbc: 488d 7f01 | 4889 3c32 | 0f84 4d01 

  0x00000268eb6eabc8: ;   {metadata(method data for {method} {0x00000268c57a70a0} 'processAnnotated' '(Lorg/eclipse/e4/core/internal/di/AnnotationLookup$AnnotationProxy;Ljava/lang/Object;Ljava/lang/Class;Lorg/eclipse/e4/core/di/suppliers/PrimaryObjectSupplier;Lorg/eclipse/e4/core/di/suppliers/PrimaryObjectSupplier;Ljava/util/List;)V' in 'org/eclipse/e4/core/internal/di/InjectorImpl')}
  0x00000268eb6eabc8: 0000 48ba | a09f 77c6 | 6802 0000 | ff82 380b | 0000 e905 | 0100 0048 | 8bf0 488b | 8424 b800 
  0x00000268eb6eabe8: 0000 488b 

  0x00000268eb6eabec: ;   {metadata(method data for {method} {0x00000268c57a70a0} 'processAnnotated' '(Lorg/eclipse/e4/core/internal/di/AnnotationLookup$AnnotationProxy;Ljava/lang/Object;Ljava/lang/Class;Lorg/eclipse/e4/core/di/suppliers/PrimaryObjectSupplier;Lorg/eclipse/e4/core/di/suppliers/PrimaryObjectSupplier;Ljava/util/List;)V' in 'org/eclipse/e4/core/internal/di/InjectorImpl')}
  0x00000268eb6eabec: d048 bfa0 | 9f77 c668 | 0200 008b | 5208 49ba | 0000 0083 | 6802 0000 | 4903 d248 | 3b97 980b 
  0x00000268eb6eac0c: 0000 750d | 4883 87a0 | 0b00 0001 | e960 0000 | 0048 3b97 | a80b 0000 | 750d 4883 | 87b0 0b00 
  0x00000268eb6eac2c: 0001 e94a | 0000 0048 | 83bf 980b | 0000 0075 | 1748 8997 | 980b 0000 | 48c7 87a0 | 0b00 0001 
  0x00000268eb6eac4c: 0000 00e9 | 2900 0000 | 4883 bfa8 | 0b00 0000 | 7517 4889 | 97a8 0b00 | 0048 c787 | b00b 0000 
  0x00000268eb6eac6c: 0100 0000 | e908 0000 | 0048 8387 | 880b 0000 | 0141 0fbe | 5740 85d2 | 0f85 8f02 | 0000 4c8b 
  0x00000268eb6eac8c: d649 c1ea | 0344 8950 | 2848 8bd0 | 4833 d648 | c1ea 1548 | 83fa 000f | 858f 0200 | 0048 8bd0 
  0x00000268eb6eacac: ;   {metadata(method data for {method} {0x00000268c57a70a0} 'processAnnotated' '(Lorg/eclipse/e4/core/internal/di/AnnotationLookup$AnnotationProxy;Ljava/lang/Object;Ljava/lang/Class;Lorg/eclipse/e4/core/di/suppliers/PrimaryObjectSupplier;Lorg/eclipse/e4/core/di/suppliers/PrimaryObjectSupplier;Ljava/util/List;)V' in 'org/eclipse/e4/core/internal/di/InjectorImpl')}
  0x00000268eb6eacac: 48be a09f | 77c6 6802 

  0x00000268eb6eacb4: ;   {metadata('org/eclipse/e4/core/internal/di/MethodRequestor')}
  0x00000268eb6eacb4: 0000 49ba | c037 3084 | 6802 0000 | 4c89 96d0 | 0b00 0048 | 8386 d80b | 0000 0148 | 8bd0 0f1f 
  0x00000268eb6eacd4: ;   {optimized virtual_call}
  0x00000268eb6eacd4: 4400 00e8 

  0x00000268eb6eacd8: ; ImmutableOopMap {[112]=Oop [120]=Oop [128]=Oop [136]=Oop [144]=Oop [176]=Oop [240]=Oop }
                      ;*invokevirtual execute {reexecute=0 rethrow=0 return_oop=0}
                      ; - org.eclipse.e4.core.internal.di.InjectorImpl::processAnnotated@402 (line 977)
  0x00000268eb6eacd8: 4448 5700 

  0x00000268eb6eacdc: ;   {other}
  0x00000268eb6eacdc: 0f1f 8400 | cc0c 000e | 8bbc 24a0 | 0000 00ff | c78b b424 | a400 0000 | 488b 8424 | b000 0000 
  0x00000268eb6eacfc: e947 faff | ff48 81c4 | e000 0000 

  0x00000268eb6ead08: ;   {poll_return}
  0x00000268eb6ead08: 5d49 3ba7 | 4804 0000 | 0f87 3a02 | 0000 c344 | 8b8c 24c8 | 0000 0048 | 8b84 24b8 | 0000 0048 
  0x00000268eb6ead28: 8b54 2470 

  0x00000268eb6ead2c: ;   {metadata(method data for {method} {0x00000268c57a70a0} 'processAnnotated' '(Lorg/eclipse/e4/core/internal/di/AnnotationLookup$AnnotationProxy;Ljava/lang/Object;Ljava/lang/Class;Lorg/eclipse/e4/core/di/suppliers/PrimaryObjectSupplier;Lorg/eclipse/e4/core/di/suppliers/PrimaryObjectSupplier;Ljava/util/List;)V' in 'org/eclipse/e4/core/internal/di/InjectorImpl')}
  0x00000268eb6ead2c: 49b8 a09f | 77c6 6802 | 0000 4983 | 8050 0b00 

  0x00000268eb6ead3c: ;   {metadata(method data for {method} {0x00000268c57a4800} 'reportUnresolvedArgument' '(Lorg/eclipse/e4/core/internal/di/Requestor;I)V' in 'org/eclipse/e4/core/internal/di/InjectorImpl')}
  0x00000268eb6ead3c: 0001 49b8 | 28ac 77c6 | 6802 0000 | 418b 90cc | 0000 0083 | c202 4189 | 90cc 0000 | 0081 e2fe 
  0x00000268eb6ead5c: ff1f 0085 | d20f 84ff | 0100 0048 | 8b54 2470 

  0x00000268eb6ead6c: ;   {metadata(method data for {method} {0x00000268c57a4800} 'reportUnresolvedArgument' '(Lorg/eclipse/e4/core/internal/di/Requestor;I)V' in 'org/eclipse/e4/core/internal/di/InjectorImpl')}
  0x00000268eb6ead6c: 49b8 28ac | 77c6 6802 | 0000 4983 | 8010 0100 | 0001 4c8b | c048 8b54 

  0x00000268eb6ead84: ;   {optimized virtual_call}
  0x00000268eb6ead84: 2470 90e8 

  0x00000268eb6ead88: ; ImmutableOopMap {[112]=Oop [120]=Oop [128]=Oop [136]=Oop [144]=Oop [176]=Oop [184]=Oop [192]=Oop [240]=Oop }
                      ;*invokevirtual resolutionError {reexecute=0 rethrow=0 return_oop=0}
                      ; - org.eclipse.e4.core.internal.di.InjectorImpl::reportUnresolvedArgument@3 (line 458)
                      ; - org.eclipse.e4.core.internal.di.InjectorImpl::processAnnotated@390 (line 974)
  0x00000268eb6ead88: f43c 3707 

  0x00000268eb6ead8c: ;   {other}
  0x00000268eb6ead8c: 0f1f 8400 | 7c0d 000f 

  0x00000268eb6ead94: ;   {metadata(method data for {method} {0x00000268c57a4800} 'reportUnresolvedArgument' '(Lorg/eclipse/e4/core/internal/di/Requestor;I)V' in 'org/eclipse/e4/core/internal/di/InjectorImpl')}
  0x00000268eb6ead94: 4c8b c048 | ba28 ac77 | c668 0200 | 00ff 8248 | 0100 0090 

  0x00000268eb6eada8: ;   {no_reloc}
  0x00000268eb6eada8: e9e9 0100 | 0000 0000 | 0000 80ba | 2101 0000 | 040f 85e6 | 0100 0049 | 8b87 b801 | 0000 488d 
  0x00000268eb6eadc8: 7828 493b | bfc8 0100 | 000f 87ce | 0100 0049 | 89bf b801 | 0000 48c7 | 0001 0000 | 0048 8bca 
  0x00000268eb6eade8: 49ba 0000 | 0083 6802 | 0000 492b | ca89 4808 | 4833 c989 | 480c 4833 | c948 8948 | 1048 8948 
  0x00000268eb6eae08: 1848 8948 | 2048 8bd0 

  0x00000268eb6eae10: ;   {metadata(method data for {method} {0x00000268c57a4800} 'reportUnresolvedArgument' '(Lorg/eclipse/e4/core/internal/di/Requestor;I)V' in 'org/eclipse/e4/core/internal/di/InjectorImpl')}
  0x00000268eb6eae10: 48be 28ac | 77c6 6802 | 0000 4883 | 8678 0100 | 0001 488b | d048 8984 | 24d0 0000 

  0x00000268eb6eae2c: ;   {optimized virtual_call}
  0x00000268eb6eae2c: 0066 90e8 

  0x00000268eb6eae30: ; ImmutableOopMap {[112]=Oop [120]=Oop [128]=Oop [136]=Oop [144]=Oop [176]=Oop [184]=Oop [192]=Oop [208]=Oop [240]=Oop }
                      ;*invokespecial <init> {reexecute=0 rethrow=0 return_oop=0}
                      ; - org.eclipse.e4.core.internal.di.InjectorImpl::reportUnresolvedArgument@23 (line 462)
                      ; - org.eclipse.e4.core.internal.di.InjectorImpl::processAnnotated@390 (line 974)
  0x00000268eb6eae30: 4c3c 3707 

  0x00000268eb6eae34: ;   {other}
  0x00000268eb6eae34: 0f1f 8400 | 240e 0010 | 488b 8424 | d000 0000 | e986 0100 

  0x00000268eb6eae48: ;   {metadata({method} {0x00000268c57a70a0} 'processAnnotated' '(Lorg/eclipse/e4/core/internal/di/AnnotationLookup$AnnotationProxy;Ljava/lang/Object;Ljava/lang/Class;Lorg/eclipse/e4/core/di/suppliers/PrimaryObjectSupplier;Lorg/eclipse/e4/core/di/suppliers/PrimaryObjectSupplier;Ljava/util/List;)V' in 'org/eclipse/e4/core/internal/di/InjectorImpl')}
  0x00000268eb6eae48: 0049 ba98 | 707a c568 | 0200 004c | 8954 2408 | 48c7 0424 | ffff ffff 

  0x00000268eb6eae60: ;   {runtime_call counter_overflow Runtime1 stub}
  0x00000268eb6eae60: e81b fe43 

  0x00000268eb6eae64: ; ImmutableOopMap {rdx=Oop r8=Oop r9=Oop rdi=Oop rsi=Oop rcx=Oop [112]=Oop [120]=Oop [128]=Oop [136]=Oop [144]=Oop [240]=Oop }
                      ;*synchronization entry
                      ; - org.eclipse.e4.core.internal.di.InjectorImpl::processAnnotated@-1 (line 936)
  0x00000268eb6eae64: 07e9 1df5 

  0x00000268eb6eae68: ;   {runtime_call throw_null_pointer_exception Runtime1 stub}
  0x00000268eb6eae68: ffff e891 

  0x00000268eb6eae6c: ; ImmutableOopMap {rdi=Oop [112]=Oop [120]=Oop [128]=Oop [136]=Oop [144]=Oop [240]=Oop }
                      ;*invokevirtual getSuperclass {reexecute=0 rethrow=0 return_oop=0}
                      ; - org.eclipse.e4.core.internal.di.InjectorImpl::processAnnotated@1 (line 936)
                      ;   {runtime_call throw_null_pointer_exception Runtime1 stub}
  0x00000268eb6eae6c: b842 07e8 

  0x00000268eb6eae70: ; ImmutableOopMap {rax=Oop [104]=Oop [112]=Oop [120]=Oop [128]=Oop [136]=Oop [144]=Oop [152]=Oop [240]=Oop }
                      ;*invokevirtual getName {reexecute=0 rethrow=0 return_oop=0}
                      ; - org.eclipse.e4.core.internal.di.InjectorImpl::processAnnotated@13 (line 937)
  0x00000268eb6eae70: 8cb8 4207 

  0x00000268eb6eae74: ;   {metadata({method} {0x0000026883465ac0} 'getName' '()Ljava/lang/String;' in 'java/lang/Class')}
  0x00000268eb6eae74: 49ba b85a | 4683 6802 | 0000 4c89 | 5424 0848 | c704 24ff 

  0x00000268eb6eae88: ;   {runtime_call counter_overflow Runtime1 stub}
  0x00000268eb6eae88: ffff ffe8 

  0x00000268eb6eae8c: ; ImmutableOopMap {rax=Oop [104]=Oop [112]=Oop [120]=Oop [128]=Oop [136]=Oop [144]=Oop [152]=Oop [240]=Oop }
                      ;*synchronization entry
                      ; - java.lang.Class::getName@-1
                      ; - org.eclipse.e4.core.internal.di.InjectorImpl::processAnnotated@13 (line 937)
  0x00000268eb6eae8c: f0fd 4307 | e995 f5ff 

  0x00000268eb6eae94: ;   {runtime_call throw_null_pointer_exception Runtime1 stub}
  0x00000268eb6eae94: ffe8 66b8 

  0x00000268eb6eae98: ; ImmutableOopMap {rdx=Oop [104]=Oop [112]=Oop [120]=Oop [128]=Oop [136]=Oop [144]=Oop [152]=Oop [240]=Oop }
                      ;*invokevirtual equals {reexecute=0 rethrow=0 return_oop=0}
                      ; - org.eclipse.e4.core.internal.di.InjectorImpl::processAnnotated@18 (line 937)
                      ;   {runtime_call throw_null_pointer_exception Runtime1 stub}
  0x00000268eb6eae98: 4207 e861 

  0x00000268eb6eae9c: ; ImmutableOopMap {rsi=Oop [104]=Oop [112]=Oop [120]=Oop [128]=Oop [136]=Oop [144]=Oop [152]=Oop [240]=Oop }
                      ;*invokeinterface add {reexecute=0 rethrow=0 return_oop=0}
                      ; - org.eclipse.e4.core.internal.di.InjectorImpl::processAnnotated@27 (line 938)
                      ;   {runtime_call throw_null_pointer_exception Runtime1 stub}
  0x00000268eb6eae9c: b842 07e8 

  0x00000268eb6eaea0: ; ImmutableOopMap {rax=Oop [112]=Oop [120]=Oop [128]=Oop [136]=Oop [144]=Oop [176]=Oop [240]=Oop }
                      ;*arraylength {reexecute=0 rethrow=0 return_oop=0}
                      ; - org.eclipse.e4.core.internal.di.InjectorImpl::processAnnotated@68 (line 943)
  0x00000268eb6eaea0: 5cb8 4207 

  0x00000268eb6eaea4: ;   {metadata({method} {0x00000268c57a70a0} 'processAnnotated' '(Lorg/eclipse/e4/core/internal/di/AnnotationLookup$AnnotationProxy;Ljava/lang/Object;Ljava/lang/Class;Lorg/eclipse/e4/core/di/suppliers/PrimaryObjectSupplier;Lorg/eclipse/e4/core/di/suppliers/PrimaryObjectSupplier;Ljava/util/List;)V' in 'org/eclipse/e4/core/internal/di/InjectorImpl')}
  0x00000268eb6eaea4: 49ba 9870 | 7ac5 6802 | 0000 4c89 | 5424 0848 | c704 249d 

  0x00000268eb6eaeb8: ;   {runtime_call counter_overflow Runtime1 stub}
  0x00000268eb6eaeb8: 0100 00e8 

  0x00000268eb6eaebc: ; ImmutableOopMap {rax=Oop r8=Oop [112]=Oop [120]=Oop [128]=Oop [136]=Oop [144]=Oop [176]=Oop [240]=Oop }
                      ;*if_icmplt {reexecute=1 rethrow=0 return_oop=0}
                      ; - (reexecute) org.eclipse.e4.core.internal.di.InjectorImpl::processAnnotated@413 (line 943)
  0x00000268eb6eaebc: c0fd 4307 | e9cb f8ff | ff48 8bd2 

  0x00000268eb6eaec8: ;   {runtime_call fast_new_instance Runtime1 stub}
  0x00000268eb6eaec8: e833 a343 

  0x00000268eb6eaecc: ; ImmutableOopMap {[112]=Oop [120]=Oop [128]=Oop [136]=Oop [144]=Oop [168]=Oop [176]=Oop [240]=Oop }
                      ;*new {reexecute=0 rethrow=0 return_oop=0}
                      ; - org.eclipse.e4.core.internal.di.InjectorImpl::processAnnotated@323 (line 967)
  0x00000268eb6eaecc: 07e9 69fa 

  0x00000268eb6eaed0: ;   {metadata({method} {0x00000268c57a5328} 'unresolved' '([Ljava/lang/Object;)I' in 'org/eclipse/e4/core/internal/di/InjectorImpl')}
  0x00000268eb6eaed0: ffff 49ba | 2053 7ac5 | 6802 0000 | 4c89 5424 | 0848 c704 | 24ff ffff 

  0x00000268eb6eaee8: ;   {runtime_call counter_overflow Runtime1 stub}
  0x00000268eb6eaee8: ffe8 92fd 

  0x00000268eb6eaeec: ; ImmutableOopMap {rax=Oop [112]=Oop [120]=Oop [128]=Oop [136]=Oop [144]=Oop [168]=Oop [176]=Oop [184]=Oop [192]=Oop [240]=Oop }
                      ;*synchronization entry
                      ; - org.eclipse.e4.core.internal.di.InjectorImpl::unresolved@-1 (line 625)
                      ; - org.eclipse.e4.core.internal.di.InjectorImpl::processAnnotated@359 (line 969)
  0x00000268eb6eaeec: 4307 e944 

  0x00000268eb6eaef0: ;   {runtime_call throw_null_pointer_exception Runtime1 stub}
  0x00000268eb6eaef0: fbff ffe8 

  0x00000268eb6eaef4: ; ImmutableOopMap {rax=Oop [112]=Oop [120]=Oop [128]=Oop [136]=Oop [144]=Oop [168]=Oop [176]=Oop [184]=Oop [192]=Oop [240]=Oop }
                      ;*arraylength {reexecute=0 rethrow=0 return_oop=0}
                      ; - org.eclipse.e4.core.internal.di.InjectorImpl::unresolved@21 (line 625)
                      ; - org.eclipse.e4.core.internal.di.InjectorImpl::processAnnotated@359 (line 969)
  0x00000268eb6eaef4: 08b8 4207 

  0x00000268eb6eaef8: ;   {metadata({method} {0x00000268c57a5328} 'unresolved' '([Ljava/lang/Object;)I' in 'org/eclipse/e4/core/internal/di/InjectorImpl')}
  0x00000268eb6eaef8: 49ba 2053 | 7ac5 6802 | 0000 4c89 | 5424 0848 | c704 2416 

  0x00000268eb6eaf0c: ;   {runtime_call counter_overflow Runtime1 stub}
  0x00000268eb6eaf0c: 0000 00e8 

  0x00000268eb6eaf10: ; ImmutableOopMap {rax=Oop [112]=Oop [120]=Oop [128]=Oop [136]=Oop [144]=Oop [168]=Oop [176]=Oop [184]=Oop [192]=Oop [240]=Oop }
                      ;*if_icmplt {reexecute=1 rethrow=0 return_oop=0}
                      ; - (reexecute) org.eclipse.e4.core.internal.di.InjectorImpl::unresolved@22 (line 625)
                      ; - org.eclipse.e4.core.internal.di.InjectorImpl::processAnnotated@359 (line 969)
  0x00000268eb6eaf10: 6cfd 4307 | e9c9 fbff | ff8b 5028 | 48c1 e203 | 4883 fa00 | 0f84 60fd | ffff 4889 

  0x00000268eb6eaf2c: ;   {runtime_call g1_pre_barrier_slow}
  0x00000268eb6eaf2c: 1424 e84d | 0344 07e9 | 52fd ffff | 4883 fe00 | 0f84 67fd | ffff 4889 

  0x00000268eb6eaf44: ;   {runtime_call g1_post_barrier_slow}
  0x00000268eb6eaf44: 0424 e835 | 0644 07e9 | 59fd ffff 

  0x00000268eb6eaf50: ;   {internal_word}
  0x00000268eb6eaf50: 49ba 09ad | 6eeb 6802 | 0000 4d89 | 9760 0400 

  0x00000268eb6eaf60: ;   {runtime_call SafepointBlob}
  0x00000268eb6eaf60: 00e9 9aa7 

  0x00000268eb6eaf64: ;   {metadata({method} {0x00000268c57a4800} 'reportUnresolvedArgument' '(Lorg/eclipse/e4/core/internal/di/Requestor;I)V' in 'org/eclipse/e4/core/internal/di/InjectorImpl')}
  0x00000268eb6eaf64: 3707 49ba | f847 7ac5 | 6802 0000 | 4c89 5424 | 0848 c704 | 24ff ffff 

  0x00000268eb6eaf7c: ;   {runtime_call counter_overflow Runtime1 stub}
  0x00000268eb6eaf7c: ffe8 fefc 

  0x00000268eb6eaf80: ; ImmutableOopMap {rax=Oop [112]=Oop [120]=Oop [128]=Oop [136]=Oop [144]=Oop [176]=Oop [184]=Oop [192]=Oop [240]=Oop }
                      ;*synchronization entry
                      ; - org.eclipse.e4.core.internal.di.InjectorImpl::reportUnresolvedArgument@-1 (line 458)
                      ; - org.eclipse.e4.core.internal.di.InjectorImpl::processAnnotated@390 (line 974)
  0x00000268eb6eaf80: 4307 e9e0 

  0x00000268eb6eaf84: ;   {metadata(nullptr)}
  0x00000268eb6eaf84: fdff ff48 | ba00 0000 | 0000 0000 | 00b8 000f 

  0x00000268eb6eaf94: ;   {runtime_call load_klass_patching Runtime1 stub}
  0x00000268eb6eaf94: 050a e8e5 

  0x00000268eb6eaf98: ; ImmutableOopMap {r8=Oop [112]=Oop [120]=Oop [128]=Oop [136]=Oop [144]=Oop [176]=Oop [184]=Oop [192]=Oop [240]=Oop }
                      ;*new {reexecute=1 rethrow=0 return_oop=0}
                      ; - (reexecute) org.eclipse.e4.core.internal.di.InjectorImpl::reportUnresolvedArgument@18 (line 462)
                      ; - org.eclipse.e4.core.internal.di.InjectorImpl::processAnnotated@390 (line 974)
  0x00000268eb6eaf98: e743 07e9 | 08fe ffff 

  0x00000268eb6eafa0: ;   {runtime_call throw_null_pointer_exception Runtime1 stub}
  0x00000268eb6eafa0: e85b b742 

  0x00000268eb6eafa4: ; ImmutableOopMap {r8=Oop [112]=Oop [120]=Oop [128]=Oop [136]=Oop [144]=Oop [176]=Oop [184]=Oop [192]=Oop [240]=Oop }
                      ;*new {reexecute=0 rethrow=0 return_oop=0}
                      ; - org.eclipse.e4.core.internal.di.InjectorImpl::reportUnresolvedArgument@18 (line 462)
                      ; - org.eclipse.e4.core.internal.di.InjectorImpl::processAnnotated@390 (line 974)
  0x00000268eb6eafa4: 0748 8bd2 

  0x00000268eb6eafa8: ;   {runtime_call fast_new_instance_init_check Runtime1 stub}
  0x00000268eb6eafa8: e853 aa43 

  0x00000268eb6eafac: ; ImmutableOopMap {r8=Oop [112]=Oop [120]=Oop [128]=Oop [136]=Oop [144]=Oop [176]=Oop [184]=Oop [192]=Oop [240]=Oop }
                      ;*new {reexecute=0 rethrow=0 return_oop=0}
                      ; - org.eclipse.e4.core.internal.di.InjectorImpl::reportUnresolvedArgument@18 (line 462)
                      ; - org.eclipse.e4.core.internal.di.InjectorImpl::processAnnotated@390 (line 974)
  0x00000268eb6eafac: 07e9 5bfe | ffff 498b | 87f8 0400 | 0049 c787 | f804 0000 | 0000 0000 | 49c7 8700 | 0500 0000 
  0x00000268eb6eafcc: 0000 0048 | 81c4 e000 

  0x00000268eb6eafd4: ;   {runtime_call unwind_exception Runtime1 stub}
  0x00000268eb6eafd4: 0000 5de9 | 2496 4207 | f4f4 f4f4 
[Stub Code]
  0x00000268eb6eafe0: ;   {no_reloc}
  0x00000268eb6eafe0: 0f1f 4400 

  0x00000268eb6eafe4: ;   {static_stub}
  0x00000268eb6eafe4: 0048 bb00 | 0000 0000 

  0x00000268eb6eafec: ;   {runtime_call nmethod}
  0x00000268eb6eafec: 0000 00e9 | fbff ffff 

  0x00000268eb6eaff4: ;   {static_stub}
  0x00000268eb6eaff4: 9048 bb00 | 0000 0000 

  0x00000268eb6eaffc: ;   {runtime_call nmethod}
  0x00000268eb6eaffc: 0000 00e9 | fbff ffff 

  0x00000268eb6eb004: ;   {static_stub}
  0x00000268eb6eb004: 9048 bb00 | 0000 0000 

  0x00000268eb6eb00c: ;   {runtime_call nmethod}
  0x00000268eb6eb00c: 0000 00e9 | fbff ffff 

  0x00000268eb6eb014: ;   {static_stub}
  0x00000268eb6eb014: 9048 bb00 | 0000 0000 

  0x00000268eb6eb01c: ;   {runtime_call nmethod}
  0x00000268eb6eb01c: 0000 00e9 | fbff ffff 

  0x00000268eb6eb024: ;   {static_stub}
  0x00000268eb6eb024: 48bb 0000 | 0000 0000 

  0x00000268eb6eb02c: ;   {runtime_call nmethod}
  0x00000268eb6eb02c: 0000 e9fb 

  0x00000268eb6eb030: ;   {static_stub}
  0x00000268eb6eb030: ffff ff48 | bb00 0000 | 0000 0000 

  0x00000268eb6eb03c: ;   {runtime_call nmethod}
  0x00000268eb6eb03c: 00e9 fbff 

  0x00000268eb6eb040: ;   {static_stub}
  0x00000268eb6eb040: ffff 48bb | 6060 7ac5 | 6802 0000 

  0x00000268eb6eb04c: ;   {runtime_call I2C/C2I adapters}
  0x00000268eb6eb04c: e91a fd36 

  0x00000268eb6eb050: ;   {static_stub}
  0x00000268eb6eb050: 0748 bb98 | d879 c568 

  0x00000268eb6eb058: ;   {runtime_call I2C/C2I adapters}
  0x00000268eb6eb058: 0200 00e9 | 2453 4e07 

  0x00000268eb6eb060: ;   {static_stub}
  0x00000268eb6eb060: 48bb 0000 | 0000 0000 

  0x00000268eb6eb068: ;   {runtime_call nmethod}
  0x00000268eb6eb068: 0000 e9fb 

  0x00000268eb6eb06c: ;   {static_stub}
  0x00000268eb6eb06c: ffff ff48 | bb00 0000 | 0000 0000 

  0x00000268eb6eb078: ;   {runtime_call nmethod}
  0x00000268eb6eb078: 00e9 fbff 

  0x00000268eb6eb07c: ;   {static_stub}
  0x00000268eb6eb07c: ffff 48bb | 0000 0000 | 0000 0000 

  0x00000268eb6eb088: ;   {runtime_call nmethod}
  0x00000268eb6eb088: e9fb ffff 

  0x00000268eb6eb08c: ;   {static_stub}
  0x00000268eb6eb08c: ff48 bb00 | 0000 0000 

  0x00000268eb6eb094: ;   {runtime_call nmethod}
  0x00000268eb6eb094: 0000 00e9 | fbff ffff 

  0x00000268eb6eb09c: ;   {static_stub}
  0x00000268eb6eb09c: 48bb 0000 | 0000 0000 

  0x00000268eb6eb0a4: ;   {runtime_call nmethod}
  0x00000268eb6eb0a4: 0000 e9fb 

  0x00000268eb6eb0a8: ;   {static_stub}
  0x00000268eb6eb0a8: ffff ff48 | bb00 0000 | 0000 0000 

  0x00000268eb6eb0b4: ;   {runtime_call nmethod}
  0x00000268eb6eb0b4: 00e9 fbff 

  0x00000268eb6eb0b8: ;   {runtime_call handle_exception_from_callee Runtime1 stub}
  0x00000268eb6eb0b8: ffff e8c1 

  0x00000268eb6eb0bc: ;   {external_word}
  0x00000268eb6eb0bc: bf43 0748 | b990 7fff | bef8 7f00 | 0048 83e4 

  0x00000268eb6eb0cc: ;   {runtime_call}
  0x00000268eb6eb0cc: f048 b8e0 | 44c2 bef8 | 7f00 00ff 

  0x00000268eb6eb0d8: ;   {section_word}
  0x00000268eb6eb0d8: d0f4 49ba | dab0 6eeb | 6802 0000 

  0x00000268eb6eb0e4: ;   {runtime_call DeoptimizationBlob}
  0x00000268eb6eb0e4: 4152 e9b5 | 9837 07f4 | f4f4 f4f4 
[/MachCode]


---------------  P R O C E S S  ---------------

Threads class SMR info:
_java_thread_list=0x00000268d5ce26f0, length=48, elements={
0x00000268e5bb3320, 0x00000268826fde70, 0x00000268826fe4d0, 0x0000026882703e80,
0x00000268827044e0, 0x000002688270ab60, 0x000002688270b1c0, 0x0000026882710310,
0x0000026882714360, 0x0000026882726590, 0x0000026882835600, 0x00000268829fcb40,
0x00000268c90cd8e0, 0x00000268c9260420, 0x00000268ca672da0, 0x00000268ca2d7240,
0x00000268cb8ffc80, 0x00000268ca80afc0, 0x00000268ca80ddb0, 0x00000268ca80e440,
0x00000268ca80d720, 0x00000268ca80b650, 0x00000268ca80c370, 0x00000268cebdc5d0,
0x00000268cebdcc60, 0x00000268cebdb220, 0x00000268cebde6a0, 0x00000268cebdbf40,
0x00000268cebde010, 0x00000268cebdd2f0, 0x00000268cebdb8b0, 0x00000268cebdd980,
0x00000268cd085a40, 0x00000268cd082c50, 0x00000268cd0860d0, 0x00000268cd086760,
0x00000268cd086df0, 0x00000268cd0832e0, 0x00000268cd301150, 0x00000268c8541fe0,
0x00000268c853f030, 0x00000268c853e960, 0x00000268c8542d80, 0x00000268c853f700,
0x00000268c8543450, 0x00000268c853fdd0, 0x0000026882712ef0, 0x00000268cd300ac0
}

Java Threads: ( => current thread )
=>0x00000268e5bb3320 JavaThread "main"                              [_thread_in_native, id=27200, stack(0x000000a8d4240000,0x000000a8d4340000) (1024K)]
  0x00000268826fde70 JavaThread "Reference Handler"          daemon [_thread_blocked, id=53328, stack(0x000000a8d5000000,0x000000a8d5100000) (1024K)]
  0x00000268826fe4d0 JavaThread "Finalizer"                  daemon [_thread_blocked, id=49356, stack(0x000000a8d5100000,0x000000a8d5200000) (1024K)]
  0x0000026882703e80 JavaThread "Signal Dispatcher"          daemon [_thread_blocked, id=59356, stack(0x000000a8d5200000,0x000000a8d5300000) (1024K)]
  0x00000268827044e0 JavaThread "Attach Listener"            daemon [_thread_blocked, id=60284, stack(0x000000a8d5300000,0x000000a8d5400000) (1024K)]
  0x000002688270ab60 JavaThread "Service Thread"             daemon [_thread_blocked, id=44832, stack(0x000000a8d5400000,0x000000a8d5500000) (1024K)]
  0x000002688270b1c0 JavaThread "Monitor Deflation Thread"   daemon [_thread_blocked, id=41436, stack(0x000000a8d5500000,0x000000a8d5600000) (1024K)]
  0x0000026882710310 JavaThread "C2 CompilerThread0"         daemon [_thread_blocked, id=49532, stack(0x000000a8d5600000,0x000000a8d5700000) (1024K)]
  0x0000026882714360 JavaThread "C1 CompilerThread0"         daemon [_thread_blocked, id=61768, stack(0x000000a8d5700000,0x000000a8d5800000) (1024K)]
  0x0000026882726590 JavaThread "StringDedupThread"          daemon [_thread_blocked, id=46296, stack(0x000000a8d5800000,0x000000a8d5900000) (1024K)]
  0x0000026882835600 JavaThread "Common-Cleaner"             daemon [_thread_blocked, id=47612, stack(0x000000a8d5a00000,0x000000a8d5b00000) (1024K)]
  0x00000268829fcb40 JavaThread "Notification Thread"        daemon [_thread_blocked, id=57148, stack(0x000000a8d5f00000,0x000000a8d6000000) (1024K)]
  0x00000268c90cd8e0 JavaThread "Active Thread: Equinox Container: f757fcda-775b-4edb-b020-43da81adcde3"        [_thread_blocked, id=55180, stack(0x000000a8d7a00000,0x000000a8d7b00000) (1024K)]
  0x00000268c9260420 JavaThread "Framework Event Dispatcher: Equinox Container: f757fcda-775b-4edb-b020-43da81adcde3" daemon [_thread_blocked, id=58888, stack(0x000000a8d7b00000,0x000000a8d7c00000) (1024K)]
  0x00000268ca672da0 JavaThread "Start Level: Equinox Container: f757fcda-775b-4edb-b020-43da81adcde3" daemon [_thread_blocked, id=62640, stack(0x000000a8d7c00000,0x000000a8d7d00000) (1024K)]
  0x00000268ca2d7240 JavaThread "Bundle File Closer"         daemon [_thread_blocked, id=3340, stack(0x000000a8d7f00000,0x000000a8d8000000) (1024K)]
  0x00000268cb8ffc80 JavaThread "SCR Component Actor"        daemon [_thread_blocked, id=57464, stack(0x000000a8d8000000,0x000000a8d8100000) (1024K)]
  0x00000268ca80afc0 JavaThread "EMF Reference Cleaner"      daemon [_thread_blocked, id=42004, stack(0x000000a8d8200000,0x000000a8d8300000) (1024K)]
  0x00000268ca80ddb0 JavaThread "Gogo shell"                        [_thread_blocked, id=12500, stack(0x000000a8d8300000,0x000000a8d8400000) (1024K)]
  0x00000268ca80e440 JavaThread "Worker-JM"                         [_thread_blocked, id=51376, stack(0x000000a8d8400000,0x000000a8d8500000) (1024K)]
  0x00000268ca80d720 JavaThread "FileSystemWatchService"     daemon [_thread_in_native, id=49300, stack(0x000000a8d8900000,0x000000a8d8a00000) (1024K)]
  0x00000268ca80b650 JavaThread "Thread-3"                          [_thread_blocked, id=54256, stack(0x000000a8d8a00000,0x000000a8d8b00000) (1024K)]
  0x00000268ca80c370 JavaThread "Worker-0"                          [_thread_blocked, id=47720, stack(0x000000a8d6400000,0x000000a8d6500000) (1024K)]
  0x00000268cebdc5d0 JavaThread "Java2D Disposer"            daemon [_thread_blocked, id=53644, stack(0x000000a8d6500000,0x000000a8d6600000) (1024K)]
  0x00000268cebdcc60 JavaThread "StandaloneQueueProcessor"   daemon [_thread_blocked, id=62796, stack(0x000000a8d6700000,0x000000a8d6800000) (1024K)]
  0x00000268cebdb220 JavaThread "AWT-Windows"                daemon [_thread_in_native, id=40104, stack(0x000000a8d7900000,0x000000a8d7a00000) (1024K)]
  0x00000268cebde6a0 JavaThread "Worker-1"                          [_thread_blocked, id=51564, stack(0x000000a8d8d00000,0x000000a8d8e00000) (1024K)]
  0x00000268cebdbf40 JavaThread "EventAdmin Async Event Dispatcher Thread" daemon [_thread_blocked, id=57804, stack(0x000000a8d8c00000,0x000000a8d8d00000) (1024K)]
  0x00000268cebde010 JavaThread "pool-2-thread-1"                   [_thread_blocked, id=61316, stack(0x000000a8d8e00000,0x000000a8d8f00000) (1024K)]
  0x00000268cebdd2f0 JavaThread "pool-3-thread-1"                   [_thread_blocked, id=41396, stack(0x000000a8d8f00000,0x000000a8d9000000) (1024K)]
  0x00000268cebdb8b0 JavaThread "JNA Cleaner"                daemon [_thread_blocked, id=56260, stack(0x000000a8d9000000,0x000000a8d9100000) (1024K)]
  0x00000268cebdd980 JavaThread "Worker-2"                          [_thread_blocked, id=49408, stack(0x000000a8d6600000,0x000000a8d6700000) (1024K)]
  0x00000268cd085a40 JavaThread "Worker-3"                          [_thread_blocked, id=60424, stack(0x000000a8d9100000,0x000000a8d9200000) (1024K)]
  0x00000268cd082c50 JavaThread "Worker-4"                          [_thread_blocked, id=49332, stack(0x000000a8d9200000,0x000000a8d9300000) (1024K)]
  0x00000268cd0860d0 JavaThread "Worker-5"                          [_thread_blocked, id=52136, stack(0x000000a8d9300000,0x000000a8d9400000) (1024K)]
  0x00000268cd086760 JavaThread "Worker-6"                          [_thread_blocked, id=59976, stack(0x000000a8d5e00000,0x000000a8d5f00000) (1024K)]
  0x00000268cd086df0 JavaThread "Worker-7"                          [_thread_blocked, id=55752, stack(0x000000a8d9400000,0x000000a8d9500000) (1024K)]
  0x00000268cd0832e0 JavaThread "Keep-Alive-Timer"           daemon [_thread_blocked, id=63920, stack(0x000000a8d9900000,0x000000a8d9a00000) (1024K)]
  0x00000268cd301150 JavaThread "SCR Component Registry"     daemon [_thread_blocked, id=55460, stack(0x000000a8d5900000,0x000000a8d5a00000) (1024K)]
  0x00000268c8541fe0 JavaThread "C2 CompilerThread1"         daemon [_thread_blocked, id=59248, stack(0x000000a8d5b00000,0x000000a8d5c00000) (1024K)]
  0x00000268c853f030 JavaThread "C1 CompilerThread1"         daemon [_thread_blocked, id=47640, stack(0x000000a8d5c00000,0x000000a8d5d00000) (1024K)]
  0x00000268c853e960 JavaThread "C2 CompilerThread2"         daemon [_thread_blocked, id=48472, stack(0x000000a8d5d00000,0x000000a8d5e00000) (1024K)]
  0x00000268c8542d80 JavaThread "C2 CompilerThread3"         daemon [_thread_blocked, id=51036, stack(0x000000a8d8100000,0x000000a8d8200000) (1024K)]
  0x00000268c853f700 JavaThread "C1 CompilerThread2"         daemon [_thread_blocked, id=56744, stack(0x000000a8d9500000,0x000000a8d9600000) (1024K)]
  0x00000268c8543450 JavaThread "C2 CompilerThread4"         daemon [_thread_blocked, id=53884, stack(0x000000a8d9600000,0x000000a8d9700000) (1024K)]
  0x00000268c853fdd0 JavaThread "C2 CompilerThread5"         daemon [_thread_blocked, id=41504, stack(0x000000a8d9700000,0x000000a8d9800000) (1024K)]
  0x0000026882712ef0 JavaThread "C1 CompilerThread3"         daemon [_thread_blocked, id=25652, stack(0x000000a8d9800000,0x000000a8d9900000) (1024K)]
  0x00000268cd300ac0 JavaThread "chromium-EDT"               daemon [_thread_blocked, id=51024, stack(0x000000a8d9c00000,0x000000a8d9d00000) (1024K)]
Total: 48

Other Threads:
  0x00000268826dace0 VMThread "VM Thread"                           [id=64504, stack(0x000000a8d4f00000,0x000000a8d5000000) (1024K)]
  0x00000268826d19a0 WatcherThread "VM Periodic Task Thread"        [id=64468, stack(0x000000a8d4e00000,0x000000a8d4f00000) (1024K)]
  0x00000268e842d540 WorkerThread "GC Thread#0"                     [id=40108, stack(0x000000a8d4900000,0x000000a8d4a00000) (1024K)]
  0x00000268c911e2d0 WorkerThread "GC Thread#1"                     [id=50596, stack(0x000000a8d6800000,0x000000a8d6900000) (1024K)]
  0x00000268c8566ef0 WorkerThread "GC Thread#2"                     [id=61648, stack(0x000000a8d6900000,0x000000a8d6a00000) (1024K)]
  0x00000268c85676a0 WorkerThread "GC Thread#3"                     [id=45696, stack(0x000000a8d6a00000,0x000000a8d6b00000) (1024K)]
  0x00000268c9221cc0 WorkerThread "GC Thread#4"                     [id=54816, stack(0x000000a8d6b00000,0x000000a8d6c00000) (1024K)]
  0x00000268c9222060 WorkerThread "GC Thread#5"                     [id=63856, stack(0x000000a8d6c00000,0x000000a8d6d00000) (1024K)]
  0x00000268c9222400 WorkerThread "GC Thread#6"                     [id=61636, stack(0x000000a8d6d00000,0x000000a8d6e00000) (1024K)]
  0x00000268c917d180 WorkerThread "GC Thread#7"                     [id=46152, stack(0x000000a8d6e00000,0x000000a8d6f00000) (1024K)]
  0x00000268c917bbc0 WorkerThread "GC Thread#8"                     [id=49520, stack(0x000000a8d6f00000,0x000000a8d7000000) (1024K)]
  0x00000268c917cde0 WorkerThread "GC Thread#9"                     [id=62708, stack(0x000000a8d7000000,0x000000a8d7100000) (1024K)]
  0x00000268c917ca40 WorkerThread "GC Thread#10"                    [id=46588, stack(0x000000a8d7100000,0x000000a8d7200000) (1024K)]
  0x00000268c917bf60 WorkerThread "GC Thread#11"                    [id=60128, stack(0x000000a8d7200000,0x000000a8d7300000) (1024K)]
  0x00000268c917c300 WorkerThread "GC Thread#12"                    [id=63592, stack(0x000000a8d7300000,0x000000a8d7400000) (1024K)]
  0x00000268c917c6a0 WorkerThread "GC Thread#13"                    [id=55592, stack(0x000000a8d7400000,0x000000a8d7500000) (1024K)]
  0x00000268c917d520 WorkerThread "GC Thread#14"                    [id=48460, stack(0x000000a8d7500000,0x000000a8d7600000) (1024K)]
  0x00000268c938ed60 WorkerThread "GC Thread#15"                    [id=61056, stack(0x000000a8d7600000,0x000000a8d7700000) (1024K)]
  0x00000268c9390a60 WorkerThread "GC Thread#16"                    [id=64500, stack(0x000000a8d7700000,0x000000a8d7800000) (1024K)]
  0x00000268c938ff80 WorkerThread "GC Thread#17"                    [id=53420, stack(0x000000a8d7800000,0x000000a8d7900000) (1024K)]
  0x00000268e843a680 ConcurrentGCThread "G1 Main Marker"            [id=58884, stack(0x000000a8d4a00000,0x000000a8d4b00000) (1024K)]
  0x00000268e843d8c0 WorkerThread "G1 Conc#0"                       [id=50276, stack(0x000000a8d4b00000,0x000000a8d4c00000) (1024K)]
  0x00000268c93906c0 WorkerThread "G1 Conc#1"                       [id=4876, stack(0x000000a8d8500000,0x000000a8d8600000) (1024K)]
  0x00000268c938d400 WorkerThread "G1 Conc#2"                       [id=50224, stack(0x000000a8d8600000,0x000000a8d8700000) (1024K)]
  0x00000268c938dee0 WorkerThread "G1 Conc#3"                       [id=43372, stack(0x000000a8d8700000,0x000000a8d8800000) (1024K)]
  0x00000268c938d7a0 WorkerThread "G1 Conc#4"                       [id=4632, stack(0x000000a8d8800000,0x000000a8d8900000) (1024K)]
  0x000002688246b780 ConcurrentGCThread "G1 Refine#0"               [id=52404, stack(0x000000a8d4c00000,0x000000a8d4d00000) (1024K)]
  0x000002688246bcb0 ConcurrentGCThread "G1 Service"                [id=53304, stack(0x000000a8d4d00000,0x000000a8d4e00000) (1024K)]
Total: 28

Threads with active compile tasks:
Total: 0

VM state: not at safepoint (normal execution)

VM Mutex/Monitor currently owned by a thread: None

Heap address: 0x0000000740000000, size: 3072 MB, Compressed Oops mode: Zero based, Oop shift amount: 3

CDS archive(s) mapped at: [0x0000026883000000-0x0000026883ba0000-0x0000026883ba0000), size 12189696, SharedBaseAddress: 0x0000026883000000, ArchiveRelocationMode: 1.
Compressed class space mapped at: 0x0000026884000000-0x00000268c4000000, reserved size: 1073741824
Narrow klass base: 0x0000026883000000, Narrow klass shift: 0, Narrow klass range: 0x100000000

GC Precious Log:
 CardTable entry size: 512
 Card Set container configuration: InlinePtr #cards 4 size 8 Array Of Cards #cards 16 size 48 Howl #buckets 8 coarsen threshold 3686 Howl Bitmap #cards 512 size 80 coarsen threshold 460 Card regions per heap region 1 cards per card region 4096
 CPUs: 24 total, 24 available
 Memory: 16115M
 Large Page Support: Disabled
 NUMA Support: Disabled
 Compressed Oops: Enabled (Zero based)
 Heap Region Size: 2M
 Heap Min Capacity: 512M
 Heap Initial Capacity: 512M
 Heap Max Capacity: 3G
 Pre-touch: Disabled
 Parallel Workers: 18
 Concurrent Workers: 5
 Concurrent Refinement Workers: 18
 Periodic GC: Disabled
 String Deduplication is enabled

Heap:
 garbage-first heap   total 659456K, used 541696K [0x0000000740000000, 0x0000000800000000)
  region size 2048K, 39 young (79872K), 7 survivors (14336K)
 Metaspace       used 75673K, committed 78272K, reserved 1179648K
  class space    used 8709K, committed 9792K, reserved 1048576K

Heap Regions: E=young(eden), S=young(survivor), O=old, HS=humongous(starts), HC=humongous(continues), CS=collection set, F=free, TAMS=top-at-mark-start, PB=parsable bottom
|   0|0x0000000740000000, 0x0000000740200000, 0x0000000740200000|100%| O|  |TAMS 0x0000000740000000| PB 0x0000000740000000| Untracked 
|   1|0x0000000740200000, 0x0000000740400000, 0x0000000740400000|100%| O|  |TAMS 0x0000000740200000| PB 0x0000000740200000| Untracked 
|   2|0x0000000740400000, 0x0000000740600000, 0x0000000740600000|100%| O|  |TAMS 0x0000000740400000| PB 0x0000000740400000| Untracked 
|   3|0x0000000740600000, 0x0000000740800000, 0x0000000740800000|100%| O|  |TAMS 0x0000000740600000| PB 0x0000000740600000| Untracked 
|   4|0x0000000740800000, 0x0000000740a00000, 0x0000000740a00000|100%| O|  |TAMS 0x0000000740800000| PB 0x0000000740800000| Untracked 
|   5|0x0000000740a00000, 0x0000000740c00000, 0x0000000740c00000|100%| O|  |TAMS 0x0000000740a00000| PB 0x0000000740a00000| Untracked 
|   6|0x0000000740c00000, 0x0000000740e00000, 0x0000000740e00000|100%| O|  |TAMS 0x0000000740c00000| PB 0x0000000740c00000| Untracked 
|   7|0x0000000740e00000, 0x0000000741000000, 0x0000000741000000|100%| O|  |TAMS 0x0000000740e00000| PB 0x0000000740e00000| Untracked 
|   8|0x0000000741000000, 0x0000000741200000, 0x0000000741200000|100%| O|  |TAMS 0x0000000741000000| PB 0x0000000741000000| Untracked 
|   9|0x0000000741200000, 0x0000000741400000, 0x0000000741400000|100%| O|  |TAMS 0x0000000741200000| PB 0x0000000741200000| Untracked 
|  10|0x0000000741400000, 0x0000000741600000, 0x0000000741600000|100%| O|  |TAMS 0x0000000741400000| PB 0x0000000741400000| Untracked 
|  11|0x0000000741600000, 0x0000000741800000, 0x0000000741800000|100%| O|  |TAMS 0x0000000741600000| PB 0x0000000741600000| Untracked 
|  12|0x0000000741800000, 0x0000000741a00000, 0x0000000741a00000|100%| O|  |TAMS 0x0000000741800000| PB 0x0000000741800000| Untracked 
|  13|0x0000000741a00000, 0x0000000741c00000, 0x0000000741c00000|100%| O|  |TAMS 0x0000000741a00000| PB 0x0000000741a00000| Untracked 
|  14|0x0000000741c00000, 0x0000000741e00000, 0x0000000741e00000|100%| O|  |TAMS 0x0000000741c00000| PB 0x0000000741c00000| Untracked 
|  15|0x0000000741e00000, 0x0000000742000000, 0x0000000742000000|100%| O|  |TAMS 0x0000000741e00000| PB 0x0000000741e00000| Untracked 
|  16|0x0000000742000000, 0x0000000742200000, 0x0000000742200000|100%| O|  |TAMS 0x0000000742000000| PB 0x0000000742000000| Untracked 
|  17|0x0000000742200000, 0x0000000742400000, 0x0000000742400000|100%| O|  |TAMS 0x0000000742200000| PB 0x0000000742200000| Untracked 
|  18|0x0000000742400000, 0x0000000742600000, 0x0000000742600000|100%| O|  |TAMS 0x0000000742400000| PB 0x0000000742400000| Untracked 
|  19|0x0000000742600000, 0x0000000742800000, 0x0000000742800000|100%| O|  |TAMS 0x0000000742600000| PB 0x0000000742600000| Untracked 
|  20|0x0000000742800000, 0x0000000742a00000, 0x0000000742a00000|100%| O|  |TAMS 0x0000000742800000| PB 0x0000000742800000| Untracked 
|  21|0x0000000742a00000, 0x0000000742c00000, 0x0000000742c00000|100%| O|  |TAMS 0x0000000742a00000| PB 0x0000000742a00000| Untracked 
|  22|0x0000000742c00000, 0x0000000742e00000, 0x0000000742e00000|100%| O|  |TAMS 0x0000000742c00000| PB 0x0000000742c00000| Untracked 
|  23|0x0000000742e00000, 0x0000000743000000, 0x0000000743000000|100%| O|  |TAMS 0x0000000742e00000| PB 0x0000000742e00000| Untracked 
|  24|0x0000000743000000, 0x0000000743200000, 0x0000000743200000|100%| O|  |TAMS 0x0000000743000000| PB 0x0000000743000000| Untracked 
|  25|0x0000000743200000, 0x0000000743400000, 0x0000000743400000|100%| O|  |TAMS 0x0000000743200000| PB 0x0000000743200000| Untracked 
|  26|0x0000000743400000, 0x0000000743600000, 0x0000000743600000|100%| O|  |TAMS 0x0000000743400000| PB 0x0000000743400000| Untracked 
|  27|0x0000000743600000, 0x0000000743800000, 0x0000000743800000|100%| O|  |TAMS 0x0000000743600000| PB 0x0000000743600000| Untracked 
|  28|0x0000000743800000, 0x0000000743a00000, 0x0000000743a00000|100%| O|  |TAMS 0x0000000743800000| PB 0x0000000743800000| Untracked 
|  29|0x0000000743a00000, 0x0000000743c00000, 0x0000000743c00000|100%| O|  |TAMS 0x0000000743a00000| PB 0x0000000743a00000| Untracked 
|  30|0x0000000743c00000, 0x0000000743e00000, 0x0000000743e00000|100%| O|  |TAMS 0x0000000743c00000| PB 0x0000000743c00000| Untracked 
|  31|0x0000000743e00000, 0x0000000744000000, 0x0000000744000000|100%| O|  |TAMS 0x0000000743e00000| PB 0x0000000743e00000| Untracked 
|  32|0x0000000744000000, 0x0000000744200000, 0x0000000744200000|100%| O|  |TAMS 0x0000000744000000| PB 0x0000000744000000| Untracked 
|  33|0x0000000744200000, 0x0000000744400000, 0x0000000744400000|100%| O|  |TAMS 0x0000000744200000| PB 0x0000000744200000| Untracked 
|  34|0x0000000744400000, 0x0000000744600000, 0x0000000744600000|100%| O|  |TAMS 0x0000000744400000| PB 0x0000000744400000| Untracked 
|  35|0x0000000744600000, 0x0000000744800000, 0x0000000744800000|100%| O|  |TAMS 0x0000000744600000| PB 0x0000000744600000| Untracked 
|  36|0x0000000744800000, 0x0000000744a00000, 0x0000000744a00000|100%| O|  |TAMS 0x0000000744800000| PB 0x0000000744800000| Untracked 
|  37|0x0000000744a00000, 0x0000000744c00000, 0x0000000744c00000|100%| O|  |TAMS 0x0000000744a00000| PB 0x0000000744a00000| Untracked 
|  38|0x0000000744c00000, 0x0000000744e00000, 0x0000000744e00000|100%| O|  |TAMS 0x0000000744c00000| PB 0x0000000744c00000| Untracked 
|  39|0x0000000744e00000, 0x0000000745000000, 0x0000000745000000|100%| O|  |TAMS 0x0000000744e00000| PB 0x0000000744e00000| Untracked 
|  40|0x0000000745000000, 0x0000000745200000, 0x0000000745200000|100%| O|  |TAMS 0x0000000745000000| PB 0x0000000745000000| Untracked 
|  41|0x0000000745200000, 0x0000000745400000, 0x0000000745400000|100%| O|  |TAMS 0x0000000745200000| PB 0x0000000745200000| Untracked 
|  42|0x0000000745400000, 0x0000000745600000, 0x0000000745600000|100%| O|  |TAMS 0x0000000745400000| PB 0x0000000745400000| Untracked 
|  43|0x0000000745600000, 0x0000000745800000, 0x0000000745800000|100%| O|  |TAMS 0x0000000745600000| PB 0x0000000745600000| Untracked 
|  44|0x0000000745800000, 0x0000000745a00000, 0x0000000745a00000|100%| O|Cm|TAMS 0x0000000745800000| PB 0x0000000745800000| Complete 
|  45|0x0000000745a00000, 0x0000000745c00000, 0x0000000745c00000|100%| O|  |TAMS 0x0000000745a00000| PB 0x0000000745a00000| Untracked 
|  46|0x0000000745c00000, 0x0000000745c00000, 0x0000000745e00000|  0%| F|  |TAMS 0x0000000745c00000| PB 0x0000000745c00000| Untracked 
|  47|0x0000000745e00000, 0x0000000745e00000, 0x0000000746000000|  0%| F|  |TAMS 0x0000000745e00000| PB 0x0000000745e00000| Untracked 
|  48|0x0000000746000000, 0x0000000746000000, 0x0000000746200000|  0%| F|  |TAMS 0x0000000746000000| PB 0x0000000746000000| Untracked 
|  49|0x0000000746200000, 0x0000000746400000, 0x0000000746400000|100%| O|  |TAMS 0x0000000746200000| PB 0x0000000746200000| Untracked 
|  50|0x0000000746400000, 0x0000000746600000, 0x0000000746600000|100%| O|  |TAMS 0x0000000746400000| PB 0x0000000746400000| Untracked 
|  51|0x0000000746600000, 0x0000000746800000, 0x0000000746800000|100%| O|  |TAMS 0x0000000746600000| PB 0x0000000746600000| Untracked 
|  52|0x0000000746800000, 0x0000000746a00000, 0x0000000746a00000|100%| O|  |TAMS 0x0000000746800000| PB 0x0000000746800000| Untracked 
|  53|0x0000000746a00000, 0x0000000746c00000, 0x0000000746c00000|100%| O|  |TAMS 0x0000000746a00000| PB 0x0000000746a00000| Untracked 
|  54|0x0000000746c00000, 0x0000000746e00000, 0x0000000746e00000|100%| O|  |TAMS 0x0000000746c00000| PB 0x0000000746c00000| Untracked 
|  55|0x0000000746e00000, 0x0000000747000000, 0x0000000747000000|100%| O|  |TAMS 0x0000000746e00000| PB 0x0000000746e00000| Untracked 
|  56|0x0000000747000000, 0x0000000747200000, 0x0000000747200000|100%| O|Cm|TAMS 0x0000000747000000| PB 0x0000000747000000| Complete 
|  57|0x0000000747200000, 0x0000000747400000, 0x0000000747400000|100%| O|  |TAMS 0x0000000747200000| PB 0x0000000747200000| Untracked 
|  58|0x0000000747400000, 0x0000000747400000, 0x0000000747600000|  0%| F|  |TAMS 0x0000000747400000| PB 0x0000000747400000| Untracked 
|  59|0x0000000747600000, 0x0000000747800000, 0x0000000747800000|100%| O|  |TAMS 0x0000000747600000| PB 0x0000000747600000| Untracked 
|  60|0x0000000747800000, 0x0000000747800000, 0x0000000747a00000|  0%| F|  |TAMS 0x0000000747800000| PB 0x0000000747800000| Untracked 
|  61|0x0000000747a00000, 0x0000000747c00000, 0x0000000747c00000|100%| O|Cm|TAMS 0x0000000747a00000| PB 0x0000000747a00000| Complete 
|  62|0x0000000747c00000, 0x0000000747e00000, 0x0000000747e00000|100%| O|Cm|TAMS 0x0000000747c00000| PB 0x0000000747c00000| Complete 
|  63|0x0000000747e00000, 0x0000000748000000, 0x0000000748000000|100%| O|  |TAMS 0x0000000747e00000| PB 0x0000000747e00000| Untracked 
|  64|0x0000000748000000, 0x0000000748000000, 0x0000000748200000|  0%| F|  |TAMS 0x0000000748000000| PB 0x0000000748000000| Untracked 
|  65|0x0000000748200000, 0x0000000748200000, 0x0000000748400000|  0%| F|  |TAMS 0x0000000748200000| PB 0x0000000748200000| Untracked 
|  66|0x0000000748400000, 0x0000000748600000, 0x0000000748600000|100%| O|Cm|TAMS 0x0000000748400000| PB 0x0000000748400000| Complete 
|  67|0x0000000748600000, 0x0000000748800000, 0x0000000748800000|100%| O|  |TAMS 0x0000000748600000| PB 0x0000000748600000| Untracked 
|  68|0x0000000748800000, 0x0000000748a00000, 0x0000000748a00000|100%| O|  |TAMS 0x0000000748800000| PB 0x0000000748800000| Untracked 
|  69|0x0000000748a00000, 0x0000000748c00000, 0x0000000748c00000|100%| O|  |TAMS 0x0000000748a00000| PB 0x0000000748a00000| Untracked 
|  70|0x0000000748c00000, 0x0000000748e00000, 0x0000000748e00000|100%| O|  |TAMS 0x0000000748c00000| PB 0x0000000748c00000| Untracked 
|  71|0x0000000748e00000, 0x0000000749000000, 0x0000000749000000|100%| O|  |TAMS 0x0000000748e00000| PB 0x0000000748e00000| Untracked 
|  72|0x0000000749000000, 0x0000000749200000, 0x0000000749200000|100%| O|  |TAMS 0x0000000749000000| PB 0x0000000749000000| Untracked 
|  73|0x0000000749200000, 0x0000000749400000, 0x0000000749400000|100%| O|  |TAMS 0x0000000749200000| PB 0x0000000749200000| Untracked 
|  74|0x0000000749400000, 0x0000000749600000, 0x0000000749600000|100%| O|  |TAMS 0x0000000749400000| PB 0x0000000749400000| Untracked 
|  75|0x0000000749600000, 0x0000000749800000, 0x0000000749800000|100%| O|  |TAMS 0x0000000749600000| PB 0x0000000749600000| Untracked 
|  76|0x0000000749800000, 0x0000000749a00000, 0x0000000749a00000|100%| O|  |TAMS 0x0000000749800000| PB 0x0000000749800000| Untracked 
|  77|0x0000000749a00000, 0x0000000749c00000, 0x0000000749c00000|100%| O|  |TAMS 0x0000000749a00000| PB 0x0000000749a00000| Untracked 
|  78|0x0000000749c00000, 0x0000000749e00000, 0x0000000749e00000|100%| O|  |TAMS 0x0000000749c00000| PB 0x0000000749c00000| Untracked 
|  79|0x0000000749e00000, 0x000000074a000000, 0x000000074a000000|100%| O|  |TAMS 0x0000000749e00000| PB 0x0000000749e00000| Untracked 
|  80|0x000000074a000000, 0x000000074a200000, 0x000000074a200000|100%| O|  |TAMS 0x000000074a000000| PB 0x000000074a000000| Untracked 
|  81|0x000000074a200000, 0x000000074a400000, 0x000000074a400000|100%| O|  |TAMS 0x000000074a200000| PB 0x000000074a200000| Untracked 
|  82|0x000000074a400000, 0x000000074a600000, 0x000000074a600000|100%| O|  |TAMS 0x000000074a400000| PB 0x000000074a400000| Untracked 
|  83|0x000000074a600000, 0x000000074a800000, 0x000000074a800000|100%| O|  |TAMS 0x000000074a600000| PB 0x000000074a600000| Untracked 
|  84|0x000000074a800000, 0x000000074aa00000, 0x000000074aa00000|100%| O|  |TAMS 0x000000074a800000| PB 0x000000074a800000| Untracked 
|  85|0x000000074aa00000, 0x000000074ac00000, 0x000000074ac00000|100%| O|  |TAMS 0x000000074aa00000| PB 0x000000074aa00000| Untracked 
|  86|0x000000074ac00000, 0x000000074ae00000, 0x000000074ae00000|100%| O|  |TAMS 0x000000074ac00000| PB 0x000000074ac00000| Untracked 
|  87|0x000000074ae00000, 0x000000074b000000, 0x000000074b000000|100%| O|  |TAMS 0x000000074ae00000| PB 0x000000074ae00000| Untracked 
|  88|0x000000074b000000, 0x000000074b200000, 0x000000074b200000|100%| O|  |TAMS 0x000000074b000000| PB 0x000000074b000000| Untracked 
|  89|0x000000074b200000, 0x000000074b400000, 0x000000074b400000|100%| O|  |TAMS 0x000000074b200000| PB 0x000000074b200000| Untracked 
|  90|0x000000074b400000, 0x000000074b600000, 0x000000074b600000|100%| O|  |TAMS 0x000000074b400000| PB 0x000000074b400000| Untracked 
|  91|0x000000074b600000, 0x000000074b600000, 0x000000074b800000|  0%| F|  |TAMS 0x000000074b600000| PB 0x000000074b600000| Untracked 
|  92|0x000000074b800000, 0x000000074ba00000, 0x000000074ba00000|100%| O|  |TAMS 0x000000074b800000| PB 0x000000074b800000| Untracked 
|  93|0x000000074ba00000, 0x000000074bc00000, 0x000000074bc00000|100%| O|  |TAMS 0x000000074ba00000| PB 0x000000074ba00000| Untracked 
|  94|0x000000074bc00000, 0x000000074be00000, 0x000000074be00000|100%| O|  |TAMS 0x000000074bc00000| PB 0x000000074bc00000| Untracked 
|  95|0x000000074be00000, 0x000000074c000000, 0x000000074c000000|100%| O|  |TAMS 0x000000074be00000| PB 0x000000074be00000| Untracked 
|  96|0x000000074c000000, 0x000000074c200000, 0x000000074c200000|100%| O|Cm|TAMS 0x000000074c000000| PB 0x000000074c000000| Complete 
|  97|0x000000074c200000, 0x000000074c400000, 0x000000074c400000|100%| O|  |TAMS 0x000000074c200000| PB 0x000000074c200000| Untracked 
|  98|0x000000074c400000, 0x000000074c600000, 0x000000074c600000|100%| O|  |TAMS 0x000000074c400000| PB 0x000000074c400000| Untracked 
|  99|0x000000074c600000, 0x000000074c800000, 0x000000074c800000|100%| O|  |TAMS 0x000000074c600000| PB 0x000000074c600000| Untracked 
| 100|0x000000074c800000, 0x000000074c800000, 0x000000074ca00000|  0%| F|  |TAMS 0x000000074c800000| PB 0x000000074c800000| Untracked 
| 101|0x000000074ca00000, 0x000000074cc00000, 0x000000074cc00000|100%| O|Cm|TAMS 0x000000074ca00000| PB 0x000000074ca00000| Complete 
| 102|0x000000074cc00000, 0x000000074ce00000, 0x000000074ce00000|100%| O|  |TAMS 0x000000074cc00000| PB 0x000000074cc00000| Untracked 
| 103|0x000000074ce00000, 0x000000074d000000, 0x000000074d000000|100%| O|  |TAMS 0x000000074ce00000| PB 0x000000074ce00000| Untracked 
| 104|0x000000074d000000, 0x000000074d000000, 0x000000074d200000|  0%| F|  |TAMS 0x000000074d000000| PB 0x000000074d000000| Untracked 
| 105|0x000000074d200000, 0x000000074d400000, 0x000000074d400000|100%| O|  |TAMS 0x000000074d200000| PB 0x000000074d200000| Untracked 
| 106|0x000000074d400000, 0x000000074d600000, 0x000000074d600000|100%| O|  |TAMS 0x000000074d400000| PB 0x000000074d400000| Untracked 
| 107|0x000000074d600000, 0x000000074d800000, 0x000000074d800000|100%| O|  |TAMS 0x000000074d600000| PB 0x000000074d600000| Untracked 
| 108|0x000000074d800000, 0x000000074d800000, 0x000000074da00000|  0%| F|  |TAMS 0x000000074d800000| PB 0x000000074d800000| Untracked 
| 109|0x000000074da00000, 0x000000074dc00000, 0x000000074dc00000|100%| O|  |TAMS 0x000000074da00000| PB 0x000000074da00000| Untracked 
| 110|0x000000074dc00000, 0x000000074dc00000, 0x000000074de00000|  0%| F|  |TAMS 0x000000074dc00000| PB 0x000000074dc00000| Untracked 
| 111|0x000000074de00000, 0x000000074e000000, 0x000000074e000000|100%| O|  |TAMS 0x000000074de00000| PB 0x000000074de00000| Untracked 
| 112|0x000000074e000000, 0x000000074e000000, 0x000000074e200000|  0%| F|  |TAMS 0x000000074e000000| PB 0x000000074e000000| Untracked 
| 113|0x000000074e200000, 0x000000074e200000, 0x000000074e400000|  0%| F|  |TAMS 0x000000074e200000| PB 0x000000074e200000| Untracked 
| 114|0x000000074e400000, 0x000000074e600000, 0x000000074e600000|100%| O|  |TAMS 0x000000074e400000| PB 0x000000074e400000| Untracked 
| 115|0x000000074e600000, 0x000000074e800000, 0x000000074e800000|100%| O|  |TAMS 0x000000074e600000| PB 0x000000074e600000| Untracked 
| 116|0x000000074e800000, 0x000000074ea00000, 0x000000074ea00000|100%| O|  |TAMS 0x000000074e800000| PB 0x000000074e800000| Untracked 
| 117|0x000000074ea00000, 0x000000074ec00000, 0x000000074ec00000|100%| O|  |TAMS 0x000000074ea00000| PB 0x000000074ea00000| Untracked 
| 118|0x000000074ec00000, 0x000000074ee00000, 0x000000074ee00000|100%| O|  |TAMS 0x000000074ec00000| PB 0x000000074ec00000| Untracked 
| 119|0x000000074ee00000, 0x000000074f000000, 0x000000074f000000|100%| O|  |TAMS 0x000000074ee00000| PB 0x000000074ee00000| Untracked 
| 120|0x000000074f000000, 0x000000074f200000, 0x000000074f200000|100%| O|Cm|TAMS 0x000000074f000000| PB 0x000000074f000000| Complete 
| 121|0x000000074f200000, 0x000000074f400000, 0x000000074f400000|100%| O|  |TAMS 0x000000074f200000| PB 0x000000074f200000| Untracked 
| 122|0x000000074f400000, 0x000000074f600000, 0x000000074f600000|100%| O|Cm|TAMS 0x000000074f400000| PB 0x000000074f400000| Complete 
| 123|0x000000074f600000, 0x000000074f600000, 0x000000074f800000|  0%| F|  |TAMS 0x000000074f600000| PB 0x000000074f600000| Untracked 
| 124|0x000000074f800000, 0x000000074f800000, 0x000000074fa00000|  0%| F|  |TAMS 0x000000074f800000| PB 0x000000074f800000| Untracked 
| 125|0x000000074fa00000, 0x000000074fc00000, 0x000000074fc00000|100%| O|  |TAMS 0x000000074fa00000| PB 0x000000074fa00000| Untracked 
| 126|0x000000074fc00000, 0x000000074fe00000, 0x000000074fe00000|100%| O|  |TAMS 0x000000074fc00000| PB 0x000000074fc00000| Untracked 
| 127|0x000000074fe00000, 0x0000000750000000, 0x0000000750000000|100%| O|  |TAMS 0x000000074fe00000| PB 0x000000074fe00000| Untracked 
| 128|0x0000000750000000, 0x0000000750200000, 0x0000000750200000|100%| O|  |TAMS 0x0000000750000000| PB 0x0000000750000000| Untracked 
| 129|0x0000000750200000, 0x0000000750400000, 0x0000000750400000|100%| O|  |TAMS 0x0000000750200000| PB 0x0000000750200000| Untracked 
| 130|0x0000000750400000, 0x0000000750600000, 0x0000000750600000|100%| O|  |TAMS 0x0000000750400000| PB 0x0000000750400000| Untracked 
| 131|0x0000000750600000, 0x0000000750600000, 0x0000000750800000|  0%| F|  |TAMS 0x0000000750600000| PB 0x0000000750600000| Untracked 
| 132|0x0000000750800000, 0x0000000750a00000, 0x0000000750a00000|100%| O|  |TAMS 0x0000000750800000| PB 0x0000000750800000| Untracked 
| 133|0x0000000750a00000, 0x0000000750a00000, 0x0000000750c00000|  0%| F|  |TAMS 0x0000000750a00000| PB 0x0000000750a00000| Untracked 
| 134|0x0000000750c00000, 0x0000000750e00000, 0x0000000750e00000|100%| O|  |TAMS 0x0000000750c00000| PB 0x0000000750c00000| Untracked 
| 135|0x0000000750e00000, 0x0000000750e00000, 0x0000000751000000|  0%| F|  |TAMS 0x0000000750e00000| PB 0x0000000750e00000| Untracked 
| 136|0x0000000751000000, 0x0000000751000000, 0x0000000751200000|  0%| F|  |TAMS 0x0000000751000000| PB 0x0000000751000000| Untracked 
| 137|0x0000000751200000, 0x0000000751200000, 0x0000000751400000|  0%| F|  |TAMS 0x0000000751200000| PB 0x0000000751200000| Untracked 
| 138|0x0000000751400000, 0x0000000751600000, 0x0000000751600000|100%| O|  |TAMS 0x0000000751400000| PB 0x0000000751400000| Untracked 
| 139|0x0000000751600000, 0x0000000751800000, 0x0000000751800000|100%| O|  |TAMS 0x0000000751600000| PB 0x0000000751600000| Untracked 
| 140|0x0000000751800000, 0x0000000751a00000, 0x0000000751a00000|100%| O|  |TAMS 0x0000000751800000| PB 0x0000000751800000| Untracked 
| 141|0x0000000751a00000, 0x0000000751c00000, 0x0000000751c00000|100%| O|  |TAMS 0x0000000751a00000| PB 0x0000000751a00000| Untracked 
| 142|0x0000000751c00000, 0x0000000751e00000, 0x0000000751e00000|100%| O|  |TAMS 0x0000000751c00000| PB 0x0000000751c00000| Untracked 
| 143|0x0000000751e00000, 0x0000000752000000, 0x0000000752000000|100%| O|  |TAMS 0x0000000751e00000| PB 0x0000000751e00000| Untracked 
| 144|0x0000000752000000, 0x0000000752200000, 0x0000000752200000|100%| O|  |TAMS 0x0000000752000000| PB 0x0000000752000000| Untracked 
| 145|0x0000000752200000, 0x0000000752400000, 0x0000000752400000|100%| O|  |TAMS 0x0000000752200000| PB 0x0000000752200000| Untracked 
| 146|0x0000000752400000, 0x0000000752600000, 0x0000000752600000|100%| O|  |TAMS 0x0000000752400000| PB 0x0000000752400000| Untracked 
| 147|0x0000000752600000, 0x0000000752800000, 0x0000000752800000|100%| O|  |TAMS 0x0000000752600000| PB 0x0000000752600000| Untracked 
| 148|0x0000000752800000, 0x0000000752a00000, 0x0000000752a00000|100%| O|  |TAMS 0x0000000752800000| PB 0x0000000752800000| Untracked 
| 149|0x0000000752a00000, 0x0000000752c00000, 0x0000000752c00000|100%| O|  |TAMS 0x0000000752a00000| PB 0x0000000752a00000| Untracked 
| 150|0x0000000752c00000, 0x0000000752e00000, 0x0000000752e00000|100%| O|  |TAMS 0x0000000752c00000| PB 0x0000000752c00000| Untracked 
| 151|0x0000000752e00000, 0x0000000753000000, 0x0000000753000000|100%| O|  |TAMS 0x0000000752e00000| PB 0x0000000752e00000| Untracked 
| 152|0x0000000753000000, 0x0000000753200000, 0x0000000753200000|100%| O|  |TAMS 0x0000000753000000| PB 0x0000000753000000| Untracked 
| 153|0x0000000753200000, 0x0000000753400000, 0x0000000753400000|100%| O|  |TAMS 0x0000000753200000| PB 0x0000000753200000| Untracked 
| 154|0x0000000753400000, 0x0000000753600000, 0x0000000753600000|100%| O|  |TAMS 0x0000000753400000| PB 0x0000000753400000| Untracked 
| 155|0x0000000753600000, 0x0000000753800000, 0x0000000753800000|100%| O|  |TAMS 0x0000000753600000| PB 0x0000000753600000| Untracked 
| 156|0x0000000753800000, 0x0000000753a00000, 0x0000000753a00000|100%| O|  |TAMS 0x0000000753800000| PB 0x0000000753800000| Untracked 
| 157|0x0000000753a00000, 0x0000000753c00000, 0x0000000753c00000|100%| O|  |TAMS 0x0000000753a00000| PB 0x0000000753a00000| Untracked 
| 158|0x0000000753c00000, 0x0000000753e00000, 0x0000000753e00000|100%| O|  |TAMS 0x0000000753c00000| PB 0x0000000753c00000| Untracked 
| 159|0x0000000753e00000, 0x0000000754000000, 0x0000000754000000|100%| O|  |TAMS 0x0000000753e00000| PB 0x0000000753e00000| Untracked 
| 160|0x0000000754000000, 0x0000000754200000, 0x0000000754200000|100%| O|  |TAMS 0x0000000754000000| PB 0x0000000754000000| Untracked 
| 161|0x0000000754200000, 0x0000000754200000, 0x0000000754400000|  0%| F|  |TAMS 0x0000000754200000| PB 0x0000000754200000| Untracked 
| 162|0x0000000754400000, 0x0000000754600000, 0x0000000754600000|100%| O|  |TAMS 0x0000000754400000| PB 0x0000000754400000| Untracked 
| 163|0x0000000754600000, 0x0000000754800000, 0x0000000754800000|100%| O|Cm|TAMS 0x0000000754600000| PB 0x0000000754600000| Complete 
| 164|0x0000000754800000, 0x0000000754800000, 0x0000000754a00000|  0%| F|  |TAMS 0x0000000754800000| PB 0x0000000754800000| Untracked 
| 165|0x0000000754a00000, 0x0000000754a00000, 0x0000000754c00000|  0%| F|  |TAMS 0x0000000754a00000| PB 0x0000000754a00000| Untracked 
| 166|0x0000000754c00000, 0x0000000754c00000, 0x0000000754e00000|  0%| F|  |TAMS 0x0000000754c00000| PB 0x0000000754c00000| Untracked 
| 167|0x0000000754e00000, 0x0000000754e00000, 0x0000000755000000|  0%| F|  |TAMS 0x0000000754e00000| PB 0x0000000754e00000| Untracked 
| 168|0x0000000755000000, 0x0000000755000000, 0x0000000755200000|  0%| F|  |TAMS 0x0000000755000000| PB 0x0000000755000000| Untracked 
| 169|0x0000000755200000, 0x0000000755200000, 0x0000000755400000|  0%| F|  |TAMS 0x0000000755200000| PB 0x0000000755200000| Untracked 
| 170|0x0000000755400000, 0x0000000755400000, 0x0000000755600000|  0%| F|  |TAMS 0x0000000755400000| PB 0x0000000755400000| Untracked 
| 171|0x0000000755600000, 0x0000000755600000, 0x0000000755800000|  0%| F|  |TAMS 0x0000000755600000| PB 0x0000000755600000| Untracked 
| 172|0x0000000755800000, 0x0000000755800000, 0x0000000755a00000|  0%| F|  |TAMS 0x0000000755800000| PB 0x0000000755800000| Untracked 
| 173|0x0000000755a00000, 0x0000000755c00000, 0x0000000755c00000|100%| O|  |TAMS 0x0000000755a00000| PB 0x0000000755a00000| Untracked 
| 174|0x0000000755c00000, 0x0000000755e00000, 0x0000000755e00000|100%| O|  |TAMS 0x0000000755c00000| PB 0x0000000755c00000| Untracked 
| 175|0x0000000755e00000, 0x0000000756000000, 0x0000000756000000|100%| O|  |TAMS 0x0000000755e00000| PB 0x0000000755e00000| Untracked 
| 176|0x0000000756000000, 0x0000000756200000, 0x0000000756200000|100%| O|  |TAMS 0x0000000756000000| PB 0x0000000756000000| Untracked 
| 177|0x0000000756200000, 0x0000000756400000, 0x0000000756400000|100%| O|  |TAMS 0x0000000756200000| PB 0x0000000756200000| Untracked 
| 178|0x0000000756400000, 0x0000000756600000, 0x0000000756600000|100%| O|  |TAMS 0x0000000756400000| PB 0x0000000756400000| Untracked 
| 179|0x0000000756600000, 0x0000000756800000, 0x0000000756800000|100%| O|  |TAMS 0x0000000756600000| PB 0x0000000756600000| Untracked 
| 180|0x0000000756800000, 0x0000000756a00000, 0x0000000756a00000|100%| O|  |TAMS 0x0000000756800000| PB 0x0000000756800000| Untracked 
| 181|0x0000000756a00000, 0x0000000756c00000, 0x0000000756c00000|100%| O|  |TAMS 0x0000000756a00000| PB 0x0000000756a00000| Untracked 
| 182|0x0000000756c00000, 0x0000000756e00000, 0x0000000756e00000|100%| O|  |TAMS 0x0000000756c00000| PB 0x0000000756c00000| Untracked 
| 183|0x0000000756e00000, 0x0000000757000000, 0x0000000757000000|100%| O|  |TAMS 0x0000000756e00000| PB 0x0000000756e00000| Untracked 
| 184|0x0000000757000000, 0x0000000757200000, 0x0000000757200000|100%| O|  |TAMS 0x0000000757000000| PB 0x0000000757000000| Untracked 
| 185|0x0000000757200000, 0x0000000757400000, 0x0000000757400000|100%| O|  |TAMS 0x0000000757200000| PB 0x0000000757200000| Untracked 
| 186|0x0000000757400000, 0x0000000757600000, 0x0000000757600000|100%| O|  |TAMS 0x0000000757400000| PB 0x0000000757400000| Untracked 
| 187|0x0000000757600000, 0x0000000757800000, 0x0000000757800000|100%| O|  |TAMS 0x0000000757600000| PB 0x0000000757600000| Untracked 
| 188|0x0000000757800000, 0x0000000757a00000, 0x0000000757a00000|100%| O|  |TAMS 0x0000000757800000| PB 0x0000000757800000| Untracked 
| 189|0x0000000757a00000, 0x0000000757c00000, 0x0000000757c00000|100%| O|  |TAMS 0x0000000757a00000| PB 0x0000000757a00000| Untracked 
| 190|0x0000000757c00000, 0x0000000757e00000, 0x0000000757e00000|100%| O|  |TAMS 0x0000000757c00000| PB 0x0000000757c00000| Untracked 
| 191|0x0000000757e00000, 0x0000000758000000, 0x0000000758000000|100%| O|  |TAMS 0x0000000757e00000| PB 0x0000000757e00000| Untracked 
| 192|0x0000000758000000, 0x0000000758200000, 0x0000000758200000|100%| O|  |TAMS 0x0000000758000000| PB 0x0000000758000000| Untracked 
| 193|0x0000000758200000, 0x0000000758400000, 0x0000000758400000|100%| O|  |TAMS 0x0000000758200000| PB 0x0000000758200000| Untracked 
| 194|0x0000000758400000, 0x0000000758600000, 0x0000000758600000|100%| O|  |TAMS 0x0000000758400000| PB 0x0000000758400000| Untracked 
| 195|0x0000000758600000, 0x0000000758800000, 0x0000000758800000|100%| O|  |TAMS 0x0000000758600000| PB 0x0000000758600000| Untracked 
| 196|0x0000000758800000, 0x0000000758a00000, 0x0000000758a00000|100%| O|  |TAMS 0x0000000758800000| PB 0x0000000758800000| Untracked 
| 197|0x0000000758a00000, 0x0000000758c00000, 0x0000000758c00000|100%| O|  |TAMS 0x0000000758a00000| PB 0x0000000758a00000| Untracked 
| 198|0x0000000758c00000, 0x0000000758e00000, 0x0000000758e00000|100%| O|  |TAMS 0x0000000758c00000| PB 0x0000000758c00000| Untracked 
| 199|0x0000000758e00000, 0x0000000759000000, 0x0000000759000000|100%| O|  |TAMS 0x0000000758e00000| PB 0x0000000758e00000| Untracked 
| 200|0x0000000759000000, 0x0000000759200000, 0x0000000759200000|100%| O|  |TAMS 0x0000000759000000| PB 0x0000000759000000| Untracked 
| 201|0x0000000759200000, 0x0000000759400000, 0x0000000759400000|100%| O|  |TAMS 0x0000000759200000| PB 0x0000000759200000| Untracked 
| 202|0x0000000759400000, 0x0000000759600000, 0x0000000759600000|100%| O|  |TAMS 0x0000000759400000| PB 0x0000000759400000| Untracked 
| 203|0x0000000759600000, 0x0000000759800000, 0x0000000759800000|100%| O|  |TAMS 0x0000000759600000| PB 0x0000000759600000| Untracked 
| 204|0x0000000759800000, 0x0000000759a00000, 0x0000000759a00000|100%| O|  |TAMS 0x0000000759800000| PB 0x0000000759800000| Untracked 
| 205|0x0000000759a00000, 0x0000000759c00000, 0x0000000759c00000|100%| O|  |TAMS 0x0000000759a00000| PB 0x0000000759a00000| Untracked 
| 206|0x0000000759c00000, 0x0000000759e00000, 0x0000000759e00000|100%| O|  |TAMS 0x0000000759c00000| PB 0x0000000759c00000| Untracked 
| 207|0x0000000759e00000, 0x000000075a000000, 0x000000075a000000|100%| O|  |TAMS 0x0000000759e00000| PB 0x0000000759e00000| Untracked 
| 208|0x000000075a000000, 0x000000075a200000, 0x000000075a200000|100%| O|  |TAMS 0x000000075a000000| PB 0x000000075a000000| Untracked 
| 209|0x000000075a200000, 0x000000075a400000, 0x000000075a400000|100%| O|  |TAMS 0x000000075a200000| PB 0x000000075a200000| Untracked 
| 210|0x000000075a400000, 0x000000075a600000, 0x000000075a600000|100%| O|  |TAMS 0x000000075a400000| PB 0x000000075a400000| Untracked 
| 211|0x000000075a600000, 0x000000075a800000, 0x000000075a800000|100%| O|  |TAMS 0x000000075a600000| PB 0x000000075a600000| Untracked 
| 212|0x000000075a800000, 0x000000075aa00000, 0x000000075aa00000|100%| O|  |TAMS 0x000000075a800000| PB 0x000000075a800000| Untracked 
| 213|0x000000075aa00000, 0x000000075ac00000, 0x000000075ac00000|100%| O|  |TAMS 0x000000075aa00000| PB 0x000000075aa00000| Untracked 
| 214|0x000000075ac00000, 0x000000075ae00000, 0x000000075ae00000|100%| O|  |TAMS 0x000000075ac00000| PB 0x000000075ac00000| Untracked 
| 215|0x000000075ae00000, 0x000000075b000000, 0x000000075b000000|100%| O|  |TAMS 0x000000075ae00000| PB 0x000000075ae00000| Untracked 
| 216|0x000000075b000000, 0x000000075b200000, 0x000000075b200000|100%| O|  |TAMS 0x000000075b000000| PB 0x000000075b000000| Untracked 
| 217|0x000000075b200000, 0x000000075b400000, 0x000000075b400000|100%| O|  |TAMS 0x000000075b200000| PB 0x000000075b200000| Untracked 
| 218|0x000000075b400000, 0x000000075b600000, 0x000000075b600000|100%| O|  |TAMS 0x000000075b400000| PB 0x000000075b400000| Untracked 
| 219|0x000000075b600000, 0x000000075b800000, 0x000000075b800000|100%| O|  |TAMS 0x000000075b600000| PB 0x000000075b600000| Untracked 
| 220|0x000000075b800000, 0x000000075ba00000, 0x000000075ba00000|100%| O|  |TAMS 0x000000075b800000| PB 0x000000075b800000| Untracked 
| 221|0x000000075ba00000, 0x000000075bc00000, 0x000000075bc00000|100%| O|  |TAMS 0x000000075ba00000| PB 0x000000075ba00000| Untracked 
| 222|0x000000075bc00000, 0x000000075be00000, 0x000000075be00000|100%| O|  |TAMS 0x000000075bc00000| PB 0x000000075bc00000| Untracked 
| 223|0x000000075be00000, 0x000000075c000000, 0x000000075c000000|100%| O|  |TAMS 0x000000075be00000| PB 0x000000075be00000| Untracked 
| 224|0x000000075c000000, 0x000000075c200000, 0x000000075c200000|100%| O|  |TAMS 0x000000075c000000| PB 0x000000075c000000| Untracked 
| 225|0x000000075c200000, 0x000000075c400000, 0x000000075c400000|100%| O|  |TAMS 0x000000075c200000| PB 0x000000075c200000| Untracked 
| 226|0x000000075c400000, 0x000000075c600000, 0x000000075c600000|100%| O|  |TAMS 0x000000075c400000| PB 0x000000075c400000| Untracked 
| 227|0x000000075c600000, 0x000000075c800000, 0x000000075c800000|100%| O|  |TAMS 0x000000075c600000| PB 0x000000075c600000| Untracked 
| 228|0x000000075c800000, 0x000000075ca00000, 0x000000075ca00000|100%| O|  |TAMS 0x000000075c800000| PB 0x000000075c800000| Untracked 
| 229|0x000000075ca00000, 0x000000075cc00000, 0x000000075cc00000|100%| O|  |TAMS 0x000000075ca00000| PB 0x000000075ca00000| Untracked 
| 230|0x000000075cc00000, 0x000000075ce00000, 0x000000075ce00000|100%| O|  |TAMS 0x000000075cc00000| PB 0x000000075cc00000| Untracked 
| 231|0x000000075ce00000, 0x000000075d000000, 0x000000075d000000|100%| O|  |TAMS 0x000000075ce00000| PB 0x000000075ce00000| Untracked 
| 232|0x000000075d000000, 0x000000075d200000, 0x000000075d200000|100%| O|  |TAMS 0x000000075d000000| PB 0x000000075d000000| Untracked 
| 233|0x000000075d200000, 0x000000075d400000, 0x000000075d400000|100%| O|  |TAMS 0x000000075d200000| PB 0x000000075d200000| Untracked 
| 234|0x000000075d400000, 0x000000075d600000, 0x000000075d600000|100%| O|  |TAMS 0x000000075d400000| PB 0x000000075d400000| Untracked 
| 235|0x000000075d600000, 0x000000075d800000, 0x000000075d800000|100%| O|  |TAMS 0x000000075d600000| PB 0x000000075d600000| Untracked 
| 236|0x000000075d800000, 0x000000075da00000, 0x000000075da00000|100%| O|  |TAMS 0x000000075d800000| PB 0x000000075d800000| Untracked 
| 237|0x000000075da00000, 0x000000075dc00000, 0x000000075dc00000|100%| O|  |TAMS 0x000000075da00000| PB 0x000000075da00000| Untracked 
| 238|0x000000075dc00000, 0x000000075de00000, 0x000000075de00000|100%| O|  |TAMS 0x000000075dc00000| PB 0x000000075dc00000| Untracked 
| 239|0x000000075de00000, 0x000000075e000000, 0x000000075e000000|100%| O|  |TAMS 0x000000075de00000| PB 0x000000075de00000| Untracked 
| 240|0x000000075e000000, 0x000000075e200000, 0x000000075e200000|100%| O|  |TAMS 0x000000075e000000| PB 0x000000075e000000| Untracked 
| 241|0x000000075e200000, 0x000000075e400000, 0x000000075e400000|100%| O|  |TAMS 0x000000075e200000| PB 0x000000075e200000| Untracked 
| 242|0x000000075e400000, 0x000000075e600000, 0x000000075e600000|100%| O|  |TAMS 0x000000075e400000| PB 0x000000075e400000| Untracked 
| 243|0x000000075e600000, 0x000000075e800000, 0x000000075e800000|100%| O|  |TAMS 0x000000075e600000| PB 0x000000075e600000| Untracked 
| 244|0x000000075e800000, 0x000000075ea00000, 0x000000075ea00000|100%| O|  |TAMS 0x000000075e800000| PB 0x000000075e800000| Untracked 
| 245|0x000000075ea00000, 0x000000075ec00000, 0x000000075ec00000|100%| O|  |TAMS 0x000000075ea00000| PB 0x000000075ea00000| Untracked 
| 246|0x000000075ec00000, 0x000000075ee00000, 0x000000075ee00000|100%| O|  |TAMS 0x000000075ec00000| PB 0x000000075ec00000| Untracked 
| 247|0x000000075ee00000, 0x000000075f000000, 0x000000075f000000|100%| O|  |TAMS 0x000000075ee00000| PB 0x000000075ee00000| Untracked 
| 248|0x000000075f000000, 0x000000075f200000, 0x000000075f200000|100%| O|  |TAMS 0x000000075f000000| PB 0x000000075f000000| Untracked 
| 249|0x000000075f200000, 0x000000075f400000, 0x000000075f400000|100%| O|  |TAMS 0x000000075f200000| PB 0x000000075f200000| Untracked 
| 250|0x000000075f400000, 0x000000075f600000, 0x000000075f600000|100%| O|  |TAMS 0x000000075f400000| PB 0x000000075f400000| Untracked 
| 251|0x000000075f600000, 0x000000075f800000, 0x000000075f800000|100%| O|  |TAMS 0x000000075f600000| PB 0x000000075f600000| Untracked 
| 252|0x000000075f800000, 0x000000075fa00000, 0x000000075fa00000|100%| O|  |TAMS 0x000000075f800000| PB 0x000000075f800000| Untracked 
| 253|0x000000075fa00000, 0x000000075fc00000, 0x000000075fc00000|100%| O|  |TAMS 0x000000075fa00000| PB 0x000000075fa00000| Untracked 
| 254|0x000000075fc00000, 0x000000075fe00000, 0x000000075fe00000|100%| O|  |TAMS 0x000000075fc00000| PB 0x000000075fc00000| Untracked 
| 255|0x000000075fe00000, 0x0000000760000000, 0x0000000760000000|100%| O|  |TAMS 0x000000075fe00000| PB 0x000000075fe00000| Untracked 
| 256|0x0000000760000000, 0x0000000760200000, 0x0000000760200000|100%| O|  |TAMS 0x0000000760000000| PB 0x0000000760000000| Untracked 
| 257|0x0000000760200000, 0x0000000760300000, 0x0000000760400000| 50%| O|  |TAMS 0x0000000760200000| PB 0x0000000760200000| Untracked 
| 258|0x0000000760400000, 0x0000000760400000, 0x0000000760600000|  0%| F|  |TAMS 0x0000000760400000| PB 0x0000000760400000| Untracked 
| 259|0x0000000760600000, 0x0000000760600000, 0x0000000760800000|  0%| F|  |TAMS 0x0000000760600000| PB 0x0000000760600000| Untracked 
| 260|0x0000000760800000, 0x0000000760800000, 0x0000000760a00000|  0%| F|  |TAMS 0x0000000760800000| PB 0x0000000760800000| Untracked 
| 261|0x0000000760a00000, 0x0000000760a00000, 0x0000000760c00000|  0%| F|  |TAMS 0x0000000760a00000| PB 0x0000000760a00000| Untracked 
| 262|0x0000000760c00000, 0x0000000760c00000, 0x0000000760e00000|  0%| F|  |TAMS 0x0000000760c00000| PB 0x0000000760c00000| Untracked 
| 263|0x0000000760e00000, 0x0000000760e00000, 0x0000000761000000|  0%| F|  |TAMS 0x0000000760e00000| PB 0x0000000760e00000| Untracked 
| 264|0x0000000761000000, 0x0000000761000000, 0x0000000761200000|  0%| F|  |TAMS 0x0000000761000000| PB 0x0000000761000000| Untracked 
| 265|0x0000000761200000, 0x0000000761200000, 0x0000000761400000|  0%| F|  |TAMS 0x0000000761200000| PB 0x0000000761200000| Untracked 
| 266|0x0000000761400000, 0x0000000761400000, 0x0000000761600000|  0%| F|  |TAMS 0x0000000761400000| PB 0x0000000761400000| Untracked 
| 267|0x0000000761600000, 0x0000000761800000, 0x0000000761800000|100%| S|CS|TAMS 0x0000000761600000| PB 0x0000000761600000| Complete 
| 268|0x0000000761800000, 0x0000000761a00000, 0x0000000761a00000|100%| S|CS|TAMS 0x0000000761800000| PB 0x0000000761800000| Complete 
| 269|0x0000000761a00000, 0x0000000761c00000, 0x0000000761c00000|100%| S|CS|TAMS 0x0000000761a00000| PB 0x0000000761a00000| Complete 
| 270|0x0000000761c00000, 0x0000000761e00000, 0x0000000761e00000|100%| S|CS|TAMS 0x0000000761c00000| PB 0x0000000761c00000| Complete 
| 271|0x0000000761e00000, 0x0000000762000000, 0x0000000762000000|100%| S|CS|TAMS 0x0000000761e00000| PB 0x0000000761e00000| Complete 
| 272|0x0000000762000000, 0x0000000762200000, 0x0000000762200000|100%| S|CS|TAMS 0x0000000762000000| PB 0x0000000762000000| Complete 
| 273|0x0000000762200000, 0x0000000762400000, 0x0000000762400000|100%| S|CS|TAMS 0x0000000762200000| PB 0x0000000762200000| Complete 
| 274|0x0000000762400000, 0x0000000762400000, 0x0000000762600000|  0%| F|  |TAMS 0x0000000762400000| PB 0x0000000762400000| Untracked 
| 275|0x0000000762600000, 0x0000000762600000, 0x0000000762800000|  0%| F|  |TAMS 0x0000000762600000| PB 0x0000000762600000| Untracked 
| 276|0x0000000762800000, 0x0000000762800000, 0x0000000762a00000|  0%| F|  |TAMS 0x0000000762800000| PB 0x0000000762800000| Untracked 
| 277|0x0000000762a00000, 0x0000000762a00000, 0x0000000762c00000|  0%| F|  |TAMS 0x0000000762a00000| PB 0x0000000762a00000| Untracked 
| 278|0x0000000762c00000, 0x0000000762c00000, 0x0000000762e00000|  0%| F|  |TAMS 0x0000000762c00000| PB 0x0000000762c00000| Untracked 
| 279|0x0000000762e00000, 0x0000000762e00000, 0x0000000763000000|  0%| F|  |TAMS 0x0000000762e00000| PB 0x0000000762e00000| Untracked 
| 280|0x0000000763000000, 0x0000000763000000, 0x0000000763200000|  0%| F|  |TAMS 0x0000000763000000| PB 0x0000000763000000| Untracked 
| 281|0x0000000763200000, 0x0000000763200000, 0x0000000763400000|  0%| F|  |TAMS 0x0000000763200000| PB 0x0000000763200000| Untracked 
| 282|0x0000000763400000, 0x0000000763400000, 0x0000000763600000|  0%| F|  |TAMS 0x0000000763400000| PB 0x0000000763400000| Untracked 
| 283|0x0000000763600000, 0x0000000763600000, 0x0000000763800000|  0%| F|  |TAMS 0x0000000763600000| PB 0x0000000763600000| Untracked 
| 284|0x0000000763800000, 0x0000000763800000, 0x0000000763a00000|  0%| F|  |TAMS 0x0000000763800000| PB 0x0000000763800000| Untracked 
| 285|0x0000000763a00000, 0x0000000763a00000, 0x0000000763c00000|  0%| F|  |TAMS 0x0000000763a00000| PB 0x0000000763a00000| Untracked 
| 286|0x0000000763c00000, 0x0000000763c00000, 0x0000000763e00000|  0%| F|  |TAMS 0x0000000763c00000| PB 0x0000000763c00000| Untracked 
| 287|0x0000000763e00000, 0x0000000763e00000, 0x0000000764000000|  0%| F|  |TAMS 0x0000000763e00000| PB 0x0000000763e00000| Untracked 
| 288|0x0000000764000000, 0x0000000764000000, 0x0000000764200000|  0%| F|  |TAMS 0x0000000764000000| PB 0x0000000764000000| Untracked 
| 289|0x0000000764200000, 0x0000000764200000, 0x0000000764400000|  0%| F|  |TAMS 0x0000000764200000| PB 0x0000000764200000| Untracked 
| 290|0x0000000764400000, 0x0000000764566668, 0x0000000764600000| 70%| E|  |TAMS 0x0000000764400000| PB 0x0000000764400000| Complete 
| 291|0x0000000764600000, 0x0000000764800000, 0x0000000764800000|100%| E|CS|TAMS 0x0000000764600000| PB 0x0000000764600000| Complete 
| 292|0x0000000764800000, 0x0000000764a00000, 0x0000000764a00000|100%| E|CS|TAMS 0x0000000764800000| PB 0x0000000764800000| Complete 
| 293|0x0000000764a00000, 0x0000000764c00000, 0x0000000764c00000|100%| E|CS|TAMS 0x0000000764a00000| PB 0x0000000764a00000| Complete 
| 294|0x0000000764c00000, 0x0000000764e00000, 0x0000000764e00000|100%| E|CS|TAMS 0x0000000764c00000| PB 0x0000000764c00000| Complete 
| 295|0x0000000764e00000, 0x0000000765000000, 0x0000000765000000|100%| E|CS|TAMS 0x0000000764e00000| PB 0x0000000764e00000| Complete 
| 296|0x0000000765000000, 0x0000000765200000, 0x0000000765200000|100%| E|CS|TAMS 0x0000000765000000| PB 0x0000000765000000| Complete 
| 297|0x0000000765200000, 0x0000000765400000, 0x0000000765400000|100%| E|CS|TAMS 0x0000000765200000| PB 0x0000000765200000| Complete 
| 298|0x0000000765400000, 0x0000000765600000, 0x0000000765600000|100%| E|CS|TAMS 0x0000000765400000| PB 0x0000000765400000| Complete 
| 299|0x0000000765600000, 0x0000000765800000, 0x0000000765800000|100%| E|CS|TAMS 0x0000000765600000| PB 0x0000000765600000| Complete 
| 300|0x0000000765800000, 0x0000000765a00000, 0x0000000765a00000|100%| E|CS|TAMS 0x0000000765800000| PB 0x0000000765800000| Complete 
| 301|0x0000000765a00000, 0x0000000765c00000, 0x0000000765c00000|100%| E|CS|TAMS 0x0000000765a00000| PB 0x0000000765a00000| Complete 
| 302|0x0000000765c00000, 0x0000000765e00000, 0x0000000765e00000|100%| E|CS|TAMS 0x0000000765c00000| PB 0x0000000765c00000| Complete 
| 303|0x0000000765e00000, 0x0000000766000000, 0x0000000766000000|100%| E|CS|TAMS 0x0000000765e00000| PB 0x0000000765e00000| Complete 
| 304|0x0000000766000000, 0x0000000766200000, 0x0000000766200000|100%| E|CS|TAMS 0x0000000766000000| PB 0x0000000766000000| Complete 
| 305|0x0000000766200000, 0x0000000766400000, 0x0000000766400000|100%| E|CS|TAMS 0x0000000766200000| PB 0x0000000766200000| Complete 
| 306|0x0000000766400000, 0x0000000766600000, 0x0000000766600000|100%| E|CS|TAMS 0x0000000766400000| PB 0x0000000766400000| Complete 
| 307|0x0000000766600000, 0x0000000766800000, 0x0000000766800000|100%| E|CS|TAMS 0x0000000766600000| PB 0x0000000766600000| Complete 
| 308|0x0000000766800000, 0x0000000766a00000, 0x0000000766a00000|100%| E|CS|TAMS 0x0000000766800000| PB 0x0000000766800000| Complete 
| 309|0x0000000766a00000, 0x0000000766c00000, 0x0000000766c00000|100%| E|CS|TAMS 0x0000000766a00000| PB 0x0000000766a00000| Complete 
| 310|0x0000000766c00000, 0x0000000766e00000, 0x0000000766e00000|100%| E|CS|TAMS 0x0000000766c00000| PB 0x0000000766c00000| Complete 
| 311|0x0000000766e00000, 0x0000000767000000, 0x0000000767000000|100%| E|CS|TAMS 0x0000000766e00000| PB 0x0000000766e00000| Complete 
| 312|0x0000000767000000, 0x0000000767200000, 0x0000000767200000|100%| E|CS|TAMS 0x0000000767000000| PB 0x0000000767000000| Complete 
| 313|0x0000000767200000, 0x0000000767400000, 0x0000000767400000|100%| E|CS|TAMS 0x0000000767200000| PB 0x0000000767200000| Complete 
| 314|0x0000000767400000, 0x0000000767600000, 0x0000000767600000|100%| E|CS|TAMS 0x0000000767400000| PB 0x0000000767400000| Complete 
| 315|0x0000000767600000, 0x0000000767800000, 0x0000000767800000|100%| E|CS|TAMS 0x0000000767600000| PB 0x0000000767600000| Complete 
| 316|0x0000000767800000, 0x0000000767a00000, 0x0000000767a00000|100%| E|CS|TAMS 0x0000000767800000| PB 0x0000000767800000| Complete 
| 317|0x0000000767a00000, 0x0000000767c00000, 0x0000000767c00000|100%| E|CS|TAMS 0x0000000767a00000| PB 0x0000000767a00000| Complete 
| 318|0x0000000767c00000, 0x0000000767e00000, 0x0000000767e00000|100%| E|CS|TAMS 0x0000000767c00000| PB 0x0000000767c00000| Complete 
| 319|0x0000000767e00000, 0x0000000768000000, 0x0000000768000000|100%| E|CS|TAMS 0x0000000767e00000| PB 0x0000000767e00000| Complete 
|1534|0x00000007ffc00000, 0x00000007ffe00000, 0x00000007ffe00000|100%| E|CS|TAMS 0x00000007ffc00000| PB 0x00000007ffc00000| Complete 
|1535|0x00000007ffe00000, 0x0000000800000000, 0x0000000800000000|100%| E|CS|TAMS 0x00000007ffe00000| PB 0x00000007ffe00000| Complete 

Card table byte_map: [0x00000268fb9b0000,0x00000268fbfb0000] _byte_map_base: 0x00000268f7fb0000

Marking Bits: (CMBitMap*) 0x00000268e842dc40
 Bits: [0x00000268fbfb0000, 0x00000268fefb0000)

Polling page: 0x00000268e60d0000

Metaspace:

Usage:
  Non-class:     65.39 MB used.
      Class:      8.51 MB used.
       Both:     73.90 MB used.

Virtual space:
  Non-class space:      128.00 MB reserved,      66.88 MB ( 52%) committed,  2 nodes.
      Class space:        1.00 GB reserved,       9.56 MB ( <1%) committed,  1 nodes.
             Both:        1.12 GB reserved,      76.44 MB (  7%) committed. 

Chunk freelists:
   Non-Class:  12.72 MB
       Class:  6.32 MB
        Both:  19.04 MB

MaxMetaspaceSize: unlimited
CompressedClassSpaceSize: 1.00 GB
Initial GC threshold: 21.00 MB
Current GC threshold: 114.81 MB
CDS: on
 - commit_granule_bytes: 65536.
 - commit_granule_words: 8192.
 - virtual_space_node_default_size: 8388608.
 - enlarge_chunks_in_place: 1.
 - use_allocation_guard: 0.


Internal statistics:

num_allocs_failed_limit: 17.
num_arena_births: 1794.
num_arena_deaths: 0.
num_vsnodes_births: 3.
num_vsnodes_deaths: 0.
num_space_committed: 1222.
num_space_uncommitted: 0.
num_chunks_returned_to_freelist: 17.
num_chunks_taken_from_freelist: 5137.
num_chunk_merges: 9.
num_chunk_splits: 3246.
num_chunks_enlarged: 1882.
num_inconsistent_stats: 0.

CodeHeap 'non-profiled nmethods': size=119168Kb used=10598Kb max_used=10598Kb free=108569Kb
 bounds [0x00000268f3160000, 0x00000268f3bc0000, 0x00000268fa5c0000]
CodeHeap 'profiled nmethods': size=119104Kb used=24073Kb max_used=26255Kb free=95030Kb
 bounds [0x00000268eb5c0000, 0x00000268ecf70000, 0x00000268f2a10000]
CodeHeap 'non-nmethods': size=7488Kb used=3888Kb max_used=3950Kb free=3599Kb
 bounds [0x00000268f2a10000, 0x00000268f2e00000, 0x00000268f3160000]
 total_blobs=12955 nmethods=11818 adapters=1037
 compilation: enabled
              stopped_count=0, restarted_count=0
 full_count=0

Compilation events (20 events):
Event: 15.093 Thread 0x0000026882712ef0 nmethod 14621 0x00000268ebba5e90 code [0x00000268ebba6080, 0x00000268ebba6580]
Event: 15.093 Thread 0x00000268c853f700 nmethod 14622 0x00000268ec0f4690 code [0x00000268ec0f48e0, 0x00000268ec0f50c8]
Event: 15.093 Thread 0x0000026882714360 nmethod 14623 0x00000268ebea0390 code [0x00000268ebea0640, 0x00000268ebea1178]
Event: 15.093 Thread 0x0000026882712ef0 14624       1       java.nio.file.FileTreeWalker$Event::file (5 bytes)
Event: 15.094 Thread 0x0000026882712ef0 nmethod 14624 0x00000268f33d3e10 code [0x00000268f33d3fa0, 0x00000268f33d4070]
Event: 15.109 Thread 0x00000268c853f700 14625       3       java.util.logging.LogManager$LoggerContext::requiresDefaultLoggers (29 bytes)
Event: 15.110 Thread 0x00000268c853f700 nmethod 14625 0x00000268ec0f4210 code [0x00000268ec0f43c0, 0x00000268ec0f45c8]
Event: 15.111 Thread 0x00000268c8543450 14627       4       org.eclipse.swt.widgets.Control::getShell (12 bytes)
Event: 15.111 Thread 0x00000268c853e960 14628       4       java.lang.invoke.MethodType::insertParameterTypes (121 bytes)
Event: 15.111 Thread 0x00000268c8543450 nmethod 14627 0x00000268f386e010 code [0x00000268f386e1a0, 0x00000268f386e278]
Event: 15.111 Thread 0x00000268c853f030 14629       3       java.lang.StringUTF16::indexOf (44 bytes)
Event: 15.111 Thread 0x00000268c853f700 14630       3       java.lang.StringUTF16::indexOfChar (14 bytes)
Event: 15.112 Thread 0x00000268c853f700 nmethod 14630 0x00000268ec8d9f90 code [0x00000268ec8da180, 0x00000268ec8da620]
Event: 15.112 Thread 0x00000268c853f030 nmethod 14629 0x00000268ec8d9190 code [0x00000268ec8d93c0, 0x00000268ec8d9ae8]
Event: 15.114 Thread 0x00000268c853e960 nmethod 14628 0x00000268f386d390 code [0x00000268f386d580, 0x00000268f386dba8]
Event: 15.128 Thread 0x00000268c853f030 14631       3       org.cef.CefApp$6::accept (31 bytes)
Event: 15.128 Thread 0x00000268c853f030 nmethod 14631 0x00000268ebba5910 code [0x00000268ebba5ae0, 0x00000268ebba5d68]
Event: 15.137 Thread 0x00000268c853e960 14632       4       org.cef.CefApp$6::accept (31 bytes)
Event: 15.138 Thread 0x00000268c853e960 nmethod 14632 0x00000268f386cd90 code [0x00000268f386cf60, 0x00000268f386d178]
Event: 15.166 Thread 0x00000268c8541fe0 nmethod 14614 0x00000268f3bb2e90 code [0x00000268f3bb3780, 0x00000268f3bbaed0]

GC Heap History (20 events):
Event: 5.620 GC heap before
{Heap before GC invocations=8 (full 0):
 garbage-first heap   total 524288K, used 94568K [0x0000000740000000, 0x0000000800000000)
  region size 2048K, 36 young (73728K), 19 survivors (38912K)
 Metaspace       used 34603K, committed 35968K, reserved 1114112K
  class space    used 3728K, committed 4288K, reserved 1048576K
}
Event: 5.632 GC heap after
{Heap after GC invocations=9 (full 0):
 garbage-first heap   total 524288K, used 68855K [0x0000000740000000, 0x0000000800000000)
  region size 2048K, 4 young (8192K), 4 survivors (8192K)
 Metaspace       used 34603K, committed 35968K, reserved 1114112K
  class space    used 3728K, committed 4288K, reserved 1048576K
}
Event: 8.203 GC heap before
{Heap before GC invocations=10 (full 0):
 garbage-first heap   total 524288K, used 199927K [0x0000000740000000, 0x0000000800000000)
  region size 2048K, 69 young (141312K), 4 survivors (8192K)
 Metaspace       used 58330K, committed 60160K, reserved 1114112K
  class space    used 6550K, committed 7296K, reserved 1048576K
}
Event: 8.211 GC heap after
{Heap after GC invocations=11 (full 0):
 garbage-first heap   total 524288K, used 79386K [0x0000000740000000, 0x0000000800000000)
  region size 2048K, 9 young (18432K), 9 survivors (18432K)
 Metaspace       used 58330K, committed 60160K, reserved 1114112K
  class space    used 6550K, committed 7296K, reserved 1048576K
}
Event: 8.280 GC heap before
{Heap before GC invocations=11 (full 0):
 garbage-first heap   total 524288K, used 85530K [0x0000000740000000, 0x0000000800000000)
  region size 2048K, 13 young (26624K), 9 survivors (18432K)
 Metaspace       used 58622K, committed 60480K, reserved 1114112K
  class space    used 6619K, committed 7360K, reserved 1048576K
}
Event: 8.285 GC heap after
{Heap after GC invocations=12 (full 0):
 garbage-first heap   total 524288K, used 79012K [0x0000000740000000, 0x0000000800000000)
  region size 2048K, 9 young (18432K), 9 survivors (18432K)
 Metaspace       used 58622K, committed 60480K, reserved 1114112K
  class space    used 6619K, committed 7360K, reserved 1048576K
}
Event: 8.359 GC heap before
{Heap before GC invocations=12 (full 0):
 garbage-first heap   total 524288K, used 83108K [0x0000000740000000, 0x0000000800000000)
  region size 2048K, 12 young (24576K), 9 survivors (18432K)
 Metaspace       used 58979K, committed 60800K, reserved 1114112K
  class space    used 6673K, committed 7424K, reserved 1048576K
}
Event: 8.363 GC heap after
{Heap after GC invocations=13 (full 0):
 garbage-first heap   total 524288K, used 78933K [0x0000000740000000, 0x0000000800000000)
  region size 2048K, 9 young (18432K), 9 survivors (18432K)
 Metaspace       used 58979K, committed 60800K, reserved 1114112K
  class space    used 6673K, committed 7424K, reserved 1048576K
}
Event: 11.611 GC heap before
{Heap before GC invocations=14 (full 0):
 garbage-first heap   total 524288K, used 371797K [0x0000000740000000, 0x0000000800000000)
  region size 2048K, 153 young (313344K), 9 survivors (18432K)
 Metaspace       used 68272K, committed 70528K, reserved 1114112K
  class space    used 7839K, committed 8768K, reserved 1048576K
}
Event: 11.636 GC heap after
{Heap after GC invocations=15 (full 0):
 garbage-first heap   total 524288K, used 177075K [0x0000000740000000, 0x0000000800000000)
  region size 2048K, 20 young (40960K), 20 survivors (40960K)
 Metaspace       used 68272K, committed 70528K, reserved 1114112K
  class space    used 7839K, committed 8768K, reserved 1048576K
}
Event: 12.519 GC heap before
{Heap before GC invocations=15 (full 0):
 garbage-first heap   total 524288K, used 385971K [0x0000000740000000, 0x0000000800000000)
  region size 2048K, 122 young (249856K), 20 survivors (40960K)
 Metaspace       used 68281K, committed 70528K, reserved 1114112K
  class space    used 7839K, committed 8768K, reserved 1048576K
}
Event: 12.545 GC heap after
{Heap after GC invocations=16 (full 0):
 garbage-first heap   total 528384K, used 276480K [0x0000000740000000, 0x0000000800000000)
  region size 2048K, 16 young (32768K), 16 survivors (32768K)
 Metaspace       used 68281K, committed 70528K, reserved 1114112K
  class space    used 7839K, committed 8768K, reserved 1048576K
}
Event: 13.252 GC heap before
{Heap before GC invocations=16 (full 0):
 garbage-first heap   total 528384K, used 409600K [0x0000000740000000, 0x0000000800000000)
  region size 2048K, 81 young (165888K), 16 survivors (32768K)
 Metaspace       used 68281K, committed 70528K, reserved 1114112K
  class space    used 7839K, committed 8768K, reserved 1048576K
}
Event: 13.275 GC heap after
{Heap after GC invocations=17 (full 0):
 garbage-first heap   total 528384K, used 346079K [0x0000000740000000, 0x0000000800000000)
  region size 2048K, 11 young (22528K), 11 survivors (22528K)
 Metaspace       used 68281K, committed 70528K, reserved 1114112K
  class space    used 7839K, committed 8768K, reserved 1048576K
}
Event: 13.627 GC heap before
{Heap before GC invocations=17 (full 0):
 garbage-first heap   total 528384K, used 434143K [0x0000000740000000, 0x0000000800000000)
  region size 2048K, 54 young (110592K), 11 survivors (22528K)
 Metaspace       used 68281K, committed 70528K, reserved 1114112K
  class space    used 7839K, committed 8768K, reserved 1048576K
}
Event: 13.645 GC heap after
{Heap after GC invocations=18 (full 0):
 garbage-first heap   total 634880K, used 394240K [0x0000000740000000, 0x0000000800000000)
  region size 2048K, 7 young (14336K), 7 survivors (14336K)
 Metaspace       used 68281K, committed 70528K, reserved 1114112K
  class space    used 7839K, committed 8768K, reserved 1048576K
}
Event: 14.118 GC heap before
{Heap before GC invocations=19 (full 0):
 garbage-first heap   total 659456K, used 504832K [0x0000000740000000, 0x0000000800000000)
  region size 2048K, 61 young (124928K), 7 survivors (14336K)
 Metaspace       used 68281K, committed 70528K, reserved 1114112K
  class space    used 7839K, committed 8768K, reserved 1048576K
}
Event: 14.134 GC heap after
{Heap after GC invocations=20 (full 0):
 garbage-first heap   total 659456K, used 450560K [0x0000000740000000, 0x0000000800000000)
  region size 2048K, 8 young (16384K), 8 survivors (16384K)
 Metaspace       used 68281K, committed 70528K, reserved 1114112K
  class space    used 7839K, committed 8768K, reserved 1048576K
}
Event: 14.704 GC heap before
{Heap before GC invocations=20 (full 0):
 garbage-first heap   total 659456K, used 544768K [0x0000000740000000, 0x0000000800000000)
  region size 2048K, 54 young (110592K), 8 survivors (16384K)
 Metaspace       used 74446K, committed 77056K, reserved 1179648K
  class space    used 8562K, committed 9664K, reserved 1048576K
}
Event: 14.719 GC heap after
{Heap after GC invocations=21 (full 0):
 garbage-first heap   total 659456K, used 478208K [0x0000000740000000, 0x0000000800000000)
  region size 2048K, 7 young (14336K), 7 survivors (14336K)
 Metaspace       used 74446K, committed 77056K, reserved 1179648K
  class space    used 8562K, committed 9664K, reserved 1048576K
}

Dll operation events (18 events):
Event: 0.005 Loaded shared library E:\Software\Renesas\RA\sc_v2025-12_fsp_v6.4.0\eclipse\plugins\org.eclipse.justj.openjdk.hotspot.jre.full.stripped.win32.x86_64_21.0.7.v20250502-0916\jre\bin\java.dll
Event: 0.019 Loaded shared library E:\Software\Renesas\RA\sc_v2025-12_fsp_v6.4.0\eclipse\plugins\org.eclipse.justj.openjdk.hotspot.jre.full.stripped.win32.x86_64_21.0.7.v20250502-0916\jre\bin\zip.dll
Event: 0.045 Loaded shared library E:\Software\Renesas\RA\sc_v2025-12_fsp_v6.4.0\eclipse\plugins\org.eclipse.justj.openjdk.hotspot.jre.full.stripped.win32.x86_64_21.0.7.v20250502-0916\jre\bin\net.dll
Event: 0.046 Loaded shared library E:\Software\Renesas\RA\sc_v2025-12_fsp_v6.4.0\eclipse\plugins\org.eclipse.justj.openjdk.hotspot.jre.full.stripped.win32.x86_64_21.0.7.v20250502-0916\jre\bin\nio.dll
Event: 0.048 Loaded shared library E:\Software\Renesas\RA\sc_v2025-12_fsp_v6.4.0\eclipse\plugins\org.eclipse.justj.openjdk.hotspot.jre.full.stripped.win32.x86_64_21.0.7.v20250502-0916\jre\bin\zip.dll
Event: 0.068 Loaded shared library E:\Software\Renesas\RA\sc_v2025-12_fsp_v6.4.0\eclipse\plugins\org.eclipse.justj.openjdk.hotspot.jre.full.stripped.win32.x86_64_21.0.7.v20250502-0916\jre\bin\jimage.dll
Event: 1.261 Loaded shared library E:\Software\Renesas\RA\sc_v2025-12_fsp_v6.4.0\eclipse\plugins\org.eclipse.justj.openjdk.hotspot.jre.full.stripped.win32.x86_64_21.0.7.v20250502-0916\jre\bin\verify.dll
Event: 4.827 Loaded shared library E:\Software\Renesas\RA\sc_v2025-12_fsp_v6.4.0\eclipse\configuration\org.eclipse.osgi\366\0\.cp\swt-osversion-win32-4969r18.dll
Event: 4.832 Loaded shared library E:\Software\Renesas\RA\sc_v2025-12_fsp_v6.4.0\eclipse\configuration\org.eclipse.osgi\366\0\.cp\swt-win32-4969r18.dll
Event: 4.883 Loaded shared library E:\Software\Renesas\RA\sc_v2025-12_fsp_v6.4.0\eclipse\configuration\org.eclipse.osgi\366\0\.cp\swt-gdip-win32-4969r18.dll
Event: 6.005 Loaded shared library E:\Software\Renesas\RA\sc_v2025-12_fsp_v6.4.0\eclipse\plugins\org.eclipse.justj.openjdk.hotspot.jre.full.stripped.win32.x86_64_21.0.7.v20250502-0916\jre\bin\awt.dll
Event: 6.891 Loaded shared library E:\Software\Renesas\RA\sc_v2025-12_fsp_v6.4.0\eclipse\plugins\org.eclipse.justj.openjdk.hotspot.jre.full.stripped.win32.x86_64_21.0.7.v20250502-0916\jre\bin\mlib_image.dll
Event: 7.800 Loaded shared library C:\Users\31634\AppData\Local\Temp\jna-48612857\jna17669283732062348503.dll
Event: 8.013 Loaded shared library E:\Software\Renesas\RA\sc_v2025-12_fsp_v6.4.0\eclipse\plugins\org.eclipse.justj.openjdk.hotspot.jre.full.stripped.win32.x86_64_21.0.7.v20250502-0916\jre\bin\sunmscapi.dll
Event: 9.910 Loaded shared library E:\Software\Renesas\RA\sc_v2025-12_fsp_v6.4.0\eclipse\plugins\org.eclipse.justj.openjdk.hotspot.jre.full.stripped.win32.x86_64_21.0.7.v20250502-0916\jre\bin\extnet.dll
Event: 15.104 Loaded shared library E:\Software\Renesas\RA\sc_v2025-12_fsp_v6.4.0\eclipse\plugins\com.equo.chromium.cef.win32.win32.x86_64_128.0.20\chromium-6613\chrome_elf.dll
Event: 15.107 Loaded shared library E:\Software\Renesas\RA\sc_v2025-12_fsp_v6.4.0\eclipse\plugins\com.equo.chromium.cef.win32.win32.x86_64_128.0.20\chromium-6613\libcef.dll
Event: 15.109 Loaded shared library E:\Software\Renesas\RA\sc_v2025-12_fsp_v6.4.0\eclipse\plugins\com.equo.chromium.cef.win32.win32.x86_64_128.0.20\chromium-6613\equochro.dll

Deoptimization events (20 events):
Event: 15.069 Thread 0x00000268e5bb3320 Uncommon trap: trap_request=0xffffffc6 fr.pc=0x00000268f3881770 relative=0x0000000000000a70
Event: 15.069 Thread 0x00000268e5bb3320 Uncommon trap: reason=bimorphic_or_optimized_type_check action=maybe_recompile pc=0x00000268f3881770 method=org.apache.felix.resolver.util.OpenHashMap.getOrCompute(Ljava/lang/Object;)Ljava/lang/Object; @ 122 c2
Event: 15.069 Thread 0x00000268e5bb3320 DEOPT PACKING pc=0x00000268f3881770 sp=0x000000a8d433a170
Event: 15.069 Thread 0x00000268e5bb3320 DEOPT UNPACKING pc=0x00000268f2a646a2 sp=0x000000a8d433a120 mode 2
Event: 15.069 Thread 0x00000268e5bb3320 Uncommon trap: trap_request=0xffffffc6 fr.pc=0x00000268f3881770 relative=0x0000000000000a70
Event: 15.069 Thread 0x00000268e5bb3320 Uncommon trap: reason=bimorphic_or_optimized_type_check action=maybe_recompile pc=0x00000268f3881770 method=org.apache.felix.resolver.util.OpenHashMap.getOrCompute(Ljava/lang/Object;)Ljava/lang/Object; @ 122 c2
Event: 15.069 Thread 0x00000268e5bb3320 DEOPT PACKING pc=0x00000268f3881770 sp=0x000000a8d433a170
Event: 15.069 Thread 0x00000268e5bb3320 DEOPT UNPACKING pc=0x00000268f2a646a2 sp=0x000000a8d433a120 mode 2
Event: 15.069 Thread 0x00000268e5bb3320 Uncommon trap: trap_request=0xffffffc6 fr.pc=0x00000268f3881770 relative=0x0000000000000a70
Event: 15.069 Thread 0x00000268e5bb3320 Uncommon trap: reason=bimorphic_or_optimized_type_check action=maybe_recompile pc=0x00000268f3881770 method=org.apache.felix.resolver.util.OpenHashMap.getOrCompute(Ljava/lang/Object;)Ljava/lang/Object; @ 122 c2
Event: 15.069 Thread 0x00000268e5bb3320 DEOPT PACKING pc=0x00000268f3881770 sp=0x000000a8d433a170
Event: 15.069 Thread 0x00000268e5bb3320 DEOPT UNPACKING pc=0x00000268f2a646a2 sp=0x000000a8d433a120 mode 2
Event: 15.147 Thread 0x00000268e5bb3320 Uncommon trap: trap_request=0xffffff45 fr.pc=0x00000268f3b0e794 relative=0x0000000000000654
Event: 15.147 Thread 0x00000268e5bb3320 Uncommon trap: reason=unstable_if action=reinterpret pc=0x00000268f3b0e794 method=java.io.WinNTFileSystem.prefixLength(Ljava/lang/String;)I @ 11 c2
Event: 15.147 Thread 0x00000268e5bb3320 DEOPT PACKING pc=0x00000268f3b0e794 sp=0x000000a8d433b210
Event: 15.147 Thread 0x00000268e5bb3320 DEOPT UNPACKING pc=0x00000268f2a646a2 sp=0x000000a8d433b170 mode 2
Event: 15.148 Thread 0x00000268e5bb3320 Uncommon trap: trap_request=0xffffff45 fr.pc=0x00000268f376c36c relative=0x000000000000028c
Event: 15.148 Thread 0x00000268e5bb3320 Uncommon trap: reason=unstable_if action=reinterpret pc=0x00000268f376c36c method=java.io.WinNTFileSystem.prefixLength(Ljava/lang/String;)I @ 11 c2
Event: 15.148 Thread 0x00000268e5bb3320 DEOPT PACKING pc=0x00000268f376c36c sp=0x000000a8d433b1d0
Event: 15.148 Thread 0x00000268e5bb3320 DEOPT UNPACKING pc=0x00000268f2a646a2 sp=0x000000a8d433b170 mode 2

Classes loaded (20 events):
Event: 14.344 Loading class java/io/IOError
Event: 14.344 Loading class java/io/IOError done
Event: 14.360 Loading class java/util/LinkedList$DescendingIterator
Event: 14.360 Loading class java/util/LinkedList$DescendingIterator done
Event: 14.382 Loading class java/lang/VerifyError
Event: 14.382 Loading class java/lang/VerifyError done
Event: 14.389 Loading class java/util/Collections$UnmodifiableList$1
Event: 14.389 Loading class java/util/Collections$UnmodifiableList$1 done
Event: 15.091 Loading class java/nio/file/SimpleFileVisitor
Event: 15.091 Loading class java/nio/file/SimpleFileVisitor done
Event: 15.091 Loading class java/nio/file/Files$3
Event: 15.091 Loading class java/nio/file/Files$3 done
Event: 15.091 Loading class java/nio/file/FileVisitResult
Event: 15.091 Loading class java/nio/file/FileVisitResult done
Event: 15.092 Loading class java/nio/file/FileAlreadyExistsException
Event: 15.092 Loading class java/nio/file/FileAlreadyExistsException done
Event: 15.092 Loading class sun/nio/fs/WindowsFileCopy
Event: 15.093 Loading class sun/nio/fs/WindowsFileCopy done
Event: 15.093 Loading class sun/nio/fs/WindowsPath$1
Event: 15.094 Loading class sun/nio/fs/WindowsPath$1 done

Classes unloaded (0 events):
No events

Classes redefined (0 events):
No events

Internal exceptions (20 events):
Event: 14.339 Thread 0x00000268e5bb3320 Exception <a 'java/lang/NoSuchMethodError'{0x000000076717e158}: 'long java.lang.invoke.DirectMethodHandle$Holder.invokeStaticInit(java.lang.Object, java.lang.Object, long, long)'> (0x000000076717e158) 
thrown [s\src\hotspot\share\interpreter\linkResolver.cpp, line 773]
Event: 14.340 Thread 0x00000268e5bb3320 Exception <a 'java/lang/NoSuchMethodError'{0x000000076719ca40}: 'java.lang.Object java.lang.invoke.DirectMethodHandle$Holder.invokeStatic(java.lang.Object, java.lang.Object, java.lang.Object, java.lang.Object, java.lang.Object, int, java.lang.Object, java.lang.Object)'> (0x000000076719ca40) 
thrown [s\src\hotspot\share\interpreter\linkResolver.cpp, line 773]
Event: 14.342 Thread 0x00000268e5bb3320 Exception <a 'java/lang/NoSuchMethodError'{0x00000007671d56c0}: 'void java.lang.invoke.DirectMethodHandle$Holder.invokeSpecial(java.lang.Object, java.lang.Object, int, java.lang.Object)'> (0x00000007671d56c0) 
thrown [s\src\hotspot\share\interpreter\linkResolver.cpp, line 773]
Event: 14.343 Thread 0x00000268e5bb3320 Exception <a 'java/lang/NoSuchMethodError'{0x00000007671e3e40}: 'java.lang.Object java.lang.invoke.DirectMethodHandle$Holder.newInvokeSpecial(java.lang.Object, java.lang.Object, int, java.lang.Object, java.lang.Object, java.lang.Object)'> (0x00000007671e3e40) 
thrown [s\src\hotspot\share\interpreter\linkResolver.cpp, line 773]
Event: 14.343 Thread 0x00000268e5bb3320 Exception <a 'java/lang/NoSuchMethodError'{0x00000007671e84d0}: 'java.lang.Object java.lang.invoke.DirectMethodHandle$Holder.invokeSpecial(java.lang.Object, java.lang.Object, java.lang.Object, int, java.lang.Object, java.lang.Object, java.lang.Object)'> (0x00000007671e84d0) 
thrown [s\src\hotspot\share\interpreter\linkResolver.cpp, line 773]
Event: 14.373 Thread 0x00000268e5bb3320 Exception <a 'java/lang/NoSuchMethodError'{0x0000000766c99d10}: 'java.lang.Class sun.misc.Unsafe.defineAnonymousClass(java.lang.Class, byte[], java.lang.Object[])'> (0x0000000766c99d10) 
thrown [s\src\hotspot\share\interpreter\linkResolver.cpp, line 773]
Event: 14.386 Thread 0x00000268e5bb3320 Exception <a 'java/lang/NoSuchMethodError'{0x0000000766df8be0}: 'java.lang.Object java.lang.invoke.Invokers$Holder.linkToTargetMethod(int, java.lang.Object, int, java.lang.Object)'> (0x0000000766df8be0) 
thrown [s\src\hotspot\share\interpreter\linkResolver.cpp, line 773]
Event: 14.402 Thread 0x00000268e5bb3320 Exception <a 'java/lang/NoSuchMethodError'{0x0000000766b3ea30}: 'java.lang.Object java.lang.invoke.DirectMethodHandle$Holder.invokeStatic(java.lang.Object, java.lang.Object, int, java.lang.Object)'> (0x0000000766b3ea30) 
thrown [s\src\hotspot\share\interpreter\linkResolver.cpp, line 773]
Event: 14.402 Thread 0x00000268e5bb3320 Exception <a 'java/lang/NoSuchMethodError'{0x0000000766b42a48}: 'java.lang.Object java.lang.invoke.DirectMethodHandle$Holder.invokeStaticInit(java.lang.Object, java.lang.Object, int, java.lang.Object)'> (0x0000000766b42a48) 
thrown [s\src\hotspot\share\interpreter\linkResolver.cpp, line 773]
Event: 14.406 Thread 0x00000268e5bb3320 Implicit null exception at 0x00000268f39f0614 to 0x00000268f39f169c
Event: 14.409 Thread 0x00000268e5bb3320 Implicit null exception at 0x00000268f33fae86 to 0x00000268f33fafc0
Event: 14.409 Thread 0x00000268e5bb3320 Exception <a 'java/lang/NoSuchMethodError'{0x0000000766bb6a40}: 'java.lang.Object java.lang.invoke.Invokers$Holder.invoke_MT(java.lang.Object, java.lang.Object, java.lang.Object, java.lang.Object, java.lang.Object, java.lang.Object)'> (0x0000000766bb6a40) 
thrown [s\src\hotspot\share\interpreter\linkResolver.cpp, line 773]
Event: 14.409 Thread 0x00000268e5bb3320 Exception <a 'java/lang/NoSuchMethodError'{0x0000000766bba9c0}: 'java.lang.Object java.lang.invoke.DelegatingMethodHandle$Holder.reinvoke_L(java.lang.Object, java.lang.Object, java.lang.Object, java.lang.Object, int)'> (0x0000000766bba9c0) 
thrown [s\src\hotspot\share\interpreter\linkResolver.cpp, line 773]
Event: 14.409 Thread 0x00000268e5bb3320 Exception <a 'java/lang/NoSuchMethodError'{0x0000000766bc54d8}: 'void java.lang.invoke.Invokers$Holder.exactInvoker(java.lang.Object, java.lang.Object, java.lang.Object, java.lang.Object)'> (0x0000000766bc54d8) 
thrown [s\src\hotspot\share\interpreter\linkResolver.cpp, line 773]
Event: 14.410 Thread 0x00000268e5bb3320 Exception <a 'java/lang/NoSuchMethodError'{0x0000000766bcd0c8}: 'void java.lang.invoke.Invokers$Holder.linkToCallSite(java.lang.Object, java.lang.Object, java.lang.Object)'> (0x0000000766bcd0c8) 
thrown [s\src\hotspot\share\interpreter\linkResolver.cpp, line 773]
Event: 14.951 Thread 0x00000268e5bb3320 Implicit null exception at 0x00000268f36432b5 to 0x00000268f3643be0
Event: 15.058 Thread 0x00000268e5bb3320 Exception <a 'java/io/FileNotFoundException'{0x0000000764b1e3d8}> (0x0000000764b1e3d8) 
thrown [s\src\hotspot\share\prims\jni.cpp, line 520]
Event: 15.080 Thread 0x00000268e5bb3320 Exception <a 'sun/nio/fs/WindowsException'{0x0000000764671f80}> (0x0000000764671f80) 
thrown [s\src\hotspot\share\prims\jni.cpp, line 520]
Event: 15.096 Thread 0x00000268e5bb3320 Exception <a 'sun/nio/fs/WindowsException'{0x000000076475b748}> (0x000000076475b748) 
thrown [s\src\hotspot\share\prims\jni.cpp, line 520]
Event: 15.097 Thread 0x00000268e5bb3320 Exception <a 'java/lang/NoSuchMethodError'{0x0000000764774848}: 'int java.lang.invoke.DelegatingMethodHandle$Holder.reinvoke_L(java.lang.Object)'> (0x0000000764774848) 
thrown [s\src\hotspot\share\interpreter\linkResolver.cpp, line 773]

ZGC Phase Switch (0 events):
No events

VM Operations (20 events):
Event: 13.721 Executing VM operation: G1PauseRemark
Event: 13.730 Executing VM operation: G1PauseRemark done
Event: 13.788 Executing VM operation: G1PauseCleanup
Event: 13.788 Executing VM operation: G1PauseCleanup done
Event: 14.118 Executing VM operation: G1CollectForAllocation (G1 Evacuation Pause)
Event: 14.134 Executing VM operation: G1CollectForAllocation (G1 Evacuation Pause) done
Event: 14.224 Executing VM operation: HandshakeAllThreads (Deoptimize)
Event: 14.224 Executing VM operation: HandshakeAllThreads (Deoptimize) done
Event: 14.300 Executing VM operation: HandshakeAllThreads (Deoptimize)
Event: 14.300 Executing VM operation: HandshakeAllThreads (Deoptimize) done
Event: 14.486 Executing VM operation: ICBufferFull
Event: 14.486 Executing VM operation: ICBufferFull done
Event: 14.704 Executing VM operation: G1CollectForAllocation (G1 Evacuation Pause)
Event: 14.719 Executing VM operation: G1CollectForAllocation (G1 Evacuation Pause) done
Event: 15.004 Executing VM operation: HandshakeAllThreads (Deoptimize)
Event: 15.005 Executing VM operation: HandshakeAllThreads (Deoptimize) done
Event: 15.068 Executing VM operation: HandshakeAllThreads (Deoptimize)
Event: 15.068 Executing VM operation: HandshakeAllThreads (Deoptimize) done
Event: 15.081 Executing VM operation: HandshakeAllThreads (Deoptimize)
Event: 15.081 Executing VM operation: HandshakeAllThreads (Deoptimize) done

Memory protections (0 events):
No events

Nmethod flushes (20 events):
Event: 13.730 Thread 0x00000268826dace0 flushing  nmethod 0x00000268eb702910
Event: 13.730 Thread 0x00000268826dace0 flushing  nmethod 0x00000268eb9a9790
Event: 13.730 Thread 0x00000268826dace0 flushing  nmethod 0x00000268eb9ac890
Event: 13.730 Thread 0x00000268826dace0 flushing  nmethod 0x00000268eb9ad510
Event: 13.730 Thread 0x00000268826dace0 flushing  nmethod 0x00000268eba2b810
Event: 13.730 Thread 0x00000268826dace0 flushing  nmethod 0x00000268ebd11310
Event: 13.730 Thread 0x00000268826dace0 flushing  nmethod 0x00000268ebd16610
Event: 13.730 Thread 0x00000268826dace0 flushing  nmethod 0x00000268ebd16d10
Event: 13.730 Thread 0x00000268826dace0 flushing  nmethod 0x00000268ebd35b90
Event: 13.730 Thread 0x00000268826dace0 flushing  nmethod 0x00000268ebd3b610
Event: 13.730 Thread 0x00000268826dace0 flushing  nmethod 0x00000268ec35f810
Event: 13.730 Thread 0x00000268826dace0 flushing  nmethod 0x00000268ec361410
Event: 13.730 Thread 0x00000268826dace0 flushing  nmethod 0x00000268ec8c7a90
Event: 13.730 Thread 0x00000268826dace0 flushing  nmethod 0x00000268ec8c9910
Event: 13.730 Thread 0x00000268826dace0 flushing  nmethod 0x00000268ec8dd410
Event: 13.730 Thread 0x00000268826dace0 flushing  nmethod 0x00000268ec8e1590
Event: 13.730 Thread 0x00000268826dace0 flushing  nmethod 0x00000268ecae8b10
Event: 13.730 Thread 0x00000268826dace0 flushing  nmethod 0x00000268ecaf0690
Event: 13.730 Thread 0x00000268826dace0 flushing  nmethod 0x00000268ecf45f10
Event: 13.730 Thread 0x00000268826dace0 flushing  nmethod 0x00000268ecf46690

Events (20 events):
Event: 11.327 Thread 0x00000268cd085a40 Thread added: 0x00000268cd0832e0
Event: 11.476 Thread 0x00000268c8542d80 Thread exited: 0x00000268c8542d80
Event: 11.706 Thread 0x00000268c853ce20 Thread exited: 0x00000268c853ce20
Event: 11.706 Thread 0x00000268c853fdd0 Thread exited: 0x00000268c853fdd0
Event: 12.060 Thread 0x00000268c853f700 Thread exited: 0x00000268c853f700
Event: 12.146 Thread 0x00000268c853f030 Thread exited: 0x00000268c853f030
Event: 13.046 Thread 0x00000268cbb3aad0 Thread exited: 0x00000268cbb3aad0
Event: 13.515 Thread 0x0000026882712820 Thread exited: 0x0000026882712820
Event: 13.515 Thread 0x0000026882715100 Thread exited: 0x0000026882715100
Event: 13.605 Thread 0x0000026882714a30 Thread exited: 0x0000026882714a30
Event: 14.343 Thread 0x00000268e5bb3320 Thread added: 0x00000268cd301150
Event: 14.373 Thread 0x0000026882714360 Thread added: 0x00000268c8541fe0
Event: 14.413 Thread 0x0000026882714360 Thread added: 0x00000268c853f030
Event: 14.414 Thread 0x00000268c853f030 Thread added: 0x00000268c853e960
Event: 14.418 Thread 0x0000026882710310 Thread added: 0x00000268c8542d80
Event: 14.492 Thread 0x00000268c853f030 Thread added: 0x00000268c853f700
Event: 14.550 Thread 0x00000268c853f030 Thread added: 0x00000268c8543450
Event: 14.573 Thread 0x00000268c853f700 Thread added: 0x00000268c853fdd0
Event: 14.942 Thread 0x00000268c853f700 Thread added: 0x0000026882712ef0
Event: 15.178 Thread 0x00000268e5bb3320 Thread added: 0x00000268cd300ac0


Dynamic libraries:
0x00007ff7a5cb0000 - 0x00007ff7a5d39000 	E:\Software\Renesas\RA\sc_v2025-12_fsp_v6.4.0\eclipse\rasc.exe
0x00007ffad0540000 - 0x00007ffad07a7000 	C:\WINDOWS\SYSTEM32\ntdll.dll
0x00007fface2e0000 - 0x00007fface3a9000 	C:\WINDOWS\System32\KERNEL32.DLL
0x00007ffacdb00000 - 0x00007ffacdef1000 	C:\WINDOWS\System32\KERNELBASE.dll
0x00007ffaceb70000 - 0x00007ffaced35000 	C:\WINDOWS\System32\USER32.dll
0x00007ffacda10000 - 0x00007ffacda37000 	C:\WINDOWS\System32\win32u.dll
0x00007ffad03f0000 - 0x00007ffad041b000 	C:\WINDOWS\System32\GDI32.dll
0x00007fface1b0000 - 0x00007fface2db000 	C:\WINDOWS\System32\gdi32full.dll
0x00007ffacd960000 - 0x00007ffacda03000 	C:\WINDOWS\System32\msvcp_win.dll
0x00007ffacd810000 - 0x00007ffacd95b000 	C:\WINDOWS\System32\ucrtbase.dll
0x00007ffaa9910000 - 0x00007ffaa9ba3000 	C:\WINDOWS\WinSxS\amd64_microsoft.windows.common-controls_6595b64144ccf1df_6.0.26100.8037_none_3e092faae333b53b\COMCTL32.dll
0x00007ffad02f0000 - 0x00007ffad0399000 	C:\WINDOWS\System32\msvcrt.dll
0x00007fface6a0000 - 0x00007fface6d1000 	C:\WINDOWS\System32\IMM32.DLL
0x00007ffa7bc30000 - 0x00007ffa7bc75000 	E:\Software\Renesas\RA\sc_v2025-12_fsp_v6.4.0\eclipse\plugins\org.eclipse.equinox.launcher.win32.win32.x86_64_1.2.1300.v20250331-1702\eclipse_11911.dll
0x00007fface440000 - 0x00007fface4fb000 	C:\WINDOWS\System32\ADVAPI32.dll
0x00007ffad0180000 - 0x00007ffad0227000 	C:\WINDOWS\System32\sechost.dll
0x00007fface580000 - 0x00007fface698000 	C:\WINDOWS\System32\RPCRT4.dll
0x00007ffacf4c0000 - 0x00007ffacf655000 	C:\WINDOWS\System32\ole32.dll
0x00007ffacee40000 - 0x00007ffacf1c2000 	C:\WINDOWS\System32\combase.dll
0x00007ffac58d0000 - 0x00007ffac58db000 	C:\WINDOWS\SYSTEM32\VERSION.dll
0x00007ff8be600000 - 0x00007ff8bf390000 	E:\Software\Renesas\RA\sc_v2025-12_fsp_v6.4.0\eclipse\plugins\org.eclipse.justj.openjdk.hotspot.jre.full.stripped.win32.x86_64_21.0.7.v20250502-0916\jre\bin\server\jvm.dll
0x00007ffacf1d0000 - 0x00007ffacf244000 	C:\WINDOWS\System32\WS2_32.dll
0x00007ffacb9a0000 - 0x00007ffacb9fe000 	C:\WINDOWS\SYSTEM32\POWRPROF.dll
0x00007ffac0c30000 - 0x00007ffac0c65000 	C:\WINDOWS\SYSTEM32\WINMM.dll
0x00007ffab1c70000 - 0x00007ffab1c7c000 	C:\WINDOWS\SYSTEM32\VCRUNTIME140_1.dll
0x00007ffab1c80000 - 0x00007ffab1c9e000 	C:\WINDOWS\SYSTEM32\VCRUNTIME140.dll
0x00007ffacb980000 - 0x00007ffacb994000 	C:\WINDOWS\SYSTEM32\UMPDC.dll
0x00007ffac75b0000 - 0x00007ffac75ba000 	E:\Software\Renesas\RA\sc_v2025-12_fsp_v6.4.0\eclipse\plugins\org.eclipse.justj.openjdk.hotspot.jre.full.stripped.win32.x86_64_21.0.7.v20250502-0916\jre\bin\jimage.dll
0x00007ffacab40000 - 0x00007ffacad82000 	C:\WINDOWS\SYSTEM32\DBGHELP.DLL
0x00007ffacf3e0000 - 0x00007ffacf4b7000 	C:\WINDOWS\System32\OLEAUT32.dll
0x00007ffaa9520000 - 0x00007ffaa955b000 	C:\WINDOWS\SYSTEM32\dbgcore.DLL
0x00007ffacdf00000 - 0x00007ffacdfa5000 	C:\WINDOWS\System32\bcryptPrimitives.dll
0x00007ffac36c0000 - 0x00007ffac36df000 	E:\Software\Renesas\RA\sc_v2025-12_fsp_v6.4.0\eclipse\plugins\org.eclipse.justj.openjdk.hotspot.jre.full.stripped.win32.x86_64_21.0.7.v20250502-0916\jre\bin\java.dll
0x00007ffacbc60000 - 0x00007ffacbc7b000 	C:\WINDOWS\SYSTEM32\kernel.appcore.dll
0x00007ffacfa10000 - 0x00007ffad016f000 	C:\WINDOWS\System32\SHELL32.dll
0x00007ffacdfb0000 - 0x00007fface11a000 	C:\WINDOWS\System32\wintypes.dll
0x00007ffacce20000 - 0x00007ffacd684000 	C:\WINDOWS\System32\windows.storage.dll
0x00007ffaced40000 - 0x00007ffacee37000 	C:\WINDOWS\System32\SHCORE.dll
0x00007fface500000 - 0x00007fface567000 	C:\WINDOWS\System32\shlwapi.dll
0x00007ffaccd00000 - 0x00007ffaccd29000 	C:\WINDOWS\SYSTEM32\profapi.dll
0x00007ffa9cf70000 - 0x00007ffa9cf88000 	E:\Software\Renesas\RA\sc_v2025-12_fsp_v6.4.0\eclipse\plugins\org.eclipse.justj.openjdk.hotspot.jre.full.stripped.win32.x86_64_21.0.7.v20250502-0916\jre\bin\zip.dll
0x00007ffac7540000 - 0x00007ffac7550000 	E:\Software\Renesas\RA\sc_v2025-12_fsp_v6.4.0\eclipse\plugins\org.eclipse.justj.openjdk.hotspot.jre.full.stripped.win32.x86_64_21.0.7.v20250502-0916\jre\bin\net.dll
0x00007ffac5920000 - 0x00007ffac5a47000 	C:\WINDOWS\SYSTEM32\WINHTTP.dll
0x00007ffacc1e0000 - 0x00007ffacc24b000 	C:\WINDOWS\system32\mswsock.dll
0x00007ffa9cf50000 - 0x00007ffa9cf66000 	E:\Software\Renesas\RA\sc_v2025-12_fsp_v6.4.0\eclipse\plugins\org.eclipse.justj.openjdk.hotspot.jre.full.stripped.win32.x86_64_21.0.7.v20250502-0916\jre\bin\nio.dll
0x00007ffac9690000 - 0x00007ffac973a000 	C:\WINDOWS\system32\uxtheme.dll
0x00007ffa5f5e0000 - 0x00007ffa5f713000 	C:\ProgramData\A-Volute\A-Volute.Nahimic\Modules\Scheduled\x64\AudioDevProps2.dll
0x00007ffacf6c0000 - 0x00007ffacf81d000 	C:\WINDOWS\System32\MSCTF.dll
0x00007ffad0440000 - 0x00007ffad04ee000 	C:\WINDOWS\System32\clbcatq.dll
0x00007ffa9ea00000 - 0x00007ffa9eb48000 	C:\WINDOWS\SYSTEM32\textinputframework.dll
0x00007ffac7bd0000 - 0x00007ffac7cf7000 	C:\WINDOWS\SYSTEM32\CoreMessaging.dll
0x00007ffac2b80000 - 0x00007ffac2e62000 	C:\WINDOWS\SYSTEM32\CoreUIComponents.dll
0x00007ffacc500000 - 0x00007ffacc50c000 	C:\WINDOWS\SYSTEM32\CRYPTBASE.DLL
0x00007ffaa3c10000 - 0x00007ffaa4030000 	C:\WINDOWS\SYSTEM32\uiautomationcore.dll
0x00007ffaa9620000 - 0x00007ffaa9696000 	C:\WINDOWS\SYSTEM32\OLEACC.dll
0x00007ffa982f0000 - 0x00007ffa98306000 	C:\Windows\System32\threadpoolwinrt.dll
0x00007ffa96da0000 - 0x00007ffa96db0000 	E:\Software\Renesas\RA\sc_v2025-12_fsp_v6.4.0\eclipse\plugins\org.eclipse.justj.openjdk.hotspot.jre.full.stripped.win32.x86_64_21.0.7.v20250502-0916\jre\bin\verify.dll
0x00007ffa96d70000 - 0x00007ffa96d91000 	E:\Software\Renesas\RA\sc_v2025-12_fsp_v6.4.0\eclipse\configuration\org.eclipse.osgi\366\0\.cp\swt-osversion-win32-4969r18.dll
0x00007ffa4cbe0000 - 0x00007ffa4ccaa000 	E:\Software\Renesas\RA\sc_v2025-12_fsp_v6.4.0\eclipse\configuration\org.eclipse.osgi\366\0\.cp\swt-win32-4969r18.dll
0x00007ffacf2e0000 - 0x00007ffacf3ce000 	C:\WINDOWS\System32\COMDLG32.dll
0x00007ffaa8eb0000 - 0x00007ffaa8ec9000 	C:\WINDOWS\SYSTEM32\USP10.dll
0x00007ffaaa000000 - 0x00007ffaaa0af000 	C:\WINDOWS\SYSTEM32\WINSPOOL.DRV
0x00007ffaa54f0000 - 0x00007ffaa5778000 	C:\WINDOWS\SYSTEM32\WININET.dll
0x00007ffac8e60000 - 0x00007ffac8f63000 	C:\WINDOWS\SYSTEM32\PROPSYS.dll
0x00007ffaa96a0000 - 0x00007ffaa987d000 	C:\WINDOWS\SYSTEM32\urlmon.dll
0x00007ffaa9da0000 - 0x00007ffaa9da8000 	C:\WINDOWS\SYSTEM32\MSIMG32.dll
0x00007ffac9800000 - 0x00007ffac982e000 	C:\WINDOWS\SYSTEM32\dwmapi.dll
0x00007ffaccaa0000 - 0x00007ffaccaf7000 	C:\WINDOWS\SYSTEM32\cfgmgr32.dll
0x00007ffaa82b0000 - 0x00007ffaa8574000 	C:\WINDOWS\SYSTEM32\iertutil.dll
0x00007ffaba840000 - 0x00007ffaba869000 	C:\WINDOWS\SYSTEM32\srvcli.dll
0x00007ffacb4c0000 - 0x00007ffacb4cd000 	C:\WINDOWS\SYSTEM32\netutils.dll
0x00007ffa96b10000 - 0x00007ffa96b3c000 	E:\Software\Renesas\RA\sc_v2025-12_fsp_v6.4.0\eclipse\configuration\org.eclipse.osgi\366\0\.cp\swt-gdip-win32-4969r18.dll
0x00007ffaa9db0000 - 0x00007ffaa9f88000 	C:\WINDOWS\WinSxS\amd64_microsoft.windows.gdiplus_6595b64144ccf1df_1.1.26100.8036_none_6ef439583dc61568\gdiplus.dll
0x00007ffac6bf0000 - 0x00007ffac6e1d000 	C:\WINDOWS\SYSTEM32\WindowsCodecs.dll
0x00007ffacc4e0000 - 0x00007ffacc4fb000 	C:\WINDOWS\SYSTEM32\CRYPTSP.dll
0x00007ffacbbc0000 - 0x00007ffacbbf9000 	C:\WINDOWS\system32\rsaenh.dll
0x00007ffacc290000 - 0x00007ffacc2c2000 	C:\WINDOWS\SYSTEM32\USERENV.dll
0x00007ffacccd0000 - 0x00007ffacccfa000 	C:\WINDOWS\SYSTEM32\bcrypt.dll
0x00007ffacb4d0000 - 0x00007ffacb503000 	C:\WINDOWS\SYSTEM32\IPHLPAPI.DLL
0x00007fface570000 - 0x00007fface57a000 	C:\WINDOWS\System32\NSI.dll
0x00007ff9abc00000 - 0x00007ff9abd8e000 	E:\Software\Renesas\RA\sc_v2025-12_fsp_v6.4.0\eclipse\plugins\org.eclipse.justj.openjdk.hotspot.jre.full.stripped.win32.x86_64_21.0.7.v20250502-0916\jre\bin\awt.dll
0x00007ffab1be0000 - 0x00007ffab1c69000 	C:\WINDOWS\SYSTEM32\MSVCP140.dll
0x00007ffac8b00000 - 0x00007ffac8b9f000 	C:\WINDOWS\SYSTEM32\apphelp.dll
0x00007ffa8a360000 - 0x00007ffa8a413000 	C:\WINDOWS\SYSTEM32\TextShaping.dll
0x00007ffa14ff0000 - 0x00007ffa15072000 	E:\Software\Renesas\RA\sc_v2025-12_fsp_v6.4.0\eclipse\plugins\org.eclipse.justj.openjdk.hotspot.jre.full.stripped.win32.x86_64_21.0.7.v20250502-0916\jre\bin\mlib_image.dll
0x00007ffaca780000 - 0x00007ffaca9e7000 	C:\WINDOWS\SYSTEM32\DWrite.dll
0x00007ffa6edc0000 - 0x00007ffa6ee09000 	C:\Users\31634\AppData\Local\Temp\jna-48612857\jna17669283732062348503.dll
0x00007ffad0260000 - 0x00007ffad0268000 	C:\WINDOWS\System32\PSAPI.DLL
0x00007ffacd690000 - 0x00007ffacd807000 	C:\WINDOWS\System32\Crypt32.dll
0x00007ffacca70000 - 0x00007ffacca7a000 	C:\WINDOWS\System32\DPAPI.dll
0x00007ffa96b80000 - 0x00007ffa96b8e000 	E:\Software\Renesas\RA\sc_v2025-12_fsp_v6.4.0\eclipse\plugins\org.eclipse.justj.openjdk.hotspot.jre.full.stripped.win32.x86_64_21.0.7.v20250502-0916\jre\bin\sunmscapi.dll
0x00007ffacc700000 - 0x00007ffacc730000 	C:\WINDOWS\SYSTEM32\ncrypt.dll
0x00007ffacc6b0000 - 0x00007ffacc6ef000 	C:\WINDOWS\SYSTEM32\NTASN1.dll
0x00007ffacb640000 - 0x00007ffacb76a000 	C:\WINDOWS\SYSTEM32\DNSAPI.dll
0x00000000706d0000 - 0x00000000706db000 	C:\Program Files\National Instruments\Shared\mDNS Responder\nimdnsNSP.dll
0x00000000706b0000 - 0x00000000706c1000 	C:\WINDOWS\SYSTEM32\nimdnsResponder.dll
0x00007ffac5400000 - 0x00007ffac540b000 	C:\Windows\System32\rasadhlp.dll
0x00007ffac7620000 - 0x00007ffac76a6000 	C:\WINDOWS\System32\fwpuclnt.dll
0x00007ffa899a0000 - 0x00007ffa899a9000 	E:\Software\Renesas\RA\sc_v2025-12_fsp_v6.4.0\eclipse\plugins\org.eclipse.justj.openjdk.hotspot.jre.full.stripped.win32.x86_64_21.0.7.v20250502-0916\jre\bin\extnet.dll
0x00007ffac4c40000 - 0x00007ffac4c84000 	C:\WINDOWS\system32\mlang.dll
0x00007ff9aba90000 - 0x00007ff9abbf1000 	E:\Software\Renesas\RA\sc_v2025-12_fsp_v6.4.0\eclipse\plugins\com.equo.chromium.cef.win32.win32.x86_64_128.0.20\chromium-6613\chrome_elf.dll
0x00007ff880df0000 - 0x00007ff88f607000 	E:\Software\Renesas\RA\sc_v2025-12_fsp_v6.4.0\eclipse\plugins\com.equo.chromium.cef.win32.win32.x86_64_128.0.20\chromium-6613\libcef.dll
0x00007fface120000 - 0x00007fface1a1000 	C:\WINDOWS\System32\WINTRUST.dll
0x00007ffac8bb0000 - 0x00007ffac8bbd000 	C:\WINDOWS\SYSTEM32\Secur32.dll
0x00007ffac6710000 - 0x00007ffac6733000 	C:\WINDOWS\SYSTEM32\dhcpcsvc.DLL
0x00007ffacbf00000 - 0x00007ffacbf49000 	C:\WINDOWS\SYSTEM32\SSPICLI.DLL
0x00007ffacc550000 - 0x00007ffacc563000 	C:\WINDOWS\SYSTEM32\MSASN1.dll
0x00007ff9ab7c0000 - 0x00007ff9aba88000 	E:\Software\Renesas\RA\sc_v2025-12_fsp_v6.4.0\eclipse\plugins\com.equo.chromium.cef.win32.win32.x86_64_128.0.20\chromium-6613\equochro.dll
0x00007ffacbd80000 - 0x00007ffacbdb6000 	C:\WINDOWS\system32\ntmarta.dll

dbghelp: loaded successfully - version: 4.0.5 - missing functions: none
symbol engine: initialized successfully - sym options: 0x614 - pdb path: .;E:\Software\Renesas\RA\sc_v2025-12_fsp_v6.4.0\eclipse;C:\WINDOWS\SYSTEM32;C:\WINDOWS\WinSxS\amd64_microsoft.windows.common-controls_6595b64144ccf1df_6.0.26100.8037_none_3e092faae333b53b;E:\Software\Renesas\RA\sc_v2025-12_fsp_v6.4.0\eclipse\plugins\org.eclipse.equinox.launcher.win32.win32.x86_64_1.2.1300.v20250331-1702;E:\Software\Renesas\RA\sc_v2025-12_fsp_v6.4.0\eclipse\plugins\org.eclipse.justj.openjdk.hotspot.jre.full.stripped.win32.x86_64_21.0.7.v20250502-0916\jre\bin\server;E:\Software\Renesas\RA\sc_v2025-12_fsp_v6.4.0\eclipse\plugins\org.eclipse.justj.openjdk.hotspot.jre.full.stripped.win32.x86_64_21.0.7.v20250502-0916\jre\bin;C:\ProgramData\A-Volute\A-Volute.Nahimic\Modules\Scheduled\x64;E:\Software\Renesas\RA\sc_v2025-12_fsp_v6.4.0\eclipse\configuration\org.eclipse.osgi\366\0\.cp;C:\WINDOWS\WinSxS\amd64_microsoft.windows.gdiplus_6595b64144ccf1df_1.1.26100.8036_none_6ef439583dc61568;C:\Users\31634\AppData\Local\Temp\jna-48612857;C:\Program Files\National Instruments\Shared\mDNS Responder;E:\Software\Renesas\RA\sc_v2025-12_fsp_v6.4.0\eclipse\plugins\com.equo.chromium.cef.win32.win32.x86_64_128.0.20\chromium-6613

VM Arguments:
jvm_args: -Declipse.p2.max.threads=10 -Dosgi.requiredJavaVersion=17 -Dorg.slf4j.simpleLogger.defaultLogLevel=off -XX:+UseG1GC -XX:+UseStringDeduplication -Xms512m -Xmx3g --add-modules=ALL-SYSTEM -Dcom.renesas.cdt.core.ui.menus.RenesasViewsMenuFactory.hide=true -Dswt.autoScale=quarter -Dswt.autoScale.method=smooth 
java_command: <unknown>
java_class_path (initial): E:\Software\Renesas\RA\sc_v2025-12_fsp_v6.4.0\eclipse\\plugins/org.eclipse.equinox.launcher_1.7.0.v20250717-1148.jar
Launcher Type: generic

[Global flags]
     intx CICompilerCount                          = 12                                        {product} {ergonomic}
     uint ConcGCThreads                            = 5                                         {product} {ergonomic}
     uint G1ConcRefinementThreads                  = 18                                        {product} {ergonomic}
   size_t G1HeapRegionSize                         = 2097152                                   {product} {ergonomic}
    uintx GCDrainStackTargetSize                   = 64                                        {product} {ergonomic}
   size_t InitialHeapSize                          = 536870912                                 {product} {command line}
   size_t MarkStackSize                            = 4194304                                   {product} {ergonomic}
   size_t MaxHeapSize                              = 3221225472                                {product} {command line}
   size_t MaxNewSize                               = 1931476992                                {product} {ergonomic}
   size_t MinHeapDeltaBytes                        = 2097152                                   {product} {ergonomic}
   size_t MinHeapSize                              = 536870912                                 {product} {command line}
    uintx NonNMethodCodeHeapSize                   = 7602480                                {pd product} {ergonomic}
    uintx NonProfiledCodeHeapSize                  = 122027880                              {pd product} {ergonomic}
    uintx ProfiledCodeHeapSize                     = 122027880                              {pd product} {ergonomic}
    uintx ReservedCodeCacheSize                    = 251658240                              {pd product} {ergonomic}
     bool SegmentedCodeCache                       = true                                      {product} {ergonomic}
   size_t SoftMaxHeapSize                          = 3221225472                             {manageable} {ergonomic}
     bool UseCompressedOops                        = true                           {product lp64_product} {ergonomic}
     bool UseG1GC                                  = true                                      {product} {command line}
     bool UseLargePagesIndividualAllocation        = false                                  {pd product} {ergonomic}
     bool UseStringDeduplication                   = true                                      {product} {command line}

Logging:
Log output configuration:
 #0: stdout all=warning uptime,level,tags foldmultilines=false
 #1: stderr all=off uptime,level,tags foldmultilines=false

Environment Variables:
CLASSPATH=D:\software\LINGO64_18\Lingo18.jar
PATH=E:\Software\KEIL543\ARM\ARMCLANG\Bin;C:\Program Files\Common Files\Oracle\Java\javapath;C:\Program Files (x86)\STMicroelectronics\stlink_server;D:\software\cubeCLT\STM32CubeCLT_1.18.0;D:\software\cubeCLT\STM32CubeCLT_1.18.0\CMake\bin;D:\software\cubeCLT\STM32CubeCLT_1.18.0\Ninja\bin;D:\software\cubeCLT\STM32CubeCLT_1.18.0\GNU-tools-for-STM32\bin;D:\software\cubeCLT\STM32CubeCLT_1.18.0\STLink-gdb-server\bin;D:\software\cubeCLT\STM32CubeCLT_1.18.0\STM32CubeProgrammer\bin;C:\WINDOWS\system32;C:\WINDOWS;C:\WINDOWS\System32\Wbem;C:\WINDOWS\System32\WindowsPowerShell\v1.0\;C:\WINDOWS\System32\OpenSSH\;C:\Program Files\dotnet\;C:\Program Files (x86)\NVIDIA Corporation\PhysX\Common;C:\Program Files\NVIDIA Corporation\NVIDIA NvDLISR;C:\Program Files (x86)\Windows Kits\10\Windows Performance Toolkit\;D:\matlab\runtime\win64;D:\matlab\bin;C:\Program Files (x86)\Microsoft SQL Server\160\Tools\Binn\;C:\Program Files\Microsoft SQL Server\160\Tools\Binn\;C:\Program Files\Microsoft SQL Server\Client SDK\ODBC\170\Tools\Binn\;C:\Program Files\Microsoft SQL Server\160\DTS\Binn\;C:\Program Files (x86)\Windows Kits\8.1\Windows Performance Toolkit\;D:\software\Visual Studio Code2025\VScode\Microsoft VS Code\bin;D:\software\git\Git\cmd;D:\software\LINGO64_18\;D:\texlive\2025\bin\windows;D:\pandoc\;C:\Users\31634\AppData\Local\Muse Hub\lib;D:\software\cursor\cursor\resources\app\bin;D:\python\Pythonn\Scripts\;D:\python\Pythonn\;C:\Users\31634\AppData\Local\Programs\Python\Launcher\;C:\Users\31634\AppData\Local\Microsoft\WindowsApps;C:\Users\31634\Desktop\缂栫▼\CodeBlocks\MinGW\bin;;C:\WINDOWS\System32\Wbem;D:\python\PyCharm 2024.1.3\bin;;D:\software\clion\CLion 2025.1.3\bin;;D:\DevEnv\DevEnv\DevEnv\GNU-tools-for-STM32\bin;C:\Users\31634\AppData\Roaming\Programs\Zero Install;C:\Users\31634\AppData\Local\Muse Hub\lib;D:\FPGA\FPGA_Software\ModelSim\win64;D:\FPGA\FPGA_Software\ModelSim2020.4\win64
USERNAME=31634
OS=Windows_NT
PROCESSOR_IDENTIFIER=Intel64 Family 6 Model 183 Stepping 1, GenuineIntel
TMP=C:\Users\31634\AppData\Local\Temp
TEMP=C:\Users\31634\AppData\Local\Temp




Periodic native trim disabled

---------------  S Y S T E M  ---------------

OS:
 Windows 11 , 64 bit Build 26100 (10.0.26100.7920)
OS uptime: 1 days 1:17 hours
Hyper-V role detected

CPU: total 24 (initial active 24) (12 cores per cpu, 2 threads per core) family 6 model 183 stepping 1 microcode 0x120, cx8, cmov, fxsr, ht, mmx, 3dnowpref, sse, sse2, sse3, ssse3, sse4.1, sse4.2, popcnt, lzcnt, tsc, tscinvbit, avx, avx2, aes, erms, clmul, bmi1, bmi2, adx, sha, fma, vzeroupper, clflush, clflushopt, clwb, hv, serialize, rdtscp, rdpid, fsrm, f16c, cet_ibt, cet_ss
Processor Information for processor 0
  Max Mhz: 2200, Current Mhz: 2200, Mhz Limit: 2200
Processor Information for processor 1
  Max Mhz: 2200, Current Mhz: 2200, Mhz Limit: 2200
Processor Information for processor 2
  Max Mhz: 2200, Current Mhz: 2200, Mhz Limit: 2200
Processor Information for processor 3
  Max Mhz: 2200, Current Mhz: 2200, Mhz Limit: 2200
Processor Information for processor 4
  Max Mhz: 2200, Current Mhz: 2200, Mhz Limit: 2200
Processor Information for processor 5
  Max Mhz: 2200, Current Mhz: 2200, Mhz Limit: 2200
Processor Information for processor 6
  Max Mhz: 2200, Current Mhz: 2200, Mhz Limit: 2200
Processor Information for processor 7
  Max Mhz: 2200, Current Mhz: 2200, Mhz Limit: 2200
Processor Information for processor 8
  Max Mhz: 2200, Current Mhz: 2200, Mhz Limit: 2200
Processor Information for processor 9
  Max Mhz: 2200, Current Mhz: 2200, Mhz Limit: 2200
Processor Information for processor 10
  Max Mhz: 2200, Current Mhz: 2200, Mhz Limit: 2200
Processor Information for processor 11
  Max Mhz: 2200, Current Mhz: 2200, Mhz Limit: 2200
Processor Information for processor 12
  Max Mhz: 2200, Current Mhz: 2200, Mhz Limit: 2200
Processor Information for processor 13
  Max Mhz: 2200, Current Mhz: 2200, Mhz Limit: 2200
Processor Information for processor 14
  Max Mhz: 2200, Current Mhz: 2200, Mhz Limit: 2200
Processor Information for processor 15
  Max Mhz: 2200, Current Mhz: 2200, Mhz Limit: 2200
Processor Information for processor 16
  Max Mhz: 2200, Current Mhz: 1500, Mhz Limit: 1584
Processor Information for processor 17
  Max Mhz: 2200, Current Mhz: 1500, Mhz Limit: 1584
Processor Information for processor 18
  Max Mhz: 2200, Current Mhz: 1500, Mhz Limit: 1584
Processor Information for processor 19
  Max Mhz: 2200, Current Mhz: 1500, Mhz Limit: 1584
Processor Information for processor 20
  Max Mhz: 2200, Current Mhz: 1600, Mhz Limit: 1584
Processor Information for processor 21
  Max Mhz: 2200, Current Mhz: 1600, Mhz Limit: 1584
Processor Information for processor 22
  Max Mhz: 2200, Current Mhz: 1500, Mhz Limit: 1584
Processor Information for processor 23
  Max Mhz: 2200, Current Mhz: 1500, Mhz Limit: 1584

Memory: 4k page, system-wide physical 16115M (1339M free)
TotalPageFile size 38550M (AvailPageFile size 1100M)
current process WorkingSet (physical memory assigned to process): 980M, peak: 990M
current process commit charge ("private bytes"): 1016M, peak: 1026M

vm_info: OpenJDK 64-Bit Server VM (21.0.7+6-LTS) for windows-amd64 JRE (21.0.7+6-LTS), built on 2025-04-15T00:00:00Z by "admin" with MS VC++ 17.7 (VS2022)

END.
