#
# A fatal error has been detected by the Java Runtime Environment:
#
#  EXCEPTION_ACCESS_VIOLATION (0xc0000005) at pc=0x00007ffc8a387fff, pid=32368, tid=40888
#
# JRE version: OpenJDK Runtime Environment Temurin-21.0.7+6 (21.0.7+6) (build 21.0.7+6-LTS)
# Java VM: OpenJDK 64-Bit Server VM Temurin-21.0.7+6 (21.0.7+6-LTS, mixed mode, sharing, tiered, compressed oops, compressed class ptrs, g1 gc, windows-amd64)
# Problematic frame:
# C  [libcef.dll+0x4717fff]
#
# No core dump will be written. Minidumps are not enabled by default on client versions of Windows
#
# If you would like to submit a bug report, please visit:
#   https://github.com/adoptium/adoptium-support/issues
# The crash happened outside the Java Virtual Machine in native code.
# See problematic frame for where to report the bug.
#

---------------  S U M M A R Y ------------

Command Line: -Declipse.p2.max.threads=10 -Dosgi.requiredJavaVersion=17 -Dorg.slf4j.simpleLogger.defaultLogLevel=off -XX:+UseG1GC -XX:+UseStringDeduplication -Xms512m -Xmx3g --add-modules=ALL-SYSTEM -Dcom.renesas.cdt.core.ui.menus.RenesasViewsMenuFactory.hide=true -Dswt.autoScale=quarter -Dswt.autoScale.method=smooth 

Host: Intel(R) Core(TM) i7-14650HX, 24 cores, 15G,  Windows 11 , 64 bit Build 26100 (10.0.26100.7920)
Time: Tue Mar 17 23:36:51 2026  Windows 11 , 64 bit Build 26100 (10.0.26100.7920) elapsed time: 14.141035 seconds (0d 0h 0m 14s)

---------------  T H R E A D  ---------------

Current thread (0x0000026abe045420):  JavaThread "main"             [_thread_in_native, id=40888, stack(0x000000c577200000,0x000000c577300000) (1024K)]

Stack: [0x000000c577200000,0x000000c577300000],  sp=0x000000c5772faf10,  free space=1003k
Native frames: (J=compiled Java code, j=interpreted, Vv=VM code, C=native code)
C  [libcef.dll+0x4717fff]

Java frames: (J=compiled Java code, j=interpreted, Vv=VM code)
j  org.cef.CefApp.N_Initialize(Lorg/cef/handler/CefAppHandler;Lorg/cef/CefSettings;)Z+0
j  org.cef.CefApp.access$5(Lorg/cef/CefApp;Lorg/cef/handler/CefAppHandler;Lorg/cef/CefSettings;)Z+3
j  org.cef.CefApp$2.run()V+264
j  org.cef.CefApp.initialize()V+21
j  org.cef.CefApp.createClient()Lorg/cef/CefClient;+43
j  com.equo.chromium.internal.Engine.createClient()Lorg/cef/CefClient;+3
j  com.equo.chromium.swt.internal.Chromium.createClienthandler()V+0
j  com.equo.chromium.swt.internal.Chromium.getClientHandler()Lorg/cef/CefClientSwt;+15
j  com.equo.chromium.swt.internal.Chromium.prepareBrowser()V+38
j  com.equo.chromium.swt.internal.Chromium.createBrowser()V+1
j  com.equo.chromium.swt.internal.Chromium.create(Lorg/eclipse/swt/widgets/Composite;I)V+87
j  com.equo.chromium.swt.Browser.<init>(Lorg/eclipse/swt/widgets/Composite;I)V+129
j  org.eclipse.swt.browser.Browser.<init>(Lorg/eclipse/swt/widgets/Composite;I)V+6
j  com.renesas.cdt.ddsc.settingseditor.pages.PageSummary.createContents(Lorg/eclipse/swt/widgets/Composite;)Lorg/eclipse/swt/widgets/Control;+216
j  com.renesas.cdt.ddsc.settingseditor.pages.ConfigPageCompositeWrapper.createContents(Lorg/eclipse/swt/widgets/Composite;)Lorg/eclipse/swt/widgets/Control;+18
j  com.renesas.cdt.ddsc.settingseditor.pages.ConfigPageCompositeWrapper.createFormContent(Lorg/eclipse/ui/forms/IManagedForm;)V+70
j  org.eclipse.ui.forms.editor.FormPage.lambda$0()V+5
j  org.eclipse.ui.forms.editor.FormPage$$Lambda+0x0000026ada807de0.run()V+4
j  org.eclipse.swt.custom.BusyIndicator.showWhile(Lorg/eclipse/swt/widgets/Display;Ljava/lang/Runnable;)V+33
j  org.eclipse.ui.forms.editor.FormPage.createPartControl(Lorg/eclipse/swt/widgets/Composite;)V+35
j  org.eclipse.ui.part.MultiPageEditorPart.addPage(ILorg/eclipse/ui/IEditorPart;Lorg/eclipse/ui/IEditorInput;)V+49
j  org.eclipse.ui.forms.editor.FormEditor.addPage(ILorg/eclipse/ui/IEditorPart;Lorg/eclipse/ui/IEditorInput;)V+4
j  org.eclipse.ui.part.MultiPageEditorPart.addPage(Lorg/eclipse/ui/IEditorPart;Lorg/eclipse/ui/IEditorInput;)I+9
j  org.eclipse.ui.forms.editor.FormEditor.addPage(Lorg/eclipse/ui/IEditorPart;Lorg/eclipse/ui/IEditorInput;)I+3
j  com.renesas.cdt.ddsc.settingseditor.internal.editors.DDSCSettingsEditor.addConfigurationPages()V+335
j  com.renesas.cdt.ddsc.settingseditor.internal.editors.DDSCSettingsEditor.createPages()V+53
j  org.eclipse.ui.part.MultiPageEditorPart.createPartControl(Lorg/eclipse/swt/widgets/Composite;)V+16
j  org.eclipse.ui.internal.e4.compatibility.CompatibilityPart.createPartControl(Lorg/eclipse/ui/IWorkbenchPart;Lorg/eclipse/swt/widgets/Composite;)Z+65
j  org.eclipse.ui.internal.e4.compatibility.CompatibilityEditor.createPartControl(Lorg/eclipse/ui/IWorkbenchPart;Lorg/eclipse/swt/widgets/Composite;)Z+3
j  org.eclipse.ui.internal.e4.compatibility.CompatibilityPart.create()V+145
j  java.lang.invoke.LambdaForm$DMH+0x0000026ada017400.invokeVirtual(Ljava/lang/Object;Ljava/lang/Object;)V+10 java.base@21.0.7
j  java.lang.invoke.LambdaForm$MH+0x0000026ada10a400.invoke(Ljava/lang/Object;Ljava/lang/Object;)Ljava/lang/Object;+31 java.base@21.0.7
J 1594 c1 jdk.internal.reflect.DirectMethodHandleAccessor.invoke(Ljava/lang/Object;[Ljava/lang/Object;)Ljava/lang/Object; java.base@21.0.7 (92 bytes) @ 0x0000026ac14fbefc [0x0000026ac14fa2e0+0x0000000000001c1c]
J 9968 c1 org.eclipse.e4.core.internal.di.MethodRequestor.execute()Ljava/lang/Object; (176 bytes) @ 0x0000026ac16341fc [0x0000026ac1632c00+0x00000000000015fc]
J 9975 c1 org.eclipse.e4.core.internal.di.InjectorImpl.processAnnotated(Lorg/eclipse/e4/core/internal/di/AnnotationLookup$AnnotationProxy;Ljava/lang/Object;Ljava/lang/Class;Lorg/eclipse/e4/core/di/suppliers/PrimaryObjectSupplier;Lorg/eclipse/e4/core/di/suppliers/PrimaryObjectSupplier;Ljava/util/List;)V (417 bytes) @ 0x0000026ac1a298dc [0x0000026ac1a28f00+0x00000000000009dc]
J 9975 c1 org.eclipse.e4.core.internal.di.InjectorImpl.processAnnotated(Lorg/eclipse/e4/core/internal/di/AnnotationLookup$AnnotationProxy;Ljava/lang/Object;Ljava/lang/Class;Lorg/eclipse/e4/core/di/suppliers/PrimaryObjectSupplier;Lorg/eclipse/e4/core/di/suppliers/PrimaryObjectSupplier;Ljava/util/List;)V (417 bytes) @ 0x0000026ac1a2921c [0x0000026ac1a28f00+0x000000000000031c]
j  org.eclipse.e4.core.internal.di.InjectorImpl.internalInject(Ljava/lang/Object;Lorg/eclipse/e4/core/di/suppliers/PrimaryObjectSupplier;Lorg/eclipse/e4/core/di/suppliers/PrimaryObjectSupplier;)V+175
j  org.eclipse.e4.core.internal.di.InjectorImpl.internalMake(Ljava/lang/Class;Lorg/eclipse/e4/core/di/suppliers/PrimaryObjectSupplier;Lorg/eclipse/e4/core/di/suppliers/PrimaryObjectSupplier;)Ljava/lang/Object;+310
j  org.eclipse.e4.core.internal.di.InjectorImpl.make(Ljava/lang/Class;Lorg/eclipse/e4/core/di/suppliers/PrimaryObjectSupplier;)Ljava/lang/Object;+11
j  org.eclipse.e4.core.contexts.ContextInjectionFactory.make(Ljava/lang/Class;Lorg/eclipse/e4/core/contexts/IEclipseContext;)Ljava/lang/Object;+13
j  org.eclipse.e4.ui.internal.workbench.ReflectionContributionFactory.createFromBundle(Lorg/osgi/framework/Bundle;Lorg/eclipse/e4/core/contexts/IEclipseContext;Lorg/eclipse/e4/core/contexts/IEclipseContext;Lorg/eclipse/emf/common/util/URI;)Ljava/lang/Object;+158
j  org.eclipse.e4.ui.internal.workbench.ReflectionContributionFactory.doCreate(Ljava/lang/String;Lorg/eclipse/e4/core/contexts/IEclipseContext;Lorg/eclipse/e4/core/contexts/IEclipseContext;)Ljava/lang/Object;+78
j  org.eclipse.e4.ui.internal.workbench.ReflectionContributionFactory.create(Ljava/lang/String;Lorg/eclipse/e4/core/contexts/IEclipseContext;)Ljava/lang/Object;+4
j  org.eclipse.ui.internal.WorkbenchContributionFactory.create(Ljava/lang/String;Lorg/eclipse/e4/core/contexts/IEclipseContext;)Ljava/lang/Object;+6
j  org.eclipse.e4.ui.workbench.renderers.swt.ContributedPartRenderer.createWidget(Lorg/eclipse/e4/ui/model/application/ui/MUIElement;Ljava/lang/Object;)Ljava/lang/Object;+132
j  org.eclipse.e4.ui.internal.workbench.swt.PartRenderingEngine.createWidget(Lorg/eclipse/e4/ui/model/application/ui/MUIElement;Ljava/lang/Object;)Ljava/lang/Object;+21
j  org.eclipse.e4.ui.internal.workbench.swt.PartRenderingEngine.safeCreateGui(Lorg/eclipse/e4/ui/model/application/ui/MUIElement;Ljava/lang/Object;Lorg/eclipse/e4/core/contexts/IEclipseContext;)Ljava/lang/Object;+563
j  org.eclipse.e4.ui.internal.workbench.swt.PartRenderingEngine.safeCreateGui(Lorg/eclipse/e4/ui/model/application/ui/MUIElement;)Ljava/lang/Object;+168
j  org.eclipse.e4.ui.internal.workbench.swt.PartRenderingEngine$2.run()V+13
J 8511 c1 org.eclipse.core.runtime.SafeRunner.run(Lorg/eclipse/core/runtime/ISafeRunnable;)V (20 bytes) @ 0x0000026ac26a0e3c [0x0000026ac26a0ca0+0x000000000000019c]
j  org.eclipse.e4.ui.internal.workbench.swt.PartRenderingEngine.createGui(Lorg/eclipse/e4/ui/model/application/ui/MUIElement;)Ljava/lang/Object;+15
j  org.eclipse.e4.ui.internal.workbench.PartServiceImpl.lambda$0(Lorg/osgi/service/event/Event;)V+183
j  org.eclipse.e4.ui.internal.workbench.PartServiceImpl$$Lambda+0x0000026ada4b45c0.handleEvent(Lorg/osgi/service/event/Event;)V+5
J 10004 c1 org.eclipse.e4.ui.services.internal.events.UIEventHandler$$Lambda+0x0000026ada3e1a80.run()V (12 bytes) @ 0x0000026ac1472d2c [0x0000026ac1472bc0+0x000000000000016c]
J 9925 c1 org.eclipse.swt.widgets.Synchronizer.syncExec(Ljava/lang/Runnable;)V (312 bytes) @ 0x0000026ac197bf14 [0x0000026ac197b540+0x00000000000009d4]
J 9923 c1 org.eclipse.ui.internal.UISynchronizer.syncExec(Ljava/lang/Runnable;)V (144 bytes) @ 0x0000026ac198037c [0x0000026ac197f4c0+0x0000000000000ebc]
J 9922 c1 org.eclipse.swt.widgets.Display.syncExec(Ljava/lang/Runnable;)V (37 bytes) @ 0x0000026ac127a004 [0x0000026ac1279c80+0x0000000000000384]
J 10002 c1 org.eclipse.e4.ui.services.internal.events.UIEventHandler.handleEvent(Lorg/osgi/service/event/Event;)V (35 bytes) @ 0x0000026ac1471ec4 [0x0000026ac14718e0+0x00000000000005e4]
J 9913 c1 org.eclipse.equinox.internal.event.EventHandlerWrapper.handleEvent(Lorg/osgi/service/event/Event;Ljava/security/Permission;)V (135 bytes) @ 0x0000026ac127c184 [0x0000026ac127bb60+0x0000000000000624]
J 9911 c1 org.eclipse.equinox.internal.event.EventHandlerTracker.dispatchEvent(Ljava/lang/Object;Ljava/lang/Object;ILjava/lang/Object;)V (19 bytes) @ 0x0000026ac1424b84 [0x0000026ac14247e0+0x00000000000003a4]
J 11345 c2 org.eclipse.osgi.framework.eventmgr.ListenerQueue.dispatchEventSynchronous(ILjava/lang/Object;)V (81 bytes) @ 0x0000026ac959562c [0x0000026ac9595200+0x000000000000042c]
J 9383 c1 org.eclipse.equinox.internal.event.EventAdminImpl.dispatchEvent(Lorg/osgi/service/event/Event;Z)V (228 bytes) @ 0x0000026ac12f773c [0x0000026ac12f6840+0x0000000000000efc]
J 10190 c1 org.eclipse.equinox.internal.event.EventComponent.sendEvent(Lorg/osgi/service/event/Event;)V (9 bytes) @ 0x0000026ac27b30a4 [0x0000026ac27b2fc0+0x00000000000000e4]
J 9737 c1 org.eclipse.e4.ui.internal.workbench.UIEventPublisher.notifyChanged(Lorg/eclipse/emf/common/notify/Notification;)V (61 bytes) @ 0x0000026ac13168cc [0x0000026ac1315d60+0x0000000000000b6c]
J 7804 c1 org.eclipse.emf.common.notify.impl.BasicNotifierImpl.eNotify(Lorg/eclipse/emf/common/notify/Notification;)V (44 bytes) @ 0x0000026ac24d2b1c [0x0000026ac24d2800+0x000000000000031c]
j  org.eclipse.e4.ui.model.application.ui.impl.ElementContainerImpl.setSelectedElementGen(Lorg/eclipse/e4/ui/model/application/ui/MUIElement;)V+34
j  org.eclipse.e4.ui.model.application.ui.impl.ElementContainerImpl.setSelectedElement(Lorg/eclipse/e4/ui/model/application/ui/MUIElement;)V+63
j  org.eclipse.e4.ui.internal.workbench.ModelServiceImpl.showElementInWindow(Lorg/eclipse/e4/ui/model/application/ui/basic/MWindow;Lorg/eclipse/e4/ui/model/application/ui/MUIElement;)V+121
j  org.eclipse.e4.ui.internal.workbench.ModelServiceImpl.bringToTop(Lorg/eclipse/e4/ui/model/application/ui/MUIElement;)V+53
j  org.eclipse.e4.ui.internal.workbench.PartServiceImpl.delegateBringToTop(Lorg/eclipse/e4/ui/model/application/ui/basic/MPart;)V+5
j  org.eclipse.e4.ui.internal.workbench.PartServiceImpl.bringToTop(Lorg/eclipse/e4/ui/model/application/ui/basic/MPart;)V+140
j  org.eclipse.e4.ui.internal.workbench.PartServiceImpl.showPart(Lorg/eclipse/e4/ui/model/application/ui/basic/MPart;Lorg/eclipse/e4/ui/workbench/modeling/EPartService$PartState;)Lorg/eclipse/e4/ui/model/application/ui/basic/MPart;+133
j  org.eclipse.ui.internal.WorkbenchPage.busyOpenEditor(Lorg/eclipse/ui/IEditorInput;Ljava/lang/String;ZILorg/eclipse/ui/IMemento;Z)Lorg/eclipse/ui/IEditorPart;+540
j  org.eclipse.ui.internal.WorkbenchPage.lambda$11([Lorg/eclipse/ui/IEditorPart;Lorg/eclipse/ui/IEditorInput;Ljava/lang/String;ZILorg/eclipse/ui/IMemento;Z[Lorg/eclipse/ui/PartInitException;)V+13
j  org.eclipse.ui.internal.WorkbenchPage$$Lambda+0x0000026ada6a4680.run()V+36
j  org.eclipse.swt.custom.BusyIndicator.showWhile(Lorg/eclipse/swt/widgets/Display;Ljava/lang/Runnable;)V+33
j  org.eclipse.ui.internal.WorkbenchPage.openEditor(Lorg/eclipse/ui/IEditorInput;Ljava/lang/String;ZILorg/eclipse/ui/IMemento;Z)Lorg/eclipse/ui/IEditorPart;+59
j  org.eclipse.ui.internal.WorkbenchPage.openEditor(Lorg/eclipse/ui/IEditorInput;Ljava/lang/String;ZI)Lorg/eclipse/ui/IEditorPart;+8
j  org.eclipse.ui.internal.WorkbenchPage.openEditor(Lorg/eclipse/ui/IEditorInput;Ljava/lang/String;)Lorg/eclipse/ui/IEditorPart;+5
j  com.renesas.cdt.ddsc.standalone.internal.StandaloneApplication.runConfiguratorFlow(Lorg/eclipse/ui/IWorkbenchWindow;Lcom/renesas/cdt/ddsc/standalone/internal/StandaloneApplication$StandaloneOperation;)V+56
j  com.renesas.cdt.ddsc.standalone.internal.StandaloneApplication.performWorkbenchOperation(Lcom/renesas/cdt/ddsc/standalone/internal/StandaloneApplication$StandaloneOperation;Lorg/eclipse/ui/IWorkbenchWindow;)V+47
j  com.renesas.cdt.ddsc.standalone.internal.StandaloneApplication$4.run()V+35
j  org.eclipse.swt.widgets.RunnableLock.run(Lorg/eclipse/swt/widgets/Display;)V+11
j  org.eclipse.swt.widgets.Synchronizer.runAsyncMessages(Z)Z+41
j  org.eclipse.swt.widgets.Display.runAsyncMessages(Z)Z+5
j  org.eclipse.swt.widgets.Display.readAndDispatch()Z+84
j  org.eclipse.e4.ui.internal.workbench.swt.PartRenderingEngine$5.run()V+564
j  org.eclipse.core.databinding.observable.Realm.runWithDefault(Lorg/eclipse/core/databinding/observable/Realm;Ljava/lang/Runnable;)V+12
j  org.eclipse.e4.ui.internal.workbench.swt.PartRenderingEngine.run(Lorg/eclipse/e4/ui/model/application/MApplicationElement;Lorg/eclipse/e4/core/contexts/IEclipseContext;)Ljava/lang/Object;+57
j  org.eclipse.e4.ui.internal.workbench.E4Workbench.createAndRunUI(Lorg/eclipse/e4/ui/model/application/MApplicationElement;)V+20
j  org.eclipse.ui.internal.Workbench.lambda$3(Lorg/eclipse/swt/widgets/Display;Lorg/eclipse/ui/application/WorkbenchAdvisor;[I)V+334
j  org.eclipse.ui.internal.Workbench$$Lambda+0x0000026ada2972b0.run()V+12
j  org.eclipse.core.databinding.observable.Realm.runWithDefault(Lorg/eclipse/core/databinding/observable/Realm;Ljava/lang/Runnable;)V+12
j  org.eclipse.ui.internal.Workbench.createAndRunWorkbench(Lorg/eclipse/swt/widgets/Display;Lorg/eclipse/ui/application/WorkbenchAdvisor;)I+16
j  org.eclipse.ui.PlatformUI.createAndRunWorkbench(Lorg/eclipse/swt/widgets/Display;Lorg/eclipse/ui/application/WorkbenchAdvisor;)I+2
j  com.renesas.cdt.ddsc.standalone.internal.StandaloneApplication.runWorkbench()Ljava/lang/Object;+23
j  com.renesas.cdt.ddsc.standalone.internal.StandaloneApplication.queueWorkbenchOperation(Lcom/renesas/cdt/ddsc/standalone/internal/StandaloneApplication$StandaloneOperation;)V+49
j  com.renesas.cdt.ddsc.standalone.internal.StandaloneApplication.doRcpEdit(Lcom/renesas/cdt/ddsc/standalone/internal/options/IEditOptions;)Ljava/lang/Object;+39
j  com.renesas.cdt.ddsc.standalone.internal.StandaloneApplication.start(Lorg/eclipse/equinox/app/IApplicationContext;)Ljava/lang/Object;+150
j  org.eclipse.equinox.internal.app.EclipseAppHandle.run(Ljava/lang/Object;)Ljava/lang/Object;+138
j  org.eclipse.core.runtime.internal.adaptor.EclipseAppLauncher.runApplication(Ljava/lang/Object;)Ljava/lang/Object;+85
j  org.eclipse.core.runtime.internal.adaptor.EclipseAppLauncher.start(Ljava/lang/Object;)Ljava/lang/Object;+79
j  org.eclipse.core.runtime.adaptor.EclipseStarter.run(Ljava/lang/Object;)Ljava/lang/Object;+99
j  org.eclipse.core.runtime.adaptor.EclipseStarter.run([Ljava/lang/String;Ljava/lang/Runnable;)Ljava/lang/Object;+132
J 428 c1 java.lang.invoke.DirectMethodHandle$Holder.invokeStatic(Ljava/lang/Object;Ljava/lang/Object;Ljava/lang/Object;)Ljava/lang/Object; java.base@21.0.7 (15 bytes) @ 0x0000026ac12b6254 [0x0000026ac12b5e60+0x00000000000003f4]
j  java.lang.invoke.LambdaForm$MH+0x0000026ada01c800.invoke(Ljava/lang/Object;Ljava/lang/Object;Ljava/lang/Object;Ljava/lang/Object;)Ljava/lang/Object;+54 java.base@21.0.7
j  java.lang.invoke.LambdaForm$MH+0x0000026ada01cc00.invokeExact_MT(Ljava/lang/Object;Ljava/lang/Object;Ljava/lang/Object;Ljava/lang/Object;Ljava/lang/Object;)Ljava/lang/Object;+22 java.base@21.0.7
j  jdk.internal.reflect.DirectMethodHandleAccessor.invokeImpl(Ljava/lang/Object;[Ljava/lang/Object;)Ljava/lang/Object;+72 java.base@21.0.7
j  jdk.internal.reflect.DirectMethodHandleAccessor.invoke(Ljava/lang/Object;[Ljava/lang/Object;)Ljava/lang/Object;+23 java.base@21.0.7
j  java.lang.reflect.Method.invoke(Ljava/lang/Object;[Ljava/lang/Object;)Ljava/lang/Object;+102 java.base@21.0.7
j  org.eclipse.equinox.launcher.Main.invokeFramework([Ljava/lang/String;[Ljava/net/URL;)V+155
j  org.eclipse.equinox.launcher.Main.basicRun([Ljava/lang/String;)V+310
j  org.eclipse.equinox.launcher.Main.run([Ljava/lang/String;)I+4
v  ~StubRoutines::call_stub 0x0000026ac868100d

siginfo: EXCEPTION_ACCESS_VIOLATION (0xc0000005), reading address 0xffffffffffffffff


Registers:
RAX=0x00860a00c80f0000, RBX=0x000000c5772faf40, RCX=0x00000fc8000a8300, RDX=0x000000c5772faed0
RSP=0x000000c5772faf10, RBP=0x000000c5772fb360, RSI=0x00000fc8000740e0, RDI=0x00000fc8000640f0
R8 =0x000000c5772faed0, R9 =0x0000000000000000, R10=0x0000000000000000, R11=0x0000000000000246
R12=0x00000fc800018780, R13=0x0000000000000000, R14=0x0000000000000000, R15=0x000000c5772fb298
RIP=0x00007ffc8a387fff, EFLAGS=0x0000000000010202

XMM[0]=0x0000000000000000 0x0000000000000000
XMM[1]=0x0000000000000000 0x0000000000000000
XMM[2]=0x0000000000000000 0x0000000000000000
XMM[3]=0x0000000000000000 0x0000000000000000
XMM[4]=0x0000000000000000 0x0000000000000000
XMM[5]=0x0000000000000000 0x0000000000000000
XMM[6]=0x0000000000000000 0xaf633f92e69b3021
XMM[7]=0x0000000000000000 0x592856ef513bda7e
XMM[8]=0x0000000000000000 0xadf9a5f47d8dcbb6
XMM[9]=0x0000000000000000 0x941786f131186232
XMM[10]=0x0000000000000000 0x000000009d00db41
XMM[11]=0x0000000000000000 0xfbf399ad2d0bfbdf
XMM[12]=0x0000000000000000 0x0000000031186232
XMM[13]=0x0000000000000000 0x00000000c695f4be
XMM[14]=0x0000000000000000 0x646131f5924665ff
XMM[15]=0x0000000000000000 0x000000002de5340a
  MXCSR=0x00001fa2


Register to memory mapping:

RAX=0x00860a00c80f0000 is an unknown value
RBX=0x000000c5772faf40 is pointing into the stack for thread: 0x0000026abe045420
RCX=0x00000fc8000a8300 points into unknown readable memory: 0x00860a00c80f0000 | 00 00 0f c8 00 0a 86 00
RDX=0x000000c5772faed0 is pointing into the stack for thread: 0x0000026abe045420
RSP=0x000000c5772faf10 is pointing into the stack for thread: 0x0000026abe045420
RBP=0x000000c5772fb360 is pointing into the stack for thread: 0x0000026abe045420
RSI=0x00000fc8000740e0 points into unknown readable memory: 0x00007ffc928f5520 | 20 55 8f 92 fc 7f 00 00
RDI=0x00000fc8000640f0 points into unknown readable memory: 0x0000000000000000 | 00 00 00 00 00 00 00 00
R8 =0x000000c5772faed0 is pointing into the stack for thread: 0x0000026abe045420
R9 =0x0 is null
R10=0x0 is null
R11=0x0000000000000246 is an unknown value
R12=0x00000fc800018780 points into unknown readable memory: 0x00000018c80f0101 | 01 01 0f c8 18 00 00 00
R13=0x0 is null
R14=0x0 is null
R15=0x000000c5772fb298 is pointing into the stack for thread: 0x0000026abe045420

Top of Stack: (sp=0x000000c5772faf10)
0x000000c5772faf10:   00000fc8000a8390 00000fc8000a8368
0x000000c5772faf20:   00000fc800001540 00007ffc8aac3aa1
0x000000c5772faf30:   00007ffc9253df31 0000000000000004
0x000000c5772faf40:   0000000000000000 0000000000000000
0x000000c5772faf50:   0000000000000000 0000b1daddb11840
0x000000c5772faf60:   00000fc800018780 0000000000000001
0x000000c5772faf70:   00000fc8000740e0 00007ffc8a386ae7
0x000000c5772faf80:   00000fc800064d20 00000fc800018780
0x000000c5772faf90:   000000c5772fb360 00000fc800018780
0x000000c5772fafa0:   00000fc8000580d0 0000000000000001
0x000000c5772fafb0:   00000fc8000740e0 00007ffc8a388120
0x000000c5772fafc0:   00000fc8000d0320 00000fc800018780
0x000000c5772fafd0:   000000c5772fb360 aaaaaaaaaaaa0000
0x000000c5772fafe0:   aaaaaaaaaaaaaaaa 00000fc8000bc060
0x000000c5772faff0:   00000fc800018780 00007ffc85d15257
0x000000c5772fb000:   8000000000000088 0000b1daddb11850
0x000000c5772fb010:   000000c5772fb0d0 000000c5772fb001
0x000000c5772fb020:   00000fc800054250 00000fc800018780
0x000000c5772fb030:   000000c5772fb001 00000fc800054250
0x000000c5772fb040:   0000000000000000 00007ffc85d14bdb
0x000000c5772fb050:   000000c5772fb388 000000c5772fb0d8
0x000000c5772fb060:   0000026b1f3d4b90 00007ffc85c74f65
0x000000c5772fb070:   0000000000000000 0000026b1f3d4b90
0x000000c5772fb080:   000000c5772fb0d8 0000000000000000
0x000000c5772fb090:   00007ffc92176040 00000fc800054250
0x000000c5772fb0a0:   00000fc800054240 00007ffc85c71308
0x000000c5772fb0b0:   0000000000000030 00007ffe9eedce64
0x000000c5772fb0c0:   0000026abb860000 0000000000000000
0x000000c5772fb0d0:   00007ffc92176040 00000000000001b8
0x000000c5772fb0e0:   0000000000000001 00000fc8000ac280
0x000000c5772fb0f0:   0000000000000091 0000000000000000
0x000000c5772fb100:   0000000000000000 0000000000000000 

Instructions: (pc=0x00007ffc8a387fff)
0x00007ffc8a387eff:   00 00 00 48 85 c9 74 0b f0 ff 49 08 75 05 e8 0e
0x00007ffc8a387f0f:   21 1f fc e8 79 02 c0 fe e9 47 fa ff ff 0f b6 c8
0x00007ffc8a387f1f:   48 8d 05 a4 d6 56 08 48 89 84 24 a0 00 00 00 48
0x00007ffc8a387f2f:   8d 05 43 bf e1 07 48 89 44 24 20 c7 44 24 30 08
0x00007ffc8a387f3f:   00 00 00 c6 44 24 28 49 48 8d 94 24 88 00 00 00
0x00007ffc8a387f4f:   4c 8d 84 24 a0 00 00 00 41 b9 03 00 00 00 e8 be
0x00007ffc8a387f5f:   e7 a2 fb e9 c9 f9 ff ff cc cc cc cc cc cc cc cc
0x00007ffc8a387f6f:   cc 56 57 53 48 83 ec 50 48 89 ce 48 8b 05 bf e8
0x00007ffc8a387f7f:   74 09 48 31 e0 48 89 44 24 48 48 8b 79 18 48 c7
0x00007ffc8a387f8f:   41 18 00 00 00 00 48 85 ff 74 10 48 89 f9 e8 fe
0x00007ffc8a387f9f:   e5 ff ff 48 89 f9 e8 46 d2 d7 07 e8 d1 33 72 00
0x00007ffc8a387faf:   48 89 c7 48 b8 aa aa aa aa aa aa aa aa 48 89 44
0x00007ffc8a387fbf:   24 40 0f 28 05 68 e0 de 07 0f 29 44 24 30 48 8d
0x00007ffc8a387fcf:   0d 5d 5f 1b 08 48 89 4c 24 20 e8 c2 75 db 07 48
0x00007ffc8a387fdf:   89 44 24 28 48 8d 5c 24 30 4c 8d 44 24 20 48 89
0x00007ffc8a387fef:   f9 48 89 da e8 b8 3c 72 00 48 8b 4e 28 48 8b 01
0x00007ffc8a387fff:   48 8b 40 28 48 89 da ff 15 9c e1 67 09 e8 8f cd
0x00007ffc8a38800f:   ad fe 48 8b 7e 30 48 c7 46 30 00 00 00 00 48 85
0x00007ffc8a38801f:   ff 74 10 48 89 f9 e8 06 af 72 00 48 89 f9 e8 be
0x00007ffc8a38802f:   d1 d7 07 48 8b 4e 28 48 b8 00 00 00 00 fc ff ff
0x00007ffc8a38803f:   ff 48 21 c8 48 3b 05 7e 33 73 09 75 05 e8 0f c4
0x00007ffc8a38804f:   72 00 48 c7 46 28 00 00 00 00 c6 46 21 01 80 7c
0x00007ffc8a38805f:   24 47 00 79 0a 48 8b 4c 24 30 e8 82 d1 d7 07 48
0x00007ffc8a38806f:   8b 4c 24 48 48 31 e1 e8 f5 d3 d7 07 90 48 83 c4
0x00007ffc8a38807f:   50 5b 5f 5e c3 cc cc cc cc cc cc cc cc cc cc cc
0x00007ffc8a38808f:   cc 48 89 c8 48 8b 49 10 48 c7 40 10 00 00 00 00
0x00007ffc8a38809f:   48 85 c9 74 15 48 8b 01 48 8b 00 4c 8b 05 f7 e0
0x00007ffc8a3880af:   67 09 ba 01 00 00 00 49 ff e0 c3 cc cc cc cc cc
0x00007ffc8a3880bf:   cc 56 48 83 ec 20 48 89 ce b9 70 00 00 00 e8 8e
0x00007ffc8a3880cf:   d0 d7 07 48 8d 0d 47 d4 56 08 48 89 08 c6 40 08
0x00007ffc8a3880df:   00 c6 40 68 00 0f 57 c0 0f 11 40 10 c7 40 1f 00
0x00007ffc8a3880ef:   00 00 00 0f 11 40 28 c6 40 38 00 48 89 06 48 89 


Stack slot to memory mapping:

stack at sp + 0 slots: 0x00000fc8000a8390 points into unknown readable memory: 0x00007ffc92196fe0 | e0 6f 19 92 fc 7f 00 00
stack at sp + 1 slots: 0x00000fc8000a8368 points into unknown readable memory: 0x00007ffc921761e0 | e0 61 17 92 fc 7f 00 00
stack at sp + 2 slots: 0x00000fc800001540 points into unknown readable memory: 0x00000fc8000a8300 | 00 83 0a 00 c8 0f 00 00
stack at sp + 3 slots: 0x00007ffc8aac3aa1 libcef.dll
stack at sp + 4 slots: 0x00007ffc9253df31 libcef.dll
stack at sp + 5 slots: 0x0000000000000004 is an unknown value
stack at sp + 6 slots: 0x0 is null
stack at sp + 7 slots: 0x0 is null


Compiled method (c1) 14193 1594   !   3       jdk.internal.reflect.DirectMethodHandleAccessor::invoke (92 bytes)
 total in heap  [0x0000026ac14f9e10,0x0000026ac14fe0d0] = 17088
 relocation     [0x0000026ac14f9f70,0x0000026ac14fa2e0] = 880
 main code      [0x0000026ac14fa2e0,0x0000026ac14fcb48] = 10344
 stub code      [0x0000026ac14fcb48,0x0000026ac14fcc88] = 320
 oops           [0x0000026ac14fcc88,0x0000026ac14fccb8] = 48
 metadata       [0x0000026ac14fccb8,0x0000026ac14fcd30] = 120
 scopes data    [0x0000026ac14fcd30,0x0000026ac14fd210] = 1248
 scopes pcs     [0x0000026ac14fd210,0x0000026ac14fd7f0] = 1504
 dependencies   [0x0000026ac14fd7f0,0x0000026ac14fd7f8] = 8
 handler table  [0x0000026ac14fd7f8,0x0000026ac14fe008] = 2064
 nul chk table  [0x0000026ac14fe008,0x0000026ac14fe0d0] = 200

[Constant Pool (empty)]

[MachCode]
[Entry Point]
  # {method} {0x0000026ad919def0} 'invoke' '(Ljava/lang/Object;[Ljava/lang/Object;)Ljava/lang/Object;' in 'jdk/internal/reflect/DirectMethodHandleAccessor'
  # this:     rdx:rdx   = 'jdk/internal/reflect/DirectMethodHandleAccessor'
  # parm0:    r8:r8     = 'java/lang/Object'
  # parm1:    r9:r9     = '[Ljava/lang/Object;'
  #           [sp+0x170]  (sp of caller)
  0x0000026ac14fa2e0: 448b 5208 | 49bb 0000 | 00d9 6a02 | 0000 4d03 | d34c 3bd0 

  0x0000026ac14fa2f4: ;   {runtime_call ic_miss_stub}
  0x0000026ac14fa2f4: 0f85 8644 | 1d07 660f | 1f44 0000 
[Verified Entry Point]
  0x0000026ac14fa300: 8984 2400 | 80ff ff55 | 4881 ec60 | 0100 0090 | 4181 7f20 | 0900 0000 

  0x0000026ac14fa318: ;   {runtime_call StubRoutines (final stubs)}
  0x0000026ac14fa318: 7405 e841 | aa1b 0748 | 8994 24b0 | 0000 004c | 8984 24c0 | 0000 004c | 898c 24b8 

  0x0000026ac14fa334: ;   {metadata(method data for {method} {0x0000026ad919def0} 'invoke' '(Ljava/lang/Object;[Ljava/lang/Object;)Ljava/lang/Object;' in 'jdk/internal/reflect/DirectMethodHandleAccessor')}
  0x0000026ac14fa334: 0000 0048 | be98 e936 | 1a6b 0200 | 008b becc | 0000 0083 | c702 89be | cc00 0000 | 81e7 fe07 
  0x0000026ac14fa354: 0000 85ff | 0f84 9b22 | 0000 488b 

  0x0000026ac14fa360: ;   {metadata(method data for {method} {0x0000026ad919def0} 'invoke' '(Ljava/lang/Object;[Ljava/lang/Object;)Ljava/lang/Object;' in 'jdk/internal/reflect/DirectMethodHandleAccessor')}
  0x0000026ac14fa360: f248 bf98 | e936 1a6b | 0200 0048 | 8387 1001 

  0x0000026ac14fa370: ;   {metadata(method data for {method} {0x0000026ad93c4948} 'isStatic' '()Z' in 'jdk/internal/reflect/DirectMethodHandleAccessor')}
  0x0000026ac14fa370: 0000 0148 | bea0 de36 | 1a6b 0200 | 008b becc | 0000 0083 | c702 89be | cc00 0000 | 81e7 feff 
  0x0000026ac14fa390: 1f00 85ff | 0f84 8022 | 0000 8b72 | 1081 e600 | 0200 0081 | fe00 0200 

  0x0000026ac14fa3a8: ;   {metadata(method data for {method} {0x0000026ad93c4948} 'isStatic' '()Z' in 'jdk/internal/reflect/DirectMethodHandleAccessor')}
  0x0000026ac14fa3a8: 0048 bea0 | de36 1a6b | 0200 0048 | c7c7 1001 | 0000 7507 | 48c7 c720 | 0100 0048 | 8b1c 3e48 
  0x0000026ac14fa3c8: 8d5b 0148 | 891c 3e0f | 851a 0000 

  0x0000026ac14fa3d4: ;   {metadata(method data for {method} {0x0000026ad93c4948} 'isStatic' '()Z' in 'jdk/internal/reflect/DirectMethodHandleAccessor')}
  0x0000026ac14fa3d4: 0048 bea0 | de36 1a6b | 0200 00ff | 8630 0100 | 00be 0100 | 0000 e905 | 0000 00be | 0000 0000 
  0x0000026ac14fa3f4: 83e6 0185 

  0x0000026ac14fa3f8: ;   {metadata(method data for {method} {0x0000026ad919def0} 'invoke' '(Ljava/lang/Object;[Ljava/lang/Object;)Ljava/lang/Object;' in 'jdk/internal/reflect/DirectMethodHandleAccessor')}
  0x0000026ac14fa3f8: f648 be98 | e936 1a6b | 0200 0048 | c7c7 4801 | 0000 7507 | 48c7 c758 | 0100 0048 | 8b1c 3e48 
  0x0000026ac14fa418: 8d5b 0148 | 891c 3e0f | 85d5 0000 | 0048 8bf2 

  0x0000026ac14fa428: ;   {metadata(method data for {method} {0x0000026ad919def0} 'invoke' '(Ljava/lang/Object;[Ljava/lang/Object;)Ljava/lang/Object;' in 'jdk/internal/reflect/DirectMethodHandleAccessor')}
  0x0000026ac14fa428: 48bf 98e9 | 361a 6b02 | 0000 4883 | 8768 0100 

  0x0000026ac14fa438: ;   {metadata(method data for {method} {0x0000026ad93c4898} 'checkReceiver' '(Ljava/lang/Object;)V' in 'jdk/internal/reflect/DirectMethodHandleAccessor')}
  0x0000026ac14fa438: 0001 48be | e8f0 361a | 6b02 0000 | 8bbe cc00 | 0000 83c7 | 0289 becc | 0000 0081 | e7fe ff1f 
  0x0000026ac14fa458: 0085 ff0f | 84da 2100 | 008b 7214 | 48c1 e603 

  0x0000026ac14fa468: ; implicit exception: dispatches to 0x0000026ac14fc65c
  0x0000026ac14fa468: 493b 0049 

  0x0000026ac14fa46c: ;   {metadata(method data for {method} {0x0000026ad93c4898} 'checkReceiver' '(Ljava/lang/Object;)V' in 'jdk/internal/reflect/DirectMethodHandleAccessor')}
  0x0000026ac14fa46c: 8bf8 48bb | e8f0 361a | 6b02 0000 | 4883 8310 | 0100 0001 | 418b 7808 | 49ba 0000 | 00d9 6a02 
  0x0000026ac14fa48c: 0000 4903 | fa48 8b7f | 7048 8b3f 

  0x0000026ac14fa498: ; implicit exception: dispatches to 0x0000026ac14fc661
  0x0000026ac14fa498: 483b 0648 

  0x0000026ac14fa49c: ;   {metadata(method data for {method} {0x0000026ad93c4898} 'checkReceiver' '(Ljava/lang/Object;)V' in 'jdk/internal/reflect/DirectMethodHandleAccessor')}
  0x0000026ac14fa49c: 8bde 48b8 | e8f0 361a | 6b02 0000 | 4883 8048 | 0100 0001 | 4c8b c748 

  0x0000026ac14fa4b4: ;   {optimized virtual_call}
  0x0000026ac14fa4b4: 8bd6 90e8 

  0x0000026ac14fa4b8: ; ImmutableOopMap {[176]=Oop [184]=Oop [192]=Oop }
                      ;*invokevirtual isAssignableFrom {reexecute=0 rethrow=0 return_oop=0}
                      ; - jdk.internal.reflect.DirectMethodHandleAccessor::checkReceiver@8
                      ; - jdk.internal.reflect.DirectMethodHandleAccessor::invoke@9
  0x0000026ac14fa4b8: 84a9 8e07 

  0x0000026ac14fa4bc: ;   {other}
  0x0000026ac14fa4bc: 0f1f 8400 | ac06 0000 

  0x0000026ac14fa4c4: ;   {metadata(method data for {method} {0x0000026ad93c4898} 'checkReceiver' '(Ljava/lang/Object;)V' in 'jdk/internal/reflect/DirectMethodHandleAccessor')}
  0x0000026ac14fa4c4: 85c0 48ba | e8f0 361a | 6b02 0000 | 49c7 c090 | 0100 0074 | 0749 c7c0 | 8001 0000 | 4a8b 3402 
  0x0000026ac14fa4e4: 488d 7601 | 4a89 3402 | 0f84 9f1f | 0000 488b | 9424 b000 | 0000 448b 

  0x0000026ac14fa4fc: ;   {metadata(method data for {method} {0x0000026ad919def0} 'invoke' '(Ljava/lang/Object;[Ljava/lang/Object;)Ljava/lang/Object;' in 'jdk/internal/reflect/DirectMethodHandleAccessor')}
  0x0000026ac14fa4fc: 420c 48be | 98e9 361a | 6b02 0000 | 4883 86a0 | 0100 0001 | 498b d04c | 8b84 24b8 | 0000 000f 
  0x0000026ac14fa51c: ;   {static_call}
  0x0000026ac14fa51c: 1f40 00e8 

  0x0000026ac14fa520: ; ImmutableOopMap {[176]=Oop [184]=Oop [192]=Oop }
                      ;*invokestatic checkArgumentCount {reexecute=0 rethrow=0 return_oop=0}
                      ; - jdk.internal.reflect.DirectMethodHandleAccessor::invoke@17
  0x0000026ac14fa520: 5cc6 ffff 

  0x0000026ac14fa524: ;   {other}
  0x0000026ac14fa524: 0f1f 8400 | 1407 0001 | 488b 9424 | b000 0000 

  0x0000026ac14fa534: ;   {metadata(method data for {method} {0x0000026ad919def0} 'invoke' '(Ljava/lang/Object;[Ljava/lang/Object;)Ljava/lang/Object;' in 'jdk/internal/reflect/DirectMethodHandleAccessor')}
  0x0000026ac14fa534: 4c8b c249 | b998 e936 | 1a6b 0200 | 0049 8381 | b001 0000 

  0x0000026ac14fa548: ;   {metadata(method data for {method} {0x0000026ad93c46e0} 'invokeImpl' '(Ljava/lang/Object;[Ljava/lang/Object;)Ljava/lang/Object;' in 'jdk/internal/reflect/DirectMethodHandleAccessor')}
  0x0000026ac14fa548: 0149 b8d0 | ec36 1a6b | 0200 0045 | 8b88 cc00 | 0000 4183 | c102 4589 | 88cc 0000 | 0041 81e1 
  0x0000026ac14fa568: feff 1f00 | 4585 c90f | 84f1 2000 | 0044 8b42 

  0x0000026ac14fa578: ;   {metadata(method data for {method} {0x0000026ad93c46e0} 'invokeImpl' '(Ljava/lang/Object;[Ljava/lang/Object;)Ljava/lang/Object;' in 'jdk/internal/reflect/DirectMethodHandleAccessor')}
  0x0000026ac14fa578: 0c49 b9d0 | ec36 1a6b | 0200 0048 | c7c7 1801 | 0000 4585 | c048 8bf7 | 48c7 c728 | 0100 0048 
  0x0000026ac14fa598: 0f45 fe41 | 83f8 0148 | 8bf7 48c7 | c738 0100 | 0048 0f45 | fe41 83f8 | 0248 8bf7 | 48c7 c748 
  0x0000026ac14fa5b8: 0100 0048 | 0f45 fe41 | 83f8 0348 | 8bf7 48c7 | c758 0100 | 0048 0f45 | fe49 8b34 | 3949 c7c2 
  0x0000026ac14fa5d8: 0100 0000 | 4903 f249 | 8934 3945 | 85c0 0f84 | 2616 0000 | 4183 f801 | 0f84 b40f | 0000 4183 
  0x0000026ac14fa5f8: f802 0f84 | 0a09 0000 | 4183 f803 | 0f84 1802 | 0000 4c8b | 8c24 b800 | 0000 4c8b | 8424 c000 
  0x0000026ac14fa618: 0000 8b72 | 1848 c1e6 | 030f 1f80 | 0000 0000 

  0x0000026ac14fa628: ;   {oop(a 'java/lang/invoke/MethodType'{0x000000074025cd38} = (Ljava/lang/Object;[Ljava/lang/Object;)Ljava/lang/Object;)}
  0x0000026ac14fa628: 48bf 38cd | 2540 0700 | 0000 483b 

  0x0000026ac14fa634: ;   {metadata(method data for {method} {0x0000026ad93c46e0} 'invokeImpl' '(Ljava/lang/Object;[Ljava/lang/Object;)Ljava/lang/Object;' in 'jdk/internal/reflect/DirectMethodHandleAccessor')}
  0x0000026ac14fa634: 0648 bbd0 | ec36 1a6b | 0200 0048 | 8d9b 9803 | 0000 4d85 | c075 0ef6 | 4308 0175 | 50f0 4883 
  0x0000026ac14fa654: 4b08 01eb | 4841 8b40 | 0849 ba00 | 0000 d96a | 0200 0049 | 03c2 4c8b | d048 3343 | 0848 a9fc 
  0x0000026ac14fa674: ffff ff74 | 28a8 0275 | 2448 f743 | 08fe ffff | ff74 1649 | 8bc2 4833 | 4308 48a9 | fcff ffff 
  0x0000026ac14fa694: 740b 4883 | 4b08 02eb | 0448 8943 | 084d 85c9 | 750e f643 | 1801 7550 | f048 834b | 1801 eb48 
  0x0000026ac14fa6b4: 418b 4108 | 49ba 0000 | 00d9 6a02 | 0000 4903 | c24c 8bd0 | 4833 4318 | 48a9 fcff | ffff 7428 
  0x0000026ac14fa6d4: a802 7524 | 48f7 4318 | feff ffff | 7416 498b | c248 3343 | 1848 a9fc | ffff ff74 | 0b48 834b 
  0x0000026ac14fa6f4: 1802 eb04 | 4889 4318 

  0x0000026ac14fa6fc: ;   {metadata(method data for {method} {0x0000026ad93c46e0} 'invokeImpl' '(Ljava/lang/Object;[Ljava/lang/Object;)Ljava/lang/Object;' in 'jdk/internal/reflect/DirectMethodHandleAccessor')}
  0x0000026ac14fa6fc: 488b de48 | b8d0 ec36 | 1a6b 0200 | 008b 5b08 | 49ba 0000 | 00d9 6a02 | 0000 4903 | da48 3b98 
  0x0000026ac14fa71c: 7003 0000 | 750d 4883 | 8078 0300 | 0001 e960 | 0000 0048 | 3b98 8003 | 0000 750d | 4883 8088 
  0x0000026ac14fa73c: 0300 0001 | e94a 0000 | 0048 83b8 | 7003 0000 | 0075 1748 | 8998 7003 | 0000 48c7 | 8078 0300 
  0x0000026ac14fa75c: 0001 0000 | 00e9 2900 | 0000 4883 | b880 0300 | 0000 7517 | 4889 9880 | 0300 0048 | c780 8803 
  0x0000026ac14fa77c: 0000 0100 | 0000 e908 | 0000 0048 | 8380 6003 | 0000 0148 | 8bd6 0f1f 

  0x0000026ac14fa794: ;   {optimized virtual_call}
  0x0000026ac14fa794: 4400 00e8 

  0x0000026ac14fa798: ; ImmutableOopMap {[176]=Oop }
                      ;*invokevirtual invokeExact {reexecute=0 rethrow=0 return_oop=0}
                      ; - jdk.internal.reflect.DirectMethodHandleAccessor::invokeImpl@104
                      ; - jdk.internal.reflect.DirectMethodHandleAccessor::invoke@23
  0x0000026ac14fa798: b123 0000 

  0x0000026ac14fa79c: ;   {other}
  0x0000026ac14fa79c: 0f1f 8400 | 8c09 0002 

  0x0000026ac14fa7a4: ;   {metadata(method data for {method} {0x0000026ad93c46e0} 'invokeImpl' '(Ljava/lang/Object;[Ljava/lang/Object;)Ljava/lang/Object;' in 'jdk/internal/reflect/DirectMethodHandleAccessor')}
  0x0000026ac14fa7a4: 48ba d0ec | 361a 6b02 | 0000 488d | 92b8 0300 | 0048 85c0 | 750c f602 | 0175 4df0 | 4883 0a01 
  0x0000026ac14fa7c4: eb46 8b70 | 0849 ba00 | 0000 d96a | 0200 0049 | 03f2 4c8b | d648 3332 | 48f7 c6fc | ffff ff74 
  0x0000026ac14fa7e4: 2740 f6c6 | 0275 2148 | f702 feff | ffff 7415 | 498b f248 | 3332 48f7 | c6fc ffff | ff74 0948 
  0x0000026ac14fa804: 830a 02eb | 0348 8932 | 4881 c460 | 0100 005d 

  0x0000026ac14fa814: ;   {poll_return}
  0x0000026ac14fa814: 493b a748 | 0400 000f | 8784 1e00 | 00c3 4c8b | 8c24 b800 | 0000 4c8b | 8424 c000 | 0000 8b72 
  0x0000026ac14fa834: 1848 c1e6 | 0348 89b4 | 24d0 0000 | 0041 8379 | 0c00 0f86 | 791e 0000 | 418b 7910 | 48c1 e703 
  0x0000026ac14fa854: 4889 bc24 | c800 0000 | 4183 790c | 010f 8670 | 1e00 0041 | 8b59 1448 | c1e3 0348 | 899c 24d8 
  0x0000026ac14fa874: 0000 0041 | 8379 0c02 | 0f86 671e | 0000 418b | 4118 48c1 | e003 4889 | 8424 e000 

  0x0000026ac14fa890: ;   {metadata(method data for {method} {0x0000026ad93c46e0} 'invokeImpl' '(Ljava/lang/Object;[Ljava/lang/Object;)Ljava/lang/Object;' in 'jdk/internal/reflect/DirectMethodHandleAccessor')}
  0x0000026ac14fa890: 0000 48b9 | d0ec 361a | 6b02 0000 | 488d 8918 | 0300 004d | 85c0 750e | f641 0801 | 7554 f048 
  0x0000026ac14fa8b0: 8349 0801 | eb4c 458b | 4808 49ba | 0000 00d9 | 6a02 0000 | 4d03 ca4d | 8bd1 4c33 | 4908 49f7 
  0x0000026ac14fa8d0: c1fc ffff | ff74 2b41 | f6c1 0275 | 2548 f741 | 08fe ffff | ff74 174d | 8bca 4c33 | 4908 49f7 
  0x0000026ac14fa8f0: c1fc ffff | ff74 0b48 | 8349 0802 | eb04 4c89 

  0x0000026ac14fa900: ;   {metadata(method data for {method} {0x0000026b1a42b6b8} 'invokeExact_MT' '(Ljava/lang/Object;Ljava/lang/Object;Ljava/lang/Object;Ljava/lang/Object;Ljava/lang/Object;Ljava/lang/Object;)Ljava/lang/Object;' in 'java/lang/invoke/LambdaForm$MH+0x0000026ada00f400')}
  0x0000026ac14fa900: 4908 48b9 | 00e8 5d1a | 6b02 0000 | 488d 89c8 | 0200 0048 | 85f6 750c | f601 0175 | 4ef0 4883 
  0x0000026ac14fa920: 0901 eb47 | 448b 4e08 | 49ba 0000 | 00d9 6a02 | 0000 4d03 | ca4d 8bd1 | 4c33 0949 | f7c1 fcff 
  0x0000026ac14fa940: ffff 7427 | 41f6 c102 | 7521 48f7 | 01fe ffff | ff74 154d | 8bca 4c33 | 0949 f7c1 | fcff ffff 
  0x0000026ac14fa960: 7409 4883 | 0902 eb03 | 4c89 094d | 85c0 750e | f641 1001 | 7554 f048 | 8349 1001 | eb4c 458b 
  0x0000026ac14fa980: 4808 49ba | 0000 00d9 | 6a02 0000 | 4d03 ca4d | 8bd1 4c33 | 4910 49f7 | c1fc ffff | ff74 2b41 
  0x0000026ac14fa9a0: f6c1 0275 | 2548 f741 | 10fe ffff | ff74 174d | 8bca 4c33 | 4910 49f7 | c1fc ffff | ff74 0b48 
  0x0000026ac14fa9c0: 8349 1002 | eb04 4c89 

  0x0000026ac14fa9c8: ;   {metadata(method data for {method} {0x0000026ad93c46e0} 'invokeImpl' '(Ljava/lang/Object;[Ljava/lang/Object;)Ljava/lang/Object;' in 'jdk/internal/reflect/DirectMethodHandleAccessor')}
  0x0000026ac14fa9c8: 4910 48b9 | d0ec 361a | 6b02 0000 | 4883 81e0 | 0200 0001 

  0x0000026ac14fa9dc: ;   {metadata(method data for {method} {0x0000026b1a42b6b8} 'invokeExact_MT' '(Ljava/lang/Object;Ljava/lang/Object;Ljava/lang/Object;Ljava/lang/Object;Ljava/lang/Object;Ljava/lang/Object;)Ljava/lang/Object;' in 'java/lang/invoke/LambdaForm$MH+0x0000026ada00f400')}
  0x0000026ac14fa9dc: 48b9 00e8 | 5d1a 6b02 | 0000 448b | 89cc 0000 | 0041 83c1 | 0244 8989 | cc00 0000 | 4181 e1fe 
  0x0000026ac14fa9fc: ff1f 0045 | 85c9 0f84 | f31c 0000 

  0x0000026ac14faa08: ;   {metadata(method data for {method} {0x0000026b1a42b6b8} 'invokeExact_MT' '(Ljava/lang/Object;Ljava/lang/Object;Ljava/lang/Object;Ljava/lang/Object;Ljava/lang/Object;Ljava/lang/Object;)Ljava/lang/Object;' in 'java/lang/invoke/LambdaForm$MH+0x0000026ada00f400')}
  0x0000026ac14faa08: 48b9 00e8 | 5d1a 6b02 | 0000 488d | 8990 0100 | 0048 85f6 | 750e f641 | 0801 7554 | f048 8349 
  0x0000026ac14faa28: 0801 eb4c | 448b 4e08 | 49ba 0000 | 00d9 6a02 | 0000 4d03 | ca4d 8bd1 | 4c33 4908 | 49f7 c1fc 
  0x0000026ac14faa48: ffff ff74 | 2b41 f6c1 | 0275 2548 | f741 08fe | ffff ff74 | 174d 8bca | 4c33 4908 | 49f7 c1fc 
  0x0000026ac14faa68: ffff ff74 | 0b48 8349 | 0802 eb04 | 4c89 4908 

  0x0000026ac14faa78: ;   {oop(a 'java/lang/invoke/MethodType'{0x000000074025ce00} = (Ljava/lang/Object;Ljava/lang/Object;Ljava/lang/Object;Ljava/lang/Object;)Ljava/lang/Object;)}
  0x0000026ac14faa78: 49b9 00ce | 2540 0700 | 0000 4d85 | c975 0cf6 | 4118 0175 | 06f0 4883 

  0x0000026ac14faa90: ;   {metadata(method data for {method} {0x0000026b1a42b6b8} 'invokeExact_MT' '(Ljava/lang/Object;Ljava/lang/Object;Ljava/lang/Object;Ljava/lang/Object;Ljava/lang/Object;Ljava/lang/Object;)Ljava/lang/Object;' in 'java/lang/invoke/LambdaForm$MH+0x0000026ada00f400')}
  0x0000026ac14faa90: 4918 0148 | b900 e85d | 1a6b 0200 | 0048 8381 | 8001 0000 

  0x0000026ac14faaa4: ;   {metadata(method data for {method} {0x0000026ad93d94e0} 'checkExactType' '(Ljava/lang/invoke/MethodHandle;Ljava/lang/invoke/MethodType;)V' in 'java/lang/invoke/Invokers')}
  0x0000026ac14faaa4: 0148 b9b0 | 642a 1a6b | 0200 0044 | 8b99 cc00 | 0000 4183 | c302 4489 | 99cc 0000 | 0041 81e3 
  0x0000026ac14faac4: feff 1f00 | 4585 db0f | 844b 1c00 | 0048 3b06 

  0x0000026ac14faad4: ;   {metadata(method data for {method} {0x0000026ad93d94e0} 'checkExactType' '(Ljava/lang/invoke/MethodHandle;Ljava/lang/invoke/MethodType;)V' in 'java/lang/invoke/Invokers')}
  0x0000026ac14faad4: 488b ce49 | bbb0 642a | 1a6b 0200 | 008b 4908 | 49ba 0000 | 00d9 6a02 | 0000 4903 | ca49 3b8b 
  0x0000026ac14faaf4: 2001 0000 | 750d 4983 | 8328 0100 | 0001 e960 | 0000 0049 | 3b8b 3001 | 0000 750d | 4983 8338 
  0x0000026ac14fab14: 0100 0001 | e94a 0000 | 0049 83bb | 2001 0000 | 0075 1749 | 898b 2001 | 0000 49c7 | 8328 0100 
  0x0000026ac14fab34: 0001 0000 | 00e9 2900 | 0000 4983 | bb30 0100 | 0000 7517 | 4989 8b30 | 0100 0049 | c783 3801 
  0x0000026ac14fab54: 0000 0100 | 0000 e908 | 0000 0049 | 8383 1001 | 0000 018b | 4e10 48c1 | e103 493b 

  0x0000026ac14fab70: ;   {metadata(method data for {method} {0x0000026ad93d94e0} 'checkExactType' '(Ljava/lang/invoke/MethodHandle;Ljava/lang/invoke/MethodType;)V' in 'java/lang/invoke/Invokers')}
  0x0000026ac14fab70: c949 b9b0 | 642a 1a6b | 0200 0049 | c7c3 5801 | 0000 7507 | 49c7 c348 | 0100 004f | 8b2c 194d 
  0x0000026ac14fab90: 8d6d 014f | 892c 190f | 8592 1400 

  0x0000026ac14fab9c: ;   {metadata(method data for {method} {0x0000026b1a42b6b8} 'invokeExact_MT' '(Ljava/lang/Object;Ljava/lang/Object;Ljava/lang/Object;Ljava/lang/Object;Ljava/lang/Object;Ljava/lang/Object;)Ljava/lang/Object;' in 'java/lang/invoke/LambdaForm$MH+0x0000026ada00f400')}
  0x0000026ac14fab9c: 0048 b900 | e85d 1a6b | 0200 0048 | 8d89 c801 | 0000 448b | 4e08 49ba | 0000 00d9 | 6a02 0000 
  0x0000026ac14fabbc: 4d03 ca4d | 8bd1 4c33 | 4908 49f7 | c1fc ffff | ff74 2b41 | f6c1 0275 | 2548 f741 | 08fe ffff 
  0x0000026ac14fabdc: ff74 174d | 8bca 4c33 | 4908 49f7 | c1fc ffff | ff74 0b48 | 8349 0802 | eb04 4c89 

  0x0000026ac14fabf8: ;   {metadata(method data for {method} {0x0000026b1a42b6b8} 'invokeExact_MT' '(Ljava/lang/Object;Ljava/lang/Object;Ljava/lang/Object;Ljava/lang/Object;Ljava/lang/Object;Ljava/lang/Object;)Ljava/lang/Object;' in 'java/lang/invoke/LambdaForm$MH+0x0000026ada00f400')}
  0x0000026ac14fabf8: 4908 48b9 | 00e8 5d1a | 6b02 0000 | 4883 81b8 | 0100 0001 

  0x0000026ac14fac0c: ;   {metadata(method data for {method} {0x0000026ad93d93d8} 'checkCustomized' '(Ljava/lang/invoke/MethodHandle;)V' in 'java/lang/invoke/Invokers')}
  0x0000026ac14fac0c: 48b9 7066 | 2a1a 6b02 | 0000 448b | 89cc 0000 | 0041 83c1 | 0244 8989 | cc00 0000 | 4181 e1fe 
  0x0000026ac14fac2c: ff1f 0045 | 85c9 0f84 | 0a1b 0000 

  0x0000026ac14fac38: ;   {metadata(method data for {method} {0x0000026ad93d93d8} 'checkCustomized' '(Ljava/lang/invoke/MethodHandle;)V' in 'java/lang/invoke/Invokers')}
  0x0000026ac14fac38: 48b9 7066 | 2a1a 6b02 | 0000 4883 | 8110 0100 

  0x0000026ac14fac48: ;   {metadata(method data for {method} {0x0000026ad9095ff0} 'isCompileConstant' '(Ljava/lang/Object;)Z' in 'java/lang/invoke/MethodHandleImpl')}
  0x0000026ac14fac48: 0001 48b9 | 2068 2a1a | 6b02 0000 | 448b 89cc | 0000 0041 | 83c1 0244 | 8989 cc00 | 0000 4181 
  0x0000026ac14fac68: e1fe ff1f | 0045 85c9 | 0f84 ed1a 

  0x0000026ac14fac74: ;   {metadata(method data for {method} {0x0000026ad93d93d8} 'checkCustomized' '(Ljava/lang/invoke/MethodHandle;)V' in 'java/lang/invoke/Invokers')}
  0x0000026ac14fac74: 0000 48b9 | 7066 2a1a | 6b02 0000 | ff81 2001 | 0000 8b4e | 1448 c1e1 | 038b 491c | 48c1 e103 
  0x0000026ac14fac94: ;   {metadata(method data for {method} {0x0000026ad93d93d8} 'checkCustomized' '(Ljava/lang/invoke/MethodHandle;)V' in 'java/lang/invoke/Invokers')}
  0x0000026ac14fac94: 4885 c948 | b970 662a | 1a6b 0200 | 0049 c7c1 | 4001 0000 | 7507 49c7 | c150 0100 | 004e 8b1c 
  0x0000026ac14facb4: 094d 8d5b | 014e 891c | 090f 8529 

  0x0000026ac14facc0: ;   {metadata(method data for {method} {0x0000026ad93d93d8} 'checkCustomized' '(Ljava/lang/invoke/MethodHandle;)V' in 'java/lang/invoke/Invokers')}
  0x0000026ac14facc0: 0000 0048 | b970 662a | 1a6b 0200 | 0048 8381 | 6001 0000 | 0148 8bd6 | 0f1f 8000 

  0x0000026ac14facdc: ;   {static_call}
  0x0000026ac14facdc: 0000 00e8 

  0x0000026ac14face0: ; ImmutableOopMap {[176]=Oop [192]=Oop [200]=Oop [208]=Oop [216]=Oop [224]=Oop }
                      ;*invokestatic maybeCustomize {reexecute=0 rethrow=0 return_oop=0}
                      ; - java.lang.invoke.Invokers::checkCustomized@19
                      ; - java.lang.invoke.LambdaForm$MH/0x0000026ada00f400::invokeExact_MT@15
                      ; - jdk.internal.reflect.DirectMethodHandleAccessor::invokeImpl@92
                      ; - jdk.internal.reflect.DirectMethodHandleAccessor::invoke@23
  0x0000026ac14face0: 5cb9 4801 

  0x0000026ac14face4: ;   {other}
  0x0000026ac14face4: 0f1f 8400 | d40e 0003 | 488b bc24 | c800 0000 | 4c8b 8424 | c000 0000 

  0x0000026ac14facfc: ;   {metadata(method data for {method} {0x0000026b1a42b6b8} 'invokeExact_MT' '(Ljava/lang/Object;Ljava/lang/Object;Ljava/lang/Object;Ljava/lang/Object;Ljava/lang/Object;Ljava/lang/Object;)Ljava/lang/Object;' in 'java/lang/invoke/LambdaForm$MH+0x0000026ada00f400')}
  0x0000026ac14facfc: 49b9 00e8 | 5d1a 6b02 | 0000 4d8d | 8918 0200 | 004d 85c0 | 750f 41f6 | 4108 0175 | 54f0 4983 
  0x0000026ac14fad1c: 4908 01eb | 4c41 8b70 | 0849 ba00 | 0000 d96a | 0200 0049 | 03f2 4c8b | d649 3371 | 0848 f7c6 
  0x0000026ac14fad3c: fcff ffff | 742b 40f6 | c602 7525 | 49f7 4108 | feff ffff | 7417 498b | f249 3371 | 0848 f7c6 
  0x0000026ac14fad5c: fcff ffff | 740b 4983 | 4908 02eb | 0449 8971 | 0848 85ff | 750f 41f6 | 4118 0175 | 53f0 4983 
  0x0000026ac14fad7c: 4918 01eb | 4b8b 7708 | 49ba 0000 | 00d9 6a02 | 0000 4903 | f24c 8bd6 | 4933 7118 | 48f7 c6fc 
  0x0000026ac14fad9c: ffff ff74 | 2b40 f6c6 | 0275 2549 | f741 18fe | ffff ff74 | 1749 8bf2 | 4933 7118 | 48f7 c6fc 
  0x0000026ac14fadbc: ffff ff74 | 0b49 8349 | 1802 eb04 | 4989 7118 | 488b b424 | d000 0000 

  0x0000026ac14fadd4: ;   {metadata(method data for {method} {0x0000026b1a42b6b8} 'invokeExact_MT' '(Ljava/lang/Object;Ljava/lang/Object;Ljava/lang/Object;Ljava/lang/Object;Ljava/lang/Object;Ljava/lang/Object;)Ljava/lang/Object;' in 'java/lang/invoke/LambdaForm$MH+0x0000026ada00f400')}
  0x0000026ac14fadd4: 49b9 00e8 | 5d1a 6b02 | 0000 4983 | 81e0 0100 | 0001 4c8b | cf48 8bbc | 24d8 0000 | 0048 8bb4 
  0x0000026ac14fadf4: 24e0 0000 | 0048 8b94 | 24d0 0000 | 0066 0f1f 

  0x0000026ac14fae04: ;   {optimized virtual_call}
  0x0000026ac14fae04: 4400 00e8 

  0x0000026ac14fae08: ; ImmutableOopMap {[176]=Oop }
                      ;*invokevirtual invokeBasic {reexecute=0 rethrow=0 return_oop=0}
                      ; - java.lang.invoke.LambdaForm$MH/0x0000026ada00f400::invokeExact_MT@24
                      ; - jdk.internal.reflect.DirectMethodHandleAccessor::invokeImpl@92
                      ; - jdk.internal.reflect.DirectMethodHandleAccessor::invoke@23
  0x0000026ac14fae08: f4d6 8e07 

  0x0000026ac14fae0c: ;   {other}
  0x0000026ac14fae0c: 0f1f 8400 | fc0f 0004 

  0x0000026ac14fae14: ;   {metadata(method data for {method} {0x0000026b1a42b6b8} 'invokeExact_MT' '(Ljava/lang/Object;Ljava/lang/Object;Ljava/lang/Object;Ljava/lang/Object;Ljava/lang/Object;Ljava/lang/Object;)Ljava/lang/Object;' in 'java/lang/invoke/LambdaForm$MH+0x0000026ada00f400')}
  0x0000026ac14fae14: 48ba 00e8 | 5d1a 6b02 | 0000 488d | 9238 0200 | 0048 85c0 | 750c f602 | 0175 4df0 | 4883 0a01 
  0x0000026ac14fae34: eb46 8b70 | 0849 ba00 | 0000 d96a | 0200 0049 | 03f2 4c8b | d648 3332 | 48f7 c6fc | ffff ff74 
  0x0000026ac14fae54: 2740 f6c6 | 0275 2148 | f702 feff | ffff 7415 | 498b f248 | 3332 48f7 | c6fc ffff | ff74 0948 
  0x0000026ac14fae74: 830a 02eb | 0348 8932 

  0x0000026ac14fae7c: ;   {metadata(method data for {method} {0x0000026ad93c46e0} 'invokeImpl' '(Ljava/lang/Object;[Ljava/lang/Object;)Ljava/lang/Object;' in 'jdk/internal/reflect/DirectMethodHandleAccessor')}
  0x0000026ac14fae7c: 48ba d0ec | 361a 6b02 | 0000 488d | 9238 0300 | 0048 85c0 | 750c f602 | 0175 4df0 | 4883 0a01 
  0x0000026ac14fae9c: eb46 8b70 | 0849 ba00 | 0000 d96a | 0200 0049 | 03f2 4c8b | d648 3332 | 48f7 c6fc | ffff ff74 
  0x0000026ac14faebc: 2740 f6c6 | 0275 2148 | f702 feff | ffff 7415 | 498b f248 | 3332 48f7 | c6fc ffff | ff74 0948 
  0x0000026ac14faedc: 830a 02eb | 0348 8932 

  0x0000026ac14faee4: ;   {metadata(method data for {method} {0x0000026ad93c46e0} 'invokeImpl' '(Ljava/lang/Object;[Ljava/lang/Object;)Ljava/lang/Object;' in 'jdk/internal/reflect/DirectMethodHandleAccessor')}
  0x0000026ac14faee4: 48ba d0ec | 361a 6b02 | 0000 ff82 | 4803 0000 | 4881 c460 | 0100 005d 

  0x0000026ac14faefc: ;   {poll_return}
  0x0000026ac14faefc: 493b a748 | 0400 000f | 8780 1800 | 00c3 4c8b | 8c24 b800 | 0000 4c8b | 8424 c000 | 0000 8b72 
  0x0000026ac14faf1c: 1848 c1e6 | 0348 89b4 | 24f0 0000 | 0041 8379 | 0c00 0f86 | 7518 0000 | 418b 7910 | 48c1 e703 
  0x0000026ac14faf3c: 4889 bc24 | e800 0000 | 4183 790c | 010f 866c | 1800 0041 | 8b59 1448 | c1e3 0348 | 899c 24f8 
  0x0000026ac14faf5c: ;   {metadata(method data for {method} {0x0000026ad93c46e0} 'invokeImpl' '(Ljava/lang/Object;[Ljava/lang/Object;)Ljava/lang/Object;' in 'jdk/internal/reflect/DirectMethodHandleAccessor')}
  0x0000026ac14faf5c: 0000 0048 | b8d0 ec36 | 1a6b 0200 | 0048 8d80 | 9802 0000 | 4d85 c075 | 0ef6 4008 | 0175 53f0 
  0x0000026ac14faf7c: 4883 4808 | 01eb 4b41 | 8b48 0849 | ba00 0000 | d96a 0200 | 0049 03ca | 4c8b d148 | 3348 0848 
  0x0000026ac14faf9c: f7c1 fcff | ffff 742a | f6c1 0275 | 2548 f740 | 08fe ffff | ff74 1749 | 8bca 4833 | 4808 48f7 
  0x0000026ac14fafbc: c1fc ffff | ff74 0b48 | 8348 0802 | eb04 4889 

  0x0000026ac14fafcc: ;   {metadata(method data for {method} {0x0000026b1a455ab8} 'invokeExact_MT' '(Ljava/lang/Object;Ljava/lang/Object;Ljava/lang/Object;Ljava/lang/Object;Ljava/lang/Object;)Ljava/lang/Object;' in 'java/lang/invoke/LambdaForm$MH+0x0000026ada01cc00')}
  0x0000026ac14fafcc: 4808 48b8 | 185d 451a | 6b02 0000 | 488d 80c0 | 0200 0048 | 85f6 750c | f600 0175 | 4cf0 4883 
  0x0000026ac14fafec: 0801 eb45 | 8b4e 0849 | ba00 0000 | d96a 0200 | 0049 03ca | 4c8b d148 | 3308 48f7 | c1fc ffff 
  0x0000026ac14fb00c: ff74 26f6 | c102 7521 | 48f7 00fe | ffff ff74 | 1549 8bca | 4833 0848 | f7c1 fcff | ffff 7409 
  0x0000026ac14fb02c: 4883 0802 | eb03 4889 | 084d 85c0 | 750e f640 | 1001 7553 | f048 8348 | 1001 eb4b | 418b 4808 
  0x0000026ac14fb04c: 49ba 0000 | 00d9 6a02 | 0000 4903 | ca4c 8bd1 | 4833 4810 | 48f7 c1fc | ffff ff74 | 2af6 c102 
  0x0000026ac14fb06c: 7525 48f7 | 4010 feff | ffff 7417 | 498b ca48 | 3348 1048 | f7c1 fcff | ffff 740b | 4883 4810 
  0x0000026ac14fb08c: 02eb 0448 

  0x0000026ac14fb090: ;   {metadata(method data for {method} {0x0000026ad93c46e0} 'invokeImpl' '(Ljava/lang/Object;[Ljava/lang/Object;)Ljava/lang/Object;' in 'jdk/internal/reflect/DirectMethodHandleAccessor')}
  0x0000026ac14fb090: 8948 1048 | b8d0 ec36 | 1a6b 0200 | 0048 8380 | 6002 0000 

  0x0000026ac14fb0a4: ;   {metadata(method data for {method} {0x0000026b1a455ab8} 'invokeExact_MT' '(Ljava/lang/Object;Ljava/lang/Object;Ljava/lang/Object;Ljava/lang/Object;Ljava/lang/Object;)Ljava/lang/Object;' in 'java/lang/invoke/LambdaForm$MH+0x0000026ada01cc00')}
  0x0000026ac14fb0a4: 0148 b818 | 5d45 1a6b | 0200 008b | 88cc 0000 | 0083 c102 | 8988 cc00 | 0000 81e1 | feff 1f00 
  0x0000026ac14fb0c4: 85c9 0f84 | 0117 0000 

  0x0000026ac14fb0cc: ;   {metadata(method data for {method} {0x0000026b1a455ab8} 'invokeExact_MT' '(Ljava/lang/Object;Ljava/lang/Object;Ljava/lang/Object;Ljava/lang/Object;Ljava/lang/Object;)Ljava/lang/Object;' in 'java/lang/invoke/LambdaForm$MH+0x0000026ada01cc00')}
  0x0000026ac14fb0cc: 48b8 185d | 451a 6b02 | 0000 488d | 8090 0100 | 0048 85f6 | 750e f640 | 0801 7552 | f048 8348 
  0x0000026ac14fb0ec: 0801 eb4a | 8b4e 0849 | ba00 0000 | d96a 0200 | 0049 03ca | 4c8b d148 | 3348 0848 | f7c1 fcff 
  0x0000026ac14fb10c: ffff 742a | f6c1 0275 | 2548 f740 | 08fe ffff | ff74 1749 | 8bca 4833 | 4808 48f7 | c1fc ffff 
  0x0000026ac14fb12c: ff74 0b48 | 8348 0802 | eb04 4889 

  0x0000026ac14fb138: ;   {oop(a 'java/lang/invoke/MethodType'{0x00000007402883b0} = (Ljava/lang/Object;Ljava/lang/Object;Ljava/lang/Object;)Ljava/lang/Object;)}
  0x0000026ac14fb138: 4808 48b9 | b083 2840 | 0700 0000 | 4885 c975 | 0cf6 4018 | 0175 06f0 | 4883 4818 

  0x0000026ac14fb154: ;   {metadata(method data for {method} {0x0000026b1a455ab8} 'invokeExact_MT' '(Ljava/lang/Object;Ljava/lang/Object;Ljava/lang/Object;Ljava/lang/Object;Ljava/lang/Object;)Ljava/lang/Object;' in 'java/lang/invoke/LambdaForm$MH+0x0000026ada01cc00')}
  0x0000026ac14fb154: 0148 b818 | 5d45 1a6b | 0200 0048 | 8380 8001 

  0x0000026ac14fb164: ;   {metadata(method data for {method} {0x0000026ad93d94e0} 'checkExactType' '(Ljava/lang/invoke/MethodHandle;Ljava/lang/invoke/MethodType;)V' in 'java/lang/invoke/Invokers')}
  0x0000026ac14fb164: 0000 0148 | b8b0 642a | 1a6b 0200 | 0044 8b88 | cc00 0000 | 4183 c102 | 4489 88cc | 0000 0041 
  0x0000026ac14fb184: 81e1 feff | 1f00 4585 | c90f 845b | 1600 0048 | 3b06 488b 

  0x0000026ac14fb198: ;   {metadata(method data for {method} {0x0000026ad93d94e0} 'checkExactType' '(Ljava/lang/invoke/MethodHandle;Ljava/lang/invoke/MethodType;)V' in 'java/lang/invoke/Invokers')}
  0x0000026ac14fb198: c649 b9b0 | 642a 1a6b | 0200 008b | 4008 49ba | 0000 00d9 | 6a02 0000 | 4903 c249 | 3b81 2001 
  0x0000026ac14fb1b8: 0000 750d | 4983 8128 | 0100 0001 | e960 0000 | 0049 3b81 | 3001 0000 | 750d 4983 | 8138 0100 
  0x0000026ac14fb1d8: 0001 e94a | 0000 0049 | 83b9 2001 | 0000 0075 | 1749 8981 | 2001 0000 | 49c7 8128 | 0100 0001 
  0x0000026ac14fb1f8: 0000 00e9 | 2900 0000 | 4983 b930 | 0100 0000 | 7517 4989 | 8130 0100 | 0049 c781 | 3801 0000 
  0x0000026ac14fb218: 0100 0000 | e908 0000 | 0049 8381 | 1001 0000 | 018b 4610 | 48c1 e003 

  0x0000026ac14fb230: ;   {metadata(method data for {method} {0x0000026ad93d94e0} 'checkExactType' '(Ljava/lang/invoke/MethodHandle;Ljava/lang/invoke/MethodType;)V' in 'java/lang/invoke/Invokers')}
  0x0000026ac14fb230: 483b c148 | b9b0 642a | 1a6b 0200 | 0049 c7c1 | 5801 0000 | 7507 49c7 | c148 0100 | 004e 8b1c 
  0x0000026ac14fb250: 094d 8d5b | 014e 891c | 090f 8590 

  0x0000026ac14fb25c: ;   {metadata(method data for {method} {0x0000026b1a455ab8} 'invokeExact_MT' '(Ljava/lang/Object;Ljava/lang/Object;Ljava/lang/Object;Ljava/lang/Object;Ljava/lang/Object;)Ljava/lang/Object;' in 'java/lang/invoke/LambdaForm$MH+0x0000026ada01cc00')}
  0x0000026ac14fb25c: 0d00 0048 | b818 5d45 | 1a6b 0200 | 0048 8d80 | c801 0000 | 8b4e 0849 | ba00 0000 | d96a 0200 
  0x0000026ac14fb27c: 0049 03ca | 4c8b d148 | 3348 0848 | f7c1 fcff | ffff 742a | f6c1 0275 | 2548 f740 | 08fe ffff 
  0x0000026ac14fb29c: ff74 1749 | 8bca 4833 | 4808 48f7 | c1fc ffff | ff74 0b48 | 8348 0802 | eb04 4889 

  0x0000026ac14fb2b8: ;   {metadata(method data for {method} {0x0000026b1a455ab8} 'invokeExact_MT' '(Ljava/lang/Object;Ljava/lang/Object;Ljava/lang/Object;Ljava/lang/Object;Ljava/lang/Object;)Ljava/lang/Object;' in 'java/lang/invoke/LambdaForm$MH+0x0000026ada01cc00')}
  0x0000026ac14fb2b8: 4808 48b8 | 185d 451a | 6b02 0000 | 4883 80b8 | 0100 0001 

  0x0000026ac14fb2cc: ;   {metadata(method data for {method} {0x0000026ad93d93d8} 'checkCustomized' '(Ljava/lang/invoke/MethodHandle;)V' in 'java/lang/invoke/Invokers')}
  0x0000026ac14fb2cc: 48b8 7066 | 2a1a 6b02 | 0000 8b88 | cc00 0000 | 83c1 0289 | 88cc 0000 | 0081 e1fe | ff1f 0085 
  0x0000026ac14fb2ec: c90f 8421 

  0x0000026ac14fb2f0: ;   {metadata(method data for {method} {0x0000026ad93d93d8} 'checkCustomized' '(Ljava/lang/invoke/MethodHandle;)V' in 'java/lang/invoke/Invokers')}
  0x0000026ac14fb2f0: 1500 0048 | b870 662a | 1a6b 0200 | 0048 8380 | 1001 0000 

  0x0000026ac14fb304: ;   {metadata(method data for {method} {0x0000026ad9095ff0} 'isCompileConstant' '(Ljava/lang/Object;)Z' in 'java/lang/invoke/MethodHandleImpl')}
  0x0000026ac14fb304: 0148 b820 | 682a 1a6b | 0200 008b | 88cc 0000 | 0083 c102 | 8988 cc00 | 0000 81e1 | feff 1f00 
  0x0000026ac14fb324: 85c9 0f84 | 0915 0000 

  0x0000026ac14fb32c: ;   {metadata(method data for {method} {0x0000026ad93d93d8} 'checkCustomized' '(Ljava/lang/invoke/MethodHandle;)V' in 'java/lang/invoke/Invokers')}
  0x0000026ac14fb32c: 48b8 7066 | 2a1a 6b02 | 0000 ff80 | 2001 0000 | 8b46 1448 | c1e0 038b | 401c 48c1 | e003 4885 
  0x0000026ac14fb34c: ;   {metadata(method data for {method} {0x0000026ad93d93d8} 'checkCustomized' '(Ljava/lang/invoke/MethodHandle;)V' in 'java/lang/invoke/Invokers')}
  0x0000026ac14fb34c: c048 b870 | 662a 1a6b | 0200 0048 | c7c1 4001 | 0000 7507 | 48c7 c150 | 0100 004c | 8b0c 084d 
  0x0000026ac14fb36c: 8d49 014c | 890c 080f | 8523 0000 

  0x0000026ac14fb378: ;   {metadata(method data for {method} {0x0000026ad93d93d8} 'checkCustomized' '(Ljava/lang/invoke/MethodHandle;)V' in 'java/lang/invoke/Invokers')}
  0x0000026ac14fb378: 0048 b870 | 662a 1a6b | 0200 0048 | 8380 6001 | 0000 0148 

  0x0000026ac14fb38c: ;   {static_call}
  0x0000026ac14fb38c: 8bd6 90e8 

  0x0000026ac14fb390: ; ImmutableOopMap {[176]=Oop [192]=Oop [232]=Oop [240]=Oop [248]=Oop }
                      ;*invokestatic maybeCustomize {reexecute=0 rethrow=0 return_oop=0}
                      ; - java.lang.invoke.Invokers::checkCustomized@19
                      ; - java.lang.invoke.LambdaForm$MH/0x0000026ada01cc00::invokeExact_MT@15
                      ; - jdk.internal.reflect.DirectMethodHandleAccessor::invokeImpl@72
                      ; - jdk.internal.reflect.DirectMethodHandleAccessor::invoke@23
  0x0000026ac14fb390: acb2 4801 

  0x0000026ac14fb394: ;   {other}
  0x0000026ac14fb394: 0f1f 8400 | 8415 0005 | 488b bc24 | e800 0000 | 4c8b 8424 | c000 0000 

  0x0000026ac14fb3ac: ;   {metadata(method data for {method} {0x0000026b1a455ab8} 'invokeExact_MT' '(Ljava/lang/Object;Ljava/lang/Object;Ljava/lang/Object;Ljava/lang/Object;Ljava/lang/Object;)Ljava/lang/Object;' in 'java/lang/invoke/LambdaForm$MH+0x0000026ada01cc00')}
  0x0000026ac14fb3ac: 49b9 185d | 451a 6b02 | 0000 4d8d | 8918 0200 | 004d 85c0 | 750f 41f6 | 4108 0175 | 53f0 4983 
  0x0000026ac14fb3cc: 4908 01eb | 4b41 8b50 | 0849 ba00 | 0000 d96a | 0200 0049 | 03d2 4c8b | d249 3351 | 0848 f7c2 
  0x0000026ac14fb3ec: fcff ffff | 742a f6c2 | 0275 2549 | f741 08fe | ffff ff74 | 1749 8bd2 | 4933 5108 | 48f7 c2fc 
  0x0000026ac14fb40c: ffff ff74 | 0b49 8349 | 0802 eb04 | 4989 5108 | 4885 ff75 | 0f41 f641 | 1801 7552 | f049 8349 
  0x0000026ac14fb42c: 1801 eb4a | 8b57 0849 | ba00 0000 | d96a 0200 | 0049 03d2 | 4c8b d249 | 3351 1848 | f7c2 fcff 
  0x0000026ac14fb44c: ffff 742a | f6c2 0275 | 2549 f741 | 18fe ffff | ff74 1749 | 8bd2 4933 | 5118 48f7 | c2fc ffff 
  0x0000026ac14fb46c: ff74 0b49 | 8349 1802 | eb04 4989 | 5118 488b | b424 f000 

  0x0000026ac14fb480: ;   {metadata(method data for {method} {0x0000026b1a455ab8} 'invokeExact_MT' '(Ljava/lang/Object;Ljava/lang/Object;Ljava/lang/Object;Ljava/lang/Object;Ljava/lang/Object;)Ljava/lang/Object;' in 'java/lang/invoke/LambdaForm$MH+0x0000026ada01cc00')}
  0x0000026ac14fb480: 0000 49b9 | 185d 451a | 6b02 0000 | 4983 81e0 | 0100 0001 | 4c8b cf48 | 8bbc 24f8 | 0000 0048 
  0x0000026ac14fb4a0: 8b94 24f0 

  0x0000026ac14fb4a4: ;   {optimized virtual_call}
  0x0000026ac14fb4a4: 0000 00e8 

  0x0000026ac14fb4a8: ; ImmutableOopMap {[176]=Oop }
                      ;*invokevirtual invokeBasic {reexecute=0 rethrow=0 return_oop=0}
                      ; - java.lang.invoke.LambdaForm$MH/0x0000026ada01cc00::invokeExact_MT@22
                      ; - jdk.internal.reflect.DirectMethodHandleAccessor::invokeImpl@72
                      ; - jdk.internal.reflect.DirectMethodHandleAccessor::invoke@23
  0x0000026ac14fb4a8: 5490 8e07 

  0x0000026ac14fb4ac: ;   {other}
  0x0000026ac14fb4ac: 0f1f 8400 | 9c16 0006 

  0x0000026ac14fb4b4: ;   {metadata(method data for {method} {0x0000026b1a455ab8} 'invokeExact_MT' '(Ljava/lang/Object;Ljava/lang/Object;Ljava/lang/Object;Ljava/lang/Object;Ljava/lang/Object;)Ljava/lang/Object;' in 'java/lang/invoke/LambdaForm$MH+0x0000026ada01cc00')}
  0x0000026ac14fb4b4: 48ba 185d | 451a 6b02 | 0000 488d | 9238 0200 | 0048 85c0 | 750c f602 | 0175 4df0 | 4883 0a01 
  0x0000026ac14fb4d4: eb46 8b70 | 0849 ba00 | 0000 d96a | 0200 0049 | 03f2 4c8b | d648 3332 | 48f7 c6fc | ffff ff74 
  0x0000026ac14fb4f4: 2740 f6c6 | 0275 2148 | f702 feff | ffff 7415 | 498b f248 | 3332 48f7 | c6fc ffff | ff74 0948 
  0x0000026ac14fb514: 830a 02eb | 0348 8932 

  0x0000026ac14fb51c: ;   {metadata(method data for {method} {0x0000026ad93c46e0} 'invokeImpl' '(Ljava/lang/Object;[Ljava/lang/Object;)Ljava/lang/Object;' in 'jdk/internal/reflect/DirectMethodHandleAccessor')}
  0x0000026ac14fb51c: 48ba d0ec | 361a 6b02 | 0000 488d | 92b8 0200 | 0048 85c0 | 750c f602 | 0175 4df0 | 4883 0a01 
  0x0000026ac14fb53c: eb46 8b70 | 0849 ba00 | 0000 d96a | 0200 0049 | 03f2 4c8b | d648 3332 | 48f7 c6fc | ffff ff74 
  0x0000026ac14fb55c: 2740 f6c6 | 0275 2148 | f702 feff | ffff 7415 | 498b f248 | 3332 48f7 | c6fc ffff | ff74 0948 
  0x0000026ac14fb57c: 830a 02eb | 0348 8932 

  0x0000026ac14fb584: ;   {metadata(method data for {method} {0x0000026ad93c46e0} 'invokeImpl' '(Ljava/lang/Object;[Ljava/lang/Object;)Ljava/lang/Object;' in 'jdk/internal/reflect/DirectMethodHandleAccessor')}
  0x0000026ac14fb584: 48ba d0ec | 361a 6b02 | 0000 ff82 | c802 0000 | 4881 c460 | 0100 005d 

  0x0000026ac14fb59c: ;   {poll_return}
  0x0000026ac14fb59c: 493b a748 | 0400 000f | 87b2 1200 | 00c3 4c8b | 8c24 b800 | 0000 4c8b | 8424 c000 | 0000 8b72 
  0x0000026ac14fb5bc: 1848 c1e6 | 0348 89b4 | 2408 0100 | 0041 8379 | 0c00 0f86 | a712 0000 | 418b 7910 | 48c1 e703 
  0x0000026ac14fb5dc: 4889 bc24 | 0001 0000 

  0x0000026ac14fb5e4: ;   {metadata(method data for {method} {0x0000026ad93c46e0} 'invokeImpl' '(Ljava/lang/Object;[Ljava/lang/Object;)Ljava/lang/Object;' in 'jdk/internal/reflect/DirectMethodHandleAccessor')}
  0x0000026ac14fb5e4: 48bb d0ec | 361a 6b02 | 0000 488d | 9b18 0200 | 004d 85c0 | 750e f643 | 0801 7550 | f048 834b 
  0x0000026ac14fb604: 0801 eb48 | 418b 4008 | 49ba 0000 | 00d9 6a02 | 0000 4903 | c24c 8bd0 | 4833 4308 | 48a9 fcff 
  0x0000026ac14fb624: ffff 7428 | a802 7524 | 48f7 4308 | feff ffff | 7416 498b | c248 3343 | 0848 a9fc | ffff ff74 
  0x0000026ac14fb644: 0b48 834b | 0802 eb04 | 4889 4308 

  0x0000026ac14fb650: ;   {metadata(method data for {method} {0x0000026ad90b0158} 'invokeExact_MT' '(Ljava/lang/Object;Ljava/lang/Object;Ljava/lang/Object;Ljava/lang/Object;)Ljava/lang/Object;' in 'java/lang/invoke/Invokers$Holder')}
  0x0000026ac14fb650: 48bb a029 | 321a 6b02 | 0000 488d | 9bb8 0200 | 0048 85f6 | 750c f603 | 0175 49f0 | 4883 0b01 
  0x0000026ac14fb670: eb42 8b46 | 0849 ba00 | 0000 d96a | 0200 0049 | 03c2 4c8b | d048 3303 | 48a9 fcff | ffff 7424 
  0x0000026ac14fb690: a802 7520 | 48f7 03fe | ffff ff74 | 1449 8bc2 | 4833 0348 | a9fc ffff | ff74 0948 | 830b 02eb 
  0x0000026ac14fb6b0: 0348 8903 | 4d85 c075 | 0ef6 4310 | 0175 50f0 | 4883 4b10 | 01eb 4841 | 8b40 0849 | ba00 0000 
  0x0000026ac14fb6d0: d96a 0200 | 0049 03c2 | 4c8b d048 | 3343 1048 | a9fc ffff | ff74 28a8 | 0275 2448 | f743 10fe 
  0x0000026ac14fb6f0: ffff ff74 | 1649 8bc2 | 4833 4310 | 48a9 fcff | ffff 740b | 4883 4b10 | 02eb 0448 

  0x0000026ac14fb70c: ;   {metadata(method data for {method} {0x0000026ad93c46e0} 'invokeImpl' '(Ljava/lang/Object;[Ljava/lang/Object;)Ljava/lang/Object;' in 'jdk/internal/reflect/DirectMethodHandleAccessor')}
  0x0000026ac14fb70c: 8943 1048 | bbd0 ec36 | 1a6b 0200 | 0048 8383 | e001 0000 

  0x0000026ac14fb720: ;   {metadata(method data for {method} {0x0000026ad90b0158} 'invokeExact_MT' '(Ljava/lang/Object;Ljava/lang/Object;Ljava/lang/Object;Ljava/lang/Object;)Ljava/lang/Object;' in 'java/lang/invoke/Invokers$Holder')}
  0x0000026ac14fb720: 0148 bba0 | 2932 1a6b | 0200 008b | 83cc 0000 | 0083 c002 | 8983 cc00 | 0000 25fe | ff1f 0085 
  0x0000026ac14fb740: c00f 8446 

  0x0000026ac14fb744: ;   {metadata(method data for {method} {0x0000026ad90b0158} 'invokeExact_MT' '(Ljava/lang/Object;Ljava/lang/Object;Ljava/lang/Object;Ljava/lang/Object;)Ljava/lang/Object;' in 'java/lang/invoke/Invokers$Holder')}
  0x0000026ac14fb744: 1100 0048 | bba0 2932 | 1a6b 0200 | 0048 8d9b | 9001 0000 | 4885 f675 | 0ef6 4308 | 0175 4ff0 
  0x0000026ac14fb764: 4883 4b08 | 01eb 478b | 4608 49ba | 0000 00d9 | 6a02 0000 | 4903 c24c | 8bd0 4833 | 4308 48a9 
  0x0000026ac14fb784: fcff ffff | 7428 a802 | 7524 48f7 | 4308 feff | ffff 7416 | 498b c248 | 3343 0848 | a9fc ffff 
  0x0000026ac14fb7a4: ff74 0b48 | 834b 0802 | eb04 4889 

  0x0000026ac14fb7b0: ;   {oop(a 'java/lang/invoke/MethodType'{0x0000000740276570} = (Ljava/lang/Object;Ljava/lang/Object;)Ljava/lang/Object;)}
  0x0000026ac14fb7b0: 4308 48b8 | 7065 2740 | 0700 0000 | 4885 c075 | 0cf6 4318 | 0175 06f0 | 4883 4b18 

  0x0000026ac14fb7cc: ;   {metadata(method data for {method} {0x0000026ad90b0158} 'invokeExact_MT' '(Ljava/lang/Object;Ljava/lang/Object;Ljava/lang/Object;Ljava/lang/Object;)Ljava/lang/Object;' in 'java/lang/invoke/Invokers$Holder')}
  0x0000026ac14fb7cc: 0148 bba0 | 2932 1a6b | 0200 0048 | 8383 8001 

  0x0000026ac14fb7dc: ;   {metadata(method data for {method} {0x0000026ad93d94e0} 'checkExactType' '(Ljava/lang/invoke/MethodHandle;Ljava/lang/invoke/MethodType;)V' in 'java/lang/invoke/Invokers')}
  0x0000026ac14fb7dc: 0000 0148 | bbb0 642a | 1a6b 0200 | 008b 8bcc | 0000 0083 | c102 898b | cc00 0000 | 81e1 feff 
  0x0000026ac14fb7fc: 1f00 85c9 | 0f84 a810 | 0000 483b | 0648 8bde 

  0x0000026ac14fb80c: ;   {metadata(method data for {method} {0x0000026ad93d94e0} 'checkExactType' '(Ljava/lang/invoke/MethodHandle;Ljava/lang/invoke/MethodType;)V' in 'java/lang/invoke/Invokers')}
  0x0000026ac14fb80c: 48b9 b064 | 2a1a 6b02 | 0000 8b5b | 0849 ba00 | 0000 d96a | 0200 0049 | 03da 483b | 9920 0100 
  0x0000026ac14fb82c: 0075 0d48 | 8381 2801 | 0000 01e9 | 6000 0000 | 483b 9930 | 0100 0075 | 0d48 8381 | 3801 0000 
  0x0000026ac14fb84c: 01e9 4a00 | 0000 4883 | b920 0100 | 0000 7517 | 4889 9920 | 0100 0048 | c781 2801 | 0000 0100 
  0x0000026ac14fb86c: 0000 e929 | 0000 0048 | 83b9 3001 | 0000 0075 | 1748 8999 | 3001 0000 | 48c7 8138 | 0100 0001 
  0x0000026ac14fb88c: 0000 00e9 | 0800 0000 | 4883 8110 | 0100 0001 | 8b5e 1048 | c1e3 0348 

  0x0000026ac14fb8a4: ;   {metadata(method data for {method} {0x0000026ad93d94e0} 'checkExactType' '(Ljava/lang/invoke/MethodHandle;Ljava/lang/invoke/MethodType;)V' in 'java/lang/invoke/Invokers')}
  0x0000026ac14fb8a4: 3bd8 48b8 | b064 2a1a | 6b02 0000 | 48c7 c158 | 0100 0075 | 0748 c7c1 | 4801 0000 | 4c8b 0c08 
  0x0000026ac14fb8c4: 4d8d 4901 | 4c89 0c08 | 0f85 dd06 

  0x0000026ac14fb8d0: ;   {metadata(method data for {method} {0x0000026ad90b0158} 'invokeExact_MT' '(Ljava/lang/Object;Ljava/lang/Object;Ljava/lang/Object;Ljava/lang/Object;)Ljava/lang/Object;' in 'java/lang/invoke/Invokers$Holder')}
  0x0000026ac14fb8d0: 0000 48bb | a029 321a | 6b02 0000 | 488d 9bc8 | 0100 008b | 4608 49ba | 0000 00d9 | 6a02 0000 
  0x0000026ac14fb8f0: 4903 c24c | 8bd0 4833 | 4308 48a9 | fcff ffff | 7428 a802 | 7524 48f7 | 4308 feff | ffff 7416 
  0x0000026ac14fb910: 498b c248 | 3343 0848 | a9fc ffff | ff74 0b48 | 834b 0802 | eb04 4889 

  0x0000026ac14fb928: ;   {metadata(method data for {method} {0x0000026ad90b0158} 'invokeExact_MT' '(Ljava/lang/Object;Ljava/lang/Object;Ljava/lang/Object;Ljava/lang/Object;)Ljava/lang/Object;' in 'java/lang/invoke/Invokers$Holder')}
  0x0000026ac14fb928: 4308 48bb | a029 321a | 6b02 0000 | 4883 83b8 | 0100 0001 

  0x0000026ac14fb93c: ;   {metadata(method data for {method} {0x0000026ad93d93d8} 'checkCustomized' '(Ljava/lang/invoke/MethodHandle;)V' in 'java/lang/invoke/Invokers')}
  0x0000026ac14fb93c: 48bb 7066 | 2a1a 6b02 | 0000 8b83 | cc00 0000 | 83c0 0289 | 83cc 0000 | 0025 feff | 1f00 85c0 
  0x0000026ac14fb95c: 0f84 720f 

  0x0000026ac14fb960: ;   {metadata(method data for {method} {0x0000026ad93d93d8} 'checkCustomized' '(Ljava/lang/invoke/MethodHandle;)V' in 'java/lang/invoke/Invokers')}
  0x0000026ac14fb960: 0000 48bb | 7066 2a1a | 6b02 0000 | 4883 8310 | 0100 0001 

  0x0000026ac14fb974: ;   {metadata(method data for {method} {0x0000026ad9095ff0} 'isCompileConstant' '(Ljava/lang/Object;)Z' in 'java/lang/invoke/MethodHandleImpl')}
  0x0000026ac14fb974: 48bb 2068 | 2a1a 6b02 | 0000 8b83 | cc00 0000 | 83c0 0289 | 83cc 0000 | 0025 feff | 1f00 85c0 
  0x0000026ac14fb994: 0f84 5b0f 

  0x0000026ac14fb998: ;   {metadata(method data for {method} {0x0000026ad93d93d8} 'checkCustomized' '(Ljava/lang/invoke/MethodHandle;)V' in 'java/lang/invoke/Invokers')}
  0x0000026ac14fb998: 0000 48bb | 7066 2a1a | 6b02 0000 | ff83 2001 | 0000 8b5e | 1448 c1e3 | 038b 5b1c | 48c1 e303 
  0x0000026ac14fb9b8: ;   {metadata(method data for {method} {0x0000026ad93d93d8} 'checkCustomized' '(Ljava/lang/invoke/MethodHandle;)V' in 'java/lang/invoke/Invokers')}
  0x0000026ac14fb9b8: 4885 db48 | bb70 662a | 1a6b 0200 | 0048 c7c0 | 4001 0000 | 7507 48c7 | c050 0100 | 0048 8b0c 
  0x0000026ac14fb9d8: 0348 8d49 | 0148 890c | 030f 8525 

  0x0000026ac14fb9e4: ;   {metadata(method data for {method} {0x0000026ad93d93d8} 'checkCustomized' '(Ljava/lang/invoke/MethodHandle;)V' in 'java/lang/invoke/Invokers')}
  0x0000026ac14fb9e4: 0000 0048 | bb70 662a | 1a6b 0200 | 0048 8383 | 6001 0000 | 0148 8bd6 

  0x0000026ac14fb9fc: ;   {static_call}
  0x0000026ac14fb9fc: 6666 90e8 

  0x0000026ac14fba00: ; ImmutableOopMap {[176]=Oop [192]=Oop [256]=Oop [264]=Oop }
                      ;*invokestatic maybeCustomize {reexecute=0 rethrow=0 return_oop=0}
                      ; - java.lang.invoke.Invokers::checkCustomized@19
                      ; - java.lang.invoke.Invokers$Holder::invokeExact_MT@14
                      ; - jdk.internal.reflect.DirectMethodHandleAccessor::invokeImpl@55
                      ; - jdk.internal.reflect.DirectMethodHandleAccessor::invoke@23
  0x0000026ac14fba00: 3cac 4801 

  0x0000026ac14fba04: ;   {other}
  0x0000026ac14fba04: 0f1f 8400 | f41b 0007 | 488b bc24 | 0001 0000 | 4c8b 8424 | c000 0000 

  0x0000026ac14fba1c: ;   {metadata(method data for {method} {0x0000026ad90b0158} 'invokeExact_MT' '(Ljava/lang/Object;Ljava/lang/Object;Ljava/lang/Object;Ljava/lang/Object;)Ljava/lang/Object;' in 'java/lang/invoke/Invokers$Holder')}
  0x0000026ac14fba1c: 49b9 a029 | 321a 6b02 | 0000 4d8d | 8918 0200 | 004d 85c0 | 750f 41f6 | 4108 0175 | 53f0 4983 
  0x0000026ac14fba3c: 4908 01eb | 4b41 8b50 | 0849 ba00 | 0000 d96a | 0200 0049 | 03d2 4c8b | d249 3351 | 0848 f7c2 
  0x0000026ac14fba5c: fcff ffff | 742a f6c2 | 0275 2549 | f741 08fe | ffff ff74 | 1749 8bd2 | 4933 5108 | 48f7 c2fc 
  0x0000026ac14fba7c: ffff ff74 | 0b49 8349 | 0802 eb04 | 4989 5108 | 4885 ff75 | 0f41 f641 | 1801 7552 | f049 8349 
  0x0000026ac14fba9c: 1801 eb4a | 8b57 0849 | ba00 0000 | d96a 0200 | 0049 03d2 | 4c8b d249 | 3351 1848 | f7c2 fcff 
  0x0000026ac14fbabc: ffff 742a | f6c2 0275 | 2549 f741 | 18fe ffff | ff74 1749 | 8bd2 4933 | 5118 48f7 | c2fc ffff 
  0x0000026ac14fbadc: ff74 0b49 | 8349 1802 | eb04 4989 | 5118 488b | b424 0801 

  0x0000026ac14fbaf0: ;   {metadata(method data for {method} {0x0000026ad90b0158} 'invokeExact_MT' '(Ljava/lang/Object;Ljava/lang/Object;Ljava/lang/Object;Ljava/lang/Object;)Ljava/lang/Object;' in 'java/lang/invoke/Invokers$Holder')}
  0x0000026ac14fbaf0: 0000 49b9 | a029 321a | 6b02 0000 | 4983 81e0 | 0100 0001 | 4c8b cf48 | 8b94 2408 

  0x0000026ac14fbb0c: ;   {optimized virtual_call}
  0x0000026ac14fbb0c: 0100 00e8 

  0x0000026ac14fbb10: ; ImmutableOopMap {[176]=Oop }
                      ;*invokevirtual invokeBasic {reexecute=0 rethrow=0 return_oop=0}
                      ; - java.lang.invoke.Invokers$Holder::invokeExact_MT@20
                      ; - jdk.internal.reflect.DirectMethodHandleAccessor::invokeImpl@55
                      ; - jdk.internal.reflect.DirectMethodHandleAccessor::invoke@23
  0x0000026ac14fbb10: ec33 8f07 

  0x0000026ac14fbb14: ;   {other}
  0x0000026ac14fbb14: 0f1f 8400 | 041d 0008 

  0x0000026ac14fbb1c: ;   {metadata(method data for {method} {0x0000026ad90b0158} 'invokeExact_MT' '(Ljava/lang/Object;Ljava/lang/Object;Ljava/lang/Object;Ljava/lang/Object;)Ljava/lang/Object;' in 'java/lang/invoke/Invokers$Holder')}
  0x0000026ac14fbb1c: 48ba a029 | 321a 6b02 | 0000 488d | 9238 0200 | 0048 85c0 | 750c f602 | 0175 4df0 | 4883 0a01 
  0x0000026ac14fbb3c: eb46 8b70 | 0849 ba00 | 0000 d96a | 0200 0049 | 03f2 4c8b | d648 3332 | 48f7 c6fc | ffff ff74 
  0x0000026ac14fbb5c: 2740 f6c6 | 0275 2148 | f702 feff | ffff 7415 | 498b f248 | 3332 48f7 | c6fc ffff | ff74 0948 
  0x0000026ac14fbb7c: 830a 02eb | 0348 8932 

  0x0000026ac14fbb84: ;   {metadata(method data for {method} {0x0000026ad93c46e0} 'invokeImpl' '(Ljava/lang/Object;[Ljava/lang/Object;)Ljava/lang/Object;' in 'jdk/internal/reflect/DirectMethodHandleAccessor')}
  0x0000026ac14fbb84: 48ba d0ec | 361a 6b02 | 0000 488d | 9238 0200 | 0048 85c0 | 750c f602 | 0175 4df0 | 4883 0a01 
  0x0000026ac14fbba4: eb46 8b70 | 0849 ba00 | 0000 d96a | 0200 0049 | 03f2 4c8b | d648 3332 | 48f7 c6fc | ffff ff74 
  0x0000026ac14fbbc4: 2740 f6c6 | 0275 2148 | f702 feff | ffff 7415 | 498b f248 | 3332 48f7 | c6fc ffff | ff74 0948 
  0x0000026ac14fbbe4: 830a 02eb | 0348 8932 

  0x0000026ac14fbbec: ;   {metadata(method data for {method} {0x0000026ad93c46e0} 'invokeImpl' '(Ljava/lang/Object;[Ljava/lang/Object;)Ljava/lang/Object;' in 'jdk/internal/reflect/DirectMethodHandleAccessor')}
  0x0000026ac14fbbec: 48ba d0ec | 361a 6b02 | 0000 ff82 | 4802 0000 | 4881 c460 | 0100 005d 

  0x0000026ac14fbc04: ;   {poll_return}
  0x0000026ac14fbc04: 493b a748 | 0400 000f | 870a 0d00 | 00c3 4c8b | 8424 c000 | 0000 8b72 | 1848 c1e6 | 0348 89b4 
  0x0000026ac14fbc24: 2410 0100 

  0x0000026ac14fbc28: ;   {metadata(method data for {method} {0x0000026ad93c46e0} 'invokeImpl' '(Ljava/lang/Object;[Ljava/lang/Object;)Ljava/lang/Object;' in 'jdk/internal/reflect/DirectMethodHandleAccessor')}
  0x0000026ac14fbc28: 0048 bfd0 | ec36 1a6b | 0200 0048 | 8dbf a801 | 0000 4d85 | c075 0cf6 | 4708 0175 | 06f0 4883 
  0x0000026ac14fbc48: ;   {metadata(method data for {method} {0x0000026ad90b0208} 'invokeExact_MT' '(Ljava/lang/Object;Ljava/lang/Object;Ljava/lang/Object;)Ljava/lang/Object;' in 'java/lang/invoke/Invokers$Holder')}
  0x0000026ac14fbc48: 4f08 0148 | bfe8 2632 | 1a6b 0200 | 0048 8dbf | a002 0000 | 4885 f675 | 0af6 0701 | 7505 f048 
  0x0000026ac14fbc68: ;   {metadata(method data for {method} {0x0000026ad93c46e0} 'invokeImpl' '(Ljava/lang/Object;[Ljava/lang/Object;)Ljava/lang/Object;' in 'jdk/internal/reflect/DirectMethodHandleAccessor')}
  0x0000026ac14fbc68: 830f 0148 | bfd0 ec36 | 1a6b 0200 | 0048 8387 | 7001 0000 

  0x0000026ac14fbc7c: ;   {metadata(method data for {method} {0x0000026ad90b0208} 'invokeExact_MT' '(Ljava/lang/Object;Ljava/lang/Object;Ljava/lang/Object;)Ljava/lang/Object;' in 'java/lang/invoke/Invokers$Holder')}
  0x0000026ac14fbc7c: 0148 bfe8 | 2632 1a6b | 0200 008b | 9fcc 0000 | 0083 c302 | 899f cc00 | 0000 81e3 | feff 1f00 
  0x0000026ac14fbc9c: 85db 0f84 | 8d0c 0000 

  0x0000026ac14fbca4: ;   {metadata(method data for {method} {0x0000026ad90b0208} 'invokeExact_MT' '(Ljava/lang/Object;Ljava/lang/Object;Ljava/lang/Object;)Ljava/lang/Object;' in 'java/lang/invoke/Invokers$Holder')}
  0x0000026ac14fbca4: 48bf e826 | 321a 6b02 | 0000 488d | bf90 0100 | 0048 85f6 | 750c f647 | 0801 7506 | f048 834f 
  0x0000026ac14fbcc4: ;   {oop(a 'java/lang/invoke/MethodType'{0x0000000740276458} = (Ljava/lang/Object;)Ljava/lang/Object;)}
  0x0000026ac14fbcc4: 0801 48bb | 5864 2740 | 0700 0000 | 4885 db75 | 0cf6 4718 | 0175 06f0 | 4883 4f18 

  0x0000026ac14fbce0: ;   {metadata(method data for {method} {0x0000026ad90b0208} 'invokeExact_MT' '(Ljava/lang/Object;Ljava/lang/Object;Ljava/lang/Object;)Ljava/lang/Object;' in 'java/lang/invoke/Invokers$Holder')}
  0x0000026ac14fbce0: 0148 bfe8 | 2632 1a6b | 0200 0048 | 8387 8001 

  0x0000026ac14fbcf0: ;   {metadata(method data for {method} {0x0000026ad93d94e0} 'checkExactType' '(Ljava/lang/invoke/MethodHandle;Ljava/lang/invoke/MethodType;)V' in 'java/lang/invoke/Invokers')}
  0x0000026ac14fbcf0: 0000 0148 | bfb0 642a | 1a6b 0200 | 008b 87cc | 0000 0083 | c002 8987 | cc00 0000 | 25fe ff1f 
  0x0000026ac14fbd10: 0085 c00f | 8439 0c00 | 0048 3b06 

  0x0000026ac14fbd1c: ;   {metadata(method data for {method} {0x0000026ad93d94e0} 'checkExactType' '(Ljava/lang/invoke/MethodHandle;Ljava/lang/invoke/MethodType;)V' in 'java/lang/invoke/Invokers')}
  0x0000026ac14fbd1c: 488b fe48 | b8b0 642a | 1a6b 0200 | 008b 7f08 | 49ba 0000 | 00d9 6a02 | 0000 4903 | fa48 3bb8 
  0x0000026ac14fbd3c: 2001 0000 | 750d 4883 | 8028 0100 | 0001 e960 | 0000 0048 | 3bb8 3001 | 0000 750d | 4883 8038 
  0x0000026ac14fbd5c: 0100 0001 | e94a 0000 | 0048 83b8 | 2001 0000 | 0075 1748 | 89b8 2001 | 0000 48c7 | 8028 0100 
  0x0000026ac14fbd7c: 0001 0000 | 00e9 2900 | 0000 4883 | b830 0100 | 0000 7517 | 4889 b830 | 0100 0048 | c780 3801 
  0x0000026ac14fbd9c: 0000 0100 | 0000 e908 | 0000 0048 | 8380 1001 | 0000 018b | 7e10 48c1 | e703 483b 

  0x0000026ac14fbdb8: ;   {metadata(method data for {method} {0x0000026ad93d94e0} 'checkExactType' '(Ljava/lang/invoke/MethodHandle;Ljava/lang/invoke/MethodType;)V' in 'java/lang/invoke/Invokers')}
  0x0000026ac14fbdb8: fb48 bbb0 | 642a 1a6b | 0200 0048 | c7c0 5801 | 0000 7507 | 48c7 c048 | 0100 0048 | 8b0c 0348 
  0x0000026ac14fbdd8: 8d49 0148 | 890c 030f | 8585 0100 

  0x0000026ac14fbde4: ;   {metadata(method data for {method} {0x0000026ad90b0208} 'invokeExact_MT' '(Ljava/lang/Object;Ljava/lang/Object;Ljava/lang/Object;)Ljava/lang/Object;' in 'java/lang/invoke/Invokers$Holder')}
  0x0000026ac14fbde4: 0048 bfe8 | 2632 1a6b | 0200 0048 | 8387 b801 

  0x0000026ac14fbdf4: ;   {metadata(method data for {method} {0x0000026ad93d93d8} 'checkCustomized' '(Ljava/lang/invoke/MethodHandle;)V' in 'java/lang/invoke/Invokers')}
  0x0000026ac14fbdf4: 0000 0148 | bf70 662a | 1a6b 0200 | 008b 9fcc | 0000 0083 | c302 899f | cc00 0000 | 81e3 feff 
  0x0000026ac14fbe14: 1f00 85db | 0f84 5a0b 

  0x0000026ac14fbe1c: ;   {metadata(method data for {method} {0x0000026ad93d93d8} 'checkCustomized' '(Ljava/lang/invoke/MethodHandle;)V' in 'java/lang/invoke/Invokers')}
  0x0000026ac14fbe1c: 0000 48bf | 7066 2a1a | 6b02 0000 | 4883 8710 | 0100 0001 

  0x0000026ac14fbe30: ;   {metadata(method data for {method} {0x0000026ad9095ff0} 'isCompileConstant' '(Ljava/lang/Object;)Z' in 'java/lang/invoke/MethodHandleImpl')}
  0x0000026ac14fbe30: 48bf 2068 | 2a1a 6b02 | 0000 8b9f | cc00 0000 | 83c3 0289 | 9fcc 0000 | 0081 e3fe | ff1f 0085 
  0x0000026ac14fbe50: db0f 8442 

  0x0000026ac14fbe54: ;   {metadata(method data for {method} {0x0000026ad93d93d8} 'checkCustomized' '(Ljava/lang/invoke/MethodHandle;)V' in 'java/lang/invoke/Invokers')}
  0x0000026ac14fbe54: 0b00 0048 | bf70 662a | 1a6b 0200 | 00ff 8720 | 0100 008b | 7e14 48c1 | e703 8b7f | 1c48 c1e7 
  0x0000026ac14fbe74: 0348 85ff 

  0x0000026ac14fbe78: ;   {metadata(method data for {method} {0x0000026ad93d93d8} 'checkCustomized' '(Ljava/lang/invoke/MethodHandle;)V' in 'java/lang/invoke/Invokers')}
  0x0000026ac14fbe78: 48bf 7066 | 2a1a 6b02 | 0000 48c7 | c340 0100 | 0075 0748 | c7c3 5001 | 0000 488b | 041f 488d 
  0x0000026ac14fbe98: 4001 4889 | 041f 0f85 | 2800 0000 

  0x0000026ac14fbea4: ;   {metadata(method data for {method} {0x0000026ad93d93d8} 'checkCustomized' '(Ljava/lang/invoke/MethodHandle;)V' in 'java/lang/invoke/Invokers')}
  0x0000026ac14fbea4: 48bf 7066 | 2a1a 6b02 | 0000 4883 | 8760 0100 | 0001 488b | d666 0f1f 

  0x0000026ac14fbebc: ;   {static_call}
  0x0000026ac14fbebc: 4400 00e8 

  0x0000026ac14fbec0: ; ImmutableOopMap {[176]=Oop [192]=Oop [272]=Oop }
                      ;*invokestatic maybeCustomize {reexecute=0 rethrow=0 return_oop=0}
                      ; - java.lang.invoke.Invokers::checkCustomized@19
                      ; - java.lang.invoke.Invokers$Holder::invokeExact_MT@14
                      ; - jdk.internal.reflect.DirectMethodHandleAccessor::invokeImpl@41
                      ; - jdk.internal.reflect.DirectMethodHandleAccessor::invoke@23
  0x0000026ac14fbec0: 7ca7 4801 

  0x0000026ac14fbec4: ;   {other}
  0x0000026ac14fbec4: 0f1f 8400 | b420 0009 | 488b b424 | 1001 0000 

  0x0000026ac14fbed4: ;   {metadata(method data for {method} {0x0000026ad90b0208} 'invokeExact_MT' '(Ljava/lang/Object;Ljava/lang/Object;Ljava/lang/Object;)Ljava/lang/Object;' in 'java/lang/invoke/Invokers$Holder')}
  0x0000026ac14fbed4: 49b8 e826 | 321a 6b02 | 0000 4983 | 80e0 0100 | 0001 4c8b | 8424 c000 | 0000 488b | 9424 1001 
  0x0000026ac14fbef4: ;   {optimized virtual_call}
  0x0000026ac14fbef4: 0000 90e8 

  0x0000026ac14fbef8: ; ImmutableOopMap {[176]=Oop }
                      ;*invokevirtual invokeBasic {reexecute=0 rethrow=0 return_oop=0}
                      ; - java.lang.invoke.Invokers$Holder::invokeExact_MT@19
                      ; - jdk.internal.reflect.DirectMethodHandleAccessor::invokeImpl@41
                      ; - jdk.internal.reflect.DirectMethodHandleAccessor::invoke@23
  0x0000026ac14fbef8: 047a 8d07 

  0x0000026ac14fbefc: ;   {other}
  0x0000026ac14fbefc: 0f1f 8400 | ec20 000a 

  0x0000026ac14fbf04: ;   {metadata(method data for {method} {0x0000026ad90b0208} 'invokeExact_MT' '(Ljava/lang/Object;Ljava/lang/Object;Ljava/lang/Object;)Ljava/lang/Object;' in 'java/lang/invoke/Invokers$Holder')}
  0x0000026ac14fbf04: 48ba e826 | 321a 6b02 | 0000 488d | 9228 0200 | 0048 85c0 | 750a f602 | 0175 05f0 | 4883 0a01 
  0x0000026ac14fbf24: ;   {metadata(method data for {method} {0x0000026ad93c46e0} 'invokeImpl' '(Ljava/lang/Object;[Ljava/lang/Object;)Ljava/lang/Object;' in 'jdk/internal/reflect/DirectMethodHandleAccessor')}
  0x0000026ac14fbf24: 48ba d0ec | 361a 6b02 | 0000 488d | 92b8 0100 | 0048 85c0 | 750a f602 | 0175 05f0 | 4883 0a01 
  0x0000026ac14fbf44: ;   {metadata(method data for {method} {0x0000026ad93c46e0} 'invokeImpl' '(Ljava/lang/Object;[Ljava/lang/Object;)Ljava/lang/Object;' in 'jdk/internal/reflect/DirectMethodHandleAccessor')}
  0x0000026ac14fbf44: 48ba d0ec | 361a 6b02 | 0000 ff82 | c801 0000 | 4881 c460 | 0100 005d 

  0x0000026ac14fbf5c: ;   {poll_return}
  0x0000026ac14fbf5c: 493b a748 | 0400 000f | 8756 0a00 

  0x0000026ac14fbf68: ;   {metadata(method data for {method} {0x0000026ad93d94e0} 'checkExactType' '(Ljava/lang/invoke/MethodHandle;Ljava/lang/invoke/MethodType;)V' in 'java/lang/invoke/Invokers')}
  0x0000026ac14fbf68: 00c3 48ba | b064 2a1a | 6b02 0000 | 4883 8268 | 0100 0001 

  0x0000026ac14fbf7c: ;   {oop(a 'java/lang/invoke/MethodType'{0x0000000740276458} = (Ljava/lang/Object;)Ljava/lang/Object;)}
  0x0000026ac14fbf7c: 49b8 5864 | 2740 0700 | 0000 488b | d766 0f1f 

  0x0000026ac14fbf8c: ;   {static_call}
  0x0000026ac14fbf8c: 4400 00e8 

  0x0000026ac14fbf90: ; ImmutableOopMap {[176]=Oop [192]=Oop [272]=Oop }
                      ;*invokestatic newWrongMethodTypeException {reexecute=0 rethrow=0 return_oop=0}
                      ; - java.lang.invoke.Invokers::checkExactType@12
                      ; - java.lang.invoke.Invokers$Holder::invokeExact_MT@10
                      ; - jdk.internal.reflect.DirectMethodHandleAccessor::invokeImpl@41
                      ; - jdk.internal.reflect.DirectMethodHandleAccessor::invoke@23
  0x0000026ac14fbf90: ec30 1d07 

  0x0000026ac14fbf94: ;   {other}
  0x0000026ac14fbf94: 0f1f 8400 | 8421 000b 

  0x0000026ac14fbf9c: ; implicit exception: dispatches to 0x0000026ac14fc9d5
                      ; ImmutableOopMap {rax=Oop [176]=Oop [192]=Oop [272]=Oop }
                      ;*athrow {reexecute=1 rethrow=0 return_oop=0}
                      ; - (reexecute) java.lang.invoke.Invokers::checkExactType@15
                      ; - java.lang.invoke.Invokers$Holder::invokeExact_MT@10
                      ; - jdk.internal.reflect.DirectMethodHandleAccessor::invokeImpl@41
                      ; - jdk.internal.reflect.DirectMethodHandleAccessor::invoke@23
                      ;   {section_word}
  0x0000026ac14fbf9c: 483b 0048 | ba9f bf4f | c16a 0200 

  0x0000026ac14fbfa8: ;   {runtime_call handle_exception_nofpu Runtime1 stub}
  0x0000026ac14fbfa8: 00e8 52af 

  0x0000026ac14fbfac: ;   {metadata(method data for {method} {0x0000026ad93d94e0} 'checkExactType' '(Ljava/lang/invoke/MethodHandle;Ljava/lang/invoke/MethodType;)V' in 'java/lang/invoke/Invokers')}
  0x0000026ac14fbfac: 2907 9048 | bab0 642a | 1a6b 0200 | 0048 8382 | 6801 0000 

  0x0000026ac14fbfc0: ;   {oop(a 'java/lang/invoke/MethodType'{0x0000000740276570} = (Ljava/lang/Object;Ljava/lang/Object;)Ljava/lang/Object;)}
  0x0000026ac14fbfc0: 0149 b870 | 6527 4007 | 0000 0048 

  0x0000026ac14fbfcc: ;   {static_call}
  0x0000026ac14fbfcc: 8bd3 90e8 

  0x0000026ac14fbfd0: ; ImmutableOopMap {[176]=Oop [192]=Oop [256]=Oop [264]=Oop }
                      ;*invokestatic newWrongMethodTypeException {reexecute=0 rethrow=0 return_oop=0}
                      ; - java.lang.invoke.Invokers::checkExactType@12
                      ; - java.lang.invoke.Invokers$Holder::invokeExact_MT@10
                      ; - jdk.internal.reflect.DirectMethodHandleAccessor::invokeImpl@55
                      ; - jdk.internal.reflect.DirectMethodHandleAccessor::invoke@23
  0x0000026ac14fbfd0: ac30 1d07 

  0x0000026ac14fbfd4: ;   {other}
  0x0000026ac14fbfd4: 0f1f 8400 | c421 000d 

  0x0000026ac14fbfdc: ; implicit exception: dispatches to 0x0000026ac14fc9da
                      ; ImmutableOopMap {rax=Oop [176]=Oop [192]=Oop [256]=Oop [264]=Oop }
                      ;*athrow {reexecute=1 rethrow=0 return_oop=0}
                      ; - (reexecute) java.lang.invoke.Invokers::checkExactType@15
                      ; - java.lang.invoke.Invokers$Holder::invokeExact_MT@10
                      ; - jdk.internal.reflect.DirectMethodHandleAccessor::invokeImpl@55
                      ; - jdk.internal.reflect.DirectMethodHandleAccessor::invoke@23
                      ;   {section_word}
  0x0000026ac14fbfdc: 483b 0048 | badf bf4f | c16a 0200 

  0x0000026ac14fbfe8: ;   {runtime_call handle_exception_nofpu Runtime1 stub}
  0x0000026ac14fbfe8: 00e8 12af 

  0x0000026ac14fbfec: ;   {metadata(method data for {method} {0x0000026ad93d94e0} 'checkExactType' '(Ljava/lang/invoke/MethodHandle;Ljava/lang/invoke/MethodType;)V' in 'java/lang/invoke/Invokers')}
  0x0000026ac14fbfec: 2907 9048 | bab0 642a | 1a6b 0200 | 0048 8382 | 6801 0000 

  0x0000026ac14fc000: ;   {oop(a 'java/lang/invoke/MethodType'{0x00000007402883b0} = (Ljava/lang/Object;Ljava/lang/Object;Ljava/lang/Object;)Ljava/lang/Object;)}
  0x0000026ac14fc000: 0149 b8b0 | 8328 4007 | 0000 0048 

  0x0000026ac14fc00c: ;   {static_call}
  0x0000026ac14fc00c: 8bd0 90e8 

  0x0000026ac14fc010: ; ImmutableOopMap {[176]=Oop [192]=Oop [232]=Oop [240]=Oop [248]=Oop }
                      ;*invokestatic newWrongMethodTypeException {reexecute=0 rethrow=0 return_oop=0}
                      ; - java.lang.invoke.Invokers::checkExactType@12
                      ; - java.lang.invoke.LambdaForm$MH/0x0000026ada01cc00::invokeExact_MT@11
                      ; - jdk.internal.reflect.DirectMethodHandleAccessor::invokeImpl@72
                      ; - jdk.internal.reflect.DirectMethodHandleAccessor::invoke@23
  0x0000026ac14fc010: 6c30 1d07 

  0x0000026ac14fc014: ;   {other}
  0x0000026ac14fc014: 0f1f 8400 | 0422 000f 

  0x0000026ac14fc01c: ; implicit exception: dispatches to 0x0000026ac14fc9df
                      ; ImmutableOopMap {rax=Oop [176]=Oop [192]=Oop [232]=Oop [240]=Oop [248]=Oop }
                      ;*athrow {reexecute=1 rethrow=0 return_oop=0}
                      ; - (reexecute) java.lang.invoke.Invokers::checkExactType@15
                      ; - java.lang.invoke.LambdaForm$MH/0x0000026ada01cc00::invokeExact_MT@11
                      ; - jdk.internal.reflect.DirectMethodHandleAccessor::invokeImpl@72
                      ; - jdk.internal.reflect.DirectMethodHandleAccessor::invoke@23
                      ;   {section_word}
  0x0000026ac14fc01c: 483b 0048 | ba1f c04f | c16a 0200 

  0x0000026ac14fc028: ;   {runtime_call handle_exception_nofpu Runtime1 stub}
  0x0000026ac14fc028: 00e8 d2ae 

  0x0000026ac14fc02c: ;   {metadata(method data for {method} {0x0000026ad93d94e0} 'checkExactType' '(Ljava/lang/invoke/MethodHandle;Ljava/lang/invoke/MethodType;)V' in 'java/lang/invoke/Invokers')}
  0x0000026ac14fc02c: 2907 9048 | bab0 642a | 1a6b 0200 | 0048 8382 | 6801 0000 

  0x0000026ac14fc040: ;   {oop(a 'java/lang/invoke/MethodType'{0x000000074025ce00} = (Ljava/lang/Object;Ljava/lang/Object;Ljava/lang/Object;Ljava/lang/Object;)Ljava/lang/Object;)}
  0x0000026ac14fc040: 0149 b800 | ce25 4007 | 0000 0048 

  0x0000026ac14fc04c: ;   {static_call}
  0x0000026ac14fc04c: 8bd1 90e8 

  0x0000026ac14fc050: ; ImmutableOopMap {[176]=Oop [192]=Oop [200]=Oop [208]=Oop [216]=Oop [224]=Oop }
                      ;*invokestatic newWrongMethodTypeException {reexecute=0 rethrow=0 return_oop=0}
                      ; - java.lang.invoke.Invokers::checkExactType@12
                      ; - java.lang.invoke.LambdaForm$MH/0x0000026ada00f400::invokeExact_MT@11
                      ; - jdk.internal.reflect.DirectMethodHandleAccessor::invokeImpl@92
                      ; - jdk.internal.reflect.DirectMethodHandleAccessor::invoke@23
  0x0000026ac14fc050: 2c30 1d07 

  0x0000026ac14fc054: ;   {other}
  0x0000026ac14fc054: 0f1f 8400 | 4422 0011 

  0x0000026ac14fc05c: ; implicit exception: dispatches to 0x0000026ac14fc9e4
                      ; ImmutableOopMap {rax=Oop [176]=Oop [192]=Oop [200]=Oop [208]=Oop [216]=Oop [224]=Oop }
                      ;*athrow {reexecute=1 rethrow=0 return_oop=0}
                      ; - (reexecute) java.lang.invoke.Invokers::checkExactType@15
                      ; - java.lang.invoke.LambdaForm$MH/0x0000026ada00f400::invokeExact_MT@11
                      ; - jdk.internal.reflect.DirectMethodHandleAccessor::invokeImpl@92
                      ; - jdk.internal.reflect.DirectMethodHandleAccessor::invoke@23
                      ;   {section_word}
  0x0000026ac14fc05c: 483b 0048 | ba5f c04f | c16a 0200 

  0x0000026ac14fc068: ;   {runtime_call handle_exception_nofpu Runtime1 stub}
  0x0000026ac14fc068: 00e8 92ae | 2907 9049 | 8b87 f804 | 0000 4d33 | d24d 8997 | f804 0000 | 4d33 d24d | 8997 0005 
  0x0000026ac14fc088: 0000 488b | 9424 b000 

  0x0000026ac14fc090: ;   {metadata(method data for {method} {0x0000026ad919def0} 'invoke' '(Ljava/lang/Object;[Ljava/lang/Object;)Ljava/lang/Object;' in 'jdk/internal/reflect/DirectMethodHandleAccessor')}
  0x0000026ac14fc090: 0000 49b8 | 98e9 361a | 6b02 0000 | 4983 8060 | 0200 0001 

  0x0000026ac14fc0a4: ;   {metadata(method data for {method} {0x0000026ad93c4688} 'isIllegalArgument' '(Ljava/lang/RuntimeException;)Z' in 'jdk/internal/reflect/DirectMethodHandleAccessor')}
  0x0000026ac14fc0a4: 48ba 2010 | 371a 6b02 | 0000 448b | 82cc 0000 | 0041 83c0 | 0244 8982 | cc00 0000 | 4181 e0fe 
  0x0000026ac14fc0c4: ff1f 0045 | 85c0 0f84 | 1909 0000 

  0x0000026ac14fc0d0: ;   {oop(a 'java/lang/Class'{0x0000000740255c30} = 'jdk/internal/reflect/DirectMethodHandleAccessor')}
  0x0000026ac14fc0d0: 48ba 305c | 2540 0700 | 0000 4c8b | c048 8984 | 2418 0100 

  0x0000026ac14fc0e4: ;   {static_call}
  0x0000026ac14fc0e4: 0066 90e8 

  0x0000026ac14fc0e8: ; ImmutableOopMap {[280]=Oop }
                      ;*invokestatic isIllegalArgument {reexecute=0 rethrow=0 return_oop=0}
                      ; - jdk.internal.reflect.DirectMethodHandleAccessor::isIllegalArgument@3
                      ; - jdk.internal.reflect.DirectMethodHandleAccessor::invoke@58
  0x0000026ac14fc0e8: 942f 1d07 

  0x0000026ac14fc0ec: ;   {other}
  0x0000026ac14fc0ec: 0f1f 8400 | dc22 0013 | 83e0 0185 

  0x0000026ac14fc0f8: ;   {metadata(method data for {method} {0x0000026ad919def0} 'invoke' '(Ljava/lang/Object;[Ljava/lang/Object;)Ljava/lang/Object;' in 'jdk/internal/reflect/DirectMethodHandleAccessor')}
  0x0000026ac14fc0f8: c048 b898 | e936 1a6b | 0200 0048 | c7c2 9802 | 0000 7407 | 48c7 c2a8 | 0200 004c | 8b04 104d 
  0x0000026ac14fc118: 8d40 014c | 8904 100f | 84bc 0200 | 00e9 0f02 | 0000 498b | 87f8 0400 | 004d 33d2 | 4d89 97f8 
  0x0000026ac14fc138: 0400 004d | 33d2 4d89 | 9700 0500 | 0048 8b94 | 24b0 0000 

  0x0000026ac14fc14c: ;   {metadata(method data for {method} {0x0000026ad919def0} 'invoke' '(Ljava/lang/Object;[Ljava/lang/Object;)Ljava/lang/Object;' in 'jdk/internal/reflect/DirectMethodHandleAccessor')}
  0x0000026ac14fc14c: 0049 b898 | e936 1a6b | 0200 0049 | 8380 e801 

  0x0000026ac14fc15c: ;   {metadata(method data for {method} {0x0000026ad93c4688} 'isIllegalArgument' '(Ljava/lang/RuntimeException;)Z' in 'jdk/internal/reflect/DirectMethodHandleAccessor')}
  0x0000026ac14fc15c: 0000 0148 | ba20 1037 | 1a6b 0200 | 0044 8b82 | cc00 0000 | 4183 c002 | 4489 82cc | 0000 0041 
  0x0000026ac14fc17c: 81e0 feff | 1f00 4585 | c00f 847f 

  0x0000026ac14fc188: ;   {oop(a 'java/lang/Class'{0x0000000740255c30} = 'jdk/internal/reflect/DirectMethodHandleAccessor')}
  0x0000026ac14fc188: 0800 0048 | ba30 5c25 | 4007 0000 | 004c 8bc0 | 4889 8424 | 2001 0000 | 0f1f 8000 

  0x0000026ac14fc1a4: ;   {static_call}
  0x0000026ac14fc1a4: 0000 00e8 

  0x0000026ac14fc1a8: ; ImmutableOopMap {[288]=Oop }
                      ;*invokestatic isIllegalArgument {reexecute=0 rethrow=0 return_oop=0}
                      ; - jdk.internal.reflect.DirectMethodHandleAccessor::isIllegalArgument@3
                      ; - jdk.internal.reflect.DirectMethodHandleAccessor::invoke@30
  0x0000026ac14fc1a8: d42e 1d07 

  0x0000026ac14fc1ac: ;   {other}
  0x0000026ac14fc1ac: 0f1f 8400 | 9c23 0014 | 83e0 0185 

  0x0000026ac14fc1b8: ;   {metadata(method data for {method} {0x0000026ad919def0} 'invoke' '(Ljava/lang/Object;[Ljava/lang/Object;)Ljava/lang/Object;' in 'jdk/internal/reflect/DirectMethodHandleAccessor')}
  0x0000026ac14fc1b8: c048 ba98 | e936 1a6b | 0200 0048 | c7c6 2002 | 0000 7407 | 48c7 c630 | 0200 0048 | 8b3c 3248 
  0x0000026ac14fc1d8: 8d7f 0148 | 893c 320f | 84a4 0000 | 0066 6690 

  0x0000026ac14fc1e8: ;   {no_reloc}
  0x0000026ac14fc1e8: e94d 0800 | 0000 0000 | 0000 498b | 87b8 0100 | 0048 8d78 | 2849 3bbf | c801 0000 | 0f87 3a08 
  0x0000026ac14fc208: 0000 4989 | bfb8 0100 | 0048 c700 | 0100 0000 | 488b ca49 | ba00 0000 | d96a 0200 | 0049 2bca 
  0x0000026ac14fc228: 8948 0848 | 33c9 8948 | 0c48 33c9 | 4889 4810 | 4889 4818 | 4889 4820 

  0x0000026ac14fc240: ;   {metadata(method data for {method} {0x0000026ad919def0} 'invoke' '(Ljava/lang/Object;[Ljava/lang/Object;)Ljava/lang/Object;' in 'jdk/internal/reflect/DirectMethodHandleAccessor')}
  0x0000026ac14fc240: 4c8b c048 | ba98 e936 | 1a6b 0200 | 0048 8382 | 4002 0000 

  0x0000026ac14fc254: ;   {oop("argument type mismatch"{0x0000000740255cb8})}
  0x0000026ac14fc254: 0149 b8b8 | 5c25 4007 | 0000 0048 | 8bd0 4889 | 8424 2801 | 0000 0f1f 

  0x0000026ac14fc26c: ;   {optimized virtual_call}
  0x0000026ac14fc26c: 4400 00e8 

  0x0000026ac14fc270: ; ImmutableOopMap {[296]=Oop }
                      ;*invokespecial <init> {reexecute=0 rethrow=0 return_oop=0}
                      ; - jdk.internal.reflect.DirectMethodHandleAccessor::invoke@42
  0x0000026ac14fc270: 0c28 1d07 

  0x0000026ac14fc274: ;   {other}
  0x0000026ac14fc274: 0f1f 8400 | 6424 0015 | 488b 8424 | 2801 0000 | e9b2 0800 | 004c 8b84 | 2420 0100 | 000f 1f80 
  0x0000026ac14fc294: 0000 0000 

  0x0000026ac14fc298: ;   {no_reloc}
  0x0000026ac14fc298: e9c3 0700 | 0000 0000 | 0000 80ba | 2101 0000 | 040f 85c0 | 0700 0049 | 8b87 b801 | 0000 488d 
  0x0000026ac14fc2b8: 7828 493b | bfc8 0100 | 000f 87a8 | 0700 0049 | 89bf b801 | 0000 48c7 | 0001 0000 | 0048 8bca 
  0x0000026ac14fc2d8: 49ba 0000 | 00d9 6a02 | 0000 492b | ca89 4808 | 4833 c989 | 480c 4833 | c948 8948 | 1048 8948 
  0x0000026ac14fc2f8: 1848 8948 | 2048 8bd0 

  0x0000026ac14fc300: ;   {metadata(method data for {method} {0x0000026ad919def0} 'invoke' '(Ljava/lang/Object;[Ljava/lang/Object;)Ljava/lang/Object;' in 'jdk/internal/reflect/DirectMethodHandleAccessor')}
  0x0000026ac14fc300: 48be 98e9 | 361a 6b02 | 0000 4883 | 8650 0200 | 0001 488b | d048 8984 | 2430 0100 

  0x0000026ac14fc31c: ;   {optimized virtual_call}
  0x0000026ac14fc31c: 0066 90e8 

  0x0000026ac14fc320: ; ImmutableOopMap {[304]=Oop }
                      ;*invokespecial <init> {reexecute=0 rethrow=0 return_oop=0}
                      ; - jdk.internal.reflect.DirectMethodHandleAccessor::invoke@51
  0x0000026ac14fc320: 5c27 1d07 

  0x0000026ac14fc324: ;   {other}
  0x0000026ac14fc324: 0f1f 8400 | 1425 0016 | 488b 8424 | 3001 0000 | e902 0800 | 000f 1f80 | 0000 0000 

  0x0000026ac14fc340: ;   {no_reloc}
  0x0000026ac14fc340: e946 0700 | 0000 0000 | 0000 498b | 87b8 0100 | 0048 8d78 | 2849 3bbf | c801 0000 | 0f87 3307 
  0x0000026ac14fc360: 0000 4989 | bfb8 0100 | 0048 c700 | 0100 0000 | 488b ca49 | ba00 0000 | d96a 0200 | 0049 2bca 
  0x0000026ac14fc380: 8948 0848 | 33c9 8948 | 0c48 33c9 | 4889 4810 | 4889 4818 | 4889 4820 

  0x0000026ac14fc398: ;   {metadata(method data for {method} {0x0000026ad919def0} 'invoke' '(Ljava/lang/Object;[Ljava/lang/Object;)Ljava/lang/Object;' in 'jdk/internal/reflect/DirectMethodHandleAccessor')}
  0x0000026ac14fc398: 4c8b c048 | ba98 e936 | 1a6b 0200 | 0048 8382 | b802 0000 | 014c 8b84 | 2418 0100 | 0048 8bd0 
  0x0000026ac14fc3b8: 4889 8424 | 3801 0000 | 0f1f 8000 

  0x0000026ac14fc3c4: ;   {optimized virtual_call}
  0x0000026ac14fc3c4: 0000 00e8 

  0x0000026ac14fc3c8: ; ImmutableOopMap {[312]=Oop }
                      ;*invokespecial <init> {reexecute=0 rethrow=0 return_oop=0}
                      ; - jdk.internal.reflect.DirectMethodHandleAccessor::invoke@69
  0x0000026ac14fc3c8: b426 1d07 

  0x0000026ac14fc3cc: ;   {other}
  0x0000026ac14fc3cc: 0f1f 8400 | bc25 0017 | 488b 8424 | 3801 0000 | e95a 0700 | 004c 8b84 | 2418 0100 | 000f 1f80 
  0x0000026ac14fc3ec: 0000 0000 

  0x0000026ac14fc3f0: ;   {no_reloc}
  0x0000026ac14fc3f0: e9bc 0600 | 0000 0000 | 0000 80ba | 2101 0000 | 040f 85b9 | 0600 0049 | 8b87 b801 | 0000 488d 
  0x0000026ac14fc410: 7828 493b | bfc8 0100 | 000f 87a1 | 0600 0049 | 89bf b801 | 0000 48c7 | 0001 0000 | 0048 8bca 
  0x0000026ac14fc430: 49ba 0000 | 00d9 6a02 | 0000 492b | ca89 4808 | 4833 c989 | 480c 4833 | c948 8948 | 1048 8948 
  0x0000026ac14fc450: 1848 8948 | 2048 8bd0 

  0x0000026ac14fc458: ;   {metadata(method data for {method} {0x0000026ad919def0} 'invoke' '(Ljava/lang/Object;[Ljava/lang/Object;)Ljava/lang/Object;' in 'jdk/internal/reflect/DirectMethodHandleAccessor')}
  0x0000026ac14fc458: 48be 98e9 | 361a 6b02 | 0000 4883 | 86c8 0200 | 0001 488b | d048 8984 | 2440 0100 

  0x0000026ac14fc474: ;   {optimized virtual_call}
  0x0000026ac14fc474: 0066 90e8 

  0x0000026ac14fc478: ; ImmutableOopMap {[320]=Oop }
                      ;*invokespecial <init> {reexecute=0 rethrow=0 return_oop=0}
                      ; - jdk.internal.reflect.DirectMethodHandleAccessor::invoke@78
  0x0000026ac14fc478: 0426 1d07 

  0x0000026ac14fc47c: ;   {other}
  0x0000026ac14fc47c: 0f1f 8400 | 6c26 0018 | 488b 8424 | 4001 0000 | e9aa 0600 | 000f 1f80 | 0000 0000 

  0x0000026ac14fc498: ;   {no_reloc}
  0x0000026ac14fc498: e93f 0600 | 0000 0000 | 0000 498b | 87b8 0100 | 0048 8d78 | 2849 3bbf | c801 0000 | 0f87 2c06 
  0x0000026ac14fc4b8: 0000 4989 | bfb8 0100 | 0048 c700 | 0100 0000 | 488b ca49 | ba00 0000 | d96a 0200 | 0049 2bca 
  0x0000026ac14fc4d8: 8948 0848 | 33c9 8948 | 0c48 33c9 | 4889 4810 | 4889 4818 | 4889 4820 

  0x0000026ac14fc4f0: ;   {metadata(method data for {method} {0x0000026ad93c4898} 'checkReceiver' '(Ljava/lang/Object;)V' in 'jdk/internal/reflect/DirectMethodHandleAccessor')}
  0x0000026ac14fc4f0: 488b d048 | bee8 f036 | 1a6b 0200 | 0048 8386 | a001 0000 

  0x0000026ac14fc504: ;   {oop("object is not an instance of declaring class"{0x0000000743ef55e0})}
  0x0000026ac14fc504: 0149 b8e0 | 55ef 4307 | 0000 0048 | 8bd0 4889 | 8424 4801 | 0000 0f1f 

  0x0000026ac14fc51c: ;   {optimized virtual_call}
  0x0000026ac14fc51c: 4400 00e8 

  0x0000026ac14fc520: ; ImmutableOopMap {[176]=Oop [184]=Oop [192]=Oop [328]=Oop }
                      ;*invokespecial <init> {reexecute=0 rethrow=0 return_oop=0}
                      ; - jdk.internal.reflect.DirectMethodHandleAccessor::checkReceiver@20
                      ; - jdk.internal.reflect.DirectMethodHandleAccessor::invoke@9
  0x0000026ac14fc520: 5c25 1d07 

  0x0000026ac14fc524: ;   {other}
  0x0000026ac14fc524: 0f1f 8400 | 1427 0019 | 488b 8424 | 4801 0000 | e902 0600 | 0049 8b87 | f804 0000 | 4d33 d24d 
  0x0000026ac14fc544: 8997 f804 | 0000 4d33 | d24d 8997 | 0005 0000 | 4c8b c090 

  0x0000026ac14fc558: ;   {metadata('java/lang/reflect/InvocationTargetException')}
  0x0000026ac14fc558: 48ba d84e | 04da 6a02 | 0000 80ba | 2101 0000 | 040f 85a2 | 0500 0049 | 8b87 b801 | 0000 488d 
  0x0000026ac14fc578: 7828 493b | bfc8 0100 | 000f 878a | 0500 0049 | 89bf b801 | 0000 48c7 | 0001 0000 | 0048 8bca 
  0x0000026ac14fc598: 49ba 0000 | 00d9 6a02 | 0000 492b | ca89 4808 | 4833 c989 | 480c 4833 | c948 8948 | 1048 8948 
  0x0000026ac14fc5b8: 1848 8948 | 2048 8bd0 

  0x0000026ac14fc5c0: ;   {metadata(method data for {method} {0x0000026ad919def0} 'invoke' '(Ljava/lang/Object;[Ljava/lang/Object;)Ljava/lang/Object;' in 'jdk/internal/reflect/DirectMethodHandleAccessor')}
  0x0000026ac14fc5c0: 48be 98e9 | 361a 6b02 | 0000 4883 | 86d8 0200 | 0001 488b | d048 8984 | 2450 0100 

  0x0000026ac14fc5dc: ;   {optimized virtual_call}
  0x0000026ac14fc5dc: 0066 90e8 

  0x0000026ac14fc5e0: ; ImmutableOopMap {[336]=Oop }
                      ;*invokespecial <init> {reexecute=0 rethrow=0 return_oop=0}
                      ; - jdk.internal.reflect.DirectMethodHandleAccessor::invoke@88
  0x0000026ac14fc5e0: b905 0000 

  0x0000026ac14fc5e4: ;   {other}
  0x0000026ac14fc5e4: 0f1f 8400 | d427 001a | 488b 8424 | 5001 0000 | e942 0500 

  0x0000026ac14fc5f8: ;   {metadata({method} {0x0000026ad919def0} 'invoke' '(Ljava/lang/Object;[Ljava/lang/Object;)Ljava/lang/Object;' in 'jdk/internal/reflect/DirectMethodHandleAccessor')}
  0x0000026ac14fc5f8: 0049 bae8 | de19 d96a | 0200 004c | 8954 2408 | 48c7 0424 | ffff ffff 

  0x0000026ac14fc610: ;   {runtime_call counter_overflow Runtime1 stub}
  0x0000026ac14fc610: e8eb eb29 

  0x0000026ac14fc614: ; ImmutableOopMap {rdx=Oop r8=Oop r9=Oop [176]=Oop [184]=Oop [192]=Oop }
                      ;*synchronization entry
                      ; - jdk.internal.reflect.DirectMethodHandleAccessor::invoke@-1
  0x0000026ac14fc614: 07e9 44dd 

  0x0000026ac14fc618: ;   {metadata({method} {0x0000026ad93c4948} 'isStatic' '()Z' in 'jdk/internal/reflect/DirectMethodHandleAccessor')}
  0x0000026ac14fc618: ffff 49ba | 4049 3cd9 | 6a02 0000 | 4c89 5424 | 0848 c704 | 24ff ffff 

  0x0000026ac14fc630: ;   {runtime_call counter_overflow Runtime1 stub}
  0x0000026ac14fc630: ffe8 caeb 

  0x0000026ac14fc634: ; ImmutableOopMap {rdx=Oop r8=Oop r9=Oop [176]=Oop [184]=Oop [192]=Oop }
                      ;*synchronization entry
                      ; - jdk.internal.reflect.DirectMethodHandleAccessor::isStatic@-1
                      ; - jdk.internal.reflect.DirectMethodHandleAccessor::invoke@1
  0x0000026ac14fc634: 2907 e95f 

  0x0000026ac14fc638: ;   {metadata({method} {0x0000026ad93c4898} 'checkReceiver' '(Ljava/lang/Object;)V' in 'jdk/internal/reflect/DirectMethodHandleAccessor')}
  0x0000026ac14fc638: ddff ff49 | ba90 483c | d96a 0200 | 004c 8954 | 2408 48c7 | 0424 ffff 

  0x0000026ac14fc650: ;   {runtime_call counter_overflow Runtime1 stub}
  0x0000026ac14fc650: ffff e8a9 

  0x0000026ac14fc654: ; ImmutableOopMap {rdx=Oop r8=Oop [176]=Oop [184]=Oop [192]=Oop }
                      ;*synchronization entry
                      ; - jdk.internal.reflect.DirectMethodHandleAccessor::checkReceiver@-1
                      ; - jdk.internal.reflect.DirectMethodHandleAccessor::invoke@9
  0x0000026ac14fc654: eb29 07e9 | 05de ffff 

  0x0000026ac14fc65c: ;   {runtime_call throw_null_pointer_exception Runtime1 stub}
  0x0000026ac14fc65c: e81f 8c29 

  0x0000026ac14fc660: ; ImmutableOopMap {rdx=Oop r8=Oop rsi=Oop [176]=Oop [184]=Oop [192]=Oop }
                      ;*invokevirtual getClass {reexecute=0 rethrow=0 return_oop=0}
                      ; - jdk.internal.reflect.DirectMethodHandleAccessor::checkReceiver@5
                      ; - jdk.internal.reflect.DirectMethodHandleAccessor::invoke@9
                      ;   {runtime_call throw_null_pointer_exception Runtime1 stub}
  0x0000026ac14fc660: 07e8 1a8c 

  0x0000026ac14fc664: ; ImmutableOopMap {rdx=Oop r8=Oop rsi=Oop rdi=Oop [176]=Oop [184]=Oop [192]=Oop }
                      ;*invokevirtual isAssignableFrom {reexecute=0 rethrow=0 return_oop=0}
                      ; - jdk.internal.reflect.DirectMethodHandleAccessor::checkReceiver@8
                      ; - jdk.internal.reflect.DirectMethodHandleAccessor::invoke@9
                      ;   {metadata({method} {0x0000026ad93c46e0} 'invokeImpl' '(Ljava/lang/Object;[Ljava/lang/Object;)Ljava/lang/Object;' in 'jdk/internal/reflect/DirectMethodHandleAccessor')}
  0x0000026ac14fc664: 2907 49ba | d846 3cd9 | 6a02 0000 | 4c89 5424 | 0848 c704 | 24ff ffff 

  0x0000026ac14fc67c: ;   {runtime_call counter_overflow Runtime1 stub}
  0x0000026ac14fc67c: ffe8 7eeb 

  0x0000026ac14fc680: ; ImmutableOopMap {rdx=Oop [176]=Oop [184]=Oop [192]=Oop }
                      ;*synchronization entry
                      ; - jdk.internal.reflect.DirectMethodHandleAccessor::invokeImpl@-1
                      ; - jdk.internal.reflect.DirectMethodHandleAccessor::invoke@23
  0x0000026ac14fc680: 2907 e9ee | deff ff48 | bf38 cd25 | 4007 0000 | 00b8 000f 

  0x0000026ac14fc694: ;   {runtime_call load_appendix_patching Runtime1 stub}
  0x0000026ac14fc694: 050a e8e5 

  0x0000026ac14fc698: ; ImmutableOopMap {rdx=Oop r9=Oop r8=Oop rsi=Oop [176]=Oop [184]=Oop [192]=Oop }
                      ;*invokevirtual invokeExact {reexecute=1 rethrow=0 return_oop=0}
                      ; - (reexecute) jdk.internal.reflect.DirectMethodHandleAccessor::invokeImpl@104
                      ; - jdk.internal.reflect.DirectMethodHandleAccessor::invoke@23
  0x0000026ac14fc698: e329 07e9 | 88df ffff 

  0x0000026ac14fc6a0: ;   {runtime_call throw_null_pointer_exception Runtime1 stub}
  0x0000026ac14fc6a0: e8db 8b29 

  0x0000026ac14fc6a4: ; ImmutableOopMap {rdx=Oop r9=Oop r8=Oop rsi=Oop rdi=Oop [176]=Oop [184]=Oop [192]=Oop }
                      ;*invokevirtual invokeExact {reexecute=0 rethrow=0 return_oop=0}
                      ; - jdk.internal.reflect.DirectMethodHandleAccessor::invokeImpl@104
                      ; - jdk.internal.reflect.DirectMethodHandleAccessor::invoke@23
                      ;   {internal_word}
  0x0000026ac14fc6a4: 0749 ba14 | a84f c16a | 0200 004d | 8997 6004 

  0x0000026ac14fc6b4: ;   {runtime_call SafepointBlob}
  0x0000026ac14fc6b4: 0000 e945 

  0x0000026ac14fc6b8: ;   {runtime_call throw_null_pointer_exception Runtime1 stub}
  0x0000026ac14fc6b8: 901d 07e8 

  0x0000026ac14fc6bc: ; ImmutableOopMap {rdx=Oop r9=Oop r8=Oop rsi=Oop [176]=Oop [184]=Oop [192]=Oop [208]=Oop }
                      ;*aaload {reexecute=0 rethrow=0 return_oop=0}
                      ; - jdk.internal.reflect.DirectMethodHandleAccessor::invokeImpl@85
                      ; - jdk.internal.reflect.DirectMethodHandleAccessor::invoke@23
  0x0000026ac14fc6bc: c08b 2907 

  0x0000026ac14fc6c0: ;   {runtime_call throw_null_pointer_exception Runtime1 stub}
  0x0000026ac14fc6c0: e8bb 8b29 

  0x0000026ac14fc6c4: ; ImmutableOopMap {rdx=Oop r9=Oop r8=Oop rsi=Oop [176]=Oop [184]=Oop [192]=Oop [208]=Oop }
                      ;*aaload {reexecute=0 rethrow=0 return_oop=0}
                      ; - jdk.internal.reflect.DirectMethodHandleAccessor::invokeImpl@85
                      ; - jdk.internal.reflect.DirectMethodHandleAccessor::invoke@23
  0x0000026ac14fc6c4: 0748 c704 | 2400 0000 | 004c 894c 

  0x0000026ac14fc6d0: ;   {runtime_call throw_range_check_failed Runtime1 stub}
  0x0000026ac14fc6d0: 2408 e829 

  0x0000026ac14fc6d4: ; ImmutableOopMap {rdx=Oop r9=Oop r8=Oop rsi=Oop [176]=Oop [184]=Oop [192]=Oop [208]=Oop }
                      ;*aaload {reexecute=0 rethrow=0 return_oop=0}
                      ; - jdk.internal.reflect.DirectMethodHandleAccessor::invokeImpl@85
                      ; - jdk.internal.reflect.DirectMethodHandleAccessor::invoke@23
  0x0000026ac14fc6d4: 7e29 0748 | c704 2401 | 0000 004c | 894c 2408 

  0x0000026ac14fc6e4: ;   {runtime_call throw_range_check_failed Runtime1 stub}
  0x0000026ac14fc6e4: e817 7e29 

  0x0000026ac14fc6e8: ; ImmutableOopMap {rdx=Oop r9=Oop r8=Oop rsi=Oop rdi=Oop [176]=Oop [184]=Oop [192]=Oop [200]=Oop [208]=Oop }
                      ;*aaload {reexecute=0 rethrow=0 return_oop=0}
                      ; - jdk.internal.reflect.DirectMethodHandleAccessor::invokeImpl@88
                      ; - jdk.internal.reflect.DirectMethodHandleAccessor::invoke@23
  0x0000026ac14fc6e8: 0748 c704 | 2402 0000 | 004c 894c 

  0x0000026ac14fc6f4: ;   {runtime_call throw_range_check_failed Runtime1 stub}
  0x0000026ac14fc6f4: 2408 e805 

  0x0000026ac14fc6f8: ; ImmutableOopMap {rdx=Oop r9=Oop r8=Oop rsi=Oop rdi=Oop rbx=Oop [176]=Oop [184]=Oop [192]=Oop [200]=Oop [208]=Oop [216]=Oop }
                      ;*aaload {reexecute=0 rethrow=0 return_oop=0}
                      ; - jdk.internal.reflect.DirectMethodHandleAccessor::invokeImpl@91
                      ; - jdk.internal.reflect.DirectMethodHandleAccessor::invoke@23
                      ;   {metadata({method} {0x0000026b1a42b6b8} 'invokeExact_MT' '(Ljava/lang/Object;Ljava/lang/Object;Ljava/lang/Object;Ljava/lang/Object;Ljava/lang/Object;Ljava/lang/Object;)Ljava/lang/Object;' in 'java/lang/invoke/LambdaForm$MH+0x0000026ada00f400')}
  0x0000026ac14fc6f8: 7e29 0749 | bab0 b642 | 1a6b 0200 | 004c 8954 | 2408 48c7 | 0424 ffff 

  0x0000026ac14fc710: ;   {runtime_call counter_overflow Runtime1 stub}
  0x0000026ac14fc710: ffff e8e9 

  0x0000026ac14fc714: ; ImmutableOopMap {rdx=Oop r8=Oop rsi=Oop rdi=Oop rbx=Oop rax=Oop [176]=Oop [192]=Oop [200]=Oop [208]=Oop [216]=Oop [224]=Oop }
                      ;*synchronization entry
                      ; - java.lang.invoke.LambdaForm$MH/0x0000026ada00f400::invokeExact_MT@-1
                      ; - jdk.internal.reflect.DirectMethodHandleAccessor::invokeImpl@92
                      ; - jdk.internal.reflect.DirectMethodHandleAccessor::invoke@23
  0x0000026ac14fc714: ea29 07e9 | ece2 ffff 

  0x0000026ac14fc71c: ;   {metadata({method} {0x0000026ad93d94e0} 'checkExactType' '(Ljava/lang/invoke/MethodHandle;Ljava/lang/invoke/MethodType;)V' in 'java/lang/invoke/Invokers')}
  0x0000026ac14fc71c: 49ba d894 | 3dd9 6a02 | 0000 4c89 | 5424 0848 | c704 24ff 

  0x0000026ac14fc730: ;   {runtime_call counter_overflow Runtime1 stub}
  0x0000026ac14fc730: ffff ffe8 

  0x0000026ac14fc734: ; ImmutableOopMap {rdx=Oop r8=Oop rsi=Oop rdi=Oop rbx=Oop rax=Oop r9=Oop [176]=Oop [192]=Oop [200]=Oop [208]=Oop [216]=Oop [224]=Oop }
                      ;*synchronization entry
                      ; - java.lang.invoke.Invokers::checkExactType@-1
                      ; - java.lang.invoke.LambdaForm$MH/0x0000026ada00f400::invokeExact_MT@11
                      ; - jdk.internal.reflect.DirectMethodHandleAccessor::invokeImpl@92
                      ; - jdk.internal.reflect.DirectMethodHandleAccessor::invoke@23
  0x0000026ac14fc734: c8ea 2907 | e994 e3ff 

  0x0000026ac14fc73c: ;   {runtime_call throw_null_pointer_exception Runtime1 stub}
  0x0000026ac14fc73c: ffe8 3e8b 

  0x0000026ac14fc740: ; ImmutableOopMap {rdx=Oop r8=Oop rsi=Oop rdi=Oop rbx=Oop rax=Oop r9=Oop [176]=Oop [192]=Oop [200]=Oop [208]=Oop [216]=Oop [224]=Oop }
                      ;*invokevirtual type {reexecute=0 rethrow=0 return_oop=0}
                      ; - java.lang.invoke.Invokers::checkExactType@1
                      ; - java.lang.invoke.LambdaForm$MH/0x0000026ada00f400::invokeExact_MT@11
                      ; - jdk.internal.reflect.DirectMethodHandleAccessor::invokeImpl@92
                      ; - jdk.internal.reflect.DirectMethodHandleAccessor::invoke@23
                      ;   {metadata({method} {0x0000026ad93d93d8} 'checkCustomized' '(Ljava/lang/invoke/MethodHandle;)V' in 'java/lang/invoke/Invokers')}
  0x0000026ac14fc740: 2907 49ba | d093 3dd9 | 6a02 0000 | 4c89 5424 | 0848 c704 | 24ff ffff 

  0x0000026ac14fc758: ;   {runtime_call counter_overflow Runtime1 stub}
  0x0000026ac14fc758: ffe8 a2ea 

  0x0000026ac14fc75c: ; ImmutableOopMap {rdx=Oop r8=Oop rsi=Oop rdi=Oop rbx=Oop rax=Oop [176]=Oop [192]=Oop [200]=Oop [208]=Oop [216]=Oop [224]=Oop }
                      ;*synchronization entry
                      ; - java.lang.invoke.Invokers::checkCustomized@-1
                      ; - java.lang.invoke.LambdaForm$MH/0x0000026ada00f400::invokeExact_MT@15
                      ; - jdk.internal.reflect.DirectMethodHandleAccessor::invokeImpl@92
                      ; - jdk.internal.reflect.DirectMethodHandleAccessor::invoke@23
  0x0000026ac14fc75c: 2907 e9d5 

  0x0000026ac14fc760: ;   {metadata({method} {0x0000026ad9095ff0} 'isCompileConstant' '(Ljava/lang/Object;)Z' in 'java/lang/invoke/MethodHandleImpl')}
  0x0000026ac14fc760: e4ff ff49 | bae8 5f09 | d96a 0200 | 004c 8954 | 2408 48c7 | 0424 ffff 

  0x0000026ac14fc778: ;   {runtime_call counter_overflow Runtime1 stub}
  0x0000026ac14fc778: ffff e881 

  0x0000026ac14fc77c: ; ImmutableOopMap {rdx=Oop r8=Oop rsi=Oop rdi=Oop rbx=Oop rax=Oop [176]=Oop [192]=Oop [200]=Oop [208]=Oop [216]=Oop [224]=Oop }
                      ;*synchronization entry
                      ; - java.lang.invoke.MethodHandleImpl::isCompileConstant@-1
                      ; - java.lang.invoke.Invokers::checkCustomized@1
                      ; - java.lang.invoke.LambdaForm$MH/0x0000026ada00f400::invokeExact_MT@15
                      ; - jdk.internal.reflect.DirectMethodHandleAccessor::invokeImpl@92
                      ; - jdk.internal.reflect.DirectMethodHandleAccessor::invoke@23
  0x0000026ac14fc77c: ea29 07e9 | f2e4 ffff 

  0x0000026ac14fc784: ;   {runtime_call throw_null_pointer_exception Runtime1 stub}
  0x0000026ac14fc784: e8f7 8a29 

  0x0000026ac14fc788: ; ImmutableOopMap {rdx=Oop r8=Oop rsi=Oop rdi=Oop rbx=Oop rax=Oop [176]=Oop [192]=Oop [200]=Oop [208]=Oop [216]=Oop [224]=Oop }
                      ;*getfield customized {reexecute=1 rethrow=0 return_oop=0}
                      ; - (reexecute) java.lang.invoke.Invokers::checkCustomized@12
                      ; - java.lang.invoke.LambdaForm$MH/0x0000026ada00f400::invokeExact_MT@15
                      ; - jdk.internal.reflect.DirectMethodHandleAccessor::invokeImpl@92
                      ; - jdk.internal.reflect.DirectMethodHandleAccessor::invoke@23
                      ;   {internal_word}
  0x0000026ac14fc788: 0749 bafc | ae4f c16a | 0200 004d | 8997 6004 

  0x0000026ac14fc798: ;   {runtime_call SafepointBlob}
  0x0000026ac14fc798: 0000 e961 

  0x0000026ac14fc79c: ;   {runtime_call throw_null_pointer_exception Runtime1 stub}
  0x0000026ac14fc79c: 8f1d 07e8 

  0x0000026ac14fc7a0: ; ImmutableOopMap {rdx=Oop r9=Oop r8=Oop rsi=Oop [176]=Oop [184]=Oop [192]=Oop [240]=Oop }
                      ;*aaload {reexecute=0 rethrow=0 return_oop=0}
                      ; - jdk.internal.reflect.DirectMethodHandleAccessor::invokeImpl@68
                      ; - jdk.internal.reflect.DirectMethodHandleAccessor::invoke@23
  0x0000026ac14fc7a0: dc8a 2907 

  0x0000026ac14fc7a4: ;   {runtime_call throw_null_pointer_exception Runtime1 stub}
  0x0000026ac14fc7a4: e8d7 8a29 

  0x0000026ac14fc7a8: ; ImmutableOopMap {rdx=Oop r9=Oop r8=Oop rsi=Oop [176]=Oop [184]=Oop [192]=Oop [240]=Oop }
                      ;*aaload {reexecute=0 rethrow=0 return_oop=0}
                      ; - jdk.internal.reflect.DirectMethodHandleAccessor::invokeImpl@68
                      ; - jdk.internal.reflect.DirectMethodHandleAccessor::invoke@23
  0x0000026ac14fc7a8: 0748 c704 | 2400 0000 | 004c 894c 

  0x0000026ac14fc7b4: ;   {runtime_call throw_range_check_failed Runtime1 stub}
  0x0000026ac14fc7b4: 2408 e845 

  0x0000026ac14fc7b8: ; ImmutableOopMap {rdx=Oop r9=Oop r8=Oop rsi=Oop [176]=Oop [184]=Oop [192]=Oop [240]=Oop }
                      ;*aaload {reexecute=0 rethrow=0 return_oop=0}
                      ; - jdk.internal.reflect.DirectMethodHandleAccessor::invokeImpl@68
                      ; - jdk.internal.reflect.DirectMethodHandleAccessor::invoke@23
  0x0000026ac14fc7b8: 7d29 0748 | c704 2401 | 0000 004c | 894c 2408 

  0x0000026ac14fc7c8: ;   {runtime_call throw_range_check_failed Runtime1 stub}
  0x0000026ac14fc7c8: e833 7d29 

  0x0000026ac14fc7cc: ; ImmutableOopMap {rdx=Oop r9=Oop r8=Oop rsi=Oop rdi=Oop [176]=Oop [184]=Oop [192]=Oop [232]=Oop [240]=Oop }
                      ;*aaload {reexecute=0 rethrow=0 return_oop=0}
                      ; - jdk.internal.reflect.DirectMethodHandleAccessor::invokeImpl@71
                      ; - jdk.internal.reflect.DirectMethodHandleAccessor::invoke@23
                      ;   {metadata({method} {0x0000026b1a455ab8} 'invokeExact_MT' '(Ljava/lang/Object;Ljava/lang/Object;Ljava/lang/Object;Ljava/lang/Object;Ljava/lang/Object;)Ljava/lang/Object;' in 'java/lang/invoke/LambdaForm$MH+0x0000026ada01cc00')}
  0x0000026ac14fc7cc: 0749 bab0 | 5a45 1a6b | 0200 004c | 8954 2408 | 48c7 0424 | ffff ffff 

  0x0000026ac14fc7e4: ;   {runtime_call counter_overflow Runtime1 stub}
  0x0000026ac14fc7e4: e817 ea29 

  0x0000026ac14fc7e8: ; ImmutableOopMap {rdx=Oop r8=Oop rsi=Oop rdi=Oop rbx=Oop [176]=Oop [192]=Oop [232]=Oop [240]=Oop [248]=Oop }
                      ;*synchronization entry
                      ; - java.lang.invoke.LambdaForm$MH/0x0000026ada01cc00::invokeExact_MT@-1
                      ; - jdk.internal.reflect.DirectMethodHandleAccessor::invokeImpl@72
                      ; - jdk.internal.reflect.DirectMethodHandleAccessor::invoke@23
  0x0000026ac14fc7e8: 07e9 dee8 

  0x0000026ac14fc7ec: ;   {metadata({method} {0x0000026ad93d94e0} 'checkExactType' '(Ljava/lang/invoke/MethodHandle;Ljava/lang/invoke/MethodType;)V' in 'java/lang/invoke/Invokers')}
  0x0000026ac14fc7ec: ffff 49ba | d894 3dd9 | 6a02 0000 | 4c89 5424 | 0848 c704 | 24ff ffff 

  0x0000026ac14fc804: ;   {runtime_call counter_overflow Runtime1 stub}
  0x0000026ac14fc804: ffe8 f6e9 

  0x0000026ac14fc808: ; ImmutableOopMap {rdx=Oop r8=Oop rsi=Oop rdi=Oop rbx=Oop rcx=Oop [176]=Oop [192]=Oop [232]=Oop [240]=Oop [248]=Oop }
                      ;*synchronization entry
                      ; - java.lang.invoke.Invokers::checkExactType@-1
                      ; - java.lang.invoke.LambdaForm$MH/0x0000026ada01cc00::invokeExact_MT@11
                      ; - jdk.internal.reflect.DirectMethodHandleAccessor::invokeImpl@72
                      ; - jdk.internal.reflect.DirectMethodHandleAccessor::invoke@23
  0x0000026ac14fc808: 2907 e984 

  0x0000026ac14fc80c: ;   {runtime_call throw_null_pointer_exception Runtime1 stub}
  0x0000026ac14fc80c: e9ff ffe8 

  0x0000026ac14fc810: ; ImmutableOopMap {rdx=Oop r8=Oop rsi=Oop rdi=Oop rbx=Oop rcx=Oop [176]=Oop [192]=Oop [232]=Oop [240]=Oop [248]=Oop }
                      ;*invokevirtual type {reexecute=0 rethrow=0 return_oop=0}
                      ; - java.lang.invoke.Invokers::checkExactType@1
                      ; - java.lang.invoke.LambdaForm$MH/0x0000026ada01cc00::invokeExact_MT@11
                      ; - jdk.internal.reflect.DirectMethodHandleAccessor::invokeImpl@72
                      ; - jdk.internal.reflect.DirectMethodHandleAccessor::invoke@23
  0x0000026ac14fc810: 6c8a 2907 

  0x0000026ac14fc814: ;   {metadata({method} {0x0000026ad93d93d8} 'checkCustomized' '(Ljava/lang/invoke/MethodHandle;)V' in 'java/lang/invoke/Invokers')}
  0x0000026ac14fc814: 49ba d093 | 3dd9 6a02 | 0000 4c89 | 5424 0848 | c704 24ff 

  0x0000026ac14fc828: ;   {runtime_call counter_overflow Runtime1 stub}
  0x0000026ac14fc828: ffff ffe8 

  0x0000026ac14fc82c: ; ImmutableOopMap {rdx=Oop r8=Oop rsi=Oop rdi=Oop rbx=Oop [176]=Oop [192]=Oop [232]=Oop [240]=Oop [248]=Oop }
                      ;*synchronization entry
                      ; - java.lang.invoke.Invokers::checkCustomized@-1
                      ; - java.lang.invoke.LambdaForm$MH/0x0000026ada01cc00::invokeExact_MT@15
                      ; - jdk.internal.reflect.DirectMethodHandleAccessor::invokeImpl@72
                      ; - jdk.internal.reflect.DirectMethodHandleAccessor::invoke@23
  0x0000026ac14fc82c: d0e9 2907 | e9be eaff 

  0x0000026ac14fc834: ;   {metadata({method} {0x0000026ad9095ff0} 'isCompileConstant' '(Ljava/lang/Object;)Z' in 'java/lang/invoke/MethodHandleImpl')}
  0x0000026ac14fc834: ff49 bae8 | 5f09 d96a | 0200 004c | 8954 2408 | 48c7 0424 | ffff ffff 

  0x0000026ac14fc84c: ;   {runtime_call counter_overflow Runtime1 stub}
  0x0000026ac14fc84c: e8af e929 

  0x0000026ac14fc850: ; ImmutableOopMap {rdx=Oop r8=Oop rsi=Oop rdi=Oop rbx=Oop [176]=Oop [192]=Oop [232]=Oop [240]=Oop [248]=Oop }
                      ;*synchronization entry
                      ; - java.lang.invoke.MethodHandleImpl::isCompileConstant@-1
                      ; - java.lang.invoke.Invokers::checkCustomized@1
                      ; - java.lang.invoke.LambdaForm$MH/0x0000026ada01cc00::invokeExact_MT@15
                      ; - jdk.internal.reflect.DirectMethodHandleAccessor::invokeImpl@72
                      ; - jdk.internal.reflect.DirectMethodHandleAccessor::invoke@23
  0x0000026ac14fc850: 07e9 d6ea 

  0x0000026ac14fc854: ;   {runtime_call throw_null_pointer_exception Runtime1 stub}
  0x0000026ac14fc854: ffff e825 

  0x0000026ac14fc858: ; ImmutableOopMap {rdx=Oop r8=Oop rsi=Oop rdi=Oop rbx=Oop [176]=Oop [192]=Oop [232]=Oop [240]=Oop [248]=Oop }
                      ;*getfield customized {reexecute=1 rethrow=0 return_oop=0}
                      ; - (reexecute) java.lang.invoke.Invokers::checkCustomized@12
                      ; - java.lang.invoke.LambdaForm$MH/0x0000026ada01cc00::invokeExact_MT@15
                      ; - jdk.internal.reflect.DirectMethodHandleAccessor::invokeImpl@72
                      ; - jdk.internal.reflect.DirectMethodHandleAccessor::invoke@23
                      ;   {internal_word}
  0x0000026ac14fc858: 8a29 0749 | ba9c b54f | c16a 0200 | 004d 8997 | 6004 0000 

  0x0000026ac14fc86c: ;   {runtime_call SafepointBlob}
  0x0000026ac14fc86c: e98f 8e1d 

  0x0000026ac14fc870: ;   {runtime_call throw_null_pointer_exception Runtime1 stub}
  0x0000026ac14fc870: 07e8 0a8a 

  0x0000026ac14fc874: ; ImmutableOopMap {rdx=Oop r9=Oop r8=Oop rsi=Oop [176]=Oop [184]=Oop [192]=Oop [264]=Oop }
                      ;*aaload {reexecute=0 rethrow=0 return_oop=0}
                      ; - jdk.internal.reflect.DirectMethodHandleAccessor::invokeImpl@54
                      ; - jdk.internal.reflect.DirectMethodHandleAccessor::invoke@23
                      ;   {runtime_call throw_null_pointer_exception Runtime1 stub}
  0x0000026ac14fc874: 2907 e805 

  0x0000026ac14fc878: ; ImmutableOopMap {rdx=Oop r9=Oop r8=Oop rsi=Oop [176]=Oop [184]=Oop [192]=Oop [264]=Oop }
                      ;*aaload {reexecute=0 rethrow=0 return_oop=0}
                      ; - jdk.internal.reflect.DirectMethodHandleAccessor::invokeImpl@54
                      ; - jdk.internal.reflect.DirectMethodHandleAccessor::invoke@23
  0x0000026ac14fc878: 8a29 0748 | c704 2400 | 0000 004c | 894c 2408 

  0x0000026ac14fc888: ;   {runtime_call throw_range_check_failed Runtime1 stub}
  0x0000026ac14fc888: e873 7c29 

  0x0000026ac14fc88c: ; ImmutableOopMap {rdx=Oop r9=Oop r8=Oop rsi=Oop [176]=Oop [184]=Oop [192]=Oop [264]=Oop }
                      ;*aaload {reexecute=0 rethrow=0 return_oop=0}
                      ; - jdk.internal.reflect.DirectMethodHandleAccessor::invokeImpl@54
                      ; - jdk.internal.reflect.DirectMethodHandleAccessor::invoke@23
                      ;   {metadata({method} {0x0000026ad90b0158} 'invokeExact_MT' '(Ljava/lang/Object;Ljava/lang/Object;Ljava/lang/Object;Ljava/lang/Object;)Ljava/lang/Object;' in 'java/lang/invoke/Invokers$Holder')}
  0x0000026ac14fc88c: 0749 ba50 | 010b d96a | 0200 004c | 8954 2408 | 48c7 0424 | ffff ffff 

  0x0000026ac14fc8a4: ;   {runtime_call counter_overflow Runtime1 stub}
  0x0000026ac14fc8a4: e857 e929 

  0x0000026ac14fc8a8: ; ImmutableOopMap {rdx=Oop r8=Oop rsi=Oop rdi=Oop [176]=Oop [192]=Oop [256]=Oop [264]=Oop }
                      ;*synchronization entry
                      ; - java.lang.invoke.Invokers$Holder::invokeExact_MT@-1
                      ; - jdk.internal.reflect.DirectMethodHandleAccessor::invokeImpl@55
                      ; - jdk.internal.reflect.DirectMethodHandleAccessor::invoke@23
  0x0000026ac14fc8a8: 07e9 99ee 

  0x0000026ac14fc8ac: ;   {metadata({method} {0x0000026ad93d94e0} 'checkExactType' '(Ljava/lang/invoke/MethodHandle;Ljava/lang/invoke/MethodType;)V' in 'java/lang/invoke/Invokers')}
  0x0000026ac14fc8ac: ffff 49ba | d894 3dd9 | 6a02 0000 | 4c89 5424 | 0848 c704 | 24ff ffff 

  0x0000026ac14fc8c4: ;   {runtime_call counter_overflow Runtime1 stub}
  0x0000026ac14fc8c4: ffe8 36e9 

  0x0000026ac14fc8c8: ; ImmutableOopMap {rdx=Oop r8=Oop rsi=Oop rdi=Oop rax=Oop [176]=Oop [192]=Oop [256]=Oop [264]=Oop }
                      ;*synchronization entry
                      ; - java.lang.invoke.Invokers::checkExactType@-1
                      ; - java.lang.invoke.Invokers$Holder::invokeExact_MT@10
                      ; - jdk.internal.reflect.DirectMethodHandleAccessor::invokeImpl@55
                      ; - jdk.internal.reflect.DirectMethodHandleAccessor::invoke@23
  0x0000026ac14fc8c8: 2907 e937 

  0x0000026ac14fc8cc: ;   {runtime_call throw_null_pointer_exception Runtime1 stub}
  0x0000026ac14fc8cc: efff ffe8 

  0x0000026ac14fc8d0: ; ImmutableOopMap {rdx=Oop r8=Oop rsi=Oop rdi=Oop rax=Oop [176]=Oop [192]=Oop [256]=Oop [264]=Oop }
                      ;*invokevirtual type {reexecute=0 rethrow=0 return_oop=0}
                      ; - java.lang.invoke.Invokers::checkExactType@1
                      ; - java.lang.invoke.Invokers$Holder::invokeExact_MT@10
                      ; - jdk.internal.reflect.DirectMethodHandleAccessor::invokeImpl@55
                      ; - jdk.internal.reflect.DirectMethodHandleAccessor::invoke@23
  0x0000026ac14fc8d0: ac89 2907 

  0x0000026ac14fc8d4: ;   {metadata({method} {0x0000026ad93d93d8} 'checkCustomized' '(Ljava/lang/invoke/MethodHandle;)V' in 'java/lang/invoke/Invokers')}
  0x0000026ac14fc8d4: 49ba d093 | 3dd9 6a02 | 0000 4c89 | 5424 0848 | c704 24ff 

  0x0000026ac14fc8e8: ;   {runtime_call counter_overflow Runtime1 stub}
  0x0000026ac14fc8e8: ffff ffe8 

  0x0000026ac14fc8ec: ; ImmutableOopMap {rdx=Oop r8=Oop rsi=Oop rdi=Oop [176]=Oop [192]=Oop [256]=Oop [264]=Oop }
                      ;*synchronization entry
                      ; - java.lang.invoke.Invokers::checkCustomized@-1
                      ; - java.lang.invoke.Invokers$Holder::invokeExact_MT@14
                      ; - jdk.internal.reflect.DirectMethodHandleAccessor::invokeImpl@55
                      ; - jdk.internal.reflect.DirectMethodHandleAccessor::invoke@23
  0x0000026ac14fc8ec: 10e9 2907 | e96d f0ff 

  0x0000026ac14fc8f4: ;   {metadata({method} {0x0000026ad9095ff0} 'isCompileConstant' '(Ljava/lang/Object;)Z' in 'java/lang/invoke/MethodHandleImpl')}
  0x0000026ac14fc8f4: ff49 bae8 | 5f09 d96a | 0200 004c | 8954 2408 | 48c7 0424 | ffff ffff 

  0x0000026ac14fc90c: ;   {runtime_call counter_overflow Runtime1 stub}
  0x0000026ac14fc90c: e8ef e829 

  0x0000026ac14fc910: ; ImmutableOopMap {rdx=Oop r8=Oop rsi=Oop rdi=Oop [176]=Oop [192]=Oop [256]=Oop [264]=Oop }
                      ;*synchronization entry
                      ; - java.lang.invoke.MethodHandleImpl::isCompileConstant@-1
                      ; - java.lang.invoke.Invokers::checkCustomized@1
                      ; - java.lang.invoke.Invokers$Holder::invokeExact_MT@14
                      ; - jdk.internal.reflect.DirectMethodHandleAccessor::invokeImpl@55
                      ; - jdk.internal.reflect.DirectMethodHandleAccessor::invoke@23
  0x0000026ac14fc910: 07e9 84f0 

  0x0000026ac14fc914: ;   {runtime_call throw_null_pointer_exception Runtime1 stub}
  0x0000026ac14fc914: ffff e865 

  0x0000026ac14fc918: ; ImmutableOopMap {rdx=Oop r8=Oop rsi=Oop rdi=Oop [176]=Oop [192]=Oop [256]=Oop [264]=Oop }
                      ;*getfield customized {reexecute=1 rethrow=0 return_oop=0}
                      ; - (reexecute) java.lang.invoke.Invokers::checkCustomized@12
                      ; - java.lang.invoke.Invokers$Holder::invokeExact_MT@14
                      ; - jdk.internal.reflect.DirectMethodHandleAccessor::invokeImpl@55
                      ; - jdk.internal.reflect.DirectMethodHandleAccessor::invoke@23
                      ;   {internal_word}
  0x0000026ac14fc918: 8929 0749 | ba04 bc4f | c16a 0200 | 004d 8997 | 6004 0000 

  0x0000026ac14fc92c: ;   {runtime_call SafepointBlob}
  0x0000026ac14fc92c: e9cf 8d1d 

  0x0000026ac14fc930: ;   {metadata({method} {0x0000026ad90b0208} 'invokeExact_MT' '(Ljava/lang/Object;Ljava/lang/Object;Ljava/lang/Object;)Ljava/lang/Object;' in 'java/lang/invoke/Invokers$Holder')}
  0x0000026ac14fc930: 0749 ba00 | 020b d96a | 0200 004c | 8954 2408 | 48c7 0424 | ffff ffff 

  0x0000026ac14fc948: ;   {runtime_call counter_overflow Runtime1 stub}
  0x0000026ac14fc948: e8b3 e829 

  0x0000026ac14fc94c: ; ImmutableOopMap {rdx=Oop r8=Oop rsi=Oop [176]=Oop [192]=Oop [272]=Oop }
                      ;*synchronization entry
                      ; - java.lang.invoke.Invokers$Holder::invokeExact_MT@-1
                      ; - jdk.internal.reflect.DirectMethodHandleAccessor::invokeImpl@41
                      ; - jdk.internal.reflect.DirectMethodHandleAccessor::invoke@23
  0x0000026ac14fc94c: 07e9 52f3 

  0x0000026ac14fc950: ;   {metadata({method} {0x0000026ad93d94e0} 'checkExactType' '(Ljava/lang/invoke/MethodHandle;Ljava/lang/invoke/MethodType;)V' in 'java/lang/invoke/Invokers')}
  0x0000026ac14fc950: ffff 49ba | d894 3dd9 | 6a02 0000 | 4c89 5424 | 0848 c704 | 24ff ffff 

  0x0000026ac14fc968: ;   {runtime_call counter_overflow Runtime1 stub}
  0x0000026ac14fc968: ffe8 92e8 

  0x0000026ac14fc96c: ; ImmutableOopMap {rdx=Oop r8=Oop rsi=Oop rbx=Oop [176]=Oop [192]=Oop [272]=Oop }
                      ;*synchronization entry
                      ; - java.lang.invoke.Invokers::checkExactType@-1
                      ; - java.lang.invoke.Invokers$Holder::invokeExact_MT@10
                      ; - jdk.internal.reflect.DirectMethodHandleAccessor::invokeImpl@41
                      ; - jdk.internal.reflect.DirectMethodHandleAccessor::invoke@23
  0x0000026ac14fc96c: 2907 e9a6 

  0x0000026ac14fc970: ;   {runtime_call throw_null_pointer_exception Runtime1 stub}
  0x0000026ac14fc970: f3ff ffe8 

  0x0000026ac14fc974: ; ImmutableOopMap {rdx=Oop r8=Oop rsi=Oop rbx=Oop [176]=Oop [192]=Oop [272]=Oop }
                      ;*invokevirtual type {reexecute=0 rethrow=0 return_oop=0}
                      ; - java.lang.invoke.Invokers::checkExactType@1
                      ; - java.lang.invoke.Invokers$Holder::invokeExact_MT@10
                      ; - jdk.internal.reflect.DirectMethodHandleAccessor::invokeImpl@41
                      ; - jdk.internal.reflect.DirectMethodHandleAccessor::invoke@23
  0x0000026ac14fc974: 0889 2907 

  0x0000026ac14fc978: ;   {metadata({method} {0x0000026ad93d93d8} 'checkCustomized' '(Ljava/lang/invoke/MethodHandle;)V' in 'java/lang/invoke/Invokers')}
  0x0000026ac14fc978: 49ba d093 | 3dd9 6a02 | 0000 4c89 | 5424 0848 | c704 24ff 

  0x0000026ac14fc98c: ;   {runtime_call counter_overflow Runtime1 stub}
  0x0000026ac14fc98c: ffff ffe8 

  0x0000026ac14fc990: ; ImmutableOopMap {rdx=Oop r8=Oop rsi=Oop [176]=Oop [192]=Oop [272]=Oop }
                      ;*synchronization entry
                      ; - java.lang.invoke.Invokers::checkCustomized@-1
                      ; - java.lang.invoke.Invokers$Holder::invokeExact_MT@14
                      ; - jdk.internal.reflect.DirectMethodHandleAccessor::invokeImpl@41
                      ; - jdk.internal.reflect.DirectMethodHandleAccessor::invoke@23
  0x0000026ac14fc990: 6ce8 2907 | e985 f4ff 

  0x0000026ac14fc998: ;   {metadata({method} {0x0000026ad9095ff0} 'isCompileConstant' '(Ljava/lang/Object;)Z' in 'java/lang/invoke/MethodHandleImpl')}
  0x0000026ac14fc998: ff49 bae8 | 5f09 d96a | 0200 004c | 8954 2408 | 48c7 0424 | ffff ffff 

  0x0000026ac14fc9b0: ;   {runtime_call counter_overflow Runtime1 stub}
  0x0000026ac14fc9b0: e84b e829 

  0x0000026ac14fc9b4: ; ImmutableOopMap {rdx=Oop r8=Oop rsi=Oop [176]=Oop [192]=Oop [272]=Oop }
                      ;*synchronization entry
                      ; - java.lang.invoke.MethodHandleImpl::isCompileConstant@-1
                      ; - java.lang.invoke.Invokers::checkCustomized@1
                      ; - java.lang.invoke.Invokers$Holder::invokeExact_MT@14
                      ; - jdk.internal.reflect.DirectMethodHandleAccessor::invokeImpl@41
                      ; - jdk.internal.reflect.DirectMethodHandleAccessor::invoke@23
  0x0000026ac14fc9b4: 07e9 9df4 

  0x0000026ac14fc9b8: ;   {runtime_call throw_null_pointer_exception Runtime1 stub}
  0x0000026ac14fc9b8: ffff e8c1 

  0x0000026ac14fc9bc: ; ImmutableOopMap {rdx=Oop r8=Oop rsi=Oop [176]=Oop [192]=Oop [272]=Oop }
                      ;*getfield customized {reexecute=1 rethrow=0 return_oop=0}
                      ; - (reexecute) java.lang.invoke.Invokers::checkCustomized@12
                      ; - java.lang.invoke.Invokers$Holder::invokeExact_MT@14
                      ; - jdk.internal.reflect.DirectMethodHandleAccessor::invokeImpl@41
                      ; - jdk.internal.reflect.DirectMethodHandleAccessor::invoke@23
                      ;   {internal_word}
  0x0000026ac14fc9bc: 8829 0749 | ba5c bf4f | c16a 0200 | 004d 8997 | 6004 0000 

  0x0000026ac14fc9d0: ;   {runtime_call SafepointBlob}
  0x0000026ac14fc9d0: e92b 8d1d 

  0x0000026ac14fc9d4: ;   {runtime_call throw_null_pointer_exception Runtime1 stub}
  0x0000026ac14fc9d4: 07e8 a688 

  0x0000026ac14fc9d8: ; ImmutableOopMap {rax=Oop [176]=Oop [192]=Oop [272]=Oop }
                      ;*athrow {reexecute=1 rethrow=0 return_oop=0}
                      ; - (reexecute) java.lang.invoke.Invokers::checkExactType@15
                      ; - java.lang.invoke.Invokers$Holder::invokeExact_MT@10
                      ; - jdk.internal.reflect.DirectMethodHandleAccessor::invokeImpl@41
                      ; - jdk.internal.reflect.DirectMethodHandleAccessor::invoke@23
                      ;   {runtime_call throw_null_pointer_exception Runtime1 stub}
  0x0000026ac14fc9d8: 2907 e8a1 

  0x0000026ac14fc9dc: ; ImmutableOopMap {rax=Oop [176]=Oop [192]=Oop [256]=Oop [264]=Oop }
                      ;*athrow {reexecute=1 rethrow=0 return_oop=0}
                      ; - (reexecute) java.lang.invoke.Invokers::checkExactType@15
                      ; - java.lang.invoke.Invokers$Holder::invokeExact_MT@10
                      ; - jdk.internal.reflect.DirectMethodHandleAccessor::invokeImpl@55
                      ; - jdk.internal.reflect.DirectMethodHandleAccessor::invoke@23
                      ;   {runtime_call throw_null_pointer_exception Runtime1 stub}
  0x0000026ac14fc9dc: 8829 07e8 

  0x0000026ac14fc9e0: ; ImmutableOopMap {rax=Oop [176]=Oop [192]=Oop [232]=Oop [240]=Oop [248]=Oop }
                      ;*athrow {reexecute=1 rethrow=0 return_oop=0}
                      ; - (reexecute) java.lang.invoke.Invokers::checkExactType@15
                      ; - java.lang.invoke.LambdaForm$MH/0x0000026ada01cc00::invokeExact_MT@11
                      ; - jdk.internal.reflect.DirectMethodHandleAccessor::invokeImpl@72
                      ; - jdk.internal.reflect.DirectMethodHandleAccessor::invoke@23
  0x0000026ac14fc9e0: 9c88 2907 

  0x0000026ac14fc9e4: ;   {runtime_call throw_null_pointer_exception Runtime1 stub}
  0x0000026ac14fc9e4: e897 8829 

  0x0000026ac14fc9e8: ; ImmutableOopMap {rax=Oop [176]=Oop [192]=Oop [200]=Oop [208]=Oop [216]=Oop [224]=Oop }
                      ;*athrow {reexecute=1 rethrow=0 return_oop=0}
                      ; - (reexecute) java.lang.invoke.Invokers::checkExactType@15
                      ; - java.lang.invoke.LambdaForm$MH/0x0000026ada00f400::invokeExact_MT@11
                      ; - jdk.internal.reflect.DirectMethodHandleAccessor::invokeImpl@92
                      ; - jdk.internal.reflect.DirectMethodHandleAccessor::invoke@23
                      ;   {metadata({method} {0x0000026ad93c4688} 'isIllegalArgument' '(Ljava/lang/RuntimeException;)Z' in 'jdk/internal/reflect/DirectMethodHandleAccessor')}
  0x0000026ac14fc9e8: 0749 ba80 | 463c d96a | 0200 004c | 8954 2408 | 48c7 0424 | ffff ffff 

  0x0000026ac14fca00: ;   {runtime_call counter_overflow Runtime1 stub}
  0x0000026ac14fca00: e8fb e729 

  0x0000026ac14fca04: ; ImmutableOopMap {rax=Oop }
                      ;*synchronization entry
                      ; - jdk.internal.reflect.DirectMethodHandleAccessor::isIllegalArgument@-1
                      ; - jdk.internal.reflect.DirectMethodHandleAccessor::invoke@58
  0x0000026ac14fca04: 07e9 c6f6 

  0x0000026ac14fca08: ;   {metadata({method} {0x0000026ad93c4688} 'isIllegalArgument' '(Ljava/lang/RuntimeException;)Z' in 'jdk/internal/reflect/DirectMethodHandleAccessor')}
  0x0000026ac14fca08: ffff 49ba | 8046 3cd9 | 6a02 0000 | 4c89 5424 | 0848 c704 | 24ff ffff 

  0x0000026ac14fca20: ;   {runtime_call counter_overflow Runtime1 stub}
  0x0000026ac14fca20: ffe8 dae7 

  0x0000026ac14fca24: ; ImmutableOopMap {rax=Oop }
                      ;*synchronization entry
                      ; - jdk.internal.reflect.DirectMethodHandleAccessor::isIllegalArgument@-1
                      ; - jdk.internal.reflect.DirectMethodHandleAccessor::invoke@30
  0x0000026ac14fca24: 2907 e960 

  0x0000026ac14fca28: ;   {metadata(nullptr)}
  0x0000026ac14fca28: f7ff ff48 | ba00 0000 | 0000 0000 | 00b8 000f 

  0x0000026ac14fca38: ;   {runtime_call load_klass_patching Runtime1 stub}
  0x0000026ac14fca38: 050a e8c1 

  0x0000026ac14fca3c: ; ImmutableOopMap {}
                      ;*new {reexecute=1 rethrow=0 return_oop=0}
                      ; - (reexecute) jdk.internal.reflect.DirectMethodHandleAccessor::invoke@36
  0x0000026ac14fca3c: d129 07e9 | a4f7 ffff 

  0x0000026ac14fca44: ;   {runtime_call fast_new_instance Runtime1 stub}
  0x0000026ac14fca44: 488b d2e8 

  0x0000026ac14fca48: ; ImmutableOopMap {}
                      ;*new {reexecute=0 rethrow=0 return_oop=0}
                      ; - jdk.internal.reflect.DirectMethodHandleAccessor::invoke@36
  0x0000026ac14fca48: 3491 2907 | e9ef f7ff 

  0x0000026ac14fca50: ;   {metadata(nullptr)}
  0x0000026ac14fca50: ff48 ba00 | 0000 0000 | 0000 00b8 | 000f 050a 

  0x0000026ac14fca60: ;   {runtime_call load_klass_patching Runtime1 stub}
  0x0000026ac14fca60: e89b d129 

  0x0000026ac14fca64: ; ImmutableOopMap {r8=Oop }
                      ;*new {reexecute=1 rethrow=0 return_oop=0}
                      ; - (reexecute) jdk.internal.reflect.DirectMethodHandleAccessor::invoke@46
  0x0000026ac14fca64: 07e9 2ef8 

  0x0000026ac14fca68: ;   {runtime_call throw_null_pointer_exception Runtime1 stub}
  0x0000026ac14fca68: ffff e811 

  0x0000026ac14fca6c: ; ImmutableOopMap {r8=Oop }
                      ;*new {reexecute=0 rethrow=0 return_oop=0}
                      ; - jdk.internal.reflect.DirectMethodHandleAccessor::invoke@46
  0x0000026ac14fca6c: 8829 0748 

  0x0000026ac14fca70: ;   {runtime_call fast_new_instance_init_check Runtime1 stub}
  0x0000026ac14fca70: 8bd2 e889 

  0x0000026ac14fca74: ; ImmutableOopMap {r8=Oop }
                      ;*new {reexecute=0 rethrow=0 return_oop=0}
                      ; - jdk.internal.reflect.DirectMethodHandleAccessor::invoke@46
  0x0000026ac14fca74: 9829 07e9 | 81f8 ffff 

  0x0000026ac14fca7c: ;   {metadata(nullptr)}
  0x0000026ac14fca7c: 48ba 0000 | 0000 0000 | 0000 b800 

  0x0000026ac14fca88: ;   {runtime_call load_klass_patching Runtime1 stub}
  0x0000026ac14fca88: 0f05 0ae8 

  0x0000026ac14fca8c: ; ImmutableOopMap {[280]=Oop }
                      ;*new {reexecute=1 rethrow=0 return_oop=0}
                      ; - (reexecute) jdk.internal.reflect.DirectMethodHandleAccessor::invoke@64
  0x0000026ac14fca8c: 70d1 2907 | e9ab f8ff | ff48 8bd2 

  0x0000026ac14fca98: ;   {runtime_call fast_new_instance Runtime1 stub}
  0x0000026ac14fca98: e8e3 9029 

  0x0000026ac14fca9c: ; ImmutableOopMap {[280]=Oop }
                      ;*new {reexecute=0 rethrow=0 return_oop=0}
                      ; - jdk.internal.reflect.DirectMethodHandleAccessor::invoke@64
  0x0000026ac14fca9c: 07e9 f6f8 

  0x0000026ac14fcaa0: ;   {metadata(nullptr)}
  0x0000026ac14fcaa0: ffff 48ba | 0000 0000 | 0000 0000 | b800 0f05 

  0x0000026ac14fcab0: ;   {runtime_call load_klass_patching Runtime1 stub}
  0x0000026ac14fcab0: 0ae8 4ad1 

  0x0000026ac14fcab4: ; ImmutableOopMap {r8=Oop }
                      ;*new {reexecute=1 rethrow=0 return_oop=0}
                      ; - (reexecute) jdk.internal.reflect.DirectMethodHandleAccessor::invoke@73
  0x0000026ac14fcab4: 2907 e935 

  0x0000026ac14fcab8: ;   {runtime_call throw_null_pointer_exception Runtime1 stub}
  0x0000026ac14fcab8: f9ff ffe8 

  0x0000026ac14fcabc: ; ImmutableOopMap {r8=Oop }
                      ;*new {reexecute=0 rethrow=0 return_oop=0}
                      ; - jdk.internal.reflect.DirectMethodHandleAccessor::invoke@73
  0x0000026ac14fcabc: c087 2907 

  0x0000026ac14fcac0: ;   {runtime_call fast_new_instance_init_check Runtime1 stub}
  0x0000026ac14fcac0: 488b d2e8 

  0x0000026ac14fcac4: ; ImmutableOopMap {r8=Oop }
                      ;*new {reexecute=0 rethrow=0 return_oop=0}
                      ; - jdk.internal.reflect.DirectMethodHandleAccessor::invoke@73
  0x0000026ac14fcac4: 3898 2907 | e988 f9ff 

  0x0000026ac14fcacc: ;   {metadata(nullptr)}
  0x0000026ac14fcacc: ff48 ba00 | 0000 0000 | 0000 00b8 | 000f 050a 

  0x0000026ac14fcadc: ;   {runtime_call load_klass_patching Runtime1 stub}
  0x0000026ac14fcadc: e81f d129 

  0x0000026ac14fcae0: ; ImmutableOopMap {[176]=Oop [184]=Oop [192]=Oop }
                      ;*new {reexecute=1 rethrow=0 return_oop=0}
                      ; - (reexecute) jdk.internal.reflect.DirectMethodHandleAccessor::checkReceiver@14
                      ; - jdk.internal.reflect.DirectMethodHandleAccessor::invoke@9
  0x0000026ac14fcae0: 07e9 b2f9 | ffff 488b 

  0x0000026ac14fcae8: ;   {runtime_call fast_new_instance Runtime1 stub}
  0x0000026ac14fcae8: d2e8 9290 

  0x0000026ac14fcaec: ; ImmutableOopMap {[176]=Oop [184]=Oop [192]=Oop }
                      ;*new {reexecute=0 rethrow=0 return_oop=0}
                      ; - jdk.internal.reflect.DirectMethodHandleAccessor::checkReceiver@14
                      ; - jdk.internal.reflect.DirectMethodHandleAccessor::invoke@9
  0x0000026ac14fcaec: 2907 e9fd 

  0x0000026ac14fcaf0: ;   {metadata('java/lang/reflect/InvocationTargetException')}
  0x0000026ac14fcaf0: f9ff ff48 | bad8 4e04 | da6a 0200 | 00b8 000f 

  0x0000026ac14fcb00: ;   {runtime_call load_klass_patching Runtime1 stub}
  0x0000026ac14fcb00: 050a e8f9 

  0x0000026ac14fcb04: ; ImmutableOopMap {r8=Oop }
                      ;*new {reexecute=1 rethrow=0 return_oop=0}
                      ; - (reexecute) jdk.internal.reflect.DirectMethodHandleAccessor::invoke@83
  0x0000026ac14fcb04: d029 07e9 | 4cfa ffff 

  0x0000026ac14fcb0c: ;   {runtime_call throw_null_pointer_exception Runtime1 stub}
  0x0000026ac14fcb0c: e86f 8729 

  0x0000026ac14fcb10: ; ImmutableOopMap {r8=Oop }
                      ;*new {reexecute=0 rethrow=0 return_oop=0}
                      ; - jdk.internal.reflect.DirectMethodHandleAccessor::invoke@83
  0x0000026ac14fcb10: 0748 8bd2 

  0x0000026ac14fcb14: ;   {runtime_call fast_new_instance_init_check Runtime1 stub}
  0x0000026ac14fcb14: e8e7 9729 

  0x0000026ac14fcb18: ; ImmutableOopMap {r8=Oop }
                      ;*new {reexecute=0 rethrow=0 return_oop=0}
                      ; - jdk.internal.reflect.DirectMethodHandleAccessor::invoke@83
  0x0000026ac14fcb18: 07e9 9ffa | ffff 498b | 87f8 0400 | 0049 c787 | f804 0000 | 0000 0000 | 49c7 8700 | 0500 0000 
  0x0000026ac14fcb38: 0000 0048 | 81c4 6001 

  0x0000026ac14fcb40: ;   {runtime_call unwind_exception Runtime1 stub}
  0x0000026ac14fcb40: 0000 5de9 | b869 2907 
[Stub Code]
  0x0000026ac14fcb48: ;   {no_reloc}
  0x0000026ac14fcb48: 0f1f 4400 

  0x0000026ac14fcb4c: ;   {static_stub}
  0x0000026ac14fcb4c: 0048 bb50 | 010b d96a 

  0x0000026ac14fcb54: ;   {runtime_call I2C/C2I adapters}
  0x0000026ac14fcb54: 0200 00e9 | 1354 1c07 

  0x0000026ac14fcb5c: ;   {static_stub}
  0x0000026ac14fcb5c: 9048 bb00 | 0000 0000 

  0x0000026ac14fcb64: ;   {runtime_call nmethod}
  0x0000026ac14fcb64: 0000 00e9 | fbff ffff 

  0x0000026ac14fcb6c: ;   {static_stub}
  0x0000026ac14fcb6c: 9048 bb00 | 0000 0000 

  0x0000026ac14fcb74: ;   {runtime_call nmethod}
  0x0000026ac14fcb74: 0000 00e9 | fbff ffff 

  0x0000026ac14fcb7c: ;   {static_stub}
  0x0000026ac14fcb7c: 9048 bb00 | 0000 0000 

  0x0000026ac14fcb84: ;   {runtime_call nmethod}
  0x0000026ac14fcb84: 0000 00e9 | fbff ffff 

  0x0000026ac14fcb8c: ;   {static_stub}
  0x0000026ac14fcb8c: 9048 bb00 | 0000 0000 

  0x0000026ac14fcb94: ;   {runtime_call nmethod}
  0x0000026ac14fcb94: 0000 00e9 | fbff ffff 

  0x0000026ac14fcb9c: ;   {static_stub}
  0x0000026ac14fcb9c: 9048 bbe8 | fc04 1a6b 

  0x0000026ac14fcba4: ;   {runtime_call I2C/C2I adapters}
  0x0000026ac14fcba4: 0200 00e9 | 3b76 1d07 

  0x0000026ac14fcbac: ;   {static_stub}
  0x0000026ac14fcbac: 48bb 0000 | 0000 0000 

  0x0000026ac14fcbb4: ;   {runtime_call nmethod}
  0x0000026ac14fcbb4: 0000 e9fb 

  0x0000026ac14fcbb8: ;   {static_stub}
  0x0000026ac14fcbb8: ffff ff48 | bb00 0000 | 0000 0000 

  0x0000026ac14fcbc4: ;   {runtime_call nmethod}
  0x0000026ac14fcbc4: 00e9 fbff 

  0x0000026ac14fcbc8: ;   {static_stub}
  0x0000026ac14fcbc8: ffff 48bb | 109c 3dd9 | 6a02 0000 

  0x0000026ac14fcbd4: ;   {runtime_call I2C/C2I adapters}
  0x0000026ac14fcbd4: e98a 681d 

  0x0000026ac14fcbd8: ;   {static_stub}
  0x0000026ac14fcbd8: 0748 bb00 | 0000 0000 

  0x0000026ac14fcbe0: ;   {runtime_call nmethod}
  0x0000026ac14fcbe0: 0000 00e9 | fbff ffff 

  0x0000026ac14fcbe8: ;   {static_stub}
  0x0000026ac14fcbe8: 48bb 0000 | 0000 0000 

  0x0000026ac14fcbf0: ;   {runtime_call nmethod}
  0x0000026ac14fcbf0: 0000 e9fb 

  0x0000026ac14fcbf4: ;   {static_stub}
  0x0000026ac14fcbf4: ffff ff48 | bb00 0000 | 0000 0000 

  0x0000026ac14fcc00: ;   {runtime_call nmethod}
  0x0000026ac14fcc00: 00e9 fbff 

  0x0000026ac14fcc04: ;   {static_stub}
  0x0000026ac14fcc04: ffff 48bb | 0000 0000 | 0000 0000 

  0x0000026ac14fcc10: ;   {runtime_call nmethod}
  0x0000026ac14fcc10: e9fb ffff 

  0x0000026ac14fcc14: ;   {static_stub}
  0x0000026ac14fcc14: ff48 bb00 | 0000 0000 

  0x0000026ac14fcc1c: ;   {runtime_call nmethod}
  0x0000026ac14fcc1c: 0000 00e9 | fbff ffff 

  0x0000026ac14fcc24: ;   {static_stub}
  0x0000026ac14fcc24: 48bb 0000 | 0000 0000 

  0x0000026ac14fcc2c: ;   {runtime_call nmethod}
  0x0000026ac14fcc2c: 0000 e9fb 

  0x0000026ac14fcc30: ;   {static_stub}
  0x0000026ac14fcc30: ffff ff48 | bb00 0000 | 0000 0000 

  0x0000026ac14fcc3c: ;   {runtime_call nmethod}
  0x0000026ac14fcc3c: 00e9 fbff 

  0x0000026ac14fcc40: ;   {runtime_call handle_exception_from_callee Runtime1 stub}
  0x0000026ac14fcc40: ffff e8b9 

  0x0000026ac14fcc44: ;   {external_word}
  0x0000026ac14fcc44: a829 0748 | b990 7fe8 | 94fc 7f00 | 0048 83e4 

  0x0000026ac14fcc54: ;   {runtime_call}
  0x0000026ac14fcc54: f048 b8e0 | 44ab 94fc | 7f00 00ff 

  0x0000026ac14fcc60: ;   {section_word}
  0x0000026ac14fcc60: d0f4 49ba | 62cc 4fc1 | 6a02 0000 

  0x0000026ac14fcc6c: ;   {runtime_call DeoptimizationBlob}
  0x0000026ac14fcc6c: 4152 e92d 

  0x0000026ac14fcc70: ;   {section_word}
  0x0000026ac14fcc70: 7d1d 0749 | ba73 cc4f | c16a 0200 

  0x0000026ac14fcc7c: ;   {runtime_call DeoptimizationBlob}
  0x0000026ac14fcc7c: 0041 52e9 | 1c7d 1d07 | f4f4 f4f4 
[/MachCode]


Compiled method (c1) 14230 9968   !   3       org.eclipse.e4.core.internal.di.MethodRequestor::execute (176 bytes)
 total in heap  [0x0000026ac1632790,0x0000026ac1636348] = 15288
 relocation     [0x0000026ac16328f0,0x0000026ac1632c00] = 784
 main code      [0x0000026ac1632c00,0x0000026ac16351d8] = 9688
 stub code      [0x0000026ac16351d8,0x0000026ac1635328] = 336
 oops           [0x0000026ac1635328,0x0000026ac1635338] = 16
 metadata       [0x0000026ac1635338,0x0000026ac16353f8] = 192
 scopes data    [0x0000026ac16353f8,0x0000026ac1635838] = 1088
 scopes pcs     [0x0000026ac1635838,0x0000026ac1635d18] = 1248
 dependencies   [0x0000026ac1635d18,0x0000026ac1635d38] = 32
 handler table  [0x0000026ac1635d38,0x0000026ac1636290] = 1368
 nul chk table  [0x0000026ac1636290,0x0000026ac1636348] = 184

[Constant Pool (empty)]

[MachCode]
[Entry Point]
  # {method} {0x0000026b1b7a3608} 'execute' '()Ljava/lang/Object;' in 'org/eclipse/e4/core/internal/di/MethodRequestor'
  #           [sp+0x160]  (sp of caller)
  0x0000026ac1632c00: 448b 5208 | 49bb 0000 | 00d9 6a02 | 0000 4d03 | d34c 3bd0 

  0x0000026ac1632c14: ;   {runtime_call ic_miss_stub}
  0x0000026ac1632c14: 0f85 66bb | 0907 660f | 1f44 0000 
[Verified Entry Point]
  0x0000026ac1632c20: 8984 2400 | 80ff ff55 | 4881 ec50 | 0100 0090 | 4181 7f20 | 0800 0000 

  0x0000026ac1632c38: ;   {runtime_call StubRoutines (final stubs)}
  0x0000026ac1632c38: 7405 e821 | 2108 0748 | 8994 24b8 

  0x0000026ac1632c44: ;   {metadata(method data for {method} {0x0000026b1b7a3608} 'execute' '()Ljava/lang/Object;' in 'org/eclipse/e4/core/internal/di/MethodRequestor')}
  0x0000026ac1632c44: 0000 0048 | bea0 9971 | 1c6b 0200 | 008b becc | 0000 0083 | c702 89be | cc00 0000 | 81e7 fe07 
  0x0000026ac1632c64: 0000 85ff | 0f84 d21e | 0000 8b72 | 2848 c1e6 | 0348 85f6 

  0x0000026ac1632c78: ;   {metadata(method data for {method} {0x0000026b1b7a3608} 'execute' '()Ljava/lang/Object;' in 'org/eclipse/e4/core/internal/di/MethodRequestor')}
  0x0000026ac1632c78: 48be a099 | 711c 6b02 | 0000 48c7 | c710 0100 | 0075 0748 | c7c7 2001 | 0000 488b | 1c3e 488d 
  0x0000026ac1632c98: 5b01 4889 | 1c3e 0f85 | 0c03 0000 | 8b72 1448 | c1e6 0348 | 85f6 7516 

  0x0000026ac1632cb0: ;   {metadata(method data for {method} {0x0000026b1b7a3608} 'execute' '()Ljava/lang/Object;' in 'org/eclipse/e4/core/internal/di/MethodRequestor')}
  0x0000026ac1632cb0: 48bb a099 | 711c 6b02 | 0000 808b | 2901 0000 | 01e9 cc00 

  0x0000026ac1632cc4: ;   {metadata('java/lang/reflect/Method')}
  0x0000026ac1632cc4: 0000 48b8 | a805 04d9 | 6a02 0000 | 8b7e 0849 | ba00 0000 | d96a 0200 | 0049 03fa | 483b c70f 
  0x0000026ac1632ce4: 858d 0000 

  0x0000026ac1632ce8: ;   {metadata(method data for {method} {0x0000026b1b7a3608} 'execute' '()Ljava/lang/Object;' in 'org/eclipse/e4/core/internal/di/MethodRequestor')}
  0x0000026ac1632ce8: 0048 bba0 | 9971 1c6b | 0200 008b | 4608 49ba | 0000 00d9 | 6a02 0000 | 4903 c248 | 3b83 4001 
  0x0000026ac1632d08: 0000 750d | 4883 8348 | 0100 0001 | e979 0000 | 0048 3b83 | 5001 0000 | 750d 4883 | 8358 0100 
  0x0000026ac1632d28: 0001 e963 | 0000 0048 | 83bb 4001 | 0000 0075 | 1748 8983 | 4001 0000 | 48c7 8348 | 0100 0001 
  0x0000026ac1632d48: 0000 00e9 | 4200 0000 | 4883 bb50 | 0100 0000 | 7517 4889 | 8350 0100 | 0048 c783 | 5801 0000 
  0x0000026ac1632d68: 0100 0000 | e921 0000 | 00e9 1c00 

  0x0000026ac1632d74: ;   {metadata(method data for {method} {0x0000026b1b7a3608} 'execute' '()Ljava/lang/Object;' in 'org/eclipse/e4/core/internal/di/MethodRequestor')}
  0x0000026ac1632d74: 0000 48bb | a099 711c | 6b02 0000 | 4883 ab30 | 0100 0001 | e9d4 1d00 | 00e9 0000 | 0000 483b 
  0x0000026ac1632d94: 0648 8bfe 

  0x0000026ac1632d98: ;   {metadata(method data for {method} {0x0000026b1b7a3608} 'execute' '()Ljava/lang/Object;' in 'org/eclipse/e4/core/internal/di/MethodRequestor')}
  0x0000026ac1632d98: 48bb a099 | 711c 6b02 | 0000 4883 | 8368 0100 

  0x0000026ac1632da8: ;   {metadata(method data for {method} {0x0000026ad9041d00} 'getParameterTypes' '()[Ljava/lang/Class;' in 'java/lang/reflect/Method')}
  0x0000026ac1632da8: 0001 48bf | 10ea 4d1b | 6b02 0000 | 8b9f cc00 | 0000 83c3 | 0289 9fcc | 0000 0081 | e3fe ff1f 
  0x0000026ac1632dc8: 0085 db0f | 849e 1d00 | 008b 7630 | 48c1 e603 

  0x0000026ac1632dd8: ; implicit exception: dispatches to 0x0000026ac1634b90
  0x0000026ac1632dd8: 483b 0648 

  0x0000026ac1632ddc: ;   {metadata(method data for {method} {0x0000026ad9041d00} 'getParameterTypes' '()[Ljava/lang/Class;' in 'java/lang/reflect/Method')}
  0x0000026ac1632ddc: 8bfe 48bb | 10ea 4d1b | 6b02 0000 | 8b7f 0849 | ba00 0000 | d96a 0200 | 0049 03fa | 483b bb20 
  0x0000026ac1632dfc: 0100 0075 | 0d48 8383 | 2801 0000 | 01e9 6000 | 0000 483b | bb30 0100 | 0075 0d48 | 8383 3801 
  0x0000026ac1632e1c: 0000 01e9 | 4a00 0000 | 4883 bb20 | 0100 0000 | 7517 4889 | bb20 0100 | 0048 c783 | 2801 0000 
  0x0000026ac1632e3c: 0100 0000 | e929 0000 | 0048 83bb | 3001 0000 | 0075 1748 | 89bb 3001 | 0000 48c7 | 8338 0100 
  0x0000026ac1632e5c: 0001 0000 | 00e9 0800 | 0000 4883 | 8310 0100 | 0001 488b | d60f 1f40 | 0048 b8ff | ffff ffff 
  0x0000026ac1632e7c: ;   {virtual_call}
  0x0000026ac1632e7c: ffff ffe8 

  0x0000026ac1632e80: ; ImmutableOopMap {[184]=Oop }
                      ;*invokevirtual clone {reexecute=0 rethrow=0 return_oop=0}
                      ; - java.lang.reflect.Method::getParameterTypes@4
                      ; - org.eclipse.e4.core.internal.di.MethodRequestor::execute@14 (line 42)
  0x0000026ac1632e80: fcbe 0907 

  0x0000026ac1632e84: ;   {other}
  0x0000026ac1632e84: 0f1f 8400 | f406 0000 | 4885 c075 

  0x0000026ac1632e90: ;   {metadata(method data for {method} {0x0000026ad9041d00} 'getParameterTypes' '()[Ljava/lang/Class;' in 'java/lang/reflect/Method')}
  0x0000026ac1632e90: 1648 bf10 | ea4d 1b6b | 0200 0080 | 8f41 0100 | 0001 e9cd 

  0x0000026ac1632ea4: ;   {metadata('java/lang/Class'[])}
  0x0000026ac1632ea4: 0000 0048 | bbe0 6e00 | d96a 0200 | 008b 7808 | 49ba 0000 | 00d9 6a02 | 0000 4903 | fa48 3b5f 
  0x0000026ac1632ec4: 400f 858d 

  0x0000026ac1632ec8: ;   {metadata(method data for {method} {0x0000026ad9041d00} 'getParameterTypes' '()[Ljava/lang/Class;' in 'java/lang/reflect/Method')}
  0x0000026ac1632ec8: 0000 0048 | bf10 ea4d | 1b6b 0200 | 008b 5808 | 49ba 0000 | 00d9 6a02 | 0000 4903 | da48 3b9f 
  0x0000026ac1632ee8: 5801 0000 | 750d 4883 | 8760 0100 | 0001 e979 | 0000 0048 | 3b9f 6801 | 0000 750d | 4883 8770 
  0x0000026ac1632f08: 0100 0001 | e963 0000 | 0048 83bf | 5801 0000 | 0075 1748 | 899f 5801 | 0000 48c7 | 8760 0100 
  0x0000026ac1632f28: 0001 0000 | 00e9 4200 | 0000 4883 | bf68 0100 | 0000 7517 | 4889 9f68 | 0100 0048 | c787 7001 
  0x0000026ac1632f48: 0000 0100 | 0000 e921 | 0000 00e9 | 1c00 0000 

  0x0000026ac1632f58: ;   {metadata(method data for {method} {0x0000026ad9041d00} 'getParameterTypes' '()[Ljava/lang/Class;' in 'java/lang/reflect/Method')}
  0x0000026ac1632f58: 48bf 10ea | 4d1b 6b02 | 0000 4883 | af48 0100 | 0001 e926 | 1c00 00e9 | 0000 0000 | 488b d08b 
  0x0000026ac1632f78: 520c 85d2 

  0x0000026ac1632f7c: ;   {metadata(method data for {method} {0x0000026b1b7a3608} 'execute' '()Ljava/lang/Object;' in 'org/eclipse/e4/core/internal/di/MethodRequestor')}
  0x0000026ac1632f7c: 48ba a099 | 711c 6b02 | 0000 48c7 | c6b0 0100 | 007f 0748 | c7c6 a001 | 0000 488b | 3c32 488d 
  0x0000026ac1632f9c: 7f01 4889 | 3c32 0f8f | a616 0000 | 488b 9424 | b800 0000 

  0x0000026ac1632fb0: ;   {metadata(method data for {method} {0x0000026b1b7a3608} 'execute' '()Ljava/lang/Object;' in 'org/eclipse/e4/core/internal/di/MethodRequestor')}
  0x0000026ac1632fb0: 488b f248 | bfa0 9971 | 1c6b 0200 | 008b 7608 | 49ba 0000 | 00d9 6a02 | 0000 4903 | f248 3bb7 
  0x0000026ac1632fd0: d001 0000 | 750d 4883 | 87d8 0100 | 0001 e960 | 0000 0048 | 3bb7 e001 | 0000 750d | 4883 87e8 
  0x0000026ac1632ff0: 0100 0001 | e94a 0000 | 0048 83bf | d001 0000 | 0075 1748 | 89b7 d001 | 0000 48c7 | 87d8 0100 
  0x0000026ac1633010: 0001 0000 | 00e9 2900 | 0000 4883 | bfe0 0100 | 0000 7517 | 4889 b7e0 | 0100 0048 | c787 e801 
  0x0000026ac1633030: 0000 0100 | 0000 e908 | 0000 0048 | 8387 c001 

  0x0000026ac1633040: ;   {metadata(method data for {method} {0x0000026b1b7a1c98} 'getRequestingObject' '()Ljava/lang/Object;' in 'org/eclipse/e4/core/internal/di/Requestor')}
  0x0000026ac1633040: 0000 0148 | be50 8471 | 1c6b 0200 | 008b becc | 0000 0083 | c702 89be | cc00 0000 | 81e7 feff 
  0x0000026ac1633060: 1f00 85ff | 0f84 391b | 0000 8b72 | 1848 c1e6 | 0348 85f6 

  0x0000026ac1633074: ;   {metadata(method data for {method} {0x0000026b1b7a1c98} 'getRequestingObject' '()Ljava/lang/Object;' in 'org/eclipse/e4/core/internal/di/Requestor')}
  0x0000026ac1633074: 48bf 5084 | 711c 6b02 | 0000 48c7 | c310 0100 | 0075 0748 | c7c3 2001 | 0000 488b | 041f 488d 
  0x0000026ac1633094: 4001 4889 | 041f 0f85 | 0f00 0000 

  0x0000026ac16330a0: ;   {oop(nullptr)}
  0x0000026ac16330a0: 48be 0000 | 0000 0000 | 0000 e9b8 | 0000 0048 | 3b06 488b 

  0x0000026ac16330b4: ;   {metadata(method data for {method} {0x0000026b1b7a1c98} 'getRequestingObject' '()Ljava/lang/Object;' in 'org/eclipse/e4/core/internal/di/Requestor')}
  0x0000026ac16330b4: fe48 bb50 | 8471 1c6b | 0200 008b | 7f08 49ba | 0000 00d9 | 6a02 0000 | 4903 fa48 | 3bbb 4001 
  0x0000026ac16330d4: 0000 750d | 4883 8348 | 0100 0001 | e960 0000 | 0048 3bbb | 5001 0000 | 750d 4883 | 8358 0100 
  0x0000026ac16330f4: 0001 e94a | 0000 0048 | 83bb 4001 | 0000 0075 | 1748 89bb | 4001 0000 | 48c7 8348 | 0100 0001 
  0x0000026ac1633114: 0000 00e9 | 2900 0000 | 4883 bb50 | 0100 0000 | 7517 4889 | bb50 0100 | 0048 c783 | 5801 0000 
  0x0000026ac1633134: 0100 0000 | e908 0000 | 0048 8383 | 3001 0000 | 0148 8bd6 | 0f1f 4400 | 0048 b830 | c6c8 1e6b 
  0x0000026ac1633154: ;   {virtual_call}
  0x0000026ac1633154: 0200 00e8 

  0x0000026ac1633158: ; ImmutableOopMap {[184]=Oop }
                      ;*invokevirtual get {reexecute=0 rethrow=0 return_oop=0}
                      ; - org.eclipse.e4.core.internal.di.Requestor::getRequestingObject@13 (line 108)
                      ; - org.eclipse.e4.core.internal.di.MethodRequestor::execute@24 (line 45)
  0x0000026ac1633158: d502 0a07 

  0x0000026ac163315c: ;   {other}
  0x0000026ac163315c: 0f1f 8400 | cc09 0001 | 488b f048 

  0x0000026ac1633168: ;   {metadata(method data for {method} {0x0000026b1b7a3608} 'execute' '()Ljava/lang/Object;' in 'org/eclipse/e4/core/internal/di/MethodRequestor')}
  0x0000026ac1633168: 85f6 48b8 | a099 711c | 6b02 0000 | 48c7 c208 | 0200 0074 | 0748 c7c2 | f801 0000 | 488b 3c10 
  0x0000026ac1633188: 488d 7f01 | 4889 3c10 | 0f84 9814 | 0000 488b | 9424 b800 | 0000 8b7a | 2048 c1e7 | 0348 85ff 
  0x0000026ac16331a8: ;   {metadata(method data for {method} {0x0000026b1b7a3608} 'execute' '()Ljava/lang/Object;' in 'org/eclipse/e4/core/internal/di/MethodRequestor')}
  0x0000026ac16331a8: 48b8 a099 | 711c 6b02 | 0000 48c7 | c328 0200 | 0075 0748 | c7c3 1802 | 0000 488b | 0c18 488d 
  0x0000026ac16331c8: 4901 4889 | 0c18 0f85 | 1900 0000 | bf00 0000 | 0089 bc24 | d400 0000 | 4889 b424 | c000 0000 
  0x0000026ac16331e8: e9e9 0800 | 0048 89b4 | 24c0 0000 | 0048 3b07 

  0x0000026ac16331f8: ;   {metadata(method data for {method} {0x0000026b1b7a3608} 'execute' '()Ljava/lang/Object;' in 'org/eclipse/e4/core/internal/di/MethodRequestor')}
  0x0000026ac16331f8: 488b c748 | bba0 9971 | 1c6b 0200 

  0x0000026ac1633204: ;   {metadata('org/eclipse/e4/core/internal/contexts/ContextObjectSupplier')}
  0x0000026ac1633204: 0049 ba00 | 3030 da6a | 0200 004c | 8993 4802 | 0000 4883 | 8350 0200 | 0001 488d | 9c24 2001 
  0x0000026ac1633224: 0000 4889 | 7b08 488b | 0748 83c8 | 0148 8903 | f048 0fb1 | 1f0f 8412 | 0000 0048 | 2bc4 4825 
  0x0000026ac1633244: 07f0 ffff | 4889 030f | 857d 1900 | 0049 ff87 | 4805 0000 

  0x0000026ac1633258: ;   {metadata(method data for {method} {0x0000026b1b795070} 'pauseRecording' '()V' in 'org/eclipse/e4/core/internal/contexts/ContextObjectSupplier')}
  0x0000026ac1633258: 48bb f0ef | fe1b 6b02 | 0000 8b83 | cc00 0000 | 83c0 0289 | 83cc 0000 | 0025 feff | 1f00 85c0 
  0x0000026ac1633278: 0f84 6319 

  0x0000026ac163327c: ;   {metadata(method data for {method} {0x0000026b1b795070} 'pauseRecording' '()V' in 'org/eclipse/e4/core/internal/contexts/ContextObjectSupplier')}
  0x0000026ac163327c: 0000 48bf | f0ef fe1b | 6b02 0000 | 4883 8710 | 0100 0001 

  0x0000026ac1633290: ;   {metadata(method data for {method} {0x0000026b1b77b4e0} 'getCalculatedComputations' '()Ljava/util/Stack;' in 'org/eclipse/e4/core/internal/contexts/EclipseContext')}
  0x0000026ac1633290: 48bf 48b6 | 7c1b 6b02 | 0000 8b9f | cc00 0000 | 83c3 0289 | 9fcc 0000 | 0081 e3fe | ff1f 0085 
  0x0000026ac16332b0: db0f 844b 

  0x0000026ac16332b4: ;   {oop(a 'java/lang/Class'{0x00000007409b5ff0} = 'org/eclipse/e4/core/internal/contexts/EclipseContext')}
  0x0000026ac16332b4: 1900 0048 | bff0 5f9b | 4007 0000 | 008b 7f7c | 48c1 e703 

  0x0000026ac16332c8: ; implicit exception: dispatches to 0x0000026ac1634c23
  0x0000026ac16332c8: 483b 0748 

  0x0000026ac16332cc: ;   {metadata(method data for {method} {0x0000026b1b77b4e0} 'getCalculatedComputations' '()Ljava/util/Stack;' in 'org/eclipse/e4/core/internal/contexts/EclipseContext')}
  0x0000026ac16332cc: 8bdf 48b8 | 48b6 7c1b | 6b02 0000 | 8b5b 0849 | ba00 0000 | d96a 0200 | 0049 03da | 483b 9820 
  0x0000026ac16332ec: 0100 0075 | 0d48 8380 | 2801 0000 | 01e9 6000 | 0000 483b | 9830 0100 | 0075 0d48 | 8380 3801 
  0x0000026ac163330c: 0000 01e9 | 4a00 0000 | 4883 b820 | 0100 0000 | 7517 4889 | 9820 0100 | 0048 c780 | 2801 0000 
  0x0000026ac163332c: 0100 0000 | e929 0000 | 0048 83b8 | 3001 0000 | 0075 1748 | 8998 3001 | 0000 48c7 | 8038 0100 
  0x0000026ac163334c: 0001 0000 | 00e9 0800 | 0000 4883 | 8010 0100 | 0001 488b | d70f 1f40 | 0048 b810 | 1812 d96a 
  0x0000026ac163336c: ;   {virtual_call}
  0x0000026ac163336c: 0200 00e8 

  0x0000026ac1633370: ; ImmutableOopMap {[184]=Oop [192]=Oop [296]=Oop }
                      ;*invokevirtual get {reexecute=0 rethrow=0 return_oop=0}
                      ; - org.eclipse.e4.core.internal.contexts.EclipseContext::getCalculatedComputations@3 (line 734)
                      ; - org.eclipse.e4.core.internal.contexts.ContextObjectSupplier::pauseRecording@0 (line 214)
                      ; - org.eclipse.e4.core.internal.di.MethodRequestor::execute@49 (line 51)
  0x0000026ac1633370: ccdd 9a07 

  0x0000026ac1633374: ;   {other}
  0x0000026ac1633374: 0f1f 8400 | e40b 0002 | 4885 c075 

  0x0000026ac1633380: ;   {metadata(method data for {method} {0x0000026b1b77b4e0} 'getCalculatedComputations' '()Ljava/util/Stack;' in 'org/eclipse/e4/core/internal/contexts/EclipseContext')}
  0x0000026ac1633380: 1648 bf48 | b67c 1b6b | 0200 0080 | 8f41 0100 | 0001 e9cc 

  0x0000026ac1633394: ;   {metadata('java/util/Stack')}
  0x0000026ac1633394: 0000 0048 | bae0 720d | da6a 0200 | 008b 7008 | 49ba 0000 | 00d9 6a02 | 0000 4903 | f248 3bd6 
  0x0000026ac16333b4: 0f85 8d00 

  0x0000026ac16333b8: ;   {metadata(method data for {method} {0x0000026b1b77b4e0} 'getCalculatedComputations' '()Ljava/util/Stack;' in 'org/eclipse/e4/core/internal/contexts/EclipseContext')}
  0x0000026ac16333b8: 0000 48bf | 48b6 7c1b | 6b02 0000 | 8b50 0849 | ba00 0000 | d96a 0200 | 0049 03d2 | 483b 9758 
  0x0000026ac16333d8: 0100 0075 | 0d48 8387 | 6001 0000 | 01e9 7900 | 0000 483b | 9768 0100 | 0075 0d48 | 8387 7001 
  0x0000026ac16333f8: 0000 01e9 | 6300 0000 | 4883 bf58 | 0100 0000 | 7517 4889 | 9758 0100 | 0048 c787 | 6001 0000 
  0x0000026ac1633418: 0100 0000 | e942 0000 | 0048 83bf | 6801 0000 | 0075 1748 | 8997 6801 | 0000 48c7 | 8770 0100 
  0x0000026ac1633438: 0001 0000 | 00e9 2100 | 0000 e91c 

  0x0000026ac1633444: ;   {metadata(method data for {method} {0x0000026b1b77b4e0} 'getCalculatedComputations' '()Ljava/util/Stack;' in 'org/eclipse/e4/core/internal/contexts/EclipseContext')}
  0x0000026ac1633444: 0000 0048 | bf48 b67c | 1b6b 0200 | 0048 83af | 4801 0000 | 01e9 ca17 | 0000 e900 | 0000 0048 
  0x0000026ac1633464: 8bd0 4885 

  0x0000026ac1633468: ;   {metadata(method data for {method} {0x0000026b1b77b4e0} 'getCalculatedComputations' '()Ljava/util/Stack;' in 'org/eclipse/e4/core/internal/contexts/EclipseContext')}
  0x0000026ac1633468: d248 be48 | b67c 1b6b | 0200 0048 | c7c7 8001 | 0000 7507 | 48c7 c790 | 0100 0048 | 8b04 3e48 
  0x0000026ac1633488: 8d40 0148 | 8904 3e0f | 8527 0200 

  0x0000026ac1633494: ;   {metadata('java/util/Stack')}
  0x0000026ac1633494: 0048 bae0 | 720d da6a | 0200 0049 | 8b87 b801 | 0000 488d | 7820 493b | bfc8 0100 | 000f 877a 
  0x0000026ac16334b4: 1700 0049 | 89bf b801 | 0000 48c7 | 0001 0000 | 0048 8bca | 49ba 0000 | 00d9 6a02 | 0000 492b 
  0x0000026ac16334d4: ca89 4808 | 4833 c989 | 480c 4833 | c948 8948 | 1048 8948 | 184c 8bc0 

  0x0000026ac16334ec: ;   {metadata(method data for {method} {0x0000026b1b77b4e0} 'getCalculatedComputations' '()Ljava/util/Stack;' in 'org/eclipse/e4/core/internal/contexts/EclipseContext')}
  0x0000026ac16334ec: 49b9 48b6 | 7c1b 6b02 | 0000 4983 | 81a0 0100 

  0x0000026ac16334fc: ;   {metadata(method data for {method} {0x0000026b1a934630} '<init>' '()V' in 'java/util/Stack')}
  0x0000026ac16334fc: 0001 49b8 | 188e 3a1b | 6b02 0000 | 458b 88cc | 0000 0041 | 83c1 0245 | 8988 cc00 | 0000 4181 
  0x0000026ac163351c: e1fe ff1f | 0045 85c9 | 0f84 1417 | 0000 4c8b 

  0x0000026ac163352c: ;   {metadata(method data for {method} {0x0000026b1a934630} '<init>' '()V' in 'java/util/Stack')}
  0x0000026ac163352c: c049 b918 | 8e3a 1b6b | 0200 0049 | 8381 1001 

  0x0000026ac163353c: ;   {metadata(method data for {method} {0x0000026b1a192b28} '<init>' '()V' in 'java/util/Vector')}
  0x0000026ac163353c: 0000 0149 | b8a8 853a | 1b6b 0200 | 0045 8b88 | cc00 0000 | 4183 c102 | 4589 88cc | 0000 0041 
  0x0000026ac163355c: 81e1 feff | 1f00 4585 | c90f 84f4 | 1600 004c 

  0x0000026ac163356c: ;   {metadata(method data for {method} {0x0000026b1a192b28} '<init>' '()V' in 'java/util/Vector')}
  0x0000026ac163356c: 8bc0 49b9 | a885 3a1b | 6b02 0000 | 4983 8110 | 0100 0001 

  0x0000026ac1633580: ;   {metadata(method data for {method} {0x0000026b1a192a90} '<init>' '(I)V' in 'java/util/Vector')}
  0x0000026ac1633580: 49b8 e886 | 3a1b 6b02 | 0000 458b | 88cc 0000 | 0041 83c1 | 0245 8988 | cc00 0000 | 4181 e1fe 
  0x0000026ac16335a0: ff1f 0045 | 85c9 0f84 | d416 0000 

  0x0000026ac16335ac: ;   {metadata(method data for {method} {0x0000026b1a192a90} '<init>' '(I)V' in 'java/util/Vector')}
  0x0000026ac16335ac: 4c8b c049 | b9e8 863a | 1b6b 0200 | 0049 8381 | 1001 0000 | 0141 b80a | 0000 0041 | b900 0000 
  0x0000026ac16335cc: 0048 8bd0 | 4889 8424 | c800 0000 | 0f1f 8000 

  0x0000026ac16335dc: ;   {optimized virtual_call}
  0x0000026ac16335dc: 0000 00e8 

  0x0000026ac16335e0: ; ImmutableOopMap {[184]=Oop [192]=Oop [200]=Oop [296]=Oop }
                      ;*invokespecial <init> {reexecute=0 rethrow=0 return_oop=0}
                      ; - java.util.Vector::<init>@3
                      ; - java.util.Vector::<init>@3
                      ; - java.util.Stack::<init>@1
                      ; - org.eclipse.e4.core.internal.contexts.EclipseContext::getCalculatedComputations@18 (line 736)
                      ; - org.eclipse.e4.core.internal.contexts.ContextObjectSupplier::pauseRecording@0 (line 214)
                      ; - org.eclipse.e4.core.internal.di.MethodRequestor::execute@49 (line 51)
  0x0000026ac16335e0: 9cb4 0907 

  0x0000026ac16335e4: ;   {other}
  0x0000026ac16335e4: 0f1f 8400 | 540e 0003 

  0x0000026ac16335ec: ;   {oop(a 'java/lang/Class'{0x00000007409b5ff0} = 'org/eclipse/e4/core/internal/contexts/EclipseContext')}
  0x0000026ac16335ec: 49b8 f05f | 9b40 0700 | 0000 418b | 507c 48c1 | e203 483b | 024c 8bc2 

  0x0000026ac1633604: ;   {metadata(method data for {method} {0x0000026b1b77b4e0} 'getCalculatedComputations' '()Ljava/util/Stack;' in 'org/eclipse/e4/core/internal/contexts/EclipseContext')}
  0x0000026ac1633604: 48be 48b6 | 7c1b 6b02 | 0000 458b | 4008 49ba | 0000 00d9 | 6a02 0000 | 4d03 c24c | 3b86 c001 
  0x0000026ac1633624: 0000 750d | 4883 86c8 | 0100 0001 | e960 0000 | 004c 3b86 | d001 0000 | 750d 4883 | 86d8 0100 
  0x0000026ac1633644: 0001 e94a | 0000 0048 | 83be c001 | 0000 0075 | 174c 8986 | c001 0000 | 48c7 86c8 | 0100 0001 
  0x0000026ac1633664: 0000 00e9 | 2900 0000 | 4883 bed0 | 0100 0000 | 7517 4c89 | 86d0 0100 | 0048 c786 | d801 0000 
  0x0000026ac1633684: 0100 0000 | e908 0000 | 0048 8386 | b001 0000 | 014c 8b84 | 24c8 0000 | 0048 b8ff | ffff ffff 
  0x0000026ac16336a4: ;   {virtual_call}
  0x0000026ac16336a4: ffff ffe8 

  0x0000026ac16336a8: ; ImmutableOopMap {[184]=Oop [192]=Oop [200]=Oop [296]=Oop }
                      ;*invokevirtual set {reexecute=0 rethrow=0 return_oop=0}
                      ; - org.eclipse.e4.core.internal.contexts.EclipseContext::getCalculatedComputations@26 (line 737)
                      ; - org.eclipse.e4.core.internal.contexts.ContextObjectSupplier::pauseRecording@0 (line 214)
                      ; - org.eclipse.e4.core.internal.di.MethodRequestor::execute@49 (line 51)
  0x0000026ac16336a8: d4b6 0907 

  0x0000026ac16336ac: ;   {other}
  0x0000026ac16336ac: 0f1f 8400 | 1c0f 0004 | 488b 9424 | c800 0000 

  0x0000026ac16336bc: ; implicit exception: dispatches to 0x0000026ac1634ca6
  0x0000026ac16336bc: 483b 0248 

  0x0000026ac16336c0: ;   {metadata(method data for {method} {0x0000026b1b795070} 'pauseRecording' '()V' in 'org/eclipse/e4/core/internal/contexts/ContextObjectSupplier')}
  0x0000026ac16336c0: 8bc2 49b8 | f0ef fe1b | 6b02 0000 | 4983 8038 | 0100 0001 

  0x0000026ac16336d4: ;   {metadata(method data for {method} {0x0000026b1a9346d0} 'push' '(Ljava/lang/Object;)Ljava/lang/Object;' in 'java/util/Stack')}
  0x0000026ac16336d4: 48b8 f030 | 2d1b 6b02 | 0000 448b | 80cc 0000 | 0041 83c0 | 0244 8980 | cc00 0000 | 4181 e0fe 
  0x0000026ac16336f4: ff1f 0045 | 85c0 0f84 | ab15 0000 

  0x0000026ac1633700: ;   {metadata(method data for {method} {0x0000026b1a9346d0} 'push' '(Ljava/lang/Object;)Ljava/lang/Object;' in 'java/util/Stack')}
  0x0000026ac1633700: 488b c249 | b8f0 302d | 1b6b 0200 | 008b 4008 | 49ba 0000 | 00d9 6a02 | 0000 4903 | c249 3b80 
  0x0000026ac1633720: 2001 0000 | 750d 4983 | 8028 0100 | 0001 e960 | 0000 0049 | 3b80 3001 | 0000 750d | 4983 8038 
  0x0000026ac1633740: 0100 0001 | e94a 0000 | 0049 83b8 | 2001 0000 | 0075 1749 | 8980 2001 | 0000 49c7 | 8028 0100 
  0x0000026ac1633760: 0001 0000 | 00e9 2900 | 0000 4983 | b830 0100 | 0000 7517 | 4989 8030 | 0100 0049 | c780 3801 
  0x0000026ac1633780: 0000 0100 | 0000 e908 | 0000 0049 | 8380 1001 | 0000 014c | 8d84 2430 | 0100 0049 | 8950 0848 
  0x0000026ac16337a0: 8b02 4883 | c801 4989 | 00f0 4c0f | b102 0f84 | 1200 0000 | 482b c448 | 2507 f0ff | ff49 8900 
  0x0000026ac16337c0: 0f85 0615 | 0000 49ff | 8748 0500 

  0x0000026ac16337cc: ;   {metadata(method data for {method} {0x0000026b1a193d28} 'addElement' '(Ljava/lang/Object;)V' in 'java/util/Vector')}
  0x0000026ac16337cc: 0049 b890 | 973b 1a6b | 0200 0041 | 8bb0 cc00 | 0000 83c6 | 0241 89b0 | cc00 0000 | 81e6 feff 
  0x0000026ac16337ec: 1f00 85f6 | 0f84 e914 | 0000 448b | 420c 41ff | c044 8942 | 0c44 8b42 | 1849 c1e0 | 038b 7210 
  0x0000026ac163380c: ;   {metadata(method data for {method} {0x0000026b1a193d28} 'addElement' '(Ljava/lang/Object;)V' in 'java/util/Vector')}
  0x0000026ac163380c: 488b fa48 | bb90 973b | 1a6b 0200 | 0048 8383 | 1001 0000 

  0x0000026ac1633820: ;   {metadata(method data for {method} {0x0000026b1a194488} 'add' '(Ljava/lang/Object;[Ljava/lang/Object;I)V' in 'java/util/Vector')}
  0x0000026ac1633820: 0148 bf48 | 2d2d 1b6b | 0200 008b | 9fcc 0000 | 0083 c302 | 899f cc00 | 0000 81e3 | feff 1f00 
  0x0000026ac1633840: 85db 0f84 | b814 0000 

  0x0000026ac1633848: ; implicit exception: dispatches to 0x0000026ac1634d21
  0x0000026ac1633848: 418b 780c 

  0x0000026ac163384c: ;   {metadata(method data for {method} {0x0000026b1a194488} 'add' '(Ljava/lang/Object;[Ljava/lang/Object;I)V' in 'java/util/Vector')}
  0x0000026ac163384c: 3bf7 48bf | 482d 2d1b | 6b02 0000 | 48c7 c310 | 0100 0075 | 0748 c7c3 | 2001 0000 | 488b 041f 
  0x0000026ac163386c: 488d 4001 | 4889 041f | 0f85 9400 | 0000 4c8b 

  0x0000026ac163387c: ;   {metadata(method data for {method} {0x0000026b1a194488} 'add' '(Ljava/lang/Object;[Ljava/lang/Object;I)V' in 'java/util/Vector')}
  0x0000026ac163387c: c248 bf48 | 2d2d 1b6b | 0200 0048 | 8387 3001 

  0x0000026ac163388c: ;   {metadata(method data for {method} {0x0000026b1a192fc0} 'grow' '()[Ljava/lang/Object;' in 'java/util/Vector')}
  0x0000026ac163388c: 0000 0149 | b838 a91c | 1a6b 0200 | 0041 8bb8 | cc00 0000 | 83c7 0241 | 89b8 cc00 | 0000 81e7 
  0x0000026ac16338ac: feff 1f00 | 85ff 0f84 | 6e14 0000 

  0x0000026ac16338b8: ;   {metadata(method data for {method} {0x0000026b1a192fc0} 'grow' '()[Ljava/lang/Object;' in 'java/util/Vector')}
  0x0000026ac16338b8: 4c8b c248 | bf38 a91c | 1a6b 0200 | 0048 8387 | 1001 0000 | 014c 8bc6 | 41ff c048 | 8bfa 488b 
  0x0000026ac16338d8: d748 89bc | 24d8 0000 | 0089 b424 | d000 0000 | 0f1f 8000 

  0x0000026ac16338ec: ;   {optimized virtual_call}
  0x0000026ac16338ec: 0000 00e8 

  0x0000026ac16338f0: ; ImmutableOopMap {[184]=Oop [192]=Oop [216]=Oop [296]=Oop [312]=Oop }
                      ;*invokevirtual grow {reexecute=0 rethrow=0 return_oop=0}
                      ; - java.util.Vector::grow@7
                      ; - java.util.Vector::add@7
                      ; - java.util.Vector::addElement@20
                      ; - java.util.Stack::push@2
                      ; - org.eclipse.e4.core.internal.contexts.ContextObjectSupplier::pauseRecording@6 (line 215)
                      ; - org.eclipse.e4.core.internal.di.MethodRequestor::execute@49 (line 51)
  0x0000026ac16338f0: 8cb1 0907 

  0x0000026ac16338f4: ;   {other}
  0x0000026ac16338f4: 0f1f 8400 | 6411 0005 | 4c8b c08b | b424 d000 | 0000 488b | 9424 d800 

  0x0000026ac163390c: ;   {oop(nullptr)}
  0x0000026ac163390c: 0000 48b8 | 0000 0000 | 0000 0000 

  0x0000026ac1633918: ; implicit exception: dispatches to 0x0000026ac1634d47
  0x0000026ac1633918: 413b 700c | 0f83 2f14 | 0000 4885 

  0x0000026ac1633924: ;   {metadata(method data for {method} {0x0000026b1a194488} 'add' '(Ljava/lang/Object;[Ljava/lang/Object;I)V' in 'java/util/Vector')}
  0x0000026ac1633924: c075 1648 | bb48 2d2d | 1b6b 0200 | 0080 8b61 | 0100 0001 | e9f9 0000 | 0041 8b78 | 0849 ba00 
  0x0000026ac1633944: 0000 d96a | 0200 0049 | 03fa 8b58 | 0849 ba00 | 0000 d96a | 0200 0049 | 03da 488b | bfd0 0000 
  0x0000026ac1633964: 0048 3bdf | 0f84 2700 | 0000 8b4f | 1448 3b3c | 0b0f 841a | 0000 0083 | f920 0f85 | 9b00 0000 
  0x0000026ac1633984: ;   {runtime_call slow_subtype_check Runtime1 stub}
  0x0000026ac1633984: 5357 e875 | 4716 075b | 5f85 ff0f | 848a 0000 

  0x0000026ac1633994: ;   {metadata(method data for {method} {0x0000026b1a194488} 'add' '(Ljava/lang/Object;[Ljava/lang/Object;I)V' in 'java/util/Vector')}
  0x0000026ac1633994: 0048 bb48 | 2d2d 1b6b | 0200 008b | 7808 49ba | 0000 00d9 | 6a02 0000 | 4903 fa48 | 3bbb 7801 
  0x0000026ac16339b4: 0000 750d | 4883 8380 | 0100 0001 | e971 0000 | 0048 3bbb | 8801 0000 | 750d 4883 | 8390 0100 
  0x0000026ac16339d4: 0001 e95b | 0000 0048 | 83bb 7801 | 0000 0075 | 1748 89bb | 7801 0000 | 48c7 8380 | 0100 0001 
  0x0000026ac16339f4: 0000 00e9 | 3a00 0000 | 4883 bb88 | 0100 0000 | 7517 4889 | bb88 0100 | 0048 c783 | 9001 0000 
  0x0000026ac1633a14: 0100 0000 | e919 0000 

  0x0000026ac1633a1c: ;   {metadata(method data for {method} {0x0000026b1a194488} 'add' '(Ljava/lang/Object;[Ljava/lang/Object;I)V' in 'java/util/Vector')}
  0x0000026ac1633a1c: 00eb 1748 | bb48 2d2d | 1b6b 0200 | 0048 83ab | 6801 0000 | 01e9 2e13 | 0000 4863 | fe49 8d7c 
  0x0000026ac1633a3c: b810 410f | be5f 4085 | db0f 8522 | 1300 004c | 8bd0 49c1 | ea03 4489 | 1748 8bdf | 4833 d848 
  0x0000026ac1633a5c: c1eb 1548 | 83fb 000f | 8522 1300 | 00ff c689 | 7210 488d | 8424 3001 | 0000 488b | 1048 85d2 
  0x0000026ac1633a7c: 0f84 0f00 | 0000 488b | 7008 f048 | 0fb1 160f | 8512 1300 | 0049 ff8f | 4805 0000 | 488d 8424 
  0x0000026ac1633a9c: 2001 0000 | 488b 1048 | 85d2 0f84 | 0f00 0000 | 488b 7008 | f048 0fb1 | 160f 85fe | 1200 0049 
  0x0000026ac1633abc: ff8f 4805 | 0000 bf01 | 0000 0089 | bc24 d400 | 0000 488b | 9424 b800 | 0000 8b72 | 1448 c1e6 
  0x0000026ac1633adc: 0348 85f6 

  0x0000026ac1633ae0: ;   {metadata(method data for {method} {0x0000026b1b7a3608} 'execute' '()Ljava/lang/Object;' in 'org/eclipse/e4/core/internal/di/MethodRequestor')}
  0x0000026ac1633ae0: 7516 48b8 | a099 711c | 6b02 0000 | 8088 6902 | 0000 01e9 | cc00 0000 

  0x0000026ac1633af8: ;   {metadata('java/lang/reflect/Method')}
  0x0000026ac1633af8: 48b9 a805 | 04d9 6a02 | 0000 8b5e | 0849 ba00 | 0000 d96a | 0200 0049 | 03da 483b | cb0f 858d 
  0x0000026ac1633b18: ;   {metadata(method data for {method} {0x0000026b1b7a3608} 'execute' '()Ljava/lang/Object;' in 'org/eclipse/e4/core/internal/di/MethodRequestor')}
  0x0000026ac1633b18: 0000 0048 | b8a0 9971 | 1c6b 0200 | 008b 4e08 | 49ba 0000 | 00d9 6a02 | 0000 4903 | ca48 3b88 
  0x0000026ac1633b38: 8002 0000 | 750d 4883 | 8088 0200 | 0001 e979 | 0000 0048 | 3b88 9002 | 0000 750d | 4883 8098 
  0x0000026ac1633b58: 0200 0001 | e963 0000 | 0048 83b8 | 8002 0000 | 0075 1748 | 8988 8002 | 0000 48c7 | 8088 0200 
  0x0000026ac1633b78: 0001 0000 | 00e9 4200 | 0000 4883 | b890 0200 | 0000 7517 | 4889 8890 | 0200 0048 | c780 9802 
  0x0000026ac1633b98: 0000 0100 | 0000 e921 | 0000 00e9 | 1c00 0000 

  0x0000026ac1633ba8: ;   {metadata(method data for {method} {0x0000026b1b7a3608} 'execute' '()Ljava/lang/Object;' in 'org/eclipse/e4/core/internal/di/MethodRequestor')}
  0x0000026ac1633ba8: 48b8 a099 | 711c 6b02 | 0000 4883 | a870 0200 | 0001 e910 | 1200 00e9 | 0000 0000 

  0x0000026ac1633bc4: ; implicit exception: dispatches to 0x0000026ac1634dd8
  0x0000026ac1633bc4: 483b 0648 

  0x0000026ac1633bc8: ;   {metadata(method data for {method} {0x0000026b1b7a3608} 'execute' '()Ljava/lang/Object;' in 'org/eclipse/e4/core/internal/di/MethodRequestor')}
  0x0000026ac1633bc8: 8bde 48b8 | a099 711c | 6b02 0000 | 4883 80a8 | 0200 0001 

  0x0000026ac1633bdc: ;   {optimized virtual_call}
  0x0000026ac1633bdc: 488b d6e8 

  0x0000026ac1633be0: ; ImmutableOopMap {[184]=Oop [192]=Oop }
                      ;*invokevirtual trySetAccessible {reexecute=0 rethrow=0 return_oop=0}
                      ; - org.eclipse.e4.core.internal.di.MethodRequestor::execute@61 (line 55)
  0x0000026ac1633be0: 1cdd fdff 

  0x0000026ac1633be4: ;   {other}
  0x0000026ac1633be4: 0f1f 8400 | 5414 0006 | 488b 9424 | b800 0000 | 8b72 1448 | c1e6 0348 | 85f6 7516 

  0x0000026ac1633c00: ;   {metadata(method data for {method} {0x0000026b1b7a3608} 'execute' '()Ljava/lang/Object;' in 'org/eclipse/e4/core/internal/di/MethodRequestor')}
  0x0000026ac1633c00: 48bb a099 | 711c 6b02 | 0000 808b | d902 0000 | 01e9 cc00 

  0x0000026ac1633c14: ;   {metadata('java/lang/reflect/Method')}
  0x0000026ac1633c14: 0000 48b8 | a805 04d9 | 6a02 0000 | 8b7e 0849 | ba00 0000 | d96a 0200 | 0049 03fa | 483b c70f 
  0x0000026ac1633c34: 858d 0000 

  0x0000026ac1633c38: ;   {metadata(method data for {method} {0x0000026b1b7a3608} 'execute' '()Ljava/lang/Object;' in 'org/eclipse/e4/core/internal/di/MethodRequestor')}
  0x0000026ac1633c38: 0048 bba0 | 9971 1c6b | 0200 008b | 4608 49ba | 0000 00d9 | 6a02 0000 | 4903 c248 | 3b83 f002 
  0x0000026ac1633c58: 0000 750d | 4883 83f8 | 0200 0001 | e979 0000 | 0048 3b83 | 0003 0000 | 750d 4883 | 8308 0300 
  0x0000026ac1633c78: 0001 e963 | 0000 0048 | 83bb f002 | 0000 0075 | 1748 8983 | f002 0000 | 48c7 83f8 | 0200 0001 
  0x0000026ac1633c98: 0000 00e9 | 4200 0000 | 4883 bb00 | 0300 0000 | 7517 4889 | 8300 0300 | 0048 c783 | 0803 0000 
  0x0000026ac1633cb8: 0100 0000 | e921 0000 | 00e9 1c00 

  0x0000026ac1633cc4: ;   {metadata(method data for {method} {0x0000026b1b7a3608} 'execute' '()Ljava/lang/Object;' in 'org/eclipse/e4/core/internal/di/MethodRequestor')}
  0x0000026ac1633cc4: 0000 48bb | a099 711c | 6b02 0000 | 4883 abe0 | 0200 0001 | e900 1100 | 00e9 0000 | 0000 4889 
  0x0000026ac1633ce4: b424 e000 | 0000 8b7a | 2848 c1e7 | 0348 3b06 

  0x0000026ac1633cf4: ;   {metadata(method data for {method} {0x0000026b1b7a3608} 'execute' '()Ljava/lang/Object;' in 'org/eclipse/e4/core/internal/di/MethodRequestor')}
  0x0000026ac1633cf4: 488b de48 | b8a0 9971 | 1c6b 0200 | 0048 8380 | 1803 0000 

  0x0000026ac1633d08: ;   {metadata(method data for {method} {0x0000026ad9043cd8} 'invoke' '(Ljava/lang/Object;[Ljava/lang/Object;)Ljava/lang/Object;' in 'java/lang/reflect/Method')}
  0x0000026ac1633d08: 0148 bbe8 | 6636 1a6b | 0200 008b | 83cc 0000 | 0083 c002 | 8983 cc00 | 0000 25fe | ff1f 0085 
  0x0000026ac1633d28: c00f 84bc | 1000 0048 

  0x0000026ac1633d30: ;   {metadata(method data for {method} {0x0000026ad9043cd8} 'invoke' '(Ljava/lang/Object;[Ljava/lang/Object;)Ljava/lang/Object;' in 'java/lang/reflect/Method')}
  0x0000026ac1633d30: 8bde 48b8 | e866 361a | 6b02 0000 | 4883 8010 | 0100 0001 | 488b d648 | 89bc 24e8 

  0x0000026ac1633d4c: ;   {optimized virtual_call}
  0x0000026ac1633d4c: 0000 00e8 

  0x0000026ac1633d50: ; ImmutableOopMap {[184]=Oop [192]=Oop [224]=Oop [232]=Oop }
                      ;*invokevirtual isCallerSensitive {reexecute=0 rethrow=0 return_oop=0}
                      ; - java.lang.reflect.Method::invoke@1
                      ; - org.eclipse.e4.core.internal.di.MethodRequestor::execute@77 (line 56)
  0x0000026ac1633d50: ac1f ecff 

  0x0000026ac1633d54: ;   {other}
  0x0000026ac1633d54: 0f1f 8400 | c415 0007 | 488b b424 | e000 0000 | 0fbe 7e0c 

  0x0000026ac1633d68: ;   {metadata(method data for {method} {0x0000026ad9043cd8} 'invoke' '(Ljava/lang/Object;[Ljava/lang/Object;)Ljava/lang/Object;' in 'java/lang/reflect/Method')}
  0x0000026ac1633d68: 85ff 48bf | e866 361a | 6b02 0000 | 48c7 c348 | 0100 0074 | 0748 c7c3 | 5801 0000 | 488b 141f 
  0x0000026ac1633d88: 488d 5201 | 4889 141f | 0f84 4400 | 0000 85c0 

  0x0000026ac1633d98: ;   {metadata(method data for {method} {0x0000026ad9043cd8} 'invoke' '(Ljava/lang/Object;[Ljava/lang/Object;)Ljava/lang/Object;' in 'java/lang/reflect/Method')}
  0x0000026ac1633d98: 48bf e866 | 361a 6b02 | 0000 48c7 | c378 0100 | 0075 0748 | c7c3 6801 | 0000 488b | 141f 488d 
  0x0000026ac1633db8: 5201 4889 | 141f 0f85 | 1600 0000 

  0x0000026ac1633dc4: ;   {oop(nullptr)}
  0x0000026ac1633dc4: 48bb 0000 | 0000 0000 | 0000 8984 | 24f0 0000 | 00e9 3500 | 0000 8984 | 24f0 0000 

  0x0000026ac1633de0: ;   {metadata(method data for {method} {0x0000026ad9043cd8} 'invoke' '(Ljava/lang/Object;[Ljava/lang/Object;)Ljava/lang/Object;' in 'java/lang/reflect/Method')}
  0x0000026ac1633de0: 0048 bfe8 | 6636 1a6b | 0200 0048 | 8387 8801 | 0000 010f 

  0x0000026ac1633df4: ;   {static_call}
  0x0000026ac1633df4: 1f40 00e8 

  0x0000026ac1633df8: ; ImmutableOopMap {[184]=Oop [192]=Oop [224]=Oop [232]=Oop }
                      ;*invokestatic getCallerClass {reexecute=0 rethrow=0 return_oop=0}
                      ; - java.lang.reflect.Method::invoke@19
                      ; - org.eclipse.e4.core.internal.di.MethodRequestor::execute@77 (line 56)
  0x0000026ac1633df8: 84b2 0907 

  0x0000026ac1633dfc: ;   {other}
  0x0000026ac1633dfc: 0f1f 8400 | 6c16 0008 | 488b d848 | 8bb4 24e0 | 0000 0044 | 0fbe 460c 

  0x0000026ac1633e14: ;   {metadata(method data for {method} {0x0000026ad9043cd8} 'invoke' '(Ljava/lang/Object;[Ljava/lang/Object;)Ljava/lang/Object;' in 'java/lang/reflect/Method')}
  0x0000026ac1633e14: 4585 c049 | b8e8 6636 | 1a6b 0200 | 0049 c7c1 | a801 0000 | 7407 49c7 | c198 0100 | 004b 8b3c 
  0x0000026ac1633e34: 0848 8d7f | 014b 893c | 080f 840d | 0000 0048 | 899c 24f8 | 0000 00e9 | 7401 0000 | 448b 4e24 
  0x0000026ac1633e54: 49c1 e103 

  0x0000026ac1633e58: ;   {metadata(method data for {method} {0x0000026ad9043cd8} 'invoke' '(Ljava/lang/Object;[Ljava/lang/Object;)Ljava/lang/Object;' in 'java/lang/reflect/Method')}
  0x0000026ac1633e58: 8b56 2049 | b8e8 6636 | 1a6b 0200 | 0049 8380 | b801 0000 

  0x0000026ac1633e6c: ;   {metadata(method data for {method} {0x0000026ad93dc098} 'isStatic' '(I)Z' in 'java/lang/reflect/Modifier')}
  0x0000026ac1633e6c: 0149 b8c8 | 3206 1a6b | 0200 0041 | 8bb8 cc00 | 0000 83c7 | 0241 89b8 | cc00 0000 | 81e7 feff 
  0x0000026ac1633e8c: 1f00 85ff | 0f84 760f | 0000 4c8b | c241 83e0 | 0845 85c0 

  0x0000026ac1633ea0: ;   {metadata(method data for {method} {0x0000026ad93dc098} 'isStatic' '(I)Z' in 'java/lang/reflect/Modifier')}
  0x0000026ac1633ea0: 49b8 c832 | 061a 6b02 | 0000 48c7 | c710 0100 | 0074 0748 | c7c7 2001 | 0000 498b | 0438 488d 
  0x0000026ac1633ec0: 4001 4989 | 0438 0f84 | 1c00 0000 

  0x0000026ac1633ecc: ;   {metadata(method data for {method} {0x0000026ad93dc098} 'isStatic' '(I)Z' in 'java/lang/reflect/Modifier')}
  0x0000026ac1633ecc: 49b8 c832 | 061a 6b02 | 0000 41ff | 8030 0100 | 0041 b801 | 0000 00e9 | 0600 0000 | 41b8 0000 
  0x0000026ac1633eec: 0000 4183 | e001 4585 

  0x0000026ac1633ef4: ;   {metadata(method data for {method} {0x0000026ad9043cd8} 'invoke' '(Ljava/lang/Object;[Ljava/lang/Object;)Ljava/lang/Object;' in 'java/lang/reflect/Method')}
  0x0000026ac1633ef4: c049 b8e8 | 6636 1a6b | 0200 0048 | c7c7 c801 | 0000 7407 | 48c7 c7d8 | 0100 0049 | 8b04 3848 
  0x0000026ac1633f14: 8d40 0149 | 8904 380f | 8420 0000 

  0x0000026ac1633f20: ;   {metadata(method data for {method} {0x0000026ad9043cd8} 'invoke' '(Ljava/lang/Object;[Ljava/lang/Object;)Ljava/lang/Object;' in 'java/lang/reflect/Method')}
  0x0000026ac1633f20: 0049 b8e8 | 6636 1a6b | 0200 0041 | ff80 e801 

  0x0000026ac1633f30: ;   {oop(nullptr)}
  0x0000026ac1633f30: 0000 48bf | 0000 0000 | 0000 0000 | e943 0000 | 0048 8b84 | 24c0 0000 | 0048 3b00 

  0x0000026ac1633f4c: ;   {metadata(method data for {method} {0x0000026ad9043cd8} 'invoke' '(Ljava/lang/Object;[Ljava/lang/Object;)Ljava/lang/Object;' in 'java/lang/reflect/Method')}
  0x0000026ac1633f4c: 4c8b c048 | bfe8 6636 | 1a6b 0200 | 0048 8387 | 0002 0000 | 0144 8b40 | 0849 ba00 | 0000 d96a 
  0x0000026ac1633f6c: 0200 004d | 03c2 4d8b | 4070 4d8b | 0049 8bf8 | 4889 8424 | c000 0000 

  0x0000026ac1633f84: ;   {metadata(method data for {method} {0x0000026ad9043cd8} 'invoke' '(Ljava/lang/Object;[Ljava/lang/Object;)Ljava/lang/Object;' in 'java/lang/reflect/Method')}
  0x0000026ac1633f84: 4c8b c648 | b9e8 6636 | 1a6b 0200 | 0048 8381 | 3802 0000 | 014c 8bc3 | 488b ce48 | 8bf2 488b 
  0x0000026ac1633fa4: d148 899c | 24f8 0000 

  0x0000026ac1633fac: ;   {optimized virtual_call}
  0x0000026ac1633fac: 0066 90e8 

  0x0000026ac1633fb0: ; ImmutableOopMap {[184]=Oop [192]=Oop [224]=Oop [232]=Oop [248]=Oop }
                      ;*invokevirtual checkAccess {reexecute=0 rethrow=0 return_oop=0}
                      ; - java.lang.reflect.Method::invoke@60
                      ; - org.eclipse.e4.core.internal.di.MethodRequestor::execute@77 (line 56)
  0x0000026ac1633fb0: ccaa 0907 

  0x0000026ac1633fb4: ;   {other}
  0x0000026ac1633fb4: 0f1f 8400 | 2418 0009 | 488b b424 | e000 0000 | 8b56 4c48 | c1e2 0348 

  0x0000026ac1633fcc: ;   {metadata(method data for {method} {0x0000026ad9043cd8} 'invoke' '(Ljava/lang/Object;[Ljava/lang/Object;)Ljava/lang/Object;' in 'java/lang/reflect/Method')}
  0x0000026ac1633fcc: 85d2 48bf | e866 361a | 6b02 0000 | 48c7 c370 | 0200 0075 | 0748 c7c3 | 8002 0000 | 488b 041f 
  0x0000026ac1633fec: 488d 4001 | 4889 041f | 0f85 2d00 | 0000 488b 

  0x0000026ac1633ffc: ;   {metadata(method data for {method} {0x0000026ad9043cd8} 'invoke' '(Ljava/lang/Object;[Ljava/lang/Object;)Ljava/lang/Object;' in 'java/lang/reflect/Method')}
  0x0000026ac1633ffc: d648 bfe8 | 6636 1a6b | 0200 0048 | 8387 9002 | 0000 0148 | 8bd6 0f1f 

  0x0000026ac1634014: ;   {optimized virtual_call}
  0x0000026ac1634014: 4400 00e8 

  0x0000026ac1634018: ; ImmutableOopMap {[184]=Oop [192]=Oop [232]=Oop [248]=Oop }
                      ;*invokevirtual acquireMethodAccessor {reexecute=0 rethrow=0 return_oop=0}
                      ; - java.lang.reflect.Method::invoke@75
                      ; - org.eclipse.e4.core.internal.di.MethodRequestor::execute@77 (line 56)
  0x0000026ac1634018: ba12 0000 

  0x0000026ac163401c: ;   {other}
  0x0000026ac163401c: 0f1f 8400 | 8c18 000a | 488b d08b | 8424 f000 | 0000 85c0 

  0x0000026ac1634030: ;   {metadata(method data for {method} {0x0000026ad9043cd8} 'invoke' '(Ljava/lang/Object;[Ljava/lang/Object;)Ljava/lang/Object;' in 'java/lang/reflect/Method')}
  0x0000026ac1634030: 49b8 e866 | 361a 6b02 | 0000 49c7 | c1c8 0200 | 0074 0749 | c7c1 d802 | 0000 4b8b | 3c08 488d 
  0x0000026ac1634050: 7f01 4b89 | 3c08 0f84 | e600 0000 | 488b 9c24 | f800 0000 

  0x0000026ac1634064: ; implicit exception: dispatches to 0x0000026ac1634e32
  0x0000026ac1634064: 483b 024c 

  0x0000026ac1634068: ;   {metadata(method data for {method} {0x0000026ad9043cd8} 'invoke' '(Ljava/lang/Object;[Ljava/lang/Object;)Ljava/lang/Object;' in 'java/lang/reflect/Method')}
  0x0000026ac1634068: 8bc2 49b9 | e866 361a | 6b02 0000 | 458b 4008 | 49ba 0000 | 00d9 6a02 | 0000 4d03 | c24d 3b81 
  0x0000026ac1634088: f802 0000 | 750d 4983 | 8100 0300 | 0001 e960 | 0000 004d | 3b81 0803 | 0000 750d | 4983 8110 
  0x0000026ac16340a8: 0300 0001 | e94a 0000 | 0049 83b9 | f802 0000 | 0075 174d | 8981 f802 | 0000 49c7 | 8100 0300 
  0x0000026ac16340c8: 0001 0000 | 00e9 2900 | 0000 4983 | b908 0300 | 0000 7517 | 4d89 8108 | 0300 0049 | c781 1003 
  0x0000026ac16340e8: 0000 0100 | 0000 e908 | 0000 0049 | 8381 e802 | 0000 014c | 8b84 24c0 | 0000 004c | 8b8c 24e8 
  0x0000026ac1634108: 0000 0048 | 8bfb 0f1f | 8000 0000 | 0048 b8ff | ffff ffff 

  0x0000026ac163411c: ;   {virtual_call}
  0x0000026ac163411c: ffff ffe8 

  0x0000026ac1634120: ; ImmutableOopMap {[184]=Oop }
                      ;*invokeinterface invoke {reexecute=0 rethrow=0 return_oop=0}
                      ; - java.lang.reflect.Method::invoke@90
                      ; - org.eclipse.e4.core.internal.di.MethodRequestor::execute@77 (line 56)
  0x0000026ac1634120: 5cac 0907 

  0x0000026ac1634124: ;   {other}
  0x0000026ac1634124: 0f1f 8400 | 9419 000b 

  0x0000026ac163412c: ;   {metadata(method data for {method} {0x0000026ad9043cd8} 'invoke' '(Ljava/lang/Object;[Ljava/lang/Object;)Ljava/lang/Object;' in 'java/lang/reflect/Method')}
  0x0000026ac163412c: 49b8 e866 | 361a 6b02 | 0000 41ff | 8020 0300 | 00e9 c200 | 0000 488b | bc24 e800 | 0000 483b 
  0x0000026ac163414c: 024c 8bc2 

  0x0000026ac1634150: ;   {metadata(method data for {method} {0x0000026ad9043cd8} 'invoke' '(Ljava/lang/Object;[Ljava/lang/Object;)Ljava/lang/Object;' in 'java/lang/reflect/Method')}
  0x0000026ac1634150: 49b9 e866 | 361a 6b02 | 0000 458b | 4008 49ba | 0000 00d9 | 6a02 0000 | 4d03 c24d | 3b81 4803 
  0x0000026ac1634170: 0000 750d | 4983 8150 | 0300 0001 | e960 0000 | 004d 3b81 | 5803 0000 | 750d 4983 | 8160 0300 
  0x0000026ac1634190: 0001 e94a | 0000 0049 | 83b9 4803 | 0000 0075 | 174d 8981 | 4803 0000 | 49c7 8150 | 0300 0001 
  0x0000026ac16341b0: 0000 00e9 | 2900 0000 | 4983 b958 | 0300 0000 | 7517 4d89 | 8158 0300 | 0049 c781 | 6003 0000 
  0x0000026ac16341d0: 0100 0000 | e908 0000 | 0049 8381 | 3803 0000 | 014c 8b84 | 24c0 0000 | 004c 8bcf | 9048 b8b8 
  0x0000026ac16341f0: dc19 d96a 

  0x0000026ac16341f4: ;   {virtual_call}
  0x0000026ac16341f4: 0200 00e8 

  0x0000026ac16341f8: ; ImmutableOopMap {[184]=Oop }
                      ;*invokeinterface invoke {reexecute=0 rethrow=0 return_oop=0}
                      ; - java.lang.reflect.Method::invoke@102
                      ; - org.eclipse.e4.core.internal.di.MethodRequestor::execute@77 (line 56)
  0x0000026ac16341f8: e460 ecff 

  0x0000026ac16341fc: ;   {other}
  0x0000026ac16341fc: 0f1f 8400 | 6c1a 000c 

  0x0000026ac1634204: ;   {metadata(method data for {method} {0x0000026b1b7a3608} 'execute' '()Ljava/lang/Object;' in 'org/eclipse/e4/core/internal/di/MethodRequestor')}
  0x0000026ac1634204: 48ba a099 | 711c 6b02 | 0000 ff82 | 5003 0000 | 8bbc 24d4 | 0000 0085 

  0x0000026ac163421c: ;   {metadata(method data for {method} {0x0000026b1b7a3608} 'execute' '()Ljava/lang/Object;' in 'org/eclipse/e4/core/internal/di/MethodRequestor')}
  0x0000026ac163421c: ff48 baa0 | 9971 1c6b | 0200 0048 | c7c6 1805 | 0000 7407 | 48c7 c628 | 0500 0048 | 8b3c 3248 
  0x0000026ac163423c: 8d7f 0148 | 893c 3248 | 8984 2400 | 0100 000f | 844b 0000 | 0048 8b94 | 24b8 0000 | 008b 7220 
  0x0000026ac163425c: 48c1 e603 

  0x0000026ac1634260: ; implicit exception: dispatches to 0x0000026ac1634e3c
  0x0000026ac1634260: 483b 0648 

  0x0000026ac1634264: ;   {metadata(method data for {method} {0x0000026b1b7a3608} 'execute' '()Ljava/lang/Object;' in 'org/eclipse/e4/core/internal/di/MethodRequestor')}
  0x0000026ac1634264: 8bfe 48bb | a099 711c | 6b02 0000 

  0x0000026ac1634270: ;   {metadata('org/eclipse/e4/core/internal/contexts/ContextObjectSupplier')}
  0x0000026ac1634270: 49ba 0030 | 30da 6a02 | 0000 4c89 | 9348 0500 | 0048 8383 | 5005 0000 | 0148 8bd6 

  0x0000026ac163428c: ;   {optimized virtual_call}
  0x0000026ac163428c: 6666 90e8 

  0x0000026ac1634290: ; ImmutableOopMap {[184]=Oop [256]=Oop }
                      ;*invokevirtual resumeRecording {reexecute=0 rethrow=0 return_oop=0}
                      ; - org.eclipse.e4.core.internal.di.MethodRequestor::execute@167 (line 69)
  0x0000026ac1634290: 6c03 0e00 

  0x0000026ac1634294: ;   {other}
  0x0000026ac1634294: 0f1f 8400 | 041b 000d | 488b 9424 | b800 0000 

  0x0000026ac16342a4: ;   {metadata(method data for {method} {0x0000026b1b7a3608} 'execute' '()Ljava/lang/Object;' in 'org/eclipse/e4/core/internal/di/MethodRequestor')}
  0x0000026ac16342a4: 488b c248 | bea0 9971 | 1c6b 0200 | 008b 4008 | 49ba 0000 | 00d9 6a02 | 0000 4903 | c248 3b86 
  0x0000026ac16342c4: 8005 0000 | 750d 4883 | 8688 0500 | 0001 e960 | 0000 0048 | 3b86 9005 | 0000 750d | 4883 8698 
  0x0000026ac16342e4: 0500 0001 | e94a 0000 | 0048 83be | 8005 0000 | 0075 1748 | 8986 8005 | 0000 48c7 | 8688 0500 
  0x0000026ac1634304: 0001 0000 | 00e9 2900 | 0000 4883 | be90 0500 | 0000 7517 | 4889 8690 | 0500 0048 | c786 9805 
  0x0000026ac1634324: 0000 0100 | 0000 e908 | 0000 0048 | 8386 7005 

  0x0000026ac1634334: ;   {metadata(method data for {method} {0x0000026b1b7a2698} 'clearResolvedArgs' '()V' in 'org/eclipse/e4/core/internal/di/Requestor')}
  0x0000026ac1634334: 0000 0148 | b8d0 8271 | 1c6b 0200 | 008b b0cc | 0000 0083 | c602 89b0 | cc00 0000 | 81e6 feff 
  0x0000026ac1634354: 1f00 85f6 | 0f84 e30a | 0000 448b | 4228 49c1 | e003 4d85 

  0x0000026ac1634368: ;   {metadata(method data for {method} {0x0000026b1b7a2698} 'clearResolvedArgs' '()V' in 'org/eclipse/e4/core/internal/di/Requestor')}
  0x0000026ac1634368: c048 b8d0 | 8271 1c6b | 0200 0048 | c7c6 1001 | 0000 7507 | 48c7 c620 | 0100 0048 | 8b3c 3048 
  0x0000026ac1634388: 8d7f 0148 | 893c 300f | 852c 0200 | 00e9 7602 | 0000 488b | 9424 b800 | 0000 498b | 87f8 0400 
  0x0000026ac16343a8: 004d 33d2 | 4d89 97f8 | 0400 004d | 33d2 4d89 | 9700 0500 | 0048 8bd8 

  0x0000026ac16343c0: ;   {metadata(method data for {method} {0x0000026b1b7a3608} 'execute' '()Ljava/lang/Object;' in 'org/eclipse/e4/core/internal/di/MethodRequestor')}
  0x0000026ac16343c0: 488b f348 | b8a0 9971 | 1c6b 0200 

  0x0000026ac16343cc: ;   {metadata('java/lang/reflect/InvocationTargetException')}
  0x0000026ac16343cc: 0049 bad8 | 4e04 da6a | 0200 004c | 8990 8803 | 0000 4883 | 8090 0300 | 0001 448b | 4324 49c1 
  0x0000026ac16343ec: e003 4d85 

  0x0000026ac16343f0: ;   {metadata(method data for {method} {0x0000026b1b7a3608} 'execute' '()Ljava/lang/Object;' in 'org/eclipse/e4/core/internal/di/MethodRequestor')}
  0x0000026ac16343f0: c075 1648 | b9a0 9971 | 1c6b 0200 | 0080 89a9 | 0300 0001 | e9cf 0000 

  0x0000026ac1634408: ;   {metadata('java/lang/Error')}
  0x0000026ac1634408: 0049 b9c8 | 0701 d96a | 0200 0041 | 8b48 0849 | ba00 0000 | d96a 0200 | 0049 03ca | 4c3b 4940 
  0x0000026ac1634428: 0f85 8e00 

  0x0000026ac163442c: ;   {metadata(method data for {method} {0x0000026b1b7a3608} 'execute' '()Ljava/lang/Object;' in 'org/eclipse/e4/core/internal/di/MethodRequestor')}
  0x0000026ac163442c: 0000 48b9 | a099 711c | 6b02 0000 | 458b 4808 | 49ba 0000 | 00d9 6a02 | 0000 4d03 | ca4c 3b89 
  0x0000026ac163444c: c003 0000 | 750d 4883 | 81c8 0300 | 0001 e97e | 0000 004c | 3b89 d003 | 0000 750d | 4883 81d8 
  0x0000026ac163446c: 0300 0001 | e968 0000 | 0048 83b9 | c003 0000 | 0075 174c | 8989 c003 | 0000 48c7 | 81c8 0300 
  0x0000026ac163448c: 0001 0000 | 00e9 4700 | 0000 4883 | b9d0 0300 | 0000 7517 | 4c89 89d0 | 0300 0048 | c781 d803 
  0x0000026ac16344ac: 0000 0100 | 0000 e926 | 0000 00e9 | 2100 0000 

  0x0000026ac16344bc: ;   {metadata(method data for {method} {0x0000026b1b7a3608} 'execute' '()Ljava/lang/Object;' in 'org/eclipse/e4/core/internal/di/MethodRequestor')}
  0x0000026ac16344bc: 48b9 a099 | 711c 6b02 | 0000 4883 | a9b0 0300 | 0001 e905 | 0000 00e9 | 0500 0000 | 4833 f6eb 
  0x0000026ac16344dc: 0748 c7c6 | 0100 0000 

  0x0000026ac16344e4: ;   {metadata(method data for {method} {0x0000026b1b7a3608} 'execute' '()Ljava/lang/Object;' in 'org/eclipse/e4/core/internal/di/MethodRequestor')}
  0x0000026ac16344e4: 85f6 48be | a099 711c | 6b02 0000 | 48c7 c0f8 | 0300 0075 | 0748 c7c0 | e803 0000 | 488b 0c06 
  0x0000026ac1634504: 488d 4901 | 4889 0c06 | 89bc 24d4 | 0000 000f | 85b3 0100 | 000f 1f80 | 0000 0000 

  0x0000026ac1634520: ;   {no_reloc}
  0x0000026ac1634520: e94c 0900 | 0000 0000 | 0000 80ba | 2101 0000 | 040f 8549 | 0900 0049 | 8b87 b801 | 0000 488d 
  0x0000026ac1634540: 7828 493b | bfc8 0100 | 000f 8731 | 0900 0049 | 89bf b801 | 0000 48c7 | 0001 0000 | 0048 8bca 
  0x0000026ac1634560: 49ba 0000 | 00d9 6a02 | 0000 492b | ca89 4808 | 4833 c989 | 480c 4833 | c948 8948 | 1048 8948 
  0x0000026ac1634580: 1848 8948 | 204d 85c0 

  0x0000026ac1634588: ;   {metadata(method data for {method} {0x0000026b1b7a3608} 'execute' '()Ljava/lang/Object;' in 'org/eclipse/e4/core/internal/di/MethodRequestor')}
  0x0000026ac1634588: 48ba a099 | 711c 6b02 | 0000 48c7 | c640 0400 | 0074 0748 | c7c6 5004 | 0000 488b | 3c32 488d 
  0x0000026ac16345a8: 7f01 4889 | 3c32 488b | 9424 b800 | 0000 0f84 | c700 0000 | e9ad 0000 

  0x0000026ac16345c0: ;   {metadata(method data for {method} {0x0000026b1b7a2698} 'clearResolvedArgs' '()V' in 'org/eclipse/e4/core/internal/di/Requestor')}
  0x0000026ac16345c0: 0048 bed0 | 8271 1c6b | 0200 0048 | 8386 3001 | 0000 0149 

  0x0000026ac16345d4: ;   {oop(nullptr)}
  0x0000026ac16345d4: 8bd0 49b8 | 0000 0000 | 0000 0000 | 0f1f 8000 

  0x0000026ac16345e4: ;   {static_call}
  0x0000026ac16345e4: 0000 00e8 

  0x0000026ac16345e8: ; ImmutableOopMap {[184]=Oop [256]=Oop }
                      ;*invokestatic fill {reexecute=0 rethrow=0 return_oop=0}
                      ; - org.eclipse.e4.core.internal.di.Requestor::clearResolvedArgs@13 (line 195)
                      ; - org.eclipse.e4.core.internal.di.MethodRequestor::execute@171 (line 70)
  0x0000026ac16345e8: d413 1701 

  0x0000026ac16345ec: ;   {other}
  0x0000026ac16345ec: 0f1f 8400 | 5c1e 000e | 410f be47 | 4085 c048 | 8b94 24b8 | 0000 000f | 8584 0800 | 00c7 4228 
  0x0000026ac163460c: 0000 0000 | 488b 8424 | 0001 0000 | 4881 c450 | 0100 005d 

  0x0000026ac1634620: ;   {poll_return}
  0x0000026ac1634620: 493b a748 | 0400 000f | 877f 0800 

  0x0000026ac163462c: ;   {oop(nullptr)}
  0x0000026ac163462c: 00c3 48b8 | 0000 0000 | 0000 0000 | 4881 c450 | 0100 005d 

  0x0000026ac1634640: ;   {poll_return}
  0x0000026ac1634640: 493b a748 | 0400 000f | 8775 0800 

  0x0000026ac163464c: ;   {oop(nullptr)}
  0x0000026ac163464c: 00c3 48b8 | 0000 0000 | 0000 0000 | 4881 c450 | 0100 005d 

  0x0000026ac1634660: ;   {poll_return}
  0x0000026ac1634660: 493b a748 | 0400 000f | 876b 0800 

  0x0000026ac163466c: ;   {metadata(method data for {method} {0x0000026b1b7a3608} 'execute' '()Ljava/lang/Object;' in 'org/eclipse/e4/core/internal/di/MethodRequestor')}
  0x0000026ac163466c: 00c3 48be | a099 711c | 6b02 0000 | ff86 6004 | 0000 e903 | 0000 004c | 8bc3 488b 

  0x0000026ac1634688: ;   {metadata(method data for {method} {0x0000026b1b7a3608} 'execute' '()Ljava/lang/Object;' in 'org/eclipse/e4/core/internal/di/MethodRequestor')}
  0x0000026ac1634688: f048 bba0 | 9971 1c6b | 0200 0048 | 8383 7804 | 0000 0148 | 8bd0 4889 | 8424 0801 

  0x0000026ac16346a4: ;   {optimized virtual_call}
  0x0000026ac16346a4: 0000 90e8 

  0x0000026ac16346a8: ; ImmutableOopMap {[184]=Oop [264]=Oop }
                      ;*invokespecial <init> {reexecute=0 rethrow=0 return_oop=0}
                      ; - org.eclipse.e4.core.internal.di.MethodRequestor::execute@135 (line 66)
  0x0000026ac16346a8: d4a3 0907 

  0x0000026ac16346ac: ;   {other}
  0x0000026ac16346ac: 0f1f 8400 | 1c1f 000f | 488b 8424 

  0x0000026ac16346b8: ; ImmutableOopMap {rax=Oop [184]=Oop }
                      ;*athrow {reexecute=1 rethrow=0 return_oop=0}
                      ; - (reexecute) org.eclipse.e4.core.internal.di.MethodRequestor::execute@138 (line 66)
  0x0000026ac16346b8: 0801 0000 

  0x0000026ac16346bc: ;   {section_word}
  0x0000026ac16346bc: 48ba bc46 | 63c1 6a02 

  0x0000026ac16346c4: ;   {runtime_call handle_exception_nofpu Runtime1 stub}
  0x0000026ac16346c4: 0000 e835 | 2816 0790 | 4d85 c075 

  0x0000026ac16346d0: ;   {metadata(method data for {method} {0x0000026b1b7a3608} 'execute' '()Ljava/lang/Object;' in 'org/eclipse/e4/core/internal/di/MethodRequestor')}
  0x0000026ac16346d0: 1648 bea0 | 9971 1c6b | 0200 0080 | 8e01 0400 | 0001 e9cf 

  0x0000026ac16346e4: ;   {metadata('java/lang/Error')}
  0x0000026ac16346e4: 0000 0048 | bfc8 0701 | d96a 0200 | 0041 8b70 | 0849 ba00 | 0000 d96a | 0200 0049 | 03f2 483b 
  0x0000026ac1634704: 7e40 0f85 | 8e00 0000 

  0x0000026ac163470c: ;   {metadata(method data for {method} {0x0000026b1b7a3608} 'execute' '()Ljava/lang/Object;' in 'org/eclipse/e4/core/internal/di/MethodRequestor')}
  0x0000026ac163470c: 48be a099 | 711c 6b02 | 0000 418b | 7808 49ba | 0000 00d9 | 6a02 0000 | 4903 fa48 | 3bbe 1804 
  0x0000026ac163472c: 0000 750d | 4883 8620 | 0400 0001 | e979 0000 | 0048 3bbe | 2804 0000 | 750d 4883 | 8630 0400 
  0x0000026ac163474c: 0001 e963 | 0000 0048 | 83be 1804 | 0000 0075 | 1748 89be | 1804 0000 | 48c7 8620 | 0400 0001 
  0x0000026ac163476c: 0000 00e9 | 4200 0000 | 4883 be28 | 0400 0000 | 7517 4889 | be28 0400 | 0048 c786 | 3004 0000 
  0x0000026ac163478c: 0100 0000 | e921 0000 | 00e9 1c00 

  0x0000026ac1634798: ;   {metadata(method data for {method} {0x0000026b1b7a3608} 'execute' '()Ljava/lang/Object;' in 'org/eclipse/e4/core/internal/di/MethodRequestor')}
  0x0000026ac1634798: 0000 48be | a099 711c | 6b02 0000 | 4883 ae08 | 0400 0001 | e93d 0700 | 00e9 0000 | 0000 498b 
  0x0000026ac16347b8: ; ImmutableOopMap {rax=Oop [184]=Oop }
                      ;*athrow {reexecute=1 rethrow=0 return_oop=0}
                      ; - (reexecute) org.eclipse.e4.core.internal.di.MethodRequestor::execute@118 (line 64)
  0x0000026ac16347b8: c048 3b00 

  0x0000026ac16347bc: ;   {section_word}
  0x0000026ac16347bc: 48ba bc47 | 63c1 6a02 

  0x0000026ac16347c4: ;   {runtime_call handle_exception_nofpu Runtime1 stub}
  0x0000026ac16347c4: 0000 e835 | 2716 0790 | 498b 87f8 | 0400 004d | 33d2 4d89 | 97f8 0400 | 004d 33d2 | 4d89 9700 
  0x0000026ac16347e4: 0500 004c | 8bc0 660f | 1f44 0000 

  0x0000026ac16347f0: ;   {no_reloc}
  0x0000026ac16347f0: e916 0700 | 0000 0000 | 0000 80ba | 2101 0000 | 040f 8513 | 0700 0049 | 8b87 b801 | 0000 488d 
  0x0000026ac1634810: 7828 493b | bfc8 0100 | 000f 87fb | 0600 0049 | 89bf b801 | 0000 48c7 | 0001 0000 | 0048 8bca 
  0x0000026ac1634830: 49ba 0000 | 00d9 6a02 | 0000 492b | ca89 4808 | 4833 c989 | 480c 4833 | c948 8948 | 1048 8948 
  0x0000026ac1634850: 1848 8948 | 2048 8bd0 

  0x0000026ac1634858: ;   {metadata(method data for {method} {0x0000026b1b7a3608} 'execute' '()Ljava/lang/Object;' in 'org/eclipse/e4/core/internal/di/MethodRequestor')}
  0x0000026ac1634858: 48be a099 | 711c 6b02 | 0000 4883 | 8668 0300 | 0001 488b | d048 8984 | 2410 0100 

  0x0000026ac1634874: ;   {optimized virtual_call}
  0x0000026ac1634874: 0066 90e8 

  0x0000026ac1634878: ; ImmutableOopMap {[184]=Oop [272]=Oop }
                      ;*invokespecial <init> {reexecute=0 rethrow=0 return_oop=0}
                      ; - org.eclipse.e4.core.internal.di.MethodRequestor::execute@92 (line 58)
  0x0000026ac1634878: 04a2 0907 

  0x0000026ac163487c: ;   {other}
  0x0000026ac163487c: 0f1f 8400 | ec20 0012 | 488b 8424 

  0x0000026ac1634888: ; ImmutableOopMap {rax=Oop [184]=Oop }
                      ;*athrow {reexecute=1 rethrow=0 return_oop=0}
                      ; - (reexecute) org.eclipse.e4.core.internal.di.MethodRequestor::execute@95 (line 58)
  0x0000026ac1634888: 1001 0000 

  0x0000026ac163488c: ;   {section_word}
  0x0000026ac163488c: 48ba 8c48 | 63c1 6a02 

  0x0000026ac1634894: ;   {runtime_call handle_exception_nofpu Runtime1 stub}
  0x0000026ac1634894: 0000 e865 | 2616 0790 | 498b 87f8 | 0400 004d | 33d2 4d89 | 97f8 0400 | 004d 33d2 | 4d89 9700 
  0x0000026ac16348b4: 0500 0085 

  0x0000026ac16348b8: ;   {metadata(method data for {method} {0x0000026b1b7a3608} 'execute' '()Ljava/lang/Object;' in 'org/eclipse/e4/core/internal/di/MethodRequestor')}
  0x0000026ac16348b8: ff48 baa0 | 9971 1c6b | 0200 0048 | c7c6 8804 | 0000 7407 | 48c7 c698 | 0400 0048 | 8b3c 3248 
  0x0000026ac16348d8: 8d7f 0148 | 893c 3248 | 8984 2418 | 0100 000f | 844f 0000 | 0048 8b94 | 24b8 0000 | 008b 7220 
  0x0000026ac16348f8: 48c1 e603 

  0x0000026ac16348fc: ; implicit exception: dispatches to 0x0000026ac1634f27
  0x0000026ac16348fc: 483b 0648 

  0x0000026ac1634900: ;   {metadata(method data for {method} {0x0000026b1b7a3608} 'execute' '()Ljava/lang/Object;' in 'org/eclipse/e4/core/internal/di/MethodRequestor')}
  0x0000026ac1634900: 8bfe 48bb | a099 711c | 6b02 0000 

  0x0000026ac163490c: ;   {metadata('org/eclipse/e4/core/internal/contexts/ContextObjectSupplier')}
  0x0000026ac163490c: 49ba 0030 | 30da 6a02 | 0000 4c89 | 93b8 0400 | 0048 8383 | c004 0000 | 0148 8bd6 | 0f1f 8000 
  0x0000026ac163492c: ;   {optimized virtual_call}
  0x0000026ac163492c: 0000 00e8 

  0x0000026ac1634930: ; ImmutableOopMap {[184]=Oop [280]=Oop }
                      ;*invokevirtual resumeRecording {reexecute=0 rethrow=0 return_oop=0}
                      ; - org.eclipse.e4.core.internal.di.MethodRequestor::execute@149 (line 69)
  0x0000026ac1634930: 4ca1 0907 

  0x0000026ac1634934: ;   {other}
  0x0000026ac1634934: 0f1f 8400 | a421 0014 | 488b 9424 | b800 0000 

  0x0000026ac1634944: ;   {metadata(method data for {method} {0x0000026b1b7a3608} 'execute' '()Ljava/lang/Object;' in 'org/eclipse/e4/core/internal/di/MethodRequestor')}
  0x0000026ac1634944: 4c8b c248 | bea0 9971 | 1c6b 0200 | 0045 8b40 | 0849 ba00 | 0000 d96a | 0200 004d | 03c2 4c3b 
  0x0000026ac1634964: 86f0 0400 | 0075 0d48 | 8386 f804 | 0000 01e9 | 6000 0000 | 4c3b 8600 | 0500 0075 | 0d48 8386 
  0x0000026ac1634984: 0805 0000 | 01e9 4a00 | 0000 4883 | bef0 0400 | 0000 7517 | 4c89 86f0 | 0400 0048 | c786 f804 
  0x0000026ac16349a4: 0000 0100 | 0000 e929 | 0000 0048 | 83be 0005 | 0000 0075 | 174c 8986 | 0005 0000 | 48c7 8608 
  0x0000026ac16349c4: 0500 0001 | 0000 00e9 | 0800 0000 | 4883 86e0 | 0400 0001 

  0x0000026ac16349d8: ;   {metadata(method data for {method} {0x0000026b1b7a2698} 'clearResolvedArgs' '()V' in 'org/eclipse/e4/core/internal/di/Requestor')}
  0x0000026ac16349d8: 49b8 d082 | 711c 6b02 | 0000 418b | b0cc 0000 | 0083 c602 | 4189 b0cc | 0000 0081 | e6fe ff1f 
  0x0000026ac16349f8: 0085 f60f | 842b 0500 | 0044 8b42 | 2849 c1e0 | 034d 85c0 

  0x0000026ac1634a0c: ;   {metadata(method data for {method} {0x0000026b1b7a2698} 'clearResolvedArgs' '()V' in 'org/eclipse/e4/core/internal/di/Requestor')}
  0x0000026ac1634a0c: 48be d082 | 711c 6b02 | 0000 48c7 | c720 0100 | 0074 0748 | c7c7 1001 | 0000 488b | 1c3e 488d 
  0x0000026ac1634a2c: 5b01 4889 | 1c3e 0f84 | 4800 0000 

  0x0000026ac1634a38: ;   {metadata(method data for {method} {0x0000026b1b7a2698} 'clearResolvedArgs' '()V' in 'org/eclipse/e4/core/internal/di/Requestor')}
  0x0000026ac1634a38: 48be d082 | 711c 6b02 | 0000 4883 | 8630 0100 | 0001 498b 

  0x0000026ac1634a4c: ;   {oop(nullptr)}
  0x0000026ac1634a4c: d049 b800 | 0000 0000 

  0x0000026ac1634a54: ;   {static_call}
  0x0000026ac1634a54: 0000 00e8 

  0x0000026ac1634a58: ; ImmutableOopMap {[184]=Oop [280]=Oop }
                      ;*invokestatic fill {reexecute=0 rethrow=0 return_oop=0}
                      ; - org.eclipse.e4.core.internal.di.Requestor::clearResolvedArgs@13 (line 195)
                      ; - org.eclipse.e4.core.internal.di.MethodRequestor::execute@153 (line 70)
  0x0000026ac1634a58: 24a6 0907 

  0x0000026ac1634a5c: ;   {other}
  0x0000026ac1634a5c: 0f1f 8400 | cc22 0015 | 410f be47 | 4085 c048 | 8bb4 24b8 | 0000 000f | 85d4 0400 | 00c7 4628 
  0x0000026ac1634a7c: 0000 0000 | 488b 8424 | 1801 0000 | e93d 0700 | 0048 8bb4 | 24b8 0000 | 0049 8b87 | f804 0000 
  0x0000026ac1634a9c: 4d33 d24d | 8997 f804 | 0000 4d33 | d24d 8997 | 0005 0000 | 488b d048 | 8d84 2430 | 0100 0048 
  0x0000026ac1634abc: 8b18 4885 | db0f 840f | 0000 0048 | 8b48 08f0 | 480f b119 | 0f85 9604 | 0000 49ff | 8f48 0500 
  0x0000026ac1634adc: ; ImmutableOopMap {rdi=Oop rsi=Oop rax=Oop [184]=Oop [296]=Oop }
                      ;*invokevirtual addElement {reexecute=0 rethrow=0 return_oop=0}
                      ; - java.util.Stack::push@2
                      ; - org.eclipse.e4.core.internal.contexts.ContextObjectSupplier::pauseRecording@6 (line 215)
                      ; - org.eclipse.e4.core.internal.di.MethodRequestor::execute@49 (line 51)
  0x0000026ac1634adc: 0048 8bc2 

  0x0000026ac1634ae0: ;   {section_word}
  0x0000026ac1634ae0: 48ba e04a | 63c1 6a02 

  0x0000026ac1634ae8: ;   {runtime_call handle_exception_nofpu Runtime1 stub}
  0x0000026ac1634ae8: 0000 e811 | 2416 0790 | 498b 87f8 | 0400 004d | 33d2 4d89 | 97f8 0400 | 004d 33d2 | 4d89 9700 
  0x0000026ac1634b08: 0500 0048 | 8bf0 488d | 8424 2001 | 0000 488b | 3848 85ff | 0f84 0f00 | 0000 488b | 5808 f048 
  0x0000026ac1634b28: 0fb1 3b0f | 8551 0400 | 0049 ff8f | 4805 0000 | 488b c6e9 | 8a06 0000 

  0x0000026ac1634b40: ;   {metadata({method} {0x0000026b1b7a3608} 'execute' '()Ljava/lang/Object;' in 'org/eclipse/e4/core/internal/di/MethodRequestor')}
  0x0000026ac1634b40: 49ba 0036 | 7a1b 6b02 | 0000 4c89 | 5424 0848 | c704 24ff 

  0x0000026ac1634b54: ;   {runtime_call counter_overflow Runtime1 stub}
  0x0000026ac1634b54: ffff ffe8 

  0x0000026ac1634b58: ; ImmutableOopMap {rdx=Oop [184]=Oop }
                      ;*synchronization entry
                      ; - org.eclipse.e4.core.internal.di.MethodRequestor::execute@-1 (line 41)
  0x0000026ac1634b58: a466 1607 | e90d e1ff | ff48 8934 

  0x0000026ac1634b64: ;   {runtime_call throw_class_cast_exception Runtime1 stub}
  0x0000026ac1634b64: 24e8 962f 

  0x0000026ac1634b68: ; ImmutableOopMap {rdx=Oop [184]=Oop }
                      ;*checkcast {reexecute=0 rethrow=0 return_oop=0}
                      ; - org.eclipse.e4.core.internal.di.MethodRequestor::execute@11 (line 42)
                      ;   {runtime_call throw_null_pointer_exception Runtime1 stub}
  0x0000026ac1634b68: 1607 e811 

  0x0000026ac1634b6c: ; ImmutableOopMap {rdx=Oop rsi=Oop [184]=Oop }
                      ;*invokevirtual getParameterTypes {reexecute=0 rethrow=0 return_oop=0}
                      ; - org.eclipse.e4.core.internal.di.MethodRequestor::execute@14 (line 42)
                      ;   {metadata({method} {0x0000026ad9041d00} 'getParameterTypes' '()[Ljava/lang/Class;' in 'java/lang/reflect/Method')}
  0x0000026ac1634b6c: 0716 0749 | baf8 1c04 | d96a 0200 | 004c 8954 | 2408 48c7 | 0424 ffff 

  0x0000026ac1634b84: ;   {runtime_call counter_overflow Runtime1 stub}
  0x0000026ac1634b84: ffff e875 

  0x0000026ac1634b88: ; ImmutableOopMap {rdx=Oop rsi=Oop [184]=Oop }
                      ;*synchronization entry
                      ; - java.lang.reflect.Method::getParameterTypes@-1
                      ; - org.eclipse.e4.core.internal.di.MethodRequestor::execute@14 (line 42)
  0x0000026ac1634b88: 6616 07e9 | 41e2 ffff 

  0x0000026ac1634b90: ;   {runtime_call throw_null_pointer_exception Runtime1 stub}
  0x0000026ac1634b90: e8eb 0616 

  0x0000026ac1634b94: ; ImmutableOopMap {rdx=Oop rsi=Oop [184]=Oop }
                      ;*invokevirtual clone {reexecute=0 rethrow=0 return_oop=0}
                      ; - java.lang.reflect.Method::getParameterTypes@4
                      ; - org.eclipse.e4.core.internal.di.MethodRequestor::execute@14 (line 42)
  0x0000026ac1634b94: 0748 8904 

  0x0000026ac1634b98: ;   {runtime_call throw_class_cast_exception Runtime1 stub}
  0x0000026ac1634b98: 24e8 622f 

  0x0000026ac1634b9c: ; ImmutableOopMap {[184]=Oop }
                      ;*checkcast {reexecute=0 rethrow=0 return_oop=0}
                      ; - java.lang.reflect.Method::getParameterTypes@7
                      ; - org.eclipse.e4.core.internal.di.MethodRequestor::execute@14 (line 42)
                      ;   {runtime_call throw_null_pointer_exception Runtime1 stub}
  0x0000026ac1634b9c: 1607 e8dd 

  0x0000026ac1634ba0: ; ImmutableOopMap {[184]=Oop }
                      ;*arraylength {reexecute=0 rethrow=0 return_oop=0}
                      ; - org.eclipse.e4.core.internal.di.MethodRequestor::execute@17 (line 42)
                      ;   {metadata({method} {0x0000026b1b7a1c98} 'getRequestingObject' '()Ljava/lang/Object;' in 'org/eclipse/e4/core/internal/di/Requestor')}
  0x0000026ac1634ba0: 0616 0749 | ba90 1c7a | 1b6b 0200 | 004c 8954 | 2408 48c7 | 0424 ffff 

  0x0000026ac1634bb8: ;   {runtime_call counter_overflow Runtime1 stub}
  0x0000026ac1634bb8: ffff e841 

  0x0000026ac1634bbc: ; ImmutableOopMap {rdx=Oop [184]=Oop }
                      ;*synchronization entry
                      ; - org.eclipse.e4.core.internal.di.Requestor::getRequestingObject@-1 (line 106)
                      ; - org.eclipse.e4.core.internal.di.MethodRequestor::execute@24 (line 45)
  0x0000026ac1634bbc: 6616 07e9 | a6e4 ffff 

  0x0000026ac1634bc4: ;   {runtime_call throw_null_pointer_exception Runtime1 stub}
  0x0000026ac1634bc4: e8b7 0616 

  0x0000026ac1634bc8: ; ImmutableOopMap {rsi=Oop [184]=Oop }
                      ;*invokevirtual get {reexecute=0 rethrow=0 return_oop=0}
                      ; - org.eclipse.e4.core.internal.di.Requestor::getRequestingObject@13 (line 108)
                      ; - org.eclipse.e4.core.internal.di.MethodRequestor::execute@24 (line 45)
                      ;   {runtime_call throw_null_pointer_exception Runtime1 stub}
  0x0000026ac1634bc8: 07e8 b206 

  0x0000026ac1634bcc: ; ImmutableOopMap {rdi=Oop [184]=Oop [192]=Oop }
                      ;*invokevirtual pauseRecording {reexecute=0 rethrow=0 return_oop=0}
                      ; - org.eclipse.e4.core.internal.di.MethodRequestor::execute@49 (line 51)
  0x0000026ac1634bcc: 1607 4889 | 7c24 0848 

  0x0000026ac1634bd4: ;   {runtime_call monitorenter_nofpu Runtime1 stub}
  0x0000026ac1634bd4: 891c 24e8 

  0x0000026ac1634bd8: ; ImmutableOopMap {rdi=Oop [184]=Oop [192]=Oop [296]=Oop }
                      ;*synchronization entry
                      ; - org.eclipse.e4.core.internal.contexts.ContextObjectSupplier::pauseRecording@-1 (line 214)
                      ; - org.eclipse.e4.core.internal.di.MethodRequestor::execute@49 (line 51)
  0x0000026ac1634bd8: 243b 1607 | e977 e6ff 

  0x0000026ac1634be0: ;   {metadata({method} {0x0000026b1b795070} 'pauseRecording' '()V' in 'org/eclipse/e4/core/internal/contexts/ContextObjectSupplier')}
  0x0000026ac1634be0: ff49 ba68 | 5079 1b6b | 0200 004c | 8954 2408 | 48c7 0424 | ffff ffff 

  0x0000026ac1634bf8: ;   {runtime_call counter_overflow Runtime1 stub}
  0x0000026ac1634bf8: e803 6616 

  0x0000026ac1634bfc: ; ImmutableOopMap {rdi=Oop [184]=Oop [192]=Oop [296]=Oop }
                      ;*synchronization entry
                      ; - org.eclipse.e4.core.internal.contexts.ContextObjectSupplier::pauseRecording@-1 (line 214)
                      ; - org.eclipse.e4.core.internal.di.MethodRequestor::execute@49 (line 51)
  0x0000026ac1634bfc: 07e9 7ce6 

  0x0000026ac1634c00: ;   {metadata({method} {0x0000026b1b77b4e0} 'getCalculatedComputations' '()Ljava/util/Stack;' in 'org/eclipse/e4/core/internal/contexts/EclipseContext')}
  0x0000026ac1634c00: ffff 49ba | d8b4 771b | 6b02 0000 | 4c89 5424 | 0848 c704 | 24ff ffff 

  0x0000026ac1634c18: ;   {runtime_call counter_overflow Runtime1 stub}
  0x0000026ac1634c18: ffe8 e265 

  0x0000026ac1634c1c: ; ImmutableOopMap {[184]=Oop [192]=Oop [296]=Oop }
                      ;*synchronization entry
                      ; - org.eclipse.e4.core.internal.contexts.EclipseContext::getCalculatedComputations@-1 (line 734)
                      ; - org.eclipse.e4.core.internal.contexts.ContextObjectSupplier::pauseRecording@0 (line 214)
                      ; - org.eclipse.e4.core.internal.di.MethodRequestor::execute@49 (line 51)
  0x0000026ac1634c1c: 1607 e994 

  0x0000026ac1634c20: ;   {runtime_call throw_null_pointer_exception Runtime1 stub}
  0x0000026ac1634c20: e6ff ffe8 

  0x0000026ac1634c24: ; ImmutableOopMap {rdi=Oop [184]=Oop [192]=Oop [296]=Oop }
                      ;*invokevirtual get {reexecute=0 rethrow=0 return_oop=0}
                      ; - org.eclipse.e4.core.internal.contexts.EclipseContext::getCalculatedComputations@3 (line 734)
                      ; - org.eclipse.e4.core.internal.contexts.ContextObjectSupplier::pauseRecording@0 (line 214)
                      ; - org.eclipse.e4.core.internal.di.MethodRequestor::execute@49 (line 51)
  0x0000026ac1634c24: 5806 1607 | 4889 0424 

  0x0000026ac1634c2c: ;   {runtime_call throw_class_cast_exception Runtime1 stub}
  0x0000026ac1634c2c: e8cf 2e16 

  0x0000026ac1634c30: ; ImmutableOopMap {[184]=Oop [192]=Oop [296]=Oop }
                      ;*checkcast {reexecute=0 rethrow=0 return_oop=0}
                      ; - org.eclipse.e4.core.internal.contexts.EclipseContext::getCalculatedComputations@6 (line 734)
                      ; - org.eclipse.e4.core.internal.contexts.ContextObjectSupplier::pauseRecording@0 (line 214)
                      ; - org.eclipse.e4.core.internal.di.MethodRequestor::execute@49 (line 51)
  0x0000026ac1634c30: 0748 8bd2 

  0x0000026ac1634c34: ;   {runtime_call fast_new_instance Runtime1 stub}
  0x0000026ac1634c34: e847 0f16 

  0x0000026ac1634c38: ; ImmutableOopMap {[184]=Oop [192]=Oop [296]=Oop }
                      ;*new {reexecute=0 rethrow=0 return_oop=0}
                      ; - org.eclipse.e4.core.internal.contexts.EclipseContext::getCalculatedComputations@14 (line 736)
                      ; - org.eclipse.e4.core.internal.contexts.ContextObjectSupplier::pauseRecording@0 (line 214)
                      ; - org.eclipse.e4.core.internal.di.MethodRequestor::execute@49 (line 51)
  0x0000026ac1634c38: 07e9 abe8 

  0x0000026ac1634c3c: ;   {metadata({method} {0x0000026b1a934630} '<init>' '()V' in 'java/util/Stack')}
  0x0000026ac1634c3c: ffff 49ba | 2846 931a | 6b02 0000 | 4c89 5424 | 0848 c704 | 24ff ffff 

  0x0000026ac1634c54: ;   {runtime_call counter_overflow Runtime1 stub}
  0x0000026ac1634c54: ffe8 a665 

  0x0000026ac1634c58: ; ImmutableOopMap {rax=Oop [184]=Oop [192]=Oop [296]=Oop }
                      ;*synchronization entry
                      ; - java.util.Stack::<init>@-1
                      ; - org.eclipse.e4.core.internal.contexts.EclipseContext::getCalculatedComputations@18 (line 736)
                      ; - org.eclipse.e4.core.internal.contexts.ContextObjectSupplier::pauseRecording@0 (line 214)
                      ; - org.eclipse.e4.core.internal.di.MethodRequestor::execute@49 (line 51)
  0x0000026ac1634c58: 1607 e9cb 

  0x0000026ac1634c5c: ;   {metadata({method} {0x0000026b1a192b28} '<init>' '()V' in 'java/util/Vector')}
  0x0000026ac1634c5c: e8ff ff49 | ba20 2b19 | 1a6b 0200 | 004c 8954 | 2408 48c7 | 0424 ffff 

  0x0000026ac1634c74: ;   {runtime_call counter_overflow Runtime1 stub}
  0x0000026ac1634c74: ffff e885 

  0x0000026ac1634c78: ; ImmutableOopMap {rax=Oop [184]=Oop [192]=Oop [296]=Oop }
                      ;*synchronization entry
                      ; - java.util.Vector::<init>@-1
                      ; - java.util.Stack::<init>@1
                      ; - org.eclipse.e4.core.internal.contexts.EclipseContext::getCalculatedComputations@18 (line 736)
                      ; - org.eclipse.e4.core.internal.contexts.ContextObjectSupplier::pauseRecording@0 (line 214)
                      ; - org.eclipse.e4.core.internal.di.MethodRequestor::execute@49 (line 51)
  0x0000026ac1634c78: 6516 07e9 | ebe8 ffff 

  0x0000026ac1634c80: ;   {metadata({method} {0x0000026b1a192a90} '<init>' '(I)V' in 'java/util/Vector')}
  0x0000026ac1634c80: 49ba 882a | 191a 6b02 | 0000 4c89 | 5424 0848 | c704 24ff 

  0x0000026ac1634c94: ;   {runtime_call counter_overflow Runtime1 stub}
  0x0000026ac1634c94: ffff ffe8 

  0x0000026ac1634c98: ; ImmutableOopMap {rax=Oop [184]=Oop [192]=Oop [296]=Oop }
                      ;*synchronization entry
                      ; - java.util.Vector::<init>@-1
                      ; - java.util.Vector::<init>@3
                      ; - java.util.Stack::<init>@1
                      ; - org.eclipse.e4.core.internal.contexts.EclipseContext::getCalculatedComputations@18 (line 736)
                      ; - org.eclipse.e4.core.internal.contexts.ContextObjectSupplier::pauseRecording@0 (line 214)
                      ; - org.eclipse.e4.core.internal.di.MethodRequestor::execute@49 (line 51)
  0x0000026ac1634c98: 6465 1607 | e90b e9ff 

  0x0000026ac1634ca0: ;   {runtime_call throw_null_pointer_exception Runtime1 stub}
  0x0000026ac1634ca0: ffe8 da05 

  0x0000026ac1634ca4: ; ImmutableOopMap {rdx=Oop [184]=Oop [192]=Oop [200]=Oop [296]=Oop }
                      ;*invokevirtual set {reexecute=0 rethrow=0 return_oop=0}
                      ; - org.eclipse.e4.core.internal.contexts.EclipseContext::getCalculatedComputations@26 (line 737)
                      ; - org.eclipse.e4.core.internal.contexts.ContextObjectSupplier::pauseRecording@0 (line 214)
                      ; - org.eclipse.e4.core.internal.di.MethodRequestor::execute@49 (line 51)
                      ;   {runtime_call throw_null_pointer_exception Runtime1 stub}
  0x0000026ac1634ca4: 1607 e8d5 

  0x0000026ac1634ca8: ; ImmutableOopMap {rdx=Oop [184]=Oop [192]=Oop [296]=Oop }
                      ;*invokevirtual push {reexecute=0 rethrow=0 return_oop=0}
                      ; - org.eclipse.e4.core.internal.contexts.ContextObjectSupplier::pauseRecording@6 (line 215)
                      ; - org.eclipse.e4.core.internal.di.MethodRequestor::execute@49 (line 51)
                      ;   {metadata({method} {0x0000026b1a9346d0} 'push' '(Ljava/lang/Object;)Ljava/lang/Object;' in 'java/util/Stack')}
  0x0000026ac1634ca8: 0516 0749 | bac8 4693 | 1a6b 0200 | 004c 8954 | 2408 48c7 | 0424 ffff 

  0x0000026ac1634cc0: ;   {runtime_call counter_overflow Runtime1 stub}
  0x0000026ac1634cc0: ffff e839 

  0x0000026ac1634cc4: ; ImmutableOopMap {rdx=Oop [184]=Oop [192]=Oop [296]=Oop }
                      ;*synchronization entry
                      ; - java.util.Stack::push@-1
                      ; - org.eclipse.e4.core.internal.contexts.ContextObjectSupplier::pauseRecording@6 (line 215)
                      ; - org.eclipse.e4.core.internal.di.MethodRequestor::execute@49 (line 51)
  0x0000026ac1634cc4: 6516 07e9 | 34ea ffff | 4889 5424 | 084c 8904 

  0x0000026ac1634cd4: ;   {runtime_call monitorenter_nofpu Runtime1 stub}
  0x0000026ac1634cd4: 24e8 263a 

  0x0000026ac1634cd8: ; ImmutableOopMap {rdx=Oop [184]=Oop [192]=Oop [296]=Oop [312]=Oop }
                      ;*synchronization entry
                      ; - java.util.Vector::addElement@-1
                      ; - java.util.Stack::push@2
                      ; - org.eclipse.e4.core.internal.contexts.ContextObjectSupplier::pauseRecording@6 (line 215)
                      ; - org.eclipse.e4.core.internal.di.MethodRequestor::execute@49 (line 51)
  0x0000026ac1634cd8: 1607 e9ee 

  0x0000026ac1634cdc: ;   {metadata({method} {0x0000026b1a193d28} 'addElement' '(Ljava/lang/Object;)V' in 'java/util/Vector')}
  0x0000026ac1634cdc: eaff ff49 | ba20 3d19 | 1a6b 0200 | 004c 8954 | 2408 48c7 | 0424 ffff 

  0x0000026ac1634cf4: ;   {runtime_call counter_overflow Runtime1 stub}
  0x0000026ac1634cf4: ffff e805 

  0x0000026ac1634cf8: ; ImmutableOopMap {rdx=Oop [184]=Oop [192]=Oop [296]=Oop [312]=Oop }
                      ;*synchronization entry
                      ; - java.util.Vector::addElement@-1
                      ; - java.util.Stack::push@2
                      ; - org.eclipse.e4.core.internal.contexts.ContextObjectSupplier::pauseRecording@6 (line 215)
                      ; - org.eclipse.e4.core.internal.di.MethodRequestor::execute@49 (line 51)
  0x0000026ac1634cf8: 6516 07e9 | f6ea ffff 

  0x0000026ac1634d00: ;   {metadata({method} {0x0000026b1a194488} 'add' '(Ljava/lang/Object;[Ljava/lang/Object;I)V' in 'java/util/Vector')}
  0x0000026ac1634d00: 49ba 8044 | 191a 6b02 | 0000 4c89 | 5424 0848 | c704 24ff 

  0x0000026ac1634d14: ;   {runtime_call counter_overflow Runtime1 stub}
  0x0000026ac1634d14: ffff ffe8 

  0x0000026ac1634d18: ; ImmutableOopMap {rdx=Oop r8=Oop [184]=Oop [192]=Oop [296]=Oop [312]=Oop }
                      ;*synchronization entry
                      ; - java.util.Vector::add@-1
                      ; - java.util.Vector::addElement@20
                      ; - java.util.Stack::push@2
                      ; - org.eclipse.e4.core.internal.contexts.ContextObjectSupplier::pauseRecording@6 (line 215)
                      ; - org.eclipse.e4.core.internal.di.MethodRequestor::execute@49 (line 51)
  0x0000026ac1634d18: e464 1607 | e927 ebff 

  0x0000026ac1634d20: ;   {runtime_call throw_null_pointer_exception Runtime1 stub}
  0x0000026ac1634d20: ffe8 5a05 

  0x0000026ac1634d24: ; ImmutableOopMap {rdx=Oop r8=Oop [184]=Oop [192]=Oop [296]=Oop [312]=Oop }
                      ;*arraylength {reexecute=0 rethrow=0 return_oop=0}
                      ; - java.util.Vector::add@2
                      ; - java.util.Vector::addElement@20
                      ; - java.util.Stack::push@2
                      ; - org.eclipse.e4.core.internal.contexts.ContextObjectSupplier::pauseRecording@6 (line 215)
                      ; - org.eclipse.e4.core.internal.di.MethodRequestor::execute@49 (line 51)
                      ;   {metadata({method} {0x0000026b1a192fc0} 'grow' '()[Ljava/lang/Object;' in 'java/util/Vector')}
  0x0000026ac1634d24: 1607 49ba | b82f 191a | 6b02 0000 | 4c89 5424 | 0848 c704 | 24ff ffff 

  0x0000026ac1634d3c: ;   {runtime_call counter_overflow Runtime1 stub}
  0x0000026ac1634d3c: ffe8 be64 

  0x0000026ac1634d40: ; ImmutableOopMap {rdx=Oop [184]=Oop [192]=Oop [296]=Oop [312]=Oop }
                      ;*synchronization entry
                      ; - java.util.Vector::grow@-1
                      ; - java.util.Vector::add@7
                      ; - java.util.Vector::addElement@20
                      ; - java.util.Stack::push@2
                      ; - org.eclipse.e4.core.internal.contexts.ContextObjectSupplier::pauseRecording@6 (line 215)
                      ; - org.eclipse.e4.core.internal.di.MethodRequestor::execute@49 (line 51)
  0x0000026ac1634d40: 1607 e971 

  0x0000026ac1634d44: ;   {runtime_call throw_null_pointer_exception Runtime1 stub}
  0x0000026ac1634d44: ebff ffe8 

  0x0000026ac1634d48: ; ImmutableOopMap {r8=Oop rdx=Oop rax=Oop [184]=Oop [192]=Oop [296]=Oop [312]=Oop }
                      ;*aastore {reexecute=1 rethrow=0 return_oop=0}
                      ; - (reexecute) java.util.Vector::add@14
                      ; - java.util.Vector::addElement@20
                      ; - java.util.Stack::push@2
                      ; - org.eclipse.e4.core.internal.contexts.ContextObjectSupplier::pauseRecording@6 (line 215)
                      ; - org.eclipse.e4.core.internal.di.MethodRequestor::execute@49 (line 51)
  0x0000026ac1634d48: 3405 1607 

  0x0000026ac1634d4c: ;   {runtime_call throw_null_pointer_exception Runtime1 stub}
  0x0000026ac1634d4c: e82f 0516 

  0x0000026ac1634d50: ; ImmutableOopMap {r8=Oop rdx=Oop rax=Oop [184]=Oop [192]=Oop [296]=Oop [312]=Oop }
                      ;*aastore {reexecute=1 rethrow=0 return_oop=0}
                      ; - (reexecute) java.util.Vector::add@14
                      ; - java.util.Vector::addElement@20
                      ; - java.util.Stack::push@2
                      ; - org.eclipse.e4.core.internal.contexts.ContextObjectSupplier::pauseRecording@6 (line 215)
                      ; - org.eclipse.e4.core.internal.di.MethodRequestor::execute@49 (line 51)
  0x0000026ac1634d50: 0748 8934 | 244c 8944 

  0x0000026ac1634d58: ;   {runtime_call throw_range_check_failed Runtime1 stub}
  0x0000026ac1634d58: 2408 e8a1 

  0x0000026ac1634d5c: ; ImmutableOopMap {r8=Oop rdx=Oop rax=Oop [184]=Oop [192]=Oop [296]=Oop [312]=Oop }
                      ;*aastore {reexecute=1 rethrow=0 return_oop=0}
                      ; - (reexecute) java.util.Vector::add@14
                      ; - java.util.Vector::addElement@20
                      ; - java.util.Stack::push@2
                      ; - org.eclipse.e4.core.internal.contexts.ContextObjectSupplier::pauseRecording@6 (line 215)
                      ; - org.eclipse.e4.core.internal.di.MethodRequestor::execute@49 (line 51)
                      ;   {runtime_call throw_null_pointer_exception Runtime1 stub}
  0x0000026ac1634d5c: f715 07e8 

  0x0000026ac1634d60: ; ImmutableOopMap {r8=Oop rdx=Oop rax=Oop [184]=Oop [192]=Oop [296]=Oop [312]=Oop }
                      ;*aastore {reexecute=1 rethrow=0 return_oop=0}
                      ; - (reexecute) java.util.Vector::add@14
                      ; - java.util.Vector::addElement@20
                      ; - java.util.Stack::push@2
                      ; - org.eclipse.e4.core.internal.contexts.ContextObjectSupplier::pauseRecording@6 (line 215)
                      ; - org.eclipse.e4.core.internal.di.MethodRequestor::execute@49 (line 51)
  0x0000026ac1634d60: 1c05 1607 | 4889 0424 

  0x0000026ac1634d68: ;   {runtime_call throw_array_store_exception Runtime1 stub}
  0x0000026ac1634d68: e893 2a16 

  0x0000026ac1634d6c: ; ImmutableOopMap {r8=Oop rdx=Oop rax=Oop [184]=Oop [192]=Oop [296]=Oop [312]=Oop }
                      ;*aastore {reexecute=1 rethrow=0 return_oop=0}
                      ; - (reexecute) java.util.Vector::add@14
                      ; - java.util.Vector::addElement@20
                      ; - java.util.Stack::push@2
                      ; - org.eclipse.e4.core.internal.contexts.ContextObjectSupplier::pauseRecording@6 (line 215)
                      ; - org.eclipse.e4.core.internal.di.MethodRequestor::execute@49 (line 51)
  0x0000026ac1634d6c: 078b 1f48 | c1e3 0348 | 83fb 000f | 84ce ecff | ff48 891c 

  0x0000026ac1634d80: ;   {runtime_call g1_pre_barrier_slow}
  0x0000026ac1634d80: 24e8 7a6f | 1607 e9c0 | ecff ff48 | 83f8 000f | 84d4 ecff | ff48 893c 

  0x0000026ac1634d98: ;   {runtime_call g1_post_barrier_slow}
  0x0000026ac1634d98: 24e8 6272 | 1607 e9c6 | ecff ff48 | 8d84 2430 | 0100 0048 

  0x0000026ac1634dac: ;   {runtime_call monitorexit_nofpu Runtime1 stub}
  0x0000026ac1634dac: 8904 24e8 | 4c3f 1607 | e9df ecff | ff48 8d84 | 2420 0100 | 0048 8904 

  0x0000026ac1634dc4: ;   {runtime_call monitorexit_nofpu Runtime1 stub}
  0x0000026ac1634dc4: 24e8 363f | 1607 e9f3 | ecff ff48 

  0x0000026ac1634dd0: ;   {runtime_call throw_class_cast_exception Runtime1 stub}
  0x0000026ac1634dd0: 8934 24e8 

  0x0000026ac1634dd4: ; ImmutableOopMap {rdx=Oop [184]=Oop [192]=Oop }
                      ;*checkcast {reexecute=0 rethrow=0 return_oop=0}
                      ; - org.eclipse.e4.core.internal.di.MethodRequestor::execute@58 (line 55)
  0x0000026ac1634dd4: 282d 1607 

  0x0000026ac1634dd8: ;   {runtime_call throw_null_pointer_exception Runtime1 stub}
  0x0000026ac1634dd8: e8a3 0416 

  0x0000026ac1634ddc: ; ImmutableOopMap {rdx=Oop rsi=Oop [184]=Oop [192]=Oop }
                      ;*invokevirtual trySetAccessible {reexecute=0 rethrow=0 return_oop=0}
                      ; - org.eclipse.e4.core.internal.di.MethodRequestor::execute@61 (line 55)
  0x0000026ac1634ddc: 0748 8934 

  0x0000026ac1634de0: ;   {runtime_call throw_class_cast_exception Runtime1 stub}
  0x0000026ac1634de0: 24e8 1a2d 

  0x0000026ac1634de4: ; ImmutableOopMap {rdx=Oop [184]=Oop [192]=Oop }
                      ;*checkcast {reexecute=0 rethrow=0 return_oop=0}
                      ; - org.eclipse.e4.core.internal.di.MethodRequestor::execute@69 (line 56)
                      ;   {runtime_call throw_null_pointer_exception Runtime1 stub}
  0x0000026ac1634de4: 1607 e895 

  0x0000026ac1634de8: ; ImmutableOopMap {rdx=Oop rsi=Oop rdi=Oop [184]=Oop [192]=Oop [224]=Oop }
                      ;*invokevirtual invoke {reexecute=0 rethrow=0 return_oop=0}
                      ; - org.eclipse.e4.core.internal.di.MethodRequestor::execute@77 (line 56)
                      ;   {metadata({method} {0x0000026ad9043cd8} 'invoke' '(Ljava/lang/Object;[Ljava/lang/Object;)Ljava/lang/Object;' in 'java/lang/reflect/Method')}
  0x0000026ac1634de8: 0416 0749 | bad0 3c04 | d96a 0200 | 004c 8954 | 2408 48c7 | 0424 ffff 

  0x0000026ac1634e00: ;   {runtime_call counter_overflow Runtime1 stub}
  0x0000026ac1634e00: ffff e8f9 

  0x0000026ac1634e04: ; ImmutableOopMap {rdx=Oop rsi=Oop rdi=Oop [184]=Oop [192]=Oop [224]=Oop }
                      ;*synchronization entry
                      ; - java.lang.reflect.Method::invoke@-1
                      ; - org.eclipse.e4.core.internal.di.MethodRequestor::execute@77 (line 56)
  0x0000026ac1634e04: 6316 07e9 | 23ef ffff 

  0x0000026ac1634e0c: ;   {metadata({method} {0x0000026ad93dc098} 'isStatic' '(I)Z' in 'java/lang/reflect/Modifier')}
  0x0000026ac1634e0c: 49ba 90c0 | 3dd9 6a02 | 0000 4c89 | 5424 0848 | c704 24ff 

  0x0000026ac1634e20: ;   {runtime_call counter_overflow Runtime1 stub}
  0x0000026ac1634e20: ffff ffe8 

  0x0000026ac1634e24: ; ImmutableOopMap {rbx=Oop rsi=Oop r9=Oop [184]=Oop [192]=Oop [224]=Oop [232]=Oop }
                      ;*synchronization entry
                      ; - java.lang.reflect.Modifier::isStatic@-1
                      ; - java.lang.reflect.Method::invoke@42
                      ; - org.eclipse.e4.core.internal.di.MethodRequestor::execute@77 (line 56)
  0x0000026ac1634e24: d863 1607 | e969 f0ff 

  0x0000026ac1634e2c: ;   {runtime_call throw_null_pointer_exception Runtime1 stub}
  0x0000026ac1634e2c: ffe8 4e04 

  0x0000026ac1634e30: ; ImmutableOopMap {rbx=Oop rsi=Oop r9=Oop rax=Oop [184]=Oop [224]=Oop [232]=Oop }
                      ;*invokevirtual getClass {reexecute=0 rethrow=0 return_oop=0}
                      ; - java.lang.reflect.Method::invoke@53
                      ; - org.eclipse.e4.core.internal.di.MethodRequestor::execute@77 (line 56)
                      ;   {runtime_call throw_null_pointer_exception Runtime1 stub}
  0x0000026ac1634e30: 1607 e849 

  0x0000026ac1634e34: ; ImmutableOopMap {rdx=Oop rbx=Oop [184]=Oop [192]=Oop [232]=Oop }
                      ;*invokeinterface invoke {reexecute=0 rethrow=0 return_oop=0}
                      ; - java.lang.reflect.Method::invoke@90
                      ; - org.eclipse.e4.core.internal.di.MethodRequestor::execute@77 (line 56)
                      ;   {runtime_call throw_null_pointer_exception Runtime1 stub}
  0x0000026ac1634e34: 0416 07e8 

  0x0000026ac1634e38: ; ImmutableOopMap {rdi=Oop rdx=Oop [184]=Oop [192]=Oop }
                      ;*invokeinterface invoke {reexecute=0 rethrow=0 return_oop=0}
                      ; - java.lang.reflect.Method::invoke@102
                      ; - org.eclipse.e4.core.internal.di.MethodRequestor::execute@77 (line 56)
  0x0000026ac1634e38: 4404 1607 

  0x0000026ac1634e3c: ;   {runtime_call throw_null_pointer_exception Runtime1 stub}
  0x0000026ac1634e3c: e83f 0416 

  0x0000026ac1634e40: ; ImmutableOopMap {rdx=Oop rsi=Oop [184]=Oop [256]=Oop }
                      ;*invokevirtual resumeRecording {reexecute=0 rethrow=0 return_oop=0}
                      ; - org.eclipse.e4.core.internal.di.MethodRequestor::execute@167 (line 69)
                      ;   {metadata({method} {0x0000026b1b7a2698} 'clearResolvedArgs' '()V' in 'org/eclipse/e4/core/internal/di/Requestor')}
  0x0000026ac1634e40: 0749 ba90 | 267a 1b6b | 0200 004c | 8954 2408 | 48c7 0424 | ffff ffff 

  0x0000026ac1634e58: ;   {runtime_call counter_overflow Runtime1 stub}
  0x0000026ac1634e58: e8a3 6316 

  0x0000026ac1634e5c: ; ImmutableOopMap {rdx=Oop [184]=Oop [256]=Oop }
                      ;*synchronization entry
                      ; - org.eclipse.e4.core.internal.di.Requestor::clearResolvedArgs@-1 (line 193)
                      ; - org.eclipse.e4.core.internal.di.MethodRequestor::execute@171 (line 70)
  0x0000026ac1634e5c: 07e9 fcf4 

  0x0000026ac1634e60: ;   {metadata(nullptr)}
  0x0000026ac1634e60: ffff 48ba | 0000 0000 | 0000 0000 | b800 0f05 

  0x0000026ac1634e70: ;   {runtime_call load_klass_patching Runtime1 stub}
  0x0000026ac1634e70: 0ae8 8a4d 

  0x0000026ac1634e74: ; ImmutableOopMap {rbx=Oop r8=Oop [184]=Oop }
                      ;*new {reexecute=1 rethrow=0 return_oop=0}
                      ; - (reexecute) org.eclipse.e4.core.internal.di.MethodRequestor::execute@119 (line 66)
  0x0000026ac1634e74: 1607 e9a5 

  0x0000026ac1634e78: ;   {runtime_call throw_null_pointer_exception Runtime1 stub}
  0x0000026ac1634e78: f6ff ffe8 

  0x0000026ac1634e7c: ; ImmutableOopMap {rbx=Oop r8=Oop [184]=Oop }
                      ;*new {reexecute=0 rethrow=0 return_oop=0}
                      ; - org.eclipse.e4.core.internal.di.MethodRequestor::execute@119 (line 66)
  0x0000026ac1634e7c: 0004 1607 

  0x0000026ac1634e80: ;   {runtime_call fast_new_instance_init_check Runtime1 stub}
  0x0000026ac1634e80: 488b d2e8 

  0x0000026ac1634e84: ; ImmutableOopMap {rbx=Oop r8=Oop [184]=Oop }
                      ;*new {reexecute=0 rethrow=0 return_oop=0}
                      ; - org.eclipse.e4.core.internal.di.MethodRequestor::execute@119 (line 66)
  0x0000026ac1634e84: 7814 1607 | e9f8 f6ff | ff8b 4228 | 48c1 e003 | 4883 f800 | 0f84 6bf7 | ffff 4889 

  0x0000026ac1634ea0: ;   {runtime_call g1_pre_barrier_slow}
  0x0000026ac1634ea0: 0424 e859 | 6e16 07e9 | 5df7 ffff 

  0x0000026ac1634eac: ;   {internal_word}
  0x0000026ac1634eac: 49ba 2046 | 63c1 6a02 | 0000 4d89 | 9760 0400 

  0x0000026ac1634ebc: ;   {runtime_call SafepointBlob}
  0x0000026ac1634ebc: 00e9 3e08 

  0x0000026ac1634ec0: ;   {internal_word}
  0x0000026ac1634ec0: 0a07 49ba | 4046 63c1 | 6a02 0000 | 4d89 9760 

  0x0000026ac1634ed0: ;   {runtime_call SafepointBlob}
  0x0000026ac1634ed0: 0400 00e9 | 2808 0a07 

  0x0000026ac1634ed8: ;   {internal_word}
  0x0000026ac1634ed8: 49ba 6046 | 63c1 6a02 | 0000 4d89 | 9760 0400 

  0x0000026ac1634ee8: ;   {runtime_call SafepointBlob}
  0x0000026ac1634ee8: 00e9 1208 | 0a07 4c89 

  0x0000026ac1634ef0: ;   {runtime_call throw_class_cast_exception Runtime1 stub}
  0x0000026ac1634ef0: 0424 e809 

  0x0000026ac1634ef4: ; ImmutableOopMap {[184]=Oop }
                      ;*checkcast {reexecute=0 rethrow=0 return_oop=0}
                      ; - org.eclipse.e4.core.internal.di.MethodRequestor::execute@115 (line 64)
                      ;   {runtime_call throw_null_pointer_exception Runtime1 stub}
  0x0000026ac1634ef4: 2c16 07e8 

  0x0000026ac1634ef8: ; ImmutableOopMap {rax=Oop [184]=Oop }
                      ;*athrow {reexecute=1 rethrow=0 return_oop=0}
                      ; - (reexecute) org.eclipse.e4.core.internal.di.MethodRequestor::execute@118 (line 64)
  0x0000026ac1634ef8: 8403 1607 

  0x0000026ac1634efc: ;   {metadata(nullptr)}
  0x0000026ac1634efc: 48ba 0000 | 0000 0000 | 0000 b800 

  0x0000026ac1634f08: ;   {runtime_call load_klass_patching Runtime1 stub}
  0x0000026ac1634f08: 0f05 0ae8 

  0x0000026ac1634f0c: ; ImmutableOopMap {r8=Oop [184]=Oop }
                      ;*new {reexecute=1 rethrow=0 return_oop=0}
                      ; - (reexecute) org.eclipse.e4.core.internal.di.MethodRequestor::execute@86 (line 58)
  0x0000026ac1634f0c: f04c 1607 | e9db f8ff 

  0x0000026ac1634f14: ;   {runtime_call throw_null_pointer_exception Runtime1 stub}
  0x0000026ac1634f14: ffe8 6603 

  0x0000026ac1634f18: ; ImmutableOopMap {r8=Oop [184]=Oop }
                      ;*new {reexecute=0 rethrow=0 return_oop=0}
                      ; - org.eclipse.e4.core.internal.di.MethodRequestor::execute@86 (line 58)
  0x0000026ac1634f18: 1607 488b 

  0x0000026ac1634f1c: ;   {runtime_call fast_new_instance_init_check Runtime1 stub}
  0x0000026ac1634f1c: d2e8 de13 

  0x0000026ac1634f20: ; ImmutableOopMap {r8=Oop [184]=Oop }
                      ;*new {reexecute=0 rethrow=0 return_oop=0}
                      ; - org.eclipse.e4.core.internal.di.MethodRequestor::execute@86 (line 58)
  0x0000026ac1634f20: 1607 e92e 

  0x0000026ac1634f24: ;   {runtime_call throw_null_pointer_exception Runtime1 stub}
  0x0000026ac1634f24: f9ff ffe8 

  0x0000026ac1634f28: ; ImmutableOopMap {rdx=Oop rsi=Oop [184]=Oop [280]=Oop }
                      ;*invokevirtual resumeRecording {reexecute=0 rethrow=0 return_oop=0}
                      ; - org.eclipse.e4.core.internal.di.MethodRequestor::execute@149 (line 69)
  0x0000026ac1634f28: 5403 1607 

  0x0000026ac1634f2c: ;   {metadata({method} {0x0000026b1b7a2698} 'clearResolvedArgs' '()V' in 'org/eclipse/e4/core/internal/di/Requestor')}
  0x0000026ac1634f2c: 49ba 9026 | 7a1b 6b02 | 0000 4c89 | 5424 0848 | c704 24ff 

  0x0000026ac1634f40: ;   {runtime_call counter_overflow Runtime1 stub}
  0x0000026ac1634f40: ffff ffe8 

  0x0000026ac1634f44: ; ImmutableOopMap {rdx=Oop [184]=Oop [280]=Oop }
                      ;*synchronization entry
                      ; - org.eclipse.e4.core.internal.di.Requestor::clearResolvedArgs@-1 (line 193)
                      ; - org.eclipse.e4.core.internal.di.MethodRequestor::execute@153 (line 70)
  0x0000026ac1634f44: b862 1607 | e9b4 faff | ff8b 4628 | 48c1 e003 | 4883 f800 | 0f84 1bfb | ffff 4889 

  0x0000026ac1634f60: ;   {runtime_call g1_pre_barrier_slow}
  0x0000026ac1634f60: 0424 e899 | 6d16 07e9 | 0dfb ffff | 488d 8424 | 3001 0000 | 4889 0424 

  0x0000026ac1634f78: ;   {runtime_call monitorexit_nofpu Runtime1 stub}
  0x0000026ac1634f78: e883 3d16 | 07e9 5bfb | ffff 488d | 8424 2001 | 0000 4889 

  0x0000026ac1634f8c: ;   {runtime_call monitorexit_nofpu Runtime1 stub}
  0x0000026ac1634f8c: 0424 e86d | 3d16 07e9 | a0fb ffff | 488b bc24 | c000 0000 | e9e8 faff | ff8b bc24 | d400 0000 
  0x0000026ac1634fac: e9e9 f3ff | ff8b bc24 | d400 0000 | e9df f8ff | ff8b bc24 | d400 0000 | e9d1 f3ff | ff8b bc24 
  0x0000026ac1634fcc: d400 0000 | e9c7 f8ff | ff8b bc24 | d400 0000 | e9b9 f3ff | ff8b bc24 | d400 0000 | e9af f8ff 
  0x0000026ac1634fec: ff8b bc24 | d400 0000 | e9a1 f3ff | ff8b bc24 | d400 0000 | e997 f8ff | ff8b bc24 | d400 0000 
  0x0000026ac163500c: e989 f3ff | ff8b bc24 | d400 0000 | e97f f8ff | ff8b bc24 | d400 0000 | e971 f3ff | ff8b bc24 
  0x0000026ac163502c: d400 0000 | e967 f8ff | ff8b bc24 | d400 0000 | e959 f3ff | ff8b bc24 | d400 0000 | e94f f8ff 
  0x0000026ac163504c: ff8b bc24 | d400 0000 | e943 f8ff | ff8b bc24 | d400 0000 | e937 f8ff | ff8b bc24 | d400 0000 
  0x0000026ac163506c: e92b f8ff | ff8b bc24 | d400 0000 | e91f f8ff | ff8b bc24 | d400 0000 | e913 f8ff | ff48 8bbc 
  0x0000026ac163508c: ;   {no_reloc}
  0x0000026ac163508c: 24c0 0000 | 00e9 f7f9 | ffff 488b | bc24 c000 | 0000 e9ea | f9ff ff48 | 8bbc 24c0 | 0000 00e9 
  0x0000026ac16350ac: ddf9 ffff | 488b bc24 | c000 0000 | e9d0 f9ff | ff8b bc24 | d400 0000 | e9d1 f2ff | ff8b bc24 
  0x0000026ac16350cc: d400 0000 | e9c7 f7ff | ff8b bc24 | d400 0000 | e9b9 f2ff | ff8b bc24 | d400 0000 | e9af f7ff 
  0x0000026ac16350ec: ff8b bc24 | d400 0000 | e9a1 f2ff | ff8b bc24 | d400 0000 | e997 f7ff | ff8b bc24 | d400 0000 
  0x0000026ac163510c: e989 f2ff | ff8b bc24 | d400 0000 | e97f f7ff | ff8b bc24 | d400 0000 | e971 f2ff | ff8b bc24 
  0x0000026ac163512c: d400 0000 | e967 f7ff | ff8b bc24 | d400 0000 | e959 f2ff | ff8b bc24 | d400 0000 | e94f f7ff 
  0x0000026ac163514c: ff8b bc24 | d400 0000 | e941 f2ff | ff8b bc24 | d400 0000 | e937 f7ff | ff8b bc24 | d400 0000 
  0x0000026ac163516c: e92b f7ff | ff8b bc24 | d400 0000 | e91f f7ff | ff8b bc24 | d400 0000 | e913 f7ff | ff8b bc24 
  0x0000026ac163518c: ;   {no_reloc}
  0x0000026ac163518c: d400 0000 | e907 f7ff | ff8b bc24 | d400 0000 | e9fb f6ff | ff8b bc24 | d400 0000 | e9ef f6ff 
  0x0000026ac16351ac: ff49 8b87 | f804 0000 | 49c7 87f8 | 0400 0000 | 0000 0049 | c787 0005 | 0000 0000 | 0000 4881 
  0x0000026ac16351cc: c450 0100 

  0x0000026ac16351d0: ;   {runtime_call unwind_exception Runtime1 stub}
  0x0000026ac16351d0: 005d e929 | e315 07f4 
[Stub Code]
  0x0000026ac16351d8: ;   {no_reloc}
  0x0000026ac16351d8: 0f1f 4400 

  0x0000026ac16351dc: ;   {static_stub}
  0x0000026ac16351dc: 0048 bb00 | 0000 0000 

  0x0000026ac16351e4: ;   {runtime_call nmethod}
  0x0000026ac16351e4: 0000 00e9 | fbff ffff 

  0x0000026ac16351ec: ;   {static_stub}
  0x0000026ac16351ec: 9048 bb00 | 0000 0000 

  0x0000026ac16351f4: ;   {runtime_call nmethod}
  0x0000026ac16351f4: 0000 00e9 | fbff ffff 

  0x0000026ac16351fc: ;   {static_stub}
  0x0000026ac16351fc: 9048 bb00 | 0000 0000 

  0x0000026ac1635204: ;   {runtime_call nmethod}
  0x0000026ac1635204: 0000 00e9 | fbff ffff 

  0x0000026ac163520c: ;   {static_stub}
  0x0000026ac163520c: 9048 bb00 | 0000 0000 

  0x0000026ac1635214: ;   {runtime_call nmethod}
  0x0000026ac1635214: 0000 00e9 | fbff ffff 

  0x0000026ac163521c: ;   {static_stub}
  0x0000026ac163521c: 9048 bb00 | 0000 0000 

  0x0000026ac1635224: ;   {runtime_call nmethod}
  0x0000026ac1635224: 0000 00e9 | fbff ffff 

  0x0000026ac163522c: ;   {static_stub}
  0x0000026ac163522c: 9048 bb00 | 0000 0000 

  0x0000026ac1635234: ;   {runtime_call nmethod}
  0x0000026ac1635234: 0000 00e9 | fbff ffff 

  0x0000026ac163523c: ;   {static_stub}
  0x0000026ac163523c: 9048 bb00 | 0000 0000 

  0x0000026ac1635244: ;   {runtime_call nmethod}
  0x0000026ac1635244: 0000 00e9 | fbff ffff 

  0x0000026ac163524c: ;   {static_stub}
  0x0000026ac163524c: 9048 bb00 | 0000 0000 

  0x0000026ac1635254: ;   {runtime_call nmethod}
  0x0000026ac1635254: 0000 00e9 | fbff ffff 

  0x0000026ac163525c: ;   {static_stub}
  0x0000026ac163525c: 9048 bb00 | 0000 0000 

  0x0000026ac1635264: ;   {runtime_call nmethod}
  0x0000026ac1635264: 0000 00e9 | fbff ffff 

  0x0000026ac163526c: ;   {static_stub}
  0x0000026ac163526c: 9048 bb00 | 0000 0000 

  0x0000026ac1635274: ;   {runtime_call nmethod}
  0x0000026ac1635274: 0000 00e9 | fbff ffff 

  0x0000026ac163527c: ;   {static_stub}
  0x0000026ac163527c: 48bb 0000 | 0000 0000 

  0x0000026ac1635284: ;   {runtime_call nmethod}
  0x0000026ac1635284: 0000 e9fb 

  0x0000026ac1635288: ;   {static_stub}
  0x0000026ac1635288: ffff ff48 | bb00 0000 | 0000 0000 

  0x0000026ac1635294: ;   {runtime_call nmethod}
  0x0000026ac1635294: 00e9 fbff 

  0x0000026ac1635298: ;   {static_stub}
  0x0000026ac1635298: ffff 48bb | 0000 0000 | 0000 0000 

  0x0000026ac16352a4: ;   {runtime_call nmethod}
  0x0000026ac16352a4: e9fb ffff 

  0x0000026ac16352a8: ;   {static_stub}
  0x0000026ac16352a8: ff48 bb00 | 0000 0000 

  0x0000026ac16352b0: ;   {runtime_call nmethod}
  0x0000026ac16352b0: 0000 00e9 | fbff ffff 

  0x0000026ac16352b8: ;   {static_stub}
  0x0000026ac16352b8: 48bb 0000 | 0000 0000 

  0x0000026ac16352c0: ;   {runtime_call nmethod}
  0x0000026ac16352c0: 0000 e9fb 

  0x0000026ac16352c4: ;   {static_stub}
  0x0000026ac16352c4: ffff ff48 | bb00 0000 | 0000 0000 

  0x0000026ac16352d0: ;   {runtime_call nmethod}
  0x0000026ac16352d0: 00e9 fbff 

  0x0000026ac16352d4: ;   {static_stub}
  0x0000026ac16352d4: ffff 48bb | 4841 04d9 | 6a02 0000 

  0x0000026ac16352e0: ;   {runtime_call I2C/C2I adapters}
  0x0000026ac16352e0: e97e e109 

  0x0000026ac16352e4: ;   {static_stub}
  0x0000026ac16352e4: 0748 bb00 | 0000 0000 

  0x0000026ac16352ec: ;   {runtime_call nmethod}
  0x0000026ac16352ec: 0000 00e9 | fbff ffff 
[Exception Handler]
  0x0000026ac16352f4: ;   {runtime_call handle_exception_from_callee Runtime1 stub}
  0x0000026ac16352f4: e807 2216 

  0x0000026ac16352f8: ;   {external_word}
  0x0000026ac16352f8: 0748 b990 | 7fe8 94fc | 7f00 0048 

  0x0000026ac1635304: ;   {runtime_call}
  0x0000026ac1635304: 83e4 f048 | b8e0 44ab | 94fc 7f00 | 00ff d0f4 
[Deopt Handler Code]
  0x0000026ac1635314: ;   {section_word}
  0x0000026ac1635314: 49ba 1453 | 63c1 6a02 | 0000 4152 

  0x0000026ac1635320: ;   {runtime_call DeoptimizationBlob}
  0x0000026ac1635320: e97b f609 | 07f4 f4f4 
[/MachCode]


Compiled method (c1) 14262 9975       3       org.eclipse.e4.core.internal.di.InjectorImpl::processAnnotated (417 bytes)
 total in heap  [0x0000026ac1a28c10,0x0000026ac1a2a388] = 6008
 relocation     [0x0000026ac1a28d70,0x0000026ac1a28f00] = 400
 main code      [0x0000026ac1a28f00,0x0000026ac1a29be0] = 3296
 stub code      [0x0000026ac1a29be0,0x0000026ac1a29cf0] = 272
 oops           [0x0000026ac1a29cf0,0x0000026ac1a29cf8] = 8
 metadata       [0x0000026ac1a29cf8,0x0000026ac1a29d28] = 48
 scopes data    [0x0000026ac1a29d28,0x0000026ac1a2a110] = 1000
 scopes pcs     [0x0000026ac1a2a110,0x0000026ac1a2a340] = 560
 dependencies   [0x0000026ac1a2a340,0x0000026ac1a2a348] = 8
 nul chk table  [0x0000026ac1a2a348,0x0000026ac1a2a388] = 64

[Constant Pool (empty)]

[MachCode]
[Entry Point]
  # {method} {0x0000026b1b7a02d0} 'processAnnotated' '(Lorg/eclipse/e4/core/internal/di/AnnotationLookup$AnnotationProxy;Ljava/lang/Object;Ljava/lang/Class;Lorg/eclipse/e4/core/di/suppliers/PrimaryObjectSupplier;Lorg/eclipse/e4/core/di/suppliers/PrimaryObjectSupplier;Ljava/util/List;)V' in 'org/eclipse/e4/core/internal/di/InjectorImpl'
  # this:     rdx:rdx   = 'org/eclipse/e4/core/internal/di/InjectorImpl'
  # parm0:    r8:r8     = 'org/eclipse/e4/core/internal/di/AnnotationLookup$AnnotationProxy'
  # parm1:    r9:r9     = 'java/lang/Object'
  # parm2:    rdi:rdi   = 'java/lang/Class'
  # parm3:    rsi:rsi   = 'org/eclipse/e4/core/di/suppliers/PrimaryObjectSupplier'
  # parm4:    rcx:rcx   = 'org/eclipse/e4/core/di/suppliers/PrimaryObjectSupplier'
  # parm5:    [sp+0xf0]   = 'java/util/List'  (sp of caller)
  0x0000026ac1a28f00: 448b 5208 | 49bb 0000 | 00d9 6a02 | 0000 4d03 | d34c 3bd0 

  0x0000026ac1a28f14: ;   {runtime_call ic_miss_stub}
  0x0000026ac1a28f14: 0f85 6658 | ca06 660f | 1f44 0000 
[Verified Entry Point]
  0x0000026ac1a28f20: 8984 2400 | 80ff ff55 | 4881 ece0 | 0000 0090 | 4181 7f20 | 0800 0000 

  0x0000026ac1a28f38: ;   {runtime_call StubRoutines (final stubs)}
  0x0000026ac1a28f38: 7405 e821 | bec8 0648 | 8954 2470 | 4c89 4424 | 784c 898c | 2480 0000 | 0048 89b4 | 2488 0000 
  0x0000026ac1a28f58: 0048 898c | 2490 0000 

  0x0000026ac1a28f60: ;   {metadata(method data for {method} {0x0000026b1b7a02d0} 'processAnnotated' '(Lorg/eclipse/e4/core/internal/di/AnnotationLookup$AnnotationProxy;Ljava/lang/Object;Ljava/lang/Class;Lorg/eclipse/e4/core/di/suppliers/PrimaryObjectSupplier;Lorg/eclipse/e4/core/di/suppliers/PrimaryObjectSupplier;Ljava/util/List;)V' in 'org/eclipse/e4/core/internal/di/InjectorImpl')}
  0x0000026ac1a28f60: 0048 bba0 | 9f71 1c6b | 0200 008b | 83cc 0000 | 0083 c002 | 8983 cc00 | 0000 25fe | 0700 0085 
  0x0000026ac1a28f80: c00f 84c2 | 0a00 0048 | 3b07 488b 

  0x0000026ac1a28f8c: ;   {metadata(method data for {method} {0x0000026b1b7a02d0} 'processAnnotated' '(Lorg/eclipse/e4/core/internal/di/AnnotationLookup$AnnotationProxy;Ljava/lang/Object;Ljava/lang/Class;Lorg/eclipse/e4/core/di/suppliers/PrimaryObjectSupplier;Lorg/eclipse/e4/core/di/suppliers/PrimaryObjectSupplier;Ljava/util/List;)V' in 'org/eclipse/e4/core/internal/di/InjectorImpl')}
  0x0000026ac1a28f8c: df48 b8a0 | 9f71 1c6b | 0200 0048 | 8380 1001 | 0000 0148 | 8bd7 4889 

  0x0000026ac1a28fa4: ;   {optimized virtual_call}
  0x0000026ac1a28fa4: 7c24 68e8 

  0x0000026ac1a28fa8: ; ImmutableOopMap {[104]=Oop [112]=Oop [120]=Oop [128]=Oop [136]=Oop [144]=Oop [240]=Oop }
                      ;*invokevirtual getSuperclass {reexecute=0 rethrow=0 return_oop=0}
                      ; - org.eclipse.e4.core.internal.di.InjectorImpl::processAnnotated@1 (line 936)
  0x0000026ac1a28fa8: 3401 5707 

  0x0000026ac1a28fac: ;   {other}
  0x0000026ac1a28fac: 0f1f 8400 | 9c03 0000 | 4889 8424 | 9800 0000 

  0x0000026ac1a28fbc: ;   {metadata(method data for {method} {0x0000026b1b7a02d0} 'processAnnotated' '(Lorg/eclipse/e4/core/internal/di/AnnotationLookup$AnnotationProxy;Ljava/lang/Object;Ljava/lang/Class;Lorg/eclipse/e4/core/di/suppliers/PrimaryObjectSupplier;Lorg/eclipse/e4/core/di/suppliers/PrimaryObjectSupplier;Ljava/util/List;)V' in 'org/eclipse/e4/core/internal/di/InjectorImpl')}
  0x0000026ac1a28fbc: 4885 c048 | baa0 9f71 | 1c6b 0200 | 0048 c7c6 | 4801 0000 | 7407 48c7 | c658 0100 | 0048 8b3c 
  0x0000026ac1a28fdc: 3248 8d7f | 0148 893c | 320f 84f9 | 0200 0048 | 3b00 488b 

  0x0000026ac1a28ff0: ;   {metadata(method data for {method} {0x0000026b1b7a02d0} 'processAnnotated' '(Lorg/eclipse/e4/core/internal/di/AnnotationLookup$AnnotationProxy;Ljava/lang/Object;Ljava/lang/Class;Lorg/eclipse/e4/core/di/suppliers/PrimaryObjectSupplier;Lorg/eclipse/e4/core/di/suppliers/PrimaryObjectSupplier;Ljava/util/List;)V' in 'org/eclipse/e4/core/internal/di/InjectorImpl')}
  0x0000026ac1a28ff0: d048 bea0 | 9f71 1c6b | 0200 0048 | 8386 6801 

  0x0000026ac1a29000: ;   {metadata(method data for {method} {0x0000026ad9465ac0} 'getName' '()Ljava/lang/String;' in 'java/lang/Class')}
  0x0000026ac1a29000: 0000 0148 | ba30 ad05 | 1a6b 0200 | 008b b2cc | 0000 0083 | c602 89b2 | cc00 0000 | 81e6 feff 
  0x0000026ac1a29020: 1f00 85f6 | 0f84 4a0a | 0000 8b50 | 2c48 c1e2 | 0348 85d2 

  0x0000026ac1a29034: ;   {metadata(method data for {method} {0x0000026ad9465ac0} 'getName' '()Ljava/lang/String;' in 'java/lang/Class')}
  0x0000026ac1a29034: 48be 30ad | 051a 6b02 | 0000 48c7 | c710 0100 | 0074 0748 | c7c7 2001 | 0000 488b | 1c3e 488d 
  0x0000026ac1a29054: 5b01 4889 | 1c3e 0f84 | 1500 0000 

  0x0000026ac1a29060: ;   {metadata(method data for {method} {0x0000026ad9465ac0} 'getName' '()Ljava/lang/String;' in 'java/lang/Class')}
  0x0000026ac1a29060: 48be 30ad | 051a 6b02 | 0000 ff86 | 3001 0000 | e92a 0000 | 0048 8bd0 

  0x0000026ac1a29078: ;   {metadata(method data for {method} {0x0000026ad9465ac0} 'getName' '()Ljava/lang/String;' in 'java/lang/Class')}
  0x0000026ac1a29078: 48be 30ad | 051a 6b02 | 0000 4883 | 8648 0100 | 0001 488b 

  0x0000026ac1a2908c: ;   {optimized virtual_call}
  0x0000026ac1a2908c: d066 90e8 

  0x0000026ac1a29090: ; ImmutableOopMap {[104]=Oop [112]=Oop [120]=Oop [128]=Oop [136]=Oop [144]=Oop [152]=Oop [240]=Oop }
                      ;*invokevirtual initClassName {reexecute=0 rethrow=0 return_oop=0}
                      ; - java.lang.Class::getName@14
                      ; - org.eclipse.e4.core.internal.di.InjectorImpl::processAnnotated@13 (line 937)
  0x0000026ac1a29090: ec59 ca06 

  0x0000026ac1a29094: ;   {other}
  0x0000026ac1a29094: 0f1f 8400 | 8404 0001 | 488b d048 | 3b02 4c8b 

  0x0000026ac1a290a4: ;   {metadata(method data for {method} {0x0000026b1b7a02d0} 'processAnnotated' '(Lorg/eclipse/e4/core/internal/di/AnnotationLookup$AnnotationProxy;Ljava/lang/Object;Ljava/lang/Class;Lorg/eclipse/e4/core/di/suppliers/PrimaryObjectSupplier;Lorg/eclipse/e4/core/di/suppliers/PrimaryObjectSupplier;Ljava/util/List;)V' in 'org/eclipse/e4/core/internal/di/InjectorImpl')}
  0x0000026ac1a290a4: c248 bea0 | 9f71 1c6b | 0200 0048 | 8386 a001 

  0x0000026ac1a290b4: ;   {oop("java.lang.Object"{0x000000074047f840})}
  0x0000026ac1a290b4: 0000 0149 | b840 f847 | 4007 0000 | 0066 0f1f 

  0x0000026ac1a290c4: ;   {optimized virtual_call}
  0x0000026ac1a290c4: 4400 00e8 

  0x0000026ac1a290c8: ; ImmutableOopMap {[104]=Oop [112]=Oop [120]=Oop [128]=Oop [136]=Oop [144]=Oop [152]=Oop [240]=Oop }
                      ;*invokevirtual equals {reexecute=0 rethrow=0 return_oop=0}
                      ; - org.eclipse.e4.core.internal.di.InjectorImpl::processAnnotated@18 (line 937)
  0x0000026ac1a290c8: f4ef 4407 

  0x0000026ac1a290cc: ;   {other}
  0x0000026ac1a290cc: 0f1f 8400 | bc04 0002 

  0x0000026ac1a290d4: ;   {metadata(method data for {method} {0x0000026b1b7a02d0} 'processAnnotated' '(Lorg/eclipse/e4/core/internal/di/AnnotationLookup$AnnotationProxy;Ljava/lang/Object;Ljava/lang/Class;Lorg/eclipse/e4/core/di/suppliers/PrimaryObjectSupplier;Lorg/eclipse/e4/core/di/suppliers/PrimaryObjectSupplier;Ljava/util/List;)V' in 'org/eclipse/e4/core/internal/di/InjectorImpl')}
  0x0000026ac1a290d4: 85c0 49b8 | a09f 711c | 6b02 0000 | 48c7 c2d8 | 0100 0075 | 0748 c7c2 | e801 0000 | 498b 3410 
  0x0000026ac1a290f4: 488d 7601 | 4989 3410 | 0f85 e201 | 0000 488b | b424 f000 | 0000 483b | 064c 8bc6 

  0x0000026ac1a29110: ;   {metadata(method data for {method} {0x0000026b1b7a02d0} 'processAnnotated' '(Lorg/eclipse/e4/core/internal/di/AnnotationLookup$AnnotationProxy;Ljava/lang/Object;Ljava/lang/Class;Lorg/eclipse/e4/core/di/suppliers/PrimaryObjectSupplier;Lorg/eclipse/e4/core/di/suppliers/PrimaryObjectSupplier;Ljava/util/List;)V' in 'org/eclipse/e4/core/internal/di/InjectorImpl')}
  0x0000026ac1a29110: 48ba a09f | 711c 6b02 | 0000 458b | 4008 49ba | 0000 00d9 | 6a02 0000 | 4d03 c24c | 3b82 0802 
  0x0000026ac1a29130: 0000 750d | 4883 8210 | 0200 0001 | e960 0000 | 004c 3b82 | 1802 0000 | 750d 4883 | 8220 0200 
  0x0000026ac1a29150: 0001 e94a | 0000 0048 | 83ba 0802 | 0000 0075 | 174c 8982 | 0802 0000 | 48c7 8210 | 0200 0001 
  0x0000026ac1a29170: 0000 00e9 | 2900 0000 | 4883 ba18 | 0200 0000 | 7517 4c89 | 8218 0200 | 0048 c782 | 2002 0000 
  0x0000026ac1a29190: 0100 0000 | e908 0000 | 0048 8382 | f801 0000 | 014c 8b44 | 2468 488b | d60f 1f40 | 0048 b8e0 
  0x0000026ac1a291b0: a50b d96a 

  0x0000026ac1a291b4: ;   {virtual_call}
  0x0000026ac1a291b4: 0200 00e8 

  0x0000026ac1a291b8: ; ImmutableOopMap {[104]=Oop [112]=Oop [120]=Oop [128]=Oop [136]=Oop [144]=Oop [152]=Oop [240]=Oop }
                      ;*invokeinterface add {reexecute=0 rethrow=0 return_oop=0}
                      ; - org.eclipse.e4.core.internal.di.InjectorImpl::processAnnotated@27 (line 938)
  0x0000026ac1a291b8: 24d9 4107 

  0x0000026ac1a291bc: ;   {other}
  0x0000026ac1a291bc: 0f1f 8400 | ac05 0003 | 488b 5424 

  0x0000026ac1a291c8: ;   {metadata(method data for {method} {0x0000026b1b7a02d0} 'processAnnotated' '(Lorg/eclipse/e4/core/internal/di/AnnotationLookup$AnnotationProxy;Ljava/lang/Object;Ljava/lang/Class;Lorg/eclipse/e4/core/di/suppliers/PrimaryObjectSupplier;Lorg/eclipse/e4/core/di/suppliers/PrimaryObjectSupplier;Ljava/util/List;)V' in 'org/eclipse/e4/core/internal/di/InjectorImpl')}
  0x0000026ac1a291c8: 7049 b8a0 | 9f71 1c6b | 0200 0049 | 8380 3002 | 0000 014c | 8b44 2478 | 4c8b 8c24 | 8000 0000 
  0x0000026ac1a291e8: 488b bc24 | 9800 0000 | 488b b424 | 8800 0000 | 488b 8c24 | 9000 0000 | 488b 9c24 | f000 0000 
  0x0000026ac1a29208: 4889 1c24 | 488b 5424 | 7066 0f1f 

  0x0000026ac1a29214: ;   {optimized virtual_call}
  0x0000026ac1a29214: 4400 00e8 

  0x0000026ac1a29218: ; ImmutableOopMap {[104]=Oop [112]=Oop [120]=Oop [128]=Oop [136]=Oop [144]=Oop [240]=Oop }
                      ;*invokevirtual processAnnotated {reexecute=0 rethrow=0 return_oop=0}
                      ; - org.eclipse.e4.core.internal.di.InjectorImpl::processAnnotated@44 (line 939)
  0x0000026ac1a29218: 04fd ffff 

  0x0000026ac1a2921c: ;   {other}
  0x0000026ac1a2921c: 0f1f 8400 | 0c06 0004 | 488b b424 | f000 0000 

  0x0000026ac1a2922c: ;   {metadata(method data for {method} {0x0000026b1b7a02d0} 'processAnnotated' '(Lorg/eclipse/e4/core/internal/di/AnnotationLookup$AnnotationProxy;Ljava/lang/Object;Ljava/lang/Class;Lorg/eclipse/e4/core/di/suppliers/PrimaryObjectSupplier;Lorg/eclipse/e4/core/di/suppliers/PrimaryObjectSupplier;Ljava/util/List;)V' in 'org/eclipse/e4/core/internal/di/InjectorImpl')}
  0x0000026ac1a2922c: 49b8 a09f | 711c 6b02 | 0000 8b76 | 0849 ba00 | 0000 d96a | 0200 0049 | 03f2 493b | b078 0200 
  0x0000026ac1a2924c: 0075 0d49 | 8380 8002 | 0000 01e9 | 6000 0000 | 493b b088 | 0200 0075 | 0d49 8380 | 9002 0000 
  0x0000026ac1a2926c: 01e9 4a00 | 0000 4983 | b878 0200 | 0000 7517 | 4989 b078 | 0200 0049 | c780 8002 | 0000 0100 
  0x0000026ac1a2928c: 0000 e929 | 0000 0049 | 83b8 8802 | 0000 0075 | 1749 89b0 | 8802 0000 | 49c7 8090 | 0200 0001 
  0x0000026ac1a292ac: 0000 00e9 | 0800 0000 | 4983 8068 | 0200 0001 | 4c8b 4424 | 6848 8b94 | 24f0 0000 | 000f 1f40 
  0x0000026ac1a292cc: 0048 b8e0 | a50b d96a 

  0x0000026ac1a292d4: ;   {virtual_call}
  0x0000026ac1a292d4: 0200 00e8 

  0x0000026ac1a292d8: ; ImmutableOopMap {[104]=Oop [112]=Oop [120]=Oop [128]=Oop [136]=Oop [144]=Oop [240]=Oop }
                      ;*invokeinterface remove {reexecute=0 rethrow=0 return_oop=0}
                      ; - org.eclipse.e4.core.internal.di.InjectorImpl::processAnnotated@50 (line 940)
  0x0000026ac1a292d8: e4b4 9c07 

  0x0000026ac1a292dc: ;   {other}
  0x0000026ac1a292dc: 0f1f 8400 | cc06 0005 | 488b 7c24 | 6848 8b54 

  0x0000026ac1a292ec: ;   {metadata(method data for {method} {0x0000026b1b7a02d0} 'processAnnotated' '(Lorg/eclipse/e4/core/internal/di/AnnotationLookup$AnnotationProxy;Ljava/lang/Object;Ljava/lang/Class;Lorg/eclipse/e4/core/di/suppliers/PrimaryObjectSupplier;Lorg/eclipse/e4/core/di/suppliers/PrimaryObjectSupplier;Ljava/util/List;)V' in 'org/eclipse/e4/core/internal/di/InjectorImpl')}
  0x0000026ac1a292ec: 2470 49b8 | a09f 711c | 6b02 0000 | 4983 80a0 | 0200 0001 | 4c8b c748 | 8b54 2470 | 0f1f 8000 
  0x0000026ac1a2930c: ;   {optimized virtual_call}
  0x0000026ac1a2930c: 0000 00e8 

  0x0000026ac1a29310: ; ImmutableOopMap {[112]=Oop [120]=Oop [128]=Oop [136]=Oop [144]=Oop [240]=Oop }
                      ;*invokevirtual getDeclaredMethods {reexecute=0 rethrow=0 return_oop=0}
                      ; - org.eclipse.e4.core.internal.di.InjectorImpl::processAnnotated@58 (line 942)
  0x0000026ac1a29310: 4c34 d9ff 

  0x0000026ac1a29314: ;   {other}
  0x0000026ac1a29314: 0f1f 8400 | 0407 0006 | 4889 8424 | b000 0000 

  0x0000026ac1a29324: ; implicit exception: dispatches to 0x0000026ac1a29a9f
  0x0000026ac1a29324: 8b70 0c89 | b424 a400 

  0x0000026ac1a2932c: ;   {metadata(method data for {method} {0x0000026b1b7a02d0} 'processAnnotated' '(Lorg/eclipse/e4/core/internal/di/AnnotationLookup$AnnotationProxy;Ljava/lang/Object;Ljava/lang/Class;Lorg/eclipse/e4/core/di/suppliers/PrimaryObjectSupplier;Lorg/eclipse/e4/core/di/suppliers/PrimaryObjectSupplier;Ljava/util/List;)V' in 'org/eclipse/e4/core/internal/di/InjectorImpl')}
  0x0000026ac1a2932c: 0000 49b8 | a09f 711c | 6b02 0000 | 41ff 80d8 | 0200 00bf | 0000 0000 | 0f1f 4000 | 4c8b 4424 
  0x0000026ac1a2934c: 783b fe41 | bd02 0000 | 007c 0641 | bd00 0000 

  0x0000026ac1a2935c: ;   {metadata(method data for {method} {0x0000026b1b7a02d0} 'processAnnotated' '(Lorg/eclipse/e4/core/internal/di/AnnotationLookup$AnnotationProxy;Ljava/lang/Object;Ljava/lang/Class;Lorg/eclipse/e4/core/di/suppliers/PrimaryObjectSupplier;Lorg/eclipse/e4/core/di/suppliers/PrimaryObjectSupplier;Ljava/util/List;)V' in 'org/eclipse/e4/core/internal/di/InjectorImpl')}
  0x0000026ac1a2935c: 0049 bea0 | 9f71 1c6b | 0200 0041 | 8b96 d000 | 0000 4103 | d541 8996 | d000 0000 | 4585 ed75 
  0x0000026ac1a2937c: 05ba 0200 | 0000 81e2 | fe3f 0000 | 85d2 0f84 | 1407 0000 | 4d8b 9750 

  0x0000026ac1a29394: ; ImmutableOopMap {rax=Oop r8=Oop [112]=Oop [120]=Oop [128]=Oop [136]=Oop [144]=Oop [176]=Oop [240]=Oop }
                      ;*if_icmplt {reexecute=1 rethrow=0 return_oop=0}
                      ; - (reexecute) org.eclipse.e4.core.internal.di.InjectorImpl::processAnnotated@413 (line 943)
                      ;   {poll}
  0x0000026ac1a29394: 0400 0041 | 8502 3bfe 

  0x0000026ac1a2939c: ;   {metadata(method data for {method} {0x0000026b1b7a02d0} 'processAnnotated' '(Lorg/eclipse/e4/core/internal/di/AnnotationLookup$AnnotationProxy;Ljava/lang/Object;Ljava/lang/Class;Lorg/eclipse/e4/core/di/suppliers/PrimaryObjectSupplier;Lorg/eclipse/e4/core/di/suppliers/PrimaryObjectSupplier;Ljava/util/List;)V' in 'org/eclipse/e4/core/internal/di/InjectorImpl')}
  0x0000026ac1a2939c: 48ba a09f | 711c 6b02 | 0000 49c7 | c508 0c00 | 007d 0749 | c7c5 f80b | 0000 4e8b | 342a 4d8d 
  0x0000026ac1a293bc: 7601 4e89 | 342a 0f8d | 3905 0000 | 488b 5424 | 704c 63ef | 468b 6ca8 | 1049 c1e5 | 034c 8bf2 
  0x0000026ac1a293dc: 89bc 24a0 

  0x0000026ac1a293e0: ;   {metadata(method data for {method} {0x0000026b1b7a02d0} 'processAnnotated' '(Lorg/eclipse/e4/core/internal/di/AnnotationLookup$AnnotationProxy;Ljava/lang/Object;Ljava/lang/Class;Lorg/eclipse/e4/core/di/suppliers/PrimaryObjectSupplier;Lorg/eclipse/e4/core/di/suppliers/PrimaryObjectSupplier;Ljava/util/List;)V' in 'org/eclipse/e4/core/internal/di/InjectorImpl')}
  0x0000026ac1a293e0: 0000 0048 | bea0 9f71 | 1c6b 0200 | 0048 8386 | f002 0000 | 0149 8bf0 | 4d8b c54c | 8bce 4c8b 
  0x0000026ac1a29400: f249 8bd6 | 4c89 ac24 | a800 0000 

  0x0000026ac1a2940c: ;   {optimized virtual_call}
  0x0000026ac1a2940c: 6666 90e8 

  0x0000026ac1a29410: ; ImmutableOopMap {[112]=Oop [120]=Oop [128]=Oop [136]=Oop [144]=Oop [168]=Oop [176]=Oop [240]=Oop }
                      ;*invokevirtual isAnnotationPresent {reexecute=0 rethrow=0 return_oop=0}
                      ; - org.eclipse.e4.core.internal.di.InjectorImpl::processAnnotated@88 (line 944)
  0x0000026ac1a29410: 6c0e 4607 

  0x0000026ac1a29414: ;   {other}
  0x0000026ac1a29414: 0f1f 8400 | 0408 0008 

  0x0000026ac1a2941c: ;   {metadata(method data for {method} {0x0000026b1b7a02d0} 'processAnnotated' '(Lorg/eclipse/e4/core/internal/di/AnnotationLookup$AnnotationProxy;Ljava/lang/Object;Ljava/lang/Class;Lorg/eclipse/e4/core/di/suppliers/PrimaryObjectSupplier;Lorg/eclipse/e4/core/di/suppliers/PrimaryObjectSupplier;Ljava/util/List;)V' in 'org/eclipse/e4/core/internal/di/InjectorImpl')}
  0x0000026ac1a2941c: 85c0 49b8 | a09f 711c | 6b02 0000 | 49c7 c128 | 0300 0075 | 0749 c7c1 | 3803 0000 | 4b8b 1408 
  0x0000026ac1a2943c: 488d 5201 | 4b89 1408 | 0f85 1600 

  0x0000026ac1a29448: ;   {metadata(method data for {method} {0x0000026b1b7a02d0} 'processAnnotated' '(Lorg/eclipse/e4/core/internal/di/AnnotationLookup$AnnotationProxy;Ljava/lang/Object;Ljava/lang/Class;Lorg/eclipse/e4/core/di/suppliers/PrimaryObjectSupplier;Lorg/eclipse/e4/core/di/suppliers/PrimaryObjectSupplier;Ljava/util/List;)V' in 'org/eclipse/e4/core/internal/di/InjectorImpl')}
  0x0000026ac1a29448: 0000 49b8 | a09f 711c | 6b02 0000 | 41ff 8048 | 0300 00e9 | 8404 0000 | 488b 5424 

  0x0000026ac1a29464: ;   {metadata(method data for {method} {0x0000026b1b7a02d0} 'processAnnotated' '(Lorg/eclipse/e4/core/internal/di/AnnotationLookup$AnnotationProxy;Ljava/lang/Object;Ljava/lang/Class;Lorg/eclipse/e4/core/di/suppliers/PrimaryObjectSupplier;Lorg/eclipse/e4/core/di/suppliers/PrimaryObjectSupplier;Ljava/util/List;)V' in 'org/eclipse/e4/core/internal/di/InjectorImpl')}
  0x0000026ac1a29464: 7049 b8a0 | 9f71 1c6b | 0200 0049 | 8380 d009 | 0000 014c | 8b84 24a8 | 0000 004c | 8b8c 24f0 
  0x0000026ac1a29484: 0000 0048 | 8b54 2470 

  0x0000026ac1a2948c: ;   {optimized virtual_call}
  0x0000026ac1a2948c: 6666 90e8 

  0x0000026ac1a29490: ; ImmutableOopMap {[112]=Oop [120]=Oop [128]=Oop [136]=Oop [144]=Oop [168]=Oop [176]=Oop [240]=Oop }
                      ;*invokevirtual isOverridden {reexecute=0 rethrow=0 return_oop=0}
                      ; - org.eclipse.e4.core.internal.di.InjectorImpl::processAnnotated@314 (line 964)
  0x0000026ac1a29490: ea07 0000 

  0x0000026ac1a29494: ;   {other}
  0x0000026ac1a29494: 0f1f 8400 | 8408 0009 

  0x0000026ac1a2949c: ;   {metadata(method data for {method} {0x0000026b1b7a02d0} 'processAnnotated' '(Lorg/eclipse/e4/core/internal/di/AnnotationLookup$AnnotationProxy;Ljava/lang/Object;Ljava/lang/Class;Lorg/eclipse/e4/core/di/suppliers/PrimaryObjectSupplier;Lorg/eclipse/e4/core/di/suppliers/PrimaryObjectSupplier;Ljava/util/List;)V' in 'org/eclipse/e4/core/internal/di/InjectorImpl')}
  0x0000026ac1a2949c: 85c0 48ba | a09f 711c | 6b02 0000 | 48c7 c608 | 0a00 0074 | 0748 c7c6 | 180a 0000 | 488b 3c32 
  0x0000026ac1a294bc: 488d 7f01 | 4889 3c32 | 0f84 1500 

  0x0000026ac1a294c8: ;   {metadata(method data for {method} {0x0000026b1b7a02d0} 'processAnnotated' '(Lorg/eclipse/e4/core/internal/di/AnnotationLookup$AnnotationProxy;Ljava/lang/Object;Ljava/lang/Class;Lorg/eclipse/e4/core/di/suppliers/PrimaryObjectSupplier;Lorg/eclipse/e4/core/di/suppliers/PrimaryObjectSupplier;Ljava/util/List;)V' in 'org/eclipse/e4/core/internal/di/InjectorImpl')}
  0x0000026ac1a294c8: 0000 48ba | a09f 711c | 6b02 0000 | ff82 280a | 0000 e905 

  0x0000026ac1a294dc: ;   {metadata('org/eclipse/e4/core/internal/di/MethodRequestor')}
  0x0000026ac1a294dc: 0400 0048 | ba00 4030 | da6a 0200 | 0049 8b87 | b801 0000 | 488d 7830 | 493b bfc8 | 0100 000f 
  0x0000026ac1a294fc: 87c4 0500 | 0049 89bf | b801 0000 | 48c7 0001 | 0000 0048 | 8bca 49ba | 0000 00d9 | 6a02 0000 
  0x0000026ac1a2951c: 492b ca89 | 4808 4833 | c989 480c | 4833 c948 | 8948 1048 | 8948 1848 | 8948 2048 | 8948 2848 
  0x0000026ac1a2953c: 8984 24b8 | 0000 004c 

  0x0000026ac1a29544: ;   {metadata(method data for {method} {0x0000026b1b7a02d0} 'processAnnotated' '(Lorg/eclipse/e4/core/internal/di/AnnotationLookup$AnnotationProxy;Ljava/lang/Object;Ljava/lang/Class;Lorg/eclipse/e4/core/di/suppliers/PrimaryObjectSupplier;Lorg/eclipse/e4/core/di/suppliers/PrimaryObjectSupplier;Ljava/util/List;)V' in 'org/eclipse/e4/core/internal/di/InjectorImpl')}
  0x0000026ac1a29544: 8bc0 49b9 | a09f 711c | 6b02 0000 | 4983 8140 | 0a00 0001 | 4c8b 8424 | a800 0000 | 4c8b 4c24 
  0x0000026ac1a29564: 7048 8bbc | 2488 0000 | 0048 8bb4 | 2490 0000 | 0048 8b8c | 2480 0000 | 00c7 0424 | 0000 0000 
  0x0000026ac1a29584: ;   {optimized virtual_call}
  0x0000026ac1a29584: 488b d0e8 

  0x0000026ac1a29588: ; ImmutableOopMap {[112]=Oop [120]=Oop [128]=Oop [136]=Oop [144]=Oop [168]=Oop [176]=Oop [184]=Oop [240]=Oop }
                      ;*invokespecial <init> {reexecute=0 rethrow=0 return_oop=0}
                      ; - org.eclipse.e4.core.internal.di.InjectorImpl::processAnnotated@336 (line 967)
  0x0000026ac1a29588: 0107 0000 

  0x0000026ac1a2958c: ;   {other}
  0x0000026ac1a2958c: 0f1f 8400 | 7c09 000a | 488b 5424 

  0x0000026ac1a29598: ;   {metadata(method data for {method} {0x0000026b1b7a02d0} 'processAnnotated' '(Lorg/eclipse/e4/core/internal/di/AnnotationLookup$AnnotationProxy;Ljava/lang/Object;Ljava/lang/Class;Lorg/eclipse/e4/core/di/suppliers/PrimaryObjectSupplier;Lorg/eclipse/e4/core/di/suppliers/PrimaryObjectSupplier;Ljava/util/List;)V' in 'org/eclipse/e4/core/internal/di/InjectorImpl')}
  0x0000026ac1a29598: 7049 b8a0 | 9f71 1c6b | 0200 0049 | 8380 500a | 0000 014c | 8b84 24b8 | 0000 004c | 8b8c 2488 
  0x0000026ac1a295b8: 0000 0048 | 8bbc 2490 | 0000 00be | 0000 0000 | b900 0000 | 00c7 0424 | 0000 0000 | 488b 5424 
  0x0000026ac1a295d8: 7066 0f1f 

  0x0000026ac1a295dc: ;   {optimized virtual_call}
  0x0000026ac1a295dc: 4400 00e8 

  0x0000026ac1a295e0: ; ImmutableOopMap {[112]=Oop [120]=Oop [128]=Oop [136]=Oop [144]=Oop [168]=Oop [176]=Oop [184]=Oop [240]=Oop }
                      ;*invokevirtual resolveArgs {reexecute=0 rethrow=0 return_oop=0}
                      ; - org.eclipse.e4.core.internal.di.InjectorImpl::processAnnotated@351 (line 968)
  0x0000026ac1a295e0: 1c2e acff 

  0x0000026ac1a295e4: ;   {other}
  0x0000026ac1a295e4: 0f1f 8400 | d409 000b | 4889 8424 | c000 0000 | 488b 5424 

  0x0000026ac1a295f8: ;   {metadata(method data for {method} {0x0000026b1b7a02d0} 'processAnnotated' '(Lorg/eclipse/e4/core/internal/di/AnnotationLookup$AnnotationProxy;Ljava/lang/Object;Ljava/lang/Class;Lorg/eclipse/e4/core/di/suppliers/PrimaryObjectSupplier;Lorg/eclipse/e4/core/di/suppliers/PrimaryObjectSupplier;Ljava/util/List;)V' in 'org/eclipse/e4/core/internal/di/InjectorImpl')}
  0x0000026ac1a295f8: 7049 b8a0 | 9f71 1c6b | 0200 0049 | 8380 880a 

  0x0000026ac1a29608: ;   {metadata(method data for {method} {0x0000026b1b79b338} 'unresolved' '([Ljava/lang/Object;)I' in 'org/eclipse/e4/core/internal/di/InjectorImpl')}
  0x0000026ac1a29608: 0000 0149 | b878 af62 | 1c6b 0200 | 0045 8b88 | cc00 0000 | 4183 c102 | 4589 88cc | 0000 0041 
  0x0000026ac1a29628: 81e1 feff | 1f00 4585 | c90f 849b 

  0x0000026ac1a29634: ;   {metadata(method data for {method} {0x0000026b1b79b338} 'unresolved' '([Ljava/lang/Object;)I' in 'org/eclipse/e4/core/internal/di/InjectorImpl')}
  0x0000026ac1a29634: 0400 0049 | b878 af62 | 1c6b 0200 | 0041 ff80 | 1001 0000 | 41b8 0000 | 0000 e94d | 0000 000f 
  0x0000026ac1a29654: 1f44 0000 | 4d63 c846 | 8b4c 8810 | 49c1 e103 

  0x0000026ac1a29664: ;   {oop(a 'java/lang/Object'{0x0000000748400000})}
  0x0000026ac1a29664: 49ba 0000 | 4048 0700 | 0000 4d3b 

  0x0000026ac1a29670: ;   {metadata(method data for {method} {0x0000026b1b79b338} 'unresolved' '([Ljava/lang/Object;)I' in 'org/eclipse/e4/core/internal/di/InjectorImpl')}
  0x0000026ac1a29670: ca49 b978 | af62 1c6b | 0200 0048 | c7c2 3801 | 0000 7407 | 48c7 c228 | 0100 0049 | 8b34 1148 
  0x0000026ac1a29690: 8d76 0149 | 8934 110f | 8484 0000 | 0041 ffc0 

  0x0000026ac1a296a0: ; implicit exception: dispatches to 0x0000026ac1a29af3
  0x0000026ac1a296a0: 448b 480c | 453b c1ba | 0200 0000 | 7c05 ba00 

  0x0000026ac1a296b0: ;   {metadata(method data for {method} {0x0000026b1b79b338} 'unresolved' '([Ljava/lang/Object;)I' in 'org/eclipse/e4/core/internal/di/InjectorImpl')}
  0x0000026ac1a296b0: 0000 0048 | be78 af62 | 1c6b 0200 | 008b bed0 | 0000 0003 | fa89 bed0 | 0000 0085 | d275 05bf 
  0x0000026ac1a296d0: 0200 0000 | 81e7 fe3f | 0000 85ff | 0f84 1604 | 0000 4d8b | 9750 0400 

  0x0000026ac1a296e8: ; ImmutableOopMap {rax=Oop [112]=Oop [120]=Oop [128]=Oop [136]=Oop [144]=Oop [168]=Oop [176]=Oop [184]=Oop [192]=Oop [240]=Oop }
                      ;*if_icmplt {reexecute=1 rethrow=0 return_oop=0}
                      ; - (reexecute) org.eclipse.e4.core.internal.di.InjectorImpl::unresolved@22 (line 625)
                      ; - org.eclipse.e4.core.internal.di.InjectorImpl::processAnnotated@359 (line 969)
                      ;   {poll}
  0x0000026ac1a296e8: 0041 8502 

  0x0000026ac1a296ec: ;   {metadata(method data for {method} {0x0000026b1b79b338} 'unresolved' '([Ljava/lang/Object;)I' in 'org/eclipse/e4/core/internal/di/InjectorImpl')}
  0x0000026ac1a296ec: 453b c149 | b978 af62 | 1c6b 0200 | 0048 c7c2 | 4801 0000 | 7c07 48c7 | c258 0100 | 0049 8b34 
  0x0000026ac1a2970c: 1148 8d76 | 0149 8934 | 110f 8c3d | ffff ff41 | b8ff ffff | ff41 83f8 

  0x0000026ac1a29724: ;   {metadata(method data for {method} {0x0000026b1b7a02d0} 'processAnnotated' '(Lorg/eclipse/e4/core/internal/di/AnnotationLookup$AnnotationProxy;Ljava/lang/Object;Ljava/lang/Class;Lorg/eclipse/e4/core/di/suppliers/PrimaryObjectSupplier;Lorg/eclipse/e4/core/di/suppliers/PrimaryObjectSupplier;Ljava/util/List;)V' in 'org/eclipse/e4/core/internal/di/InjectorImpl')}
  0x0000026ac1a29724: ff49 b9a0 | 9f71 1c6b | 0200 0048 | c7c2 c00a | 0000 7407 | 48c7 c2d0 | 0a00 0049 | 8b34 1148 
  0x0000026ac1a29744: 8d76 0149 | 8934 110f | 848e 0000 | 0044 8984 | 24c8 0000 | 004c 8bac | 24a8 0000 | 0048 8b54 
  0x0000026ac1a29764: ;   {metadata(method data for {method} {0x0000026b1b7a02d0} 'processAnnotated' '(Lorg/eclipse/e4/core/internal/di/AnnotationLookup$AnnotationProxy;Ljava/lang/Object;Ljava/lang/Class;Lorg/eclipse/e4/core/di/suppliers/PrimaryObjectSupplier;Lorg/eclipse/e4/core/di/suppliers/PrimaryObjectSupplier;Ljava/util/List;)V' in 'org/eclipse/e4/core/internal/di/InjectorImpl')}
  0x0000026ac1a29764: 2470 49b9 | a09f 711c | 6b02 0000 | 4983 81e0 | 0a00 0001 

  0x0000026ac1a29778: ;   {oop(a 'org/eclipse/e4/core/internal/di/AnnotationLookup$AnnotationProxy'{0x00000007420926a8})}
  0x0000026ac1a29778: 4d8b c549 | b9a8 2609 | 4207 0000 | 0048 8b54 | 2470 0f1f 

  0x0000026ac1a2978c: ;   {optimized virtual_call}
  0x0000026ac1a2978c: 4400 00e8 

  0x0000026ac1a29790: ; ImmutableOopMap {[112]=Oop [120]=Oop [128]=Oop [136]=Oop [144]=Oop [176]=Oop [184]=Oop [192]=Oop [240]=Oop }
                      ;*invokevirtual isAnnotationPresent {reexecute=0 rethrow=0 return_oop=0}
                      ; - org.eclipse.e4.core.internal.di.InjectorImpl::processAnnotated@376 (line 971)
  0x0000026ac1a29790: ec52 ca06 

  0x0000026ac1a29794: ;   {other}
  0x0000026ac1a29794: 0f1f 8400 | 840b 000d 

  0x0000026ac1a2979c: ;   {metadata(method data for {method} {0x0000026b1b7a02d0} 'processAnnotated' '(Lorg/eclipse/e4/core/internal/di/AnnotationLookup$AnnotationProxy;Ljava/lang/Object;Ljava/lang/Class;Lorg/eclipse/e4/core/di/suppliers/PrimaryObjectSupplier;Lorg/eclipse/e4/core/di/suppliers/PrimaryObjectSupplier;Ljava/util/List;)V' in 'org/eclipse/e4/core/internal/di/InjectorImpl')}
  0x0000026ac1a2979c: 85c0 48ba | a09f 711c | 6b02 0000 | 48c7 c618 | 0b00 0074 | 0748 c7c6 | 280b 0000 | 488b 3c32 
  0x0000026ac1a297bc: 488d 7f01 | 4889 3c32 | 0f84 4d01 

  0x0000026ac1a297c8: ;   {metadata(method data for {method} {0x0000026b1b7a02d0} 'processAnnotated' '(Lorg/eclipse/e4/core/internal/di/AnnotationLookup$AnnotationProxy;Ljava/lang/Object;Ljava/lang/Class;Lorg/eclipse/e4/core/di/suppliers/PrimaryObjectSupplier;Lorg/eclipse/e4/core/di/suppliers/PrimaryObjectSupplier;Ljava/util/List;)V' in 'org/eclipse/e4/core/internal/di/InjectorImpl')}
  0x0000026ac1a297c8: 0000 48ba | a09f 711c | 6b02 0000 | ff82 380b | 0000 e905 | 0100 0048 | 8bf0 488b | 8424 b800 
  0x0000026ac1a297e8: 0000 488b 

  0x0000026ac1a297ec: ;   {metadata(method data for {method} {0x0000026b1b7a02d0} 'processAnnotated' '(Lorg/eclipse/e4/core/internal/di/AnnotationLookup$AnnotationProxy;Ljava/lang/Object;Ljava/lang/Class;Lorg/eclipse/e4/core/di/suppliers/PrimaryObjectSupplier;Lorg/eclipse/e4/core/di/suppliers/PrimaryObjectSupplier;Ljava/util/List;)V' in 'org/eclipse/e4/core/internal/di/InjectorImpl')}
  0x0000026ac1a297ec: d048 bfa0 | 9f71 1c6b | 0200 008b | 5208 49ba | 0000 00d9 | 6a02 0000 | 4903 d248 | 3b97 980b 
  0x0000026ac1a2980c: 0000 750d | 4883 87a0 | 0b00 0001 | e960 0000 | 0048 3b97 | a80b 0000 | 750d 4883 | 87b0 0b00 
  0x0000026ac1a2982c: 0001 e94a | 0000 0048 | 83bf 980b | 0000 0075 | 1748 8997 | 980b 0000 | 48c7 87a0 | 0b00 0001 
  0x0000026ac1a2984c: 0000 00e9 | 2900 0000 | 4883 bfa8 | 0b00 0000 | 7517 4889 | 97a8 0b00 | 0048 c787 | b00b 0000 
  0x0000026ac1a2986c: 0100 0000 | e908 0000 | 0048 8387 | 880b 0000 | 0141 0fbe | 5740 85d2 | 0f85 8f02 | 0000 4c8b 
  0x0000026ac1a2988c: d649 c1ea | 0344 8950 | 2848 8bd0 | 4833 d648 | c1ea 1548 | 83fa 000f | 858f 0200 | 0048 8bd0 
  0x0000026ac1a298ac: ;   {metadata(method data for {method} {0x0000026b1b7a02d0} 'processAnnotated' '(Lorg/eclipse/e4/core/internal/di/AnnotationLookup$AnnotationProxy;Ljava/lang/Object;Ljava/lang/Class;Lorg/eclipse/e4/core/di/suppliers/PrimaryObjectSupplier;Lorg/eclipse/e4/core/di/suppliers/PrimaryObjectSupplier;Ljava/util/List;)V' in 'org/eclipse/e4/core/internal/di/InjectorImpl')}
  0x0000026ac1a298ac: 48be a09f | 711c 6b02 

  0x0000026ac1a298b4: ;   {metadata('org/eclipse/e4/core/internal/di/MethodRequestor')}
  0x0000026ac1a298b4: 0000 49ba | 0040 30da | 6a02 0000 | 4c89 96d0 | 0b00 0048 | 8386 d80b | 0000 0148 | 8bd0 0f1f 
  0x0000026ac1a298d4: ;   {optimized virtual_call}
  0x0000026ac1a298d4: 4400 00e8 

  0x0000026ac1a298d8: ; ImmutableOopMap {[112]=Oop [120]=Oop [128]=Oop [136]=Oop [144]=Oop [176]=Oop [240]=Oop }
                      ;*invokevirtual execute {reexecute=0 rethrow=0 return_oop=0}
                      ; - org.eclipse.e4.core.internal.di.InjectorImpl::processAnnotated@402 (line 977)
  0x0000026ac1a298d8: 4493 c0ff 

  0x0000026ac1a298dc: ;   {other}
  0x0000026ac1a298dc: 0f1f 8400 | cc0c 000e | 8bbc 24a0 | 0000 00ff | c78b b424 | a400 0000 | 488b 8424 | b000 0000 
  0x0000026ac1a298fc: e947 faff | ff48 81c4 | e000 0000 

  0x0000026ac1a29908: ;   {poll_return}
  0x0000026ac1a29908: 5d49 3ba7 | 4804 0000 | 0f87 3a02 | 0000 c344 | 8b8c 24c8 | 0000 0048 | 8b84 24b8 | 0000 0048 
  0x0000026ac1a29928: 8b54 2470 

  0x0000026ac1a2992c: ;   {metadata(method data for {method} {0x0000026b1b7a02d0} 'processAnnotated' '(Lorg/eclipse/e4/core/internal/di/AnnotationLookup$AnnotationProxy;Ljava/lang/Object;Ljava/lang/Class;Lorg/eclipse/e4/core/di/suppliers/PrimaryObjectSupplier;Lorg/eclipse/e4/core/di/suppliers/PrimaryObjectSupplier;Ljava/util/List;)V' in 'org/eclipse/e4/core/internal/di/InjectorImpl')}
  0x0000026ac1a2992c: 49b8 a09f | 711c 6b02 | 0000 4983 | 8050 0b00 

  0x0000026ac1a2993c: ;   {metadata(method data for {method} {0x0000026b1b79a810} 'reportUnresolvedArgument' '(Lorg/eclipse/e4/core/internal/di/Requestor;I)V' in 'org/eclipse/e4/core/internal/di/InjectorImpl')}
  0x0000026ac1a2993c: 0001 49b8 | 28ac 711c | 6b02 0000 | 418b 90cc | 0000 0083 | c202 4189 | 90cc 0000 | 0081 e2fe 
  0x0000026ac1a2995c: ff1f 0085 | d20f 84ff | 0100 0048 | 8b54 2470 

  0x0000026ac1a2996c: ;   {metadata(method data for {method} {0x0000026b1b79a810} 'reportUnresolvedArgument' '(Lorg/eclipse/e4/core/internal/di/Requestor;I)V' in 'org/eclipse/e4/core/internal/di/InjectorImpl')}
  0x0000026ac1a2996c: 49b8 28ac | 711c 6b02 | 0000 4983 | 8010 0100 | 0001 4c8b | c048 8b54 

  0x0000026ac1a29984: ;   {optimized virtual_call}
  0x0000026ac1a29984: 2470 90e8 

  0x0000026ac1a29988: ; ImmutableOopMap {[112]=Oop [120]=Oop [128]=Oop [136]=Oop [144]=Oop [176]=Oop [184]=Oop [192]=Oop [240]=Oop }
                      ;*invokevirtual resolutionError {reexecute=0 rethrow=0 return_oop=0}
                      ; - org.eclipse.e4.core.internal.di.InjectorImpl::reportUnresolvedArgument@3 (line 458)
                      ; - org.eclipse.e4.core.internal.di.InjectorImpl::processAnnotated@390 (line 974)
  0x0000026ac1a29988: f450 ca06 

  0x0000026ac1a2998c: ;   {other}
  0x0000026ac1a2998c: 0f1f 8400 | 7c0d 000f 

  0x0000026ac1a29994: ;   {metadata(method data for {method} {0x0000026b1b79a810} 'reportUnresolvedArgument' '(Lorg/eclipse/e4/core/internal/di/Requestor;I)V' in 'org/eclipse/e4/core/internal/di/InjectorImpl')}
  0x0000026ac1a29994: 4c8b c048 | ba28 ac71 | 1c6b 0200 | 00ff 8248 | 0100 0090 

  0x0000026ac1a299a8: ;   {no_reloc}
  0x0000026ac1a299a8: e9e9 0100 | 0000 0000 | 0000 80ba | 2101 0000 | 040f 85e6 | 0100 0049 | 8b87 b801 | 0000 488d 
  0x0000026ac1a299c8: 7828 493b | bfc8 0100 | 000f 87ce | 0100 0049 | 89bf b801 | 0000 48c7 | 0001 0000 | 0048 8bca 
  0x0000026ac1a299e8: 49ba 0000 | 00d9 6a02 | 0000 492b | ca89 4808 | 4833 c989 | 480c 4833 | c948 8948 | 1048 8948 
  0x0000026ac1a29a08: 1848 8948 | 2048 8bd0 

  0x0000026ac1a29a10: ;   {metadata(method data for {method} {0x0000026b1b79a810} 'reportUnresolvedArgument' '(Lorg/eclipse/e4/core/internal/di/Requestor;I)V' in 'org/eclipse/e4/core/internal/di/InjectorImpl')}
  0x0000026ac1a29a10: 48be 28ac | 711c 6b02 | 0000 4883 | 8678 0100 | 0001 488b | d048 8984 | 24d0 0000 

  0x0000026ac1a29a2c: ;   {optimized virtual_call}
  0x0000026ac1a29a2c: 0066 90e8 

  0x0000026ac1a29a30: ; ImmutableOopMap {[112]=Oop [120]=Oop [128]=Oop [136]=Oop [144]=Oop [176]=Oop [184]=Oop [192]=Oop [208]=Oop [240]=Oop }
                      ;*invokespecial <init> {reexecute=0 rethrow=0 return_oop=0}
                      ; - org.eclipse.e4.core.internal.di.InjectorImpl::reportUnresolvedArgument@23 (line 462)
                      ; - org.eclipse.e4.core.internal.di.InjectorImpl::processAnnotated@390 (line 974)
  0x0000026ac1a29a30: 4c50 ca06 

  0x0000026ac1a29a34: ;   {other}
  0x0000026ac1a29a34: 0f1f 8400 | 240e 0010 | 488b 8424 | d000 0000 | e986 0100 

  0x0000026ac1a29a48: ;   {metadata({method} {0x0000026b1b7a02d0} 'processAnnotated' '(Lorg/eclipse/e4/core/internal/di/AnnotationLookup$AnnotationProxy;Ljava/lang/Object;Ljava/lang/Class;Lorg/eclipse/e4/core/di/suppliers/PrimaryObjectSupplier;Lorg/eclipse/e4/core/di/suppliers/PrimaryObjectSupplier;Ljava/util/List;)V' in 'org/eclipse/e4/core/internal/di/InjectorImpl')}
  0x0000026ac1a29a48: 0049 bac8 | 027a 1b6b | 0200 004c | 8954 2408 | 48c7 0424 | ffff ffff 

  0x0000026ac1a29a60: ;   {runtime_call counter_overflow Runtime1 stub}
  0x0000026ac1a29a60: e89b 17d7 

  0x0000026ac1a29a64: ; ImmutableOopMap {rdx=Oop r8=Oop r9=Oop rdi=Oop rsi=Oop rcx=Oop [112]=Oop [120]=Oop [128]=Oop [136]=Oop [144]=Oop [240]=Oop }
                      ;*synchronization entry
                      ; - org.eclipse.e4.core.internal.di.InjectorImpl::processAnnotated@-1 (line 936)
  0x0000026ac1a29a64: 06e9 1df5 

  0x0000026ac1a29a68: ;   {runtime_call throw_null_pointer_exception Runtime1 stub}
  0x0000026ac1a29a68: ffff e811 

  0x0000026ac1a29a6c: ; ImmutableOopMap {rdi=Oop [112]=Oop [120]=Oop [128]=Oop [136]=Oop [144]=Oop [240]=Oop }
                      ;*invokevirtual getSuperclass {reexecute=0 rethrow=0 return_oop=0}
                      ; - org.eclipse.e4.core.internal.di.InjectorImpl::processAnnotated@1 (line 936)
                      ;   {runtime_call throw_null_pointer_exception Runtime1 stub}
  0x0000026ac1a29a6c: b8d6 06e8 

  0x0000026ac1a29a70: ; ImmutableOopMap {rax=Oop [104]=Oop [112]=Oop [120]=Oop [128]=Oop [136]=Oop [144]=Oop [152]=Oop [240]=Oop }
                      ;*invokevirtual getName {reexecute=0 rethrow=0 return_oop=0}
                      ; - org.eclipse.e4.core.internal.di.InjectorImpl::processAnnotated@13 (line 937)
  0x0000026ac1a29a70: 0cb8 d606 

  0x0000026ac1a29a74: ;   {metadata({method} {0x0000026ad9465ac0} 'getName' '()Ljava/lang/String;' in 'java/lang/Class')}
  0x0000026ac1a29a74: 49ba b85a | 46d9 6a02 | 0000 4c89 | 5424 0848 | c704 24ff 

  0x0000026ac1a29a88: ;   {runtime_call counter_overflow Runtime1 stub}
  0x0000026ac1a29a88: ffff ffe8 

  0x0000026ac1a29a8c: ; ImmutableOopMap {rax=Oop [104]=Oop [112]=Oop [120]=Oop [128]=Oop [136]=Oop [144]=Oop [152]=Oop [240]=Oop }
                      ;*synchronization entry
                      ; - java.lang.Class::getName@-1
                      ; - org.eclipse.e4.core.internal.di.InjectorImpl::processAnnotated@13 (line 937)
  0x0000026ac1a29a8c: 7017 d706 | e995 f5ff 

  0x0000026ac1a29a94: ;   {runtime_call throw_null_pointer_exception Runtime1 stub}
  0x0000026ac1a29a94: ffe8 e6b7 

  0x0000026ac1a29a98: ; ImmutableOopMap {rdx=Oop [104]=Oop [112]=Oop [120]=Oop [128]=Oop [136]=Oop [144]=Oop [152]=Oop [240]=Oop }
                      ;*invokevirtual equals {reexecute=0 rethrow=0 return_oop=0}
                      ; - org.eclipse.e4.core.internal.di.InjectorImpl::processAnnotated@18 (line 937)
                      ;   {runtime_call throw_null_pointer_exception Runtime1 stub}
  0x0000026ac1a29a98: d606 e8e1 

  0x0000026ac1a29a9c: ; ImmutableOopMap {rsi=Oop [104]=Oop [112]=Oop [120]=Oop [128]=Oop [136]=Oop [144]=Oop [152]=Oop [240]=Oop }
                      ;*invokeinterface add {reexecute=0 rethrow=0 return_oop=0}
                      ; - org.eclipse.e4.core.internal.di.InjectorImpl::processAnnotated@27 (line 938)
                      ;   {runtime_call throw_null_pointer_exception Runtime1 stub}
  0x0000026ac1a29a9c: b7d6 06e8 

  0x0000026ac1a29aa0: ; ImmutableOopMap {rax=Oop [112]=Oop [120]=Oop [128]=Oop [136]=Oop [144]=Oop [176]=Oop [240]=Oop }
                      ;*arraylength {reexecute=0 rethrow=0 return_oop=0}
                      ; - org.eclipse.e4.core.internal.di.InjectorImpl::processAnnotated@68 (line 943)
  0x0000026ac1a29aa0: dcb7 d606 

  0x0000026ac1a29aa4: ;   {metadata({method} {0x0000026b1b7a02d0} 'processAnnotated' '(Lorg/eclipse/e4/core/internal/di/AnnotationLookup$AnnotationProxy;Ljava/lang/Object;Ljava/lang/Class;Lorg/eclipse/e4/core/di/suppliers/PrimaryObjectSupplier;Lorg/eclipse/e4/core/di/suppliers/PrimaryObjectSupplier;Ljava/util/List;)V' in 'org/eclipse/e4/core/internal/di/InjectorImpl')}
  0x0000026ac1a29aa4: 49ba c802 | 7a1b 6b02 | 0000 4c89 | 5424 0848 | c704 249d 

  0x0000026ac1a29ab8: ;   {runtime_call counter_overflow Runtime1 stub}
  0x0000026ac1a29ab8: 0100 00e8 

  0x0000026ac1a29abc: ; ImmutableOopMap {rax=Oop r8=Oop [112]=Oop [120]=Oop [128]=Oop [136]=Oop [144]=Oop [176]=Oop [240]=Oop }
                      ;*if_icmplt {reexecute=1 rethrow=0 return_oop=0}
                      ; - (reexecute) org.eclipse.e4.core.internal.di.InjectorImpl::processAnnotated@413 (line 943)
  0x0000026ac1a29abc: 4017 d706 | e9cb f8ff | ff48 8bd2 

  0x0000026ac1a29ac8: ;   {runtime_call fast_new_instance Runtime1 stub}
  0x0000026ac1a29ac8: e8b3 c0d6 

  0x0000026ac1a29acc: ; ImmutableOopMap {[112]=Oop [120]=Oop [128]=Oop [136]=Oop [144]=Oop [168]=Oop [176]=Oop [240]=Oop }
                      ;*new {reexecute=0 rethrow=0 return_oop=0}
                      ; - org.eclipse.e4.core.internal.di.InjectorImpl::processAnnotated@323 (line 967)
  0x0000026ac1a29acc: 06e9 69fa 

  0x0000026ac1a29ad0: ;   {metadata({method} {0x0000026b1b79b338} 'unresolved' '([Ljava/lang/Object;)I' in 'org/eclipse/e4/core/internal/di/InjectorImpl')}
  0x0000026ac1a29ad0: ffff 49ba | 30b3 791b | 6b02 0000 | 4c89 5424 | 0848 c704 | 24ff ffff 

  0x0000026ac1a29ae8: ;   {runtime_call counter_overflow Runtime1 stub}
  0x0000026ac1a29ae8: ffe8 1217 

  0x0000026ac1a29aec: ; ImmutableOopMap {rax=Oop [112]=Oop [120]=Oop [128]=Oop [136]=Oop [144]=Oop [168]=Oop [176]=Oop [184]=Oop [192]=Oop [240]=Oop }
                      ;*synchronization entry
                      ; - org.eclipse.e4.core.internal.di.InjectorImpl::unresolved@-1 (line 625)
                      ; - org.eclipse.e4.core.internal.di.InjectorImpl::processAnnotated@359 (line 969)
  0x0000026ac1a29aec: d706 e944 

  0x0000026ac1a29af0: ;   {runtime_call throw_null_pointer_exception Runtime1 stub}
  0x0000026ac1a29af0: fbff ffe8 

  0x0000026ac1a29af4: ; ImmutableOopMap {rax=Oop [112]=Oop [120]=Oop [128]=Oop [136]=Oop [144]=Oop [168]=Oop [176]=Oop [184]=Oop [192]=Oop [240]=Oop }
                      ;*arraylength {reexecute=0 rethrow=0 return_oop=0}
                      ; - org.eclipse.e4.core.internal.di.InjectorImpl::unresolved@21 (line 625)
                      ; - org.eclipse.e4.core.internal.di.InjectorImpl::processAnnotated@359 (line 969)
  0x0000026ac1a29af4: 88b7 d606 

  0x0000026ac1a29af8: ;   {metadata({method} {0x0000026b1b79b338} 'unresolved' '([Ljava/lang/Object;)I' in 'org/eclipse/e4/core/internal/di/InjectorImpl')}
  0x0000026ac1a29af8: 49ba 30b3 | 791b 6b02 | 0000 4c89 | 5424 0848 | c704 2416 

  0x0000026ac1a29b0c: ;   {runtime_call counter_overflow Runtime1 stub}
  0x0000026ac1a29b0c: 0000 00e8 

  0x0000026ac1a29b10: ; ImmutableOopMap {rax=Oop [112]=Oop [120]=Oop [128]=Oop [136]=Oop [144]=Oop [168]=Oop [176]=Oop [184]=Oop [192]=Oop [240]=Oop }
                      ;*if_icmplt {reexecute=1 rethrow=0 return_oop=0}
                      ; - (reexecute) org.eclipse.e4.core.internal.di.InjectorImpl::unresolved@22 (line 625)
                      ; - org.eclipse.e4.core.internal.di.InjectorImpl::processAnnotated@359 (line 969)
  0x0000026ac1a29b10: ec16 d706 | e9c9 fbff | ff8b 5028 | 48c1 e203 | 4883 fa00 | 0f84 60fd | ffff 4889 

  0x0000026ac1a29b2c: ;   {runtime_call g1_pre_barrier_slow}
  0x0000026ac1a29b2c: 1424 e8cd | 21d7 06e9 | 52fd ffff | 4883 fe00 | 0f84 67fd | ffff 4889 

  0x0000026ac1a29b44: ;   {runtime_call g1_post_barrier_slow}
  0x0000026ac1a29b44: 0424 e8b5 | 24d7 06e9 | 59fd ffff 

  0x0000026ac1a29b50: ;   {internal_word}
  0x0000026ac1a29b50: 49ba 0999 | a2c1 6a02 | 0000 4d89 | 9760 0400 

  0x0000026ac1a29b60: ;   {runtime_call SafepointBlob}
  0x0000026ac1a29b60: 00e9 9abb 

  0x0000026ac1a29b64: ;   {metadata({method} {0x0000026b1b79a810} 'reportUnresolvedArgument' '(Lorg/eclipse/e4/core/internal/di/Requestor;I)V' in 'org/eclipse/e4/core/internal/di/InjectorImpl')}
  0x0000026ac1a29b64: ca06 49ba | 08a8 791b | 6b02 0000 | 4c89 5424 | 0848 c704 | 24ff ffff 

  0x0000026ac1a29b7c: ;   {runtime_call counter_overflow Runtime1 stub}
  0x0000026ac1a29b7c: ffe8 7e16 

  0x0000026ac1a29b80: ; ImmutableOopMap {rax=Oop [112]=Oop [120]=Oop [128]=Oop [136]=Oop [144]=Oop [176]=Oop [184]=Oop [192]=Oop [240]=Oop }
                      ;*synchronization entry
                      ; - org.eclipse.e4.core.internal.di.InjectorImpl::reportUnresolvedArgument@-1 (line 458)
                      ; - org.eclipse.e4.core.internal.di.InjectorImpl::processAnnotated@390 (line 974)
  0x0000026ac1a29b80: d706 e9e0 

  0x0000026ac1a29b84: ;   {metadata(nullptr)}
  0x0000026ac1a29b84: fdff ff48 | ba00 0000 | 0000 0000 | 00b8 000f 

  0x0000026ac1a29b94: ;   {runtime_call load_klass_patching Runtime1 stub}
  0x0000026ac1a29b94: 050a e865 

  0x0000026ac1a29b98: ; ImmutableOopMap {r8=Oop [112]=Oop [120]=Oop [128]=Oop [136]=Oop [144]=Oop [176]=Oop [184]=Oop [192]=Oop [240]=Oop }
                      ;*new {reexecute=1 rethrow=0 return_oop=0}
                      ; - (reexecute) org.eclipse.e4.core.internal.di.InjectorImpl::reportUnresolvedArgument@18 (line 462)
                      ; - org.eclipse.e4.core.internal.di.InjectorImpl::processAnnotated@390 (line 974)
  0x0000026ac1a29b98: 00d7 06e9 | 08fe ffff 

  0x0000026ac1a29ba0: ;   {runtime_call throw_null_pointer_exception Runtime1 stub}
  0x0000026ac1a29ba0: e8db b6d6 

  0x0000026ac1a29ba4: ; ImmutableOopMap {r8=Oop [112]=Oop [120]=Oop [128]=Oop [136]=Oop [144]=Oop [176]=Oop [184]=Oop [192]=Oop [240]=Oop }
                      ;*new {reexecute=0 rethrow=0 return_oop=0}
                      ; - org.eclipse.e4.core.internal.di.InjectorImpl::reportUnresolvedArgument@18 (line 462)
                      ; - org.eclipse.e4.core.internal.di.InjectorImpl::processAnnotated@390 (line 974)
  0x0000026ac1a29ba4: 0648 8bd2 

  0x0000026ac1a29ba8: ;   {runtime_call fast_new_instance_init_check Runtime1 stub}
  0x0000026ac1a29ba8: e853 c7d6 

  0x0000026ac1a29bac: ; ImmutableOopMap {r8=Oop [112]=Oop [120]=Oop [128]=Oop [136]=Oop [144]=Oop [176]=Oop [184]=Oop [192]=Oop [240]=Oop }
                      ;*new {reexecute=0 rethrow=0 return_oop=0}
                      ; - org.eclipse.e4.core.internal.di.InjectorImpl::reportUnresolvedArgument@18 (line 462)
                      ; - org.eclipse.e4.core.internal.di.InjectorImpl::processAnnotated@390 (line 974)
  0x0000026ac1a29bac: 06e9 5bfe | ffff 498b | 87f8 0400 | 0049 c787 | f804 0000 | 0000 0000 | 49c7 8700 | 0500 0000 
  0x0000026ac1a29bcc: 0000 0048 | 81c4 e000 

  0x0000026ac1a29bd4: ;   {runtime_call unwind_exception Runtime1 stub}
  0x0000026ac1a29bd4: 0000 5de9 | 2499 d606 | f4f4 f4f4 
[Stub Code]
  0x0000026ac1a29be0: ;   {no_reloc}
  0x0000026ac1a29be0: 0f1f 4400 

  0x0000026ac1a29be4: ;   {static_stub}
  0x0000026ac1a29be4: 0048 bb00 | 0000 0000 

  0x0000026ac1a29bec: ;   {runtime_call nmethod}
  0x0000026ac1a29bec: 0000 00e9 | fbff ffff 

  0x0000026ac1a29bf4: ;   {static_stub}
  0x0000026ac1a29bf4: 9048 bb00 | 0000 0000 

  0x0000026ac1a29bfc: ;   {runtime_call nmethod}
  0x0000026ac1a29bfc: 0000 00e9 | fbff ffff 

  0x0000026ac1a29c04: ;   {static_stub}
  0x0000026ac1a29c04: 9048 bb00 | 0000 0000 

  0x0000026ac1a29c0c: ;   {runtime_call nmethod}
  0x0000026ac1a29c0c: 0000 00e9 | fbff ffff 

  0x0000026ac1a29c14: ;   {static_stub}
  0x0000026ac1a29c14: 9048 bb00 | 0000 0000 

  0x0000026ac1a29c1c: ;   {runtime_call nmethod}
  0x0000026ac1a29c1c: 0000 00e9 | fbff ffff 

  0x0000026ac1a29c24: ;   {static_stub}
  0x0000026ac1a29c24: 48bb 0000 | 0000 0000 

  0x0000026ac1a29c2c: ;   {runtime_call nmethod}
  0x0000026ac1a29c2c: 0000 e9fb 

  0x0000026ac1a29c30: ;   {static_stub}
  0x0000026ac1a29c30: ffff ff48 | bb00 0000 | 0000 0000 

  0x0000026ac1a29c3c: ;   {runtime_call nmethod}
  0x0000026ac1a29c3c: 00e9 fbff 

  0x0000026ac1a29c40: ;   {static_stub}
  0x0000026ac1a29c40: ffff 48bb | 0000 0000 | 0000 0000 

  0x0000026ac1a29c4c: ;   {runtime_call nmethod}
  0x0000026ac1a29c4c: e9fb ffff 

  0x0000026ac1a29c50: ;   {static_stub}
  0x0000026ac1a29c50: ff48 bb00 | 0000 0000 

  0x0000026ac1a29c58: ;   {runtime_call nmethod}
  0x0000026ac1a29c58: 0000 00e9 | fbff ffff 

  0x0000026ac1a29c60: ;   {static_stub}
  0x0000026ac1a29c60: 48bb 0000 | 0000 0000 

  0x0000026ac1a29c68: ;   {runtime_call nmethod}
  0x0000026ac1a29c68: 0000 e9fb 

  0x0000026ac1a29c6c: ;   {static_stub}
  0x0000026ac1a29c6c: ffff ff48 | bb00 0000 | 0000 0000 

  0x0000026ac1a29c78: ;   {runtime_call nmethod}
  0x0000026ac1a29c78: 00e9 fbff 

  0x0000026ac1a29c7c: ;   {static_stub}
  0x0000026ac1a29c7c: ffff 48bb | 7092 791b | 6b02 0000 

  0x0000026ac1a29c88: ;   {runtime_call I2C/C2I adapters}
  0x0000026ac1a29c88: e9de 10ca 

  0x0000026ac1a29c8c: ;   {static_stub}
  0x0000026ac1a29c8c: 0648 bb18 | 347a 1b6b 

  0x0000026ac1a29c94: ;   {runtime_call I2C/C2I adapters}
  0x0000026ac1a29c94: 0200 00e9 | 686d e106 

  0x0000026ac1a29c9c: ;   {static_stub}
  0x0000026ac1a29c9c: 48bb 0000 | 0000 0000 

  0x0000026ac1a29ca4: ;   {runtime_call nmethod}
  0x0000026ac1a29ca4: 0000 e9fb 

  0x0000026ac1a29ca8: ;   {static_stub}
  0x0000026ac1a29ca8: ffff ff48 | bb00 0000 | 0000 0000 

  0x0000026ac1a29cb4: ;   {runtime_call nmethod}
  0x0000026ac1a29cb4: 00e9 fbff 

  0x0000026ac1a29cb8: ;   {runtime_call handle_exception_from_callee Runtime1 stub}
  0x0000026ac1a29cb8: ffff e841 

  0x0000026ac1a29cbc: ;   {external_word}
  0x0000026ac1a29cbc: d8d6 0648 | b990 7fe8 | 94fc 7f00 | 0048 83e4 

  0x0000026ac1a29ccc: ;   {runtime_call}
  0x0000026ac1a29ccc: f048 b8e0 | 44ab 94fc | 7f00 00ff 

  0x0000026ac1a29cd8: ;   {section_word}
  0x0000026ac1a29cd8: d0f4 49ba | da9c a2c1 | 6a02 0000 

  0x0000026ac1a29ce4: ;   {runtime_call DeoptimizationBlob}
  0x0000026ac1a29ce4: 4152 e9b5 | acca 06f4 | f4f4 f4f4 
[/MachCode]


---------------  P R O C E S S  ---------------

Threads class SMR info:
_java_thread_list=0x0000026b24ea7810, length=43, elements={
0x0000026abe045420, 0x0000026ad82b6320, 0x0000026ad82b8d80, 0x0000026ad82b9f70,
0x0000026ad82bc9d0, 0x0000026ad82bd500, 0x0000026ad82be320, 0x0000026ad82c89a0,
0x0000026ad82d9810, 0x0000026ad8313cd0, 0x0000026ad83d5770, 0x0000026ad83de820,
0x0000026ad853bfe0, 0x0000026b1fb7f910, 0x0000026b1f8b3570, 0x0000026b206b5ff0,
0x0000026b20576600, 0x0000026b21f83f70, 0x0000026b20fbda90, 0x0000026b22023c20,
0x0000026b220221e0, 0x0000026b22022870, 0x0000026b220242b0, 0x0000026b22024fd0,
0x0000026b1f6e87a0, 0x0000026b1f6e59b0, 0x0000026b1f6eaf00, 0x0000026b1f6ebc20,
0x0000026b1f6e9b50, 0x0000026b1f6eb590, 0x0000026b1f6ea1e0, 0x0000026b1f6ec940,
0x0000026b22022f00, 0x0000026b215872f0, 0x0000026b215865d0, 0x0000026b21587980,
0x0000026b21588010, 0x0000026b2158a770, 0x0000026b2158ae00, 0x0000026b215858b0,
0x0000026b23baf6c0, 0x0000026b23bb1200, 0x0000026b21326bd0
}

Java Threads: ( => current thread )
=>0x0000026abe045420 JavaThread "main"                              [_thread_in_native, id=40888, stack(0x000000c577200000,0x000000c577300000) (1024K)]
  0x0000026ad82b6320 JavaThread "Reference Handler"          daemon [_thread_blocked, id=16220, stack(0x000000c577d00000,0x000000c577e00000) (1024K)]
  0x0000026ad82b8d80 JavaThread "Finalizer"                  daemon [_thread_blocked, id=45764, stack(0x000000c577e00000,0x000000c577f00000) (1024K)]
  0x0000026ad82b9f70 JavaThread "Signal Dispatcher"          daemon [_thread_blocked, id=50884, stack(0x000000c577f00000,0x000000c578000000) (1024K)]
  0x0000026ad82bc9d0 JavaThread "Attach Listener"            daemon [_thread_blocked, id=42792, stack(0x000000c578000000,0x000000c578100000) (1024K)]
  0x0000026ad82bd500 JavaThread "Service Thread"             daemon [_thread_blocked, id=51568, stack(0x000000c578100000,0x000000c578200000) (1024K)]
  0x0000026ad82be320 JavaThread "Monitor Deflation Thread"   daemon [_thread_blocked, id=51340, stack(0x000000c578200000,0x000000c578300000) (1024K)]
  0x0000026ad82c89a0 JavaThread "C2 CompilerThread0"         daemon [_thread_blocked, id=41932, stack(0x000000c578300000,0x000000c578400000) (1024K)]
  0x0000026ad82d9810 JavaThread "C1 CompilerThread0"         daemon [_thread_blocked, id=50328, stack(0x000000c578400000,0x000000c578500000) (1024K)]
  0x0000026ad8313cd0 JavaThread "StringDedupThread"          daemon [_thread_blocked, id=7764, stack(0x000000c578500000,0x000000c578600000) (1024K)]
  0x0000026ad83d5770 JavaThread "C1 CompilerThread1"         daemon [_thread_blocked, id=45240, stack(0x000000c578600000,0x000000c578700000) (1024K)]
  0x0000026ad83de820 JavaThread "Common-Cleaner"             daemon [_thread_blocked, id=51240, stack(0x000000c578700000,0x000000c578800000) (1024K)]
  0x0000026ad853bfe0 JavaThread "Notification Thread"        daemon [_thread_blocked, id=45388, stack(0x000000c578b00000,0x000000c578c00000) (1024K)]
  0x0000026b1fb7f910 JavaThread "Active Thread: Equinox Container: 8d4fdd8c-bb13-4540-94c7-7f916f242c06"        [_thread_blocked, id=45384, stack(0x000000c57a700000,0x000000c57a800000) (1024K)]
  0x0000026b1f8b3570 JavaThread "Framework Event Dispatcher: Equinox Container: 8d4fdd8c-bb13-4540-94c7-7f916f242c06" daemon [_thread_blocked, id=50340, stack(0x000000c57a800000,0x000000c57a900000) (1024K)]
  0x0000026b206b5ff0 JavaThread "Start Level: Equinox Container: 8d4fdd8c-bb13-4540-94c7-7f916f242c06" daemon [_thread_blocked, id=14320, stack(0x000000c57a900000,0x000000c57aa00000) (1024K)]
  0x0000026b20576600 JavaThread "Bundle File Closer"         daemon [_thread_blocked, id=20844, stack(0x000000c57ac00000,0x000000c57ad00000) (1024K)]
  0x0000026b21f83f70 JavaThread "SCR Component Actor"        daemon [_thread_blocked, id=49944, stack(0x000000c57ad00000,0x000000c57ae00000) (1024K)]
  0x0000026b20fbda90 JavaThread "SCR Component Registry"     daemon [_thread_blocked, id=49820, stack(0x000000c57ae00000,0x000000c57af00000) (1024K)]
  0x0000026b22023c20 JavaThread "EMF Reference Cleaner"      daemon [_thread_blocked, id=48596, stack(0x000000c57af00000,0x000000c57b000000) (1024K)]
  0x0000026b220221e0 JavaThread "Gogo shell"                        [_thread_blocked, id=26392, stack(0x000000c57b000000,0x000000c57b100000) (1024K)]
  0x0000026b22022870 JavaThread "Worker-JM"                         [_thread_blocked, id=41068, stack(0x000000c57b100000,0x000000c57b200000) (1024K)]
  0x0000026b220242b0 JavaThread "FileSystemWatchService"     daemon [_thread_in_native, id=51420, stack(0x000000c57b600000,0x000000c57b700000) (1024K)]
  0x0000026b22024fd0 JavaThread "Thread-3"                          [_thread_blocked, id=51864, stack(0x000000c57b700000,0x000000c57b800000) (1024K)]
  0x0000026b1f6e87a0 JavaThread "Worker-0"                          [_thread_blocked, id=51132, stack(0x000000c57b900000,0x000000c57ba00000) (1024K)]
  0x0000026b1f6e59b0 JavaThread "Java2D Disposer"            daemon [_thread_blocked, id=44224, stack(0x000000c579400000,0x000000c579500000) (1024K)]
  0x0000026b1f6eaf00 JavaThread "StandaloneQueueProcessor"   daemon [_thread_blocked, id=49212, stack(0x000000c57ba00000,0x000000c57bb00000) (1024K)]
  0x0000026b1f6ebc20 JavaThread "AWT-Windows"                daemon [_thread_in_native, id=19648, stack(0x000000c57bc00000,0x000000c57bd00000) (1024K)]
  0x0000026b1f6e9b50 JavaThread "Worker-1"                          [_thread_blocked, id=51840, stack(0x000000c57a600000,0x000000c57a700000) (1024K)]
  0x0000026b1f6eb590 JavaThread "EventAdmin Async Event Dispatcher Thread" daemon [_thread_blocked, id=51912, stack(0x000000c579300000,0x000000c579400000) (1024K)]
  0x0000026b1f6ea1e0 JavaThread "Worker-2"                          [_thread_blocked, id=49564, stack(0x000000c57bb00000,0x000000c57bc00000) (1024K)]
  0x0000026b1f6ec940 JavaThread "pool-2-thread-1"                   [_thread_blocked, id=50284, stack(0x000000c579100000,0x000000c579200000) (1024K)]
  0x0000026b22022f00 JavaThread "pool-3-thread-1"                   [_thread_blocked, id=51896, stack(0x000000c579200000,0x000000c579300000) (1024K)]
  0x0000026b215872f0 JavaThread "JNA Cleaner"                daemon [_thread_blocked, id=26120, stack(0x000000c57bd00000,0x000000c57be00000) (1024K)]
  0x0000026b215865d0 JavaThread "Worker-3"                          [_thread_blocked, id=49324, stack(0x000000c57c000000,0x000000c57c100000) (1024K)]
  0x0000026b21587980 JavaThread "Worker-4"                          [_thread_blocked, id=50416, stack(0x000000c57c100000,0x000000c57c200000) (1024K)]
  0x0000026b21588010 JavaThread "Worker-5"                          [_thread_blocked, id=43672, stack(0x000000c57c200000,0x000000c57c300000) (1024K)]
  0x0000026b2158a770 JavaThread "Worker-6"                          [_thread_blocked, id=51180, stack(0x000000c57c300000,0x000000c57c400000) (1024K)]
  0x0000026b2158ae00 JavaThread "Worker-7"                          [_thread_blocked, id=50540, stack(0x000000c57c400000,0x000000c57c500000) (1024K)]
  0x0000026b215858b0 JavaThread "Keep-Alive-Timer"           daemon [_thread_blocked, id=50308, stack(0x000000c57c700000,0x000000c57c800000) (1024K)]
  0x0000026b23baf6c0 JavaThread "C2 CompilerThread1"         daemon [_thread_blocked, id=47356, stack(0x000000c578900000,0x000000c578a00000) (1024K)]
  0x0000026b23bb1200 JavaThread "C2 CompilerThread2"         daemon [_thread_blocked, id=45152, stack(0x000000c578a00000,0x000000c578b00000) (1024K)]
  0x0000026b21326bd0 JavaThread "chromium-EDT"               daemon [_thread_blocked, id=46356, stack(0x000000c57be00000,0x000000c57bf00000) (1024K)]
Total: 43

Other Threads:
  0x0000026ad80fd750 VMThread "VM Thread"                           [id=31864, stack(0x000000c577c00000,0x000000c577d00000) (1024K)]
  0x0000026ad80ebb70 WatcherThread "VM Periodic Task Thread"        [id=34872, stack(0x000000c577b00000,0x000000c577c00000) (1024K)]
  0x0000026abe09e5e0 WorkerThread "GC Thread#0"                     [id=48304, stack(0x000000c577600000,0x000000c577700000) (1024K)]
  0x0000026b1ef97be0 WorkerThread "GC Thread#1"                     [id=14172, stack(0x000000c579500000,0x000000c579600000) (1024K)]
  0x0000026b1ef97f80 WorkerThread "GC Thread#2"                     [id=51484, stack(0x000000c579600000,0x000000c579700000) (1024K)]
  0x0000026b1ebb7110 WorkerThread "GC Thread#3"                     [id=16128, stack(0x000000c579700000,0x000000c579800000) (1024K)]
  0x0000026b1ebb74b0 WorkerThread "GC Thread#4"                     [id=47200, stack(0x000000c579800000,0x000000c579900000) (1024K)]
  0x0000026b1ebb7850 WorkerThread "GC Thread#5"                     [id=51808, stack(0x000000c579900000,0x000000c579a00000) (1024K)]
  0x0000026b1ef82c00 WorkerThread "GC Thread#6"                     [id=51748, stack(0x000000c579a00000,0x000000c579b00000) (1024K)]
  0x0000026b1ef82fa0 WorkerThread "GC Thread#7"                     [id=50268, stack(0x000000c579b00000,0x000000c579c00000) (1024K)]
  0x0000026b1ef83340 WorkerThread "GC Thread#8"                     [id=48600, stack(0x000000c579c00000,0x000000c579d00000) (1024K)]
  0x0000026b1ef836e0 WorkerThread "GC Thread#9"                     [id=49428, stack(0x000000c579d00000,0x000000c579e00000) (1024K)]
  0x0000026b1ed911b0 WorkerThread "GC Thread#10"                    [id=42964, stack(0x000000c579e00000,0x000000c579f00000) (1024K)]
  0x0000026b1ed8ff90 WorkerThread "GC Thread#11"                    [id=46496, stack(0x000000c579f00000,0x000000c57a000000) (1024K)]
  0x0000026b1ed90e10 WorkerThread "GC Thread#12"                    [id=49072, stack(0x000000c57a000000,0x000000c57a100000) (1024K)]
  0x0000026b1ed91550 WorkerThread "GC Thread#13"                    [id=40372, stack(0x000000c57a100000,0x000000c57a200000) (1024K)]
  0x0000026b1ed8fbf0 WorkerThread "GC Thread#14"                    [id=51116, stack(0x000000c57a200000,0x000000c57a300000) (1024K)]
  0x0000026b1ed90330 WorkerThread "GC Thread#15"                    [id=35120, stack(0x000000c57a300000,0x000000c57a400000) (1024K)]
  0x0000026b1ed906d0 WorkerThread "GC Thread#16"                    [id=49624, stack(0x000000c57a400000,0x000000c57a500000) (1024K)]
  0x0000026b1ed90a70 WorkerThread "GC Thread#17"                    [id=51520, stack(0x000000c57a500000,0x000000c57a600000) (1024K)]
  0x0000026abe0ab7e0 ConcurrentGCThread "G1 Main Marker"            [id=42596, stack(0x000000c577700000,0x000000c577800000) (1024K)]
  0x0000026abe0ae780 WorkerThread "G1 Conc#0"                       [id=49268, stack(0x000000c577800000,0x000000c577900000) (1024K)]
  0x0000026b1fbfe2f0 WorkerThread "G1 Conc#1"                       [id=41816, stack(0x000000c57b200000,0x000000c57b300000) (1024K)]
  0x0000026b1fbfc5f0 WorkerThread "G1 Conc#2"                       [id=6372, stack(0x000000c57b300000,0x000000c57b400000) (1024K)]
  0x0000026b1fbfdf50 WorkerThread "G1 Conc#3"                       [id=51700, stack(0x000000c57b400000,0x000000c57b500000) (1024K)]
  0x0000026b1fbfc990 WorkerThread "G1 Conc#4"                       [id=50300, stack(0x000000c57b500000,0x000000c57b600000) (1024K)]
  0x0000026ad803d840 ConcurrentGCThread "G1 Refine#0"               [id=50880, stack(0x000000c577900000,0x000000c577a00000) (1024K)]
  0x0000026ad803e160 ConcurrentGCThread "G1 Service"                [id=46328, stack(0x000000c577a00000,0x000000c577b00000) (1024K)]
Total: 28

Threads with active compile tasks:
Total: 0

VM state: not at safepoint (normal execution)

VM Mutex/Monitor currently owned by a thread: None

Heap address: 0x0000000740000000, size: 3072 MB, Compressed Oops mode: Zero based, Oop shift amount: 3

CDS archive(s) mapped at: [0x0000026ad9000000-0x0000026ad9ba0000-0x0000026ad9ba0000), size 12189696, SharedBaseAddress: 0x0000026ad9000000, ArchiveRelocationMode: 1.
Compressed class space mapped at: 0x0000026ada000000-0x0000026b1a000000, reserved size: 1073741824
Narrow klass base: 0x0000026ad9000000, Narrow klass shift: 0, Narrow klass range: 0x100000000

GC Precious Log:
 CardTable entry size: 512
 Card Set container configuration: InlinePtr #cards 4 size 8 Array Of Cards #cards 16 size 48 Howl #buckets 8 coarsen threshold 3686 Howl Bitmap #cards 512 size 80 coarsen threshold 460 Card regions per heap region 1 cards per card region 4096
 CPUs: 24 total, 24 available
 Memory: 16115M
 Large Page Support: Disabled
 NUMA Support: Disabled
 Compressed Oops: Enabled (Zero based)
 Heap Region Size: 2M
 Heap Min Capacity: 512M
 Heap Initial Capacity: 512M
 Heap Max Capacity: 3G
 Pre-touch: Disabled
 Parallel Workers: 18
 Concurrent Workers: 5
 Concurrent Refinement Workers: 18
 Periodic GC: Disabled
 String Deduplication is enabled

Heap:
 garbage-first heap   total 663552K, used 511444K [0x0000000740000000, 0x0000000800000000)
  region size 2048K, 11 young (22528K), 7 survivors (14336K)
 Metaspace       used 75486K, committed 78208K, reserved 1179648K
  class space    used 8699K, committed 9792K, reserved 1048576K

Heap Regions: E=young(eden), S=young(survivor), O=old, HS=humongous(starts), HC=humongous(continues), CS=collection set, F=free, TAMS=top-at-mark-start, PB=parsable bottom
|   0|0x0000000740000000, 0x0000000740200000, 0x0000000740200000|100%| O|  |TAMS 0x0000000740000000| PB 0x0000000740000000| Untracked 
|   1|0x0000000740200000, 0x0000000740400000, 0x0000000740400000|100%| O|  |TAMS 0x0000000740200000| PB 0x0000000740200000| Untracked 
|   2|0x0000000740400000, 0x0000000740600000, 0x0000000740600000|100%| O|  |TAMS 0x0000000740400000| PB 0x0000000740400000| Untracked 
|   3|0x0000000740600000, 0x0000000740800000, 0x0000000740800000|100%| O|  |TAMS 0x0000000740600000| PB 0x0000000740600000| Untracked 
|   4|0x0000000740800000, 0x0000000740a00000, 0x0000000740a00000|100%| O|  |TAMS 0x0000000740800000| PB 0x0000000740800000| Untracked 
|   5|0x0000000740a00000, 0x0000000740c00000, 0x0000000740c00000|100%| O|  |TAMS 0x0000000740a00000| PB 0x0000000740a00000| Untracked 
|   6|0x0000000740c00000, 0x0000000740e00000, 0x0000000740e00000|100%| O|  |TAMS 0x0000000740c00000| PB 0x0000000740c00000| Untracked 
|   7|0x0000000740e00000, 0x0000000741000000, 0x0000000741000000|100%| O|  |TAMS 0x0000000740e00000| PB 0x0000000740e00000| Untracked 
|   8|0x0000000741000000, 0x0000000741200000, 0x0000000741200000|100%| O|  |TAMS 0x0000000741000000| PB 0x0000000741000000| Untracked 
|   9|0x0000000741200000, 0x0000000741400000, 0x0000000741400000|100%| O|  |TAMS 0x0000000741200000| PB 0x0000000741200000| Untracked 
|  10|0x0000000741400000, 0x0000000741600000, 0x0000000741600000|100%| O|  |TAMS 0x0000000741400000| PB 0x0000000741400000| Untracked 
|  11|0x0000000741600000, 0x0000000741800000, 0x0000000741800000|100%| O|  |TAMS 0x0000000741600000| PB 0x0000000741600000| Untracked 
|  12|0x0000000741800000, 0x0000000741800000, 0x0000000741a00000|  0%| F|  |TAMS 0x0000000741800000| PB 0x0000000741800000| Untracked 
|  13|0x0000000741a00000, 0x0000000741c00000, 0x0000000741c00000|100%| O|  |TAMS 0x0000000741a00000| PB 0x0000000741a00000| Untracked 
|  14|0x0000000741c00000, 0x0000000741e00000, 0x0000000741e00000|100%| O|  |TAMS 0x0000000741c00000| PB 0x0000000741c00000| Untracked 
|  15|0x0000000741e00000, 0x0000000742000000, 0x0000000742000000|100%| O|  |TAMS 0x0000000741e00000| PB 0x0000000741e00000| Untracked 
|  16|0x0000000742000000, 0x0000000742200000, 0x0000000742200000|100%| O|  |TAMS 0x0000000742000000| PB 0x0000000742000000| Untracked 
|  17|0x0000000742200000, 0x0000000742400000, 0x0000000742400000|100%| O|  |TAMS 0x0000000742200000| PB 0x0000000742200000| Untracked 
|  18|0x0000000742400000, 0x0000000742600000, 0x0000000742600000|100%| O|  |TAMS 0x0000000742400000| PB 0x0000000742400000| Untracked 
|  19|0x0000000742600000, 0x0000000742800000, 0x0000000742800000|100%| O|  |TAMS 0x0000000742600000| PB 0x0000000742600000| Untracked 
|  20|0x0000000742800000, 0x0000000742a00000, 0x0000000742a00000|100%| O|  |TAMS 0x0000000742800000| PB 0x0000000742800000| Untracked 
|  21|0x0000000742a00000, 0x0000000742c00000, 0x0000000742c00000|100%| O|  |TAMS 0x0000000742a00000| PB 0x0000000742a00000| Untracked 
|  22|0x0000000742c00000, 0x0000000742e00000, 0x0000000742e00000|100%| O|  |TAMS 0x0000000742c00000| PB 0x0000000742c00000| Untracked 
|  23|0x0000000742e00000, 0x0000000743000000, 0x0000000743000000|100%| O|  |TAMS 0x0000000742e00000| PB 0x0000000742e00000| Untracked 
|  24|0x0000000743000000, 0x0000000743200000, 0x0000000743200000|100%| O|  |TAMS 0x0000000743000000| PB 0x0000000743000000| Untracked 
|  25|0x0000000743200000, 0x0000000743400000, 0x0000000743400000|100%| O|  |TAMS 0x0000000743200000| PB 0x0000000743200000| Untracked 
|  26|0x0000000743400000, 0x0000000743600000, 0x0000000743600000|100%| O|  |TAMS 0x0000000743400000| PB 0x0000000743400000| Untracked 
|  27|0x0000000743600000, 0x0000000743800000, 0x0000000743800000|100%| O|  |TAMS 0x0000000743600000| PB 0x0000000743600000| Untracked 
|  28|0x0000000743800000, 0x0000000743a00000, 0x0000000743a00000|100%| O|  |TAMS 0x0000000743800000| PB 0x0000000743800000| Untracked 
|  29|0x0000000743a00000, 0x0000000743c00000, 0x0000000743c00000|100%| O|  |TAMS 0x0000000743a00000| PB 0x0000000743a00000| Untracked 
|  30|0x0000000743c00000, 0x0000000743e00000, 0x0000000743e00000|100%| O|  |TAMS 0x0000000743c00000| PB 0x0000000743c00000| Untracked 
|  31|0x0000000743e00000, 0x0000000744000000, 0x0000000744000000|100%| O|  |TAMS 0x0000000743e00000| PB 0x0000000743e00000| Untracked 
|  32|0x0000000744000000, 0x0000000744200000, 0x0000000744200000|100%| O|  |TAMS 0x0000000744000000| PB 0x0000000744000000| Untracked 
|  33|0x0000000744200000, 0x0000000744400000, 0x0000000744400000|100%| O|  |TAMS 0x0000000744200000| PB 0x0000000744200000| Untracked 
|  34|0x0000000744400000, 0x0000000744600000, 0x0000000744600000|100%| O|  |TAMS 0x0000000744400000| PB 0x0000000744400000| Untracked 
|  35|0x0000000744600000, 0x0000000744800000, 0x0000000744800000|100%| O|  |TAMS 0x0000000744600000| PB 0x0000000744600000| Untracked 
|  36|0x0000000744800000, 0x0000000744a00000, 0x0000000744a00000|100%| O|  |TAMS 0x0000000744800000| PB 0x0000000744800000| Untracked 
|  37|0x0000000744a00000, 0x0000000744c00000, 0x0000000744c00000|100%| O|  |TAMS 0x0000000744a00000| PB 0x0000000744a00000| Untracked 
|  38|0x0000000744c00000, 0x0000000744e00000, 0x0000000744e00000|100%| O|  |TAMS 0x0000000744c00000| PB 0x0000000744c00000| Untracked 
|  39|0x0000000744e00000, 0x0000000745000000, 0x0000000745000000|100%| O|  |TAMS 0x0000000744e00000| PB 0x0000000744e00000| Untracked 
|  40|0x0000000745000000, 0x0000000745200000, 0x0000000745200000|100%| O|  |TAMS 0x0000000745000000| PB 0x0000000745000000| Untracked 
|  41|0x0000000745200000, 0x0000000745400000, 0x0000000745400000|100%| O|  |TAMS 0x0000000745200000| PB 0x0000000745200000| Untracked 
|  42|0x0000000745400000, 0x0000000745600000, 0x0000000745600000|100%| O|  |TAMS 0x0000000745400000| PB 0x0000000745400000| Untracked 
|  43|0x0000000745600000, 0x0000000745800000, 0x0000000745800000|100%| O|  |TAMS 0x0000000745600000| PB 0x0000000745600000| Untracked 
|  44|0x0000000745800000, 0x0000000745a00000, 0x0000000745a00000|100%| O|  |TAMS 0x0000000745800000| PB 0x0000000745800000| Untracked 
|  45|0x0000000745a00000, 0x0000000745c00000, 0x0000000745c00000|100%| O|  |TAMS 0x0000000745a00000| PB 0x0000000745a00000| Untracked 
|  46|0x0000000745c00000, 0x0000000745e00000, 0x0000000745e00000|100%| O|  |TAMS 0x0000000745c00000| PB 0x0000000745c00000| Untracked 
|  47|0x0000000745e00000, 0x0000000746000000, 0x0000000746000000|100%| O|  |TAMS 0x0000000745e00000| PB 0x0000000745e00000| Untracked 
|  48|0x0000000746000000, 0x0000000746200000, 0x0000000746200000|100%| O|  |TAMS 0x0000000746000000| PB 0x0000000746000000| Untracked 
|  49|0x0000000746200000, 0x0000000746200000, 0x0000000746400000|  0%| F|  |TAMS 0x0000000746200000| PB 0x0000000746200000| Untracked 
|  50|0x0000000746400000, 0x0000000746600000, 0x0000000746600000|100%| O|  |TAMS 0x0000000746400000| PB 0x0000000746400000| Untracked 
|  51|0x0000000746600000, 0x0000000746800000, 0x0000000746800000|100%| O|  |TAMS 0x0000000746600000| PB 0x0000000746600000| Untracked 
|  52|0x0000000746800000, 0x0000000746800000, 0x0000000746a00000|  0%| F|  |TAMS 0x0000000746800000| PB 0x0000000746800000| Untracked 
|  53|0x0000000746a00000, 0x0000000746c00000, 0x0000000746c00000|100%| O|  |TAMS 0x0000000746a00000| PB 0x0000000746a00000| Untracked 
|  54|0x0000000746c00000, 0x0000000746e00000, 0x0000000746e00000|100%| O|  |TAMS 0x0000000746c00000| PB 0x0000000746c00000| Untracked 
|  55|0x0000000746e00000, 0x0000000747000000, 0x0000000747000000|100%| O|  |TAMS 0x0000000746e00000| PB 0x0000000746e00000| Untracked 
|  56|0x0000000747000000, 0x0000000747200000, 0x0000000747200000|100%| O|  |TAMS 0x0000000747000000| PB 0x0000000747000000| Untracked 
|  57|0x0000000747200000, 0x0000000747400000, 0x0000000747400000|100%| O|  |TAMS 0x0000000747200000| PB 0x0000000747200000| Untracked 
|  58|0x0000000747400000, 0x0000000747400000, 0x0000000747600000|  0%| F|  |TAMS 0x0000000747400000| PB 0x0000000747400000| Untracked 
|  59|0x0000000747600000, 0x0000000747800000, 0x0000000747800000|100%| O|  |TAMS 0x0000000747600000| PB 0x0000000747600000| Untracked 
|  60|0x0000000747800000, 0x0000000747a00000, 0x0000000747a00000|100%| O|  |TAMS 0x0000000747800000| PB 0x0000000747800000| Untracked 
|  61|0x0000000747a00000, 0x0000000747c00000, 0x0000000747c00000|100%| O|  |TAMS 0x0000000747a00000| PB 0x0000000747a00000| Untracked 
|  62|0x0000000747c00000, 0x0000000747e00000, 0x0000000747e00000|100%| O|  |TAMS 0x0000000747c00000| PB 0x0000000747c00000| Untracked 
|  63|0x0000000747e00000, 0x0000000747e00000, 0x0000000748000000|  0%| F|  |TAMS 0x0000000747e00000| PB 0x0000000747e00000| Untracked 
|  64|0x0000000748000000, 0x0000000748200000, 0x0000000748200000|100%| O|  |TAMS 0x0000000748000000| PB 0x0000000748000000| Untracked 
|  65|0x0000000748200000, 0x0000000748400000, 0x0000000748400000|100%| O|  |TAMS 0x0000000748200000| PB 0x0000000748200000| Untracked 
|  66|0x0000000748400000, 0x0000000748600000, 0x0000000748600000|100%| O|  |TAMS 0x0000000748400000| PB 0x0000000748400000| Untracked 
|  67|0x0000000748600000, 0x0000000748800000, 0x0000000748800000|100%| O|  |TAMS 0x0000000748600000| PB 0x0000000748600000| Untracked 
|  68|0x0000000748800000, 0x0000000748a00000, 0x0000000748a00000|100%| O|  |TAMS 0x0000000748800000| PB 0x0000000748800000| Untracked 
|  69|0x0000000748a00000, 0x0000000748c00000, 0x0000000748c00000|100%| O|  |TAMS 0x0000000748a00000| PB 0x0000000748a00000| Untracked 
|  70|0x0000000748c00000, 0x0000000748e00000, 0x0000000748e00000|100%| O|  |TAMS 0x0000000748c00000| PB 0x0000000748c00000| Untracked 
|  71|0x0000000748e00000, 0x0000000749000000, 0x0000000749000000|100%| O|  |TAMS 0x0000000748e00000| PB 0x0000000748e00000| Untracked 
|  72|0x0000000749000000, 0x0000000749200000, 0x0000000749200000|100%| O|  |TAMS 0x0000000749000000| PB 0x0000000749000000| Untracked 
|  73|0x0000000749200000, 0x0000000749400000, 0x0000000749400000|100%| O|  |TAMS 0x0000000749200000| PB 0x0000000749200000| Untracked 
|  74|0x0000000749400000, 0x0000000749600000, 0x0000000749600000|100%| O|  |TAMS 0x0000000749400000| PB 0x0000000749400000| Untracked 
|  75|0x0000000749600000, 0x0000000749800000, 0x0000000749800000|100%| O|  |TAMS 0x0000000749600000| PB 0x0000000749600000| Untracked 
|  76|0x0000000749800000, 0x0000000749a00000, 0x0000000749a00000|100%| O|  |TAMS 0x0000000749800000| PB 0x0000000749800000| Untracked 
|  77|0x0000000749a00000, 0x0000000749c00000, 0x0000000749c00000|100%| O|  |TAMS 0x0000000749a00000| PB 0x0000000749a00000| Untracked 
|  78|0x0000000749c00000, 0x0000000749e00000, 0x0000000749e00000|100%| O|  |TAMS 0x0000000749c00000| PB 0x0000000749c00000| Untracked 
|  79|0x0000000749e00000, 0x000000074a000000, 0x000000074a000000|100%| O|  |TAMS 0x0000000749e00000| PB 0x0000000749e00000| Untracked 
|  80|0x000000074a000000, 0x000000074a200000, 0x000000074a200000|100%| O|  |TAMS 0x000000074a000000| PB 0x000000074a000000| Untracked 
|  81|0x000000074a200000, 0x000000074a400000, 0x000000074a400000|100%| O|  |TAMS 0x000000074a200000| PB 0x000000074a200000| Untracked 
|  82|0x000000074a400000, 0x000000074a600000, 0x000000074a600000|100%| O|  |TAMS 0x000000074a400000| PB 0x000000074a400000| Untracked 
|  83|0x000000074a600000, 0x000000074a800000, 0x000000074a800000|100%| O|  |TAMS 0x000000074a600000| PB 0x000000074a600000| Untracked 
|  84|0x000000074a800000, 0x000000074aa00000, 0x000000074aa00000|100%| O|  |TAMS 0x000000074a800000| PB 0x000000074a800000| Untracked 
|  85|0x000000074aa00000, 0x000000074aa00000, 0x000000074ac00000|  0%| F|  |TAMS 0x000000074aa00000| PB 0x000000074aa00000| Untracked 
|  86|0x000000074ac00000, 0x000000074ae00000, 0x000000074ae00000|100%| O|  |TAMS 0x000000074ac00000| PB 0x000000074ac00000| Untracked 
|  87|0x000000074ae00000, 0x000000074b000000, 0x000000074b000000|100%| O|  |TAMS 0x000000074ae00000| PB 0x000000074ae00000| Untracked 
|  88|0x000000074b000000, 0x000000074b200000, 0x000000074b200000|100%| O|  |TAMS 0x000000074b000000| PB 0x000000074b000000| Untracked 
|  89|0x000000074b200000, 0x000000074b400000, 0x000000074b400000|100%| O|  |TAMS 0x000000074b200000| PB 0x000000074b200000| Untracked 
|  90|0x000000074b400000, 0x000000074b600000, 0x000000074b600000|100%| O|  |TAMS 0x000000074b400000| PB 0x000000074b400000| Untracked 
|  91|0x000000074b600000, 0x000000074b800000, 0x000000074b800000|100%| O|  |TAMS 0x000000074b600000| PB 0x000000074b600000| Untracked 
|  92|0x000000074b800000, 0x000000074ba00000, 0x000000074ba00000|100%| O|  |TAMS 0x000000074b800000| PB 0x000000074b800000| Untracked 
|  93|0x000000074ba00000, 0x000000074bc00000, 0x000000074bc00000|100%| O|  |TAMS 0x000000074ba00000| PB 0x000000074ba00000| Untracked 
|  94|0x000000074bc00000, 0x000000074be00000, 0x000000074be00000|100%| O|  |TAMS 0x000000074bc00000| PB 0x000000074bc00000| Untracked 
|  95|0x000000074be00000, 0x000000074c000000, 0x000000074c000000|100%| O|  |TAMS 0x000000074be00000| PB 0x000000074be00000| Untracked 
|  96|0x000000074c000000, 0x000000074c200000, 0x000000074c200000|100%| O|  |TAMS 0x000000074c000000| PB 0x000000074c000000| Untracked 
|  97|0x000000074c200000, 0x000000074c400000, 0x000000074c400000|100%| O|  |TAMS 0x000000074c200000| PB 0x000000074c200000| Untracked 
|  98|0x000000074c400000, 0x000000074c600000, 0x000000074c600000|100%| O|  |TAMS 0x000000074c400000| PB 0x000000074c400000| Untracked 
|  99|0x000000074c600000, 0x000000074c800000, 0x000000074c800000|100%| O|  |TAMS 0x000000074c600000| PB 0x000000074c600000| Untracked 
| 100|0x000000074c800000, 0x000000074ca00000, 0x000000074ca00000|100%| O|  |TAMS 0x000000074c800000| PB 0x000000074c800000| Untracked 
| 101|0x000000074ca00000, 0x000000074cc00000, 0x000000074cc00000|100%| O|  |TAMS 0x000000074ca00000| PB 0x000000074ca00000| Untracked 
| 102|0x000000074cc00000, 0x000000074ce00000, 0x000000074ce00000|100%| O|  |TAMS 0x000000074cc00000| PB 0x000000074cc00000| Untracked 
| 103|0x000000074ce00000, 0x000000074d000000, 0x000000074d000000|100%| O|  |TAMS 0x000000074ce00000| PB 0x000000074ce00000| Untracked 
| 104|0x000000074d000000, 0x000000074d200000, 0x000000074d200000|100%| O|  |TAMS 0x000000074d000000| PB 0x000000074d000000| Untracked 
| 105|0x000000074d200000, 0x000000074d400000, 0x000000074d400000|100%| O|  |TAMS 0x000000074d200000| PB 0x000000074d200000| Untracked 
| 106|0x000000074d400000, 0x000000074d600000, 0x000000074d600000|100%| O|  |TAMS 0x000000074d400000| PB 0x000000074d400000| Untracked 
| 107|0x000000074d600000, 0x000000074d800000, 0x000000074d800000|100%| O|  |TAMS 0x000000074d600000| PB 0x000000074d600000| Untracked 
| 108|0x000000074d800000, 0x000000074da00000, 0x000000074da00000|100%| O|  |TAMS 0x000000074d800000| PB 0x000000074d800000| Untracked 
| 109|0x000000074da00000, 0x000000074da00000, 0x000000074dc00000|  0%| F|  |TAMS 0x000000074da00000| PB 0x000000074da00000| Untracked 
| 110|0x000000074dc00000, 0x000000074de00000, 0x000000074de00000|100%| O|  |TAMS 0x000000074dc00000| PB 0x000000074dc00000| Untracked 
| 111|0x000000074de00000, 0x000000074e000000, 0x000000074e000000|100%| O|  |TAMS 0x000000074de00000| PB 0x000000074de00000| Untracked 
| 112|0x000000074e000000, 0x000000074e200000, 0x000000074e200000|100%| O|  |TAMS 0x000000074e000000| PB 0x000000074e000000| Untracked 
| 113|0x000000074e200000, 0x000000074e400000, 0x000000074e400000|100%| O|  |TAMS 0x000000074e200000| PB 0x000000074e200000| Untracked 
| 114|0x000000074e400000, 0x000000074e600000, 0x000000074e600000|100%| O|  |TAMS 0x000000074e400000| PB 0x000000074e400000| Untracked 
| 115|0x000000074e600000, 0x000000074e800000, 0x000000074e800000|100%| O|  |TAMS 0x000000074e600000| PB 0x000000074e600000| Untracked 
| 116|0x000000074e800000, 0x000000074ea00000, 0x000000074ea00000|100%| O|  |TAMS 0x000000074e800000| PB 0x000000074e800000| Untracked 
| 117|0x000000074ea00000, 0x000000074ea00000, 0x000000074ec00000|  0%| F|  |TAMS 0x000000074ea00000| PB 0x000000074ea00000| Untracked 
| 118|0x000000074ec00000, 0x000000074ee00000, 0x000000074ee00000|100%| O|  |TAMS 0x000000074ec00000| PB 0x000000074ec00000| Untracked 
| 119|0x000000074ee00000, 0x000000074f000000, 0x000000074f000000|100%| O|  |TAMS 0x000000074ee00000| PB 0x000000074ee00000| Untracked 
| 120|0x000000074f000000, 0x000000074f200000, 0x000000074f200000|100%| O|  |TAMS 0x000000074f000000| PB 0x000000074f000000| Untracked 
| 121|0x000000074f200000, 0x000000074f400000, 0x000000074f400000|100%| O|  |TAMS 0x000000074f200000| PB 0x000000074f200000| Untracked 
| 122|0x000000074f400000, 0x000000074f600000, 0x000000074f600000|100%| O|  |TAMS 0x000000074f400000| PB 0x000000074f400000| Untracked 
| 123|0x000000074f600000, 0x000000074f800000, 0x000000074f800000|100%| O|  |TAMS 0x000000074f600000| PB 0x000000074f600000| Untracked 
| 124|0x000000074f800000, 0x000000074f800000, 0x000000074fa00000|  0%| F|  |TAMS 0x000000074f800000| PB 0x000000074f800000| Untracked 
| 125|0x000000074fa00000, 0x000000074fc00000, 0x000000074fc00000|100%| O|  |TAMS 0x000000074fa00000| PB 0x000000074fa00000| Untracked 
| 126|0x000000074fc00000, 0x000000074fe00000, 0x000000074fe00000|100%| O|  |TAMS 0x000000074fc00000| PB 0x000000074fc00000| Untracked 
| 127|0x000000074fe00000, 0x0000000750000000, 0x0000000750000000|100%| O|  |TAMS 0x000000074fe00000| PB 0x000000074fe00000| Untracked 
| 128|0x0000000750000000, 0x0000000750000000, 0x0000000750200000|  0%| F|  |TAMS 0x0000000750000000| PB 0x0000000750000000| Untracked 
| 129|0x0000000750200000, 0x0000000750400000, 0x0000000750400000|100%| O|  |TAMS 0x0000000750200000| PB 0x0000000750200000| Untracked 
| 130|0x0000000750400000, 0x0000000750600000, 0x0000000750600000|100%| O|  |TAMS 0x0000000750400000| PB 0x0000000750400000| Untracked 
| 131|0x0000000750600000, 0x0000000750600000, 0x0000000750800000|  0%| F|  |TAMS 0x0000000750600000| PB 0x0000000750600000| Untracked 
| 132|0x0000000750800000, 0x0000000750a00000, 0x0000000750a00000|100%| O|  |TAMS 0x0000000750800000| PB 0x0000000750800000| Untracked 
| 133|0x0000000750a00000, 0x0000000750c00000, 0x0000000750c00000|100%| O|  |TAMS 0x0000000750a00000| PB 0x0000000750a00000| Untracked 
| 134|0x0000000750c00000, 0x0000000750e00000, 0x0000000750e00000|100%| O|  |TAMS 0x0000000750c00000| PB 0x0000000750c00000| Untracked 
| 135|0x0000000750e00000, 0x0000000751000000, 0x0000000751000000|100%| O|  |TAMS 0x0000000750e00000| PB 0x0000000750e00000| Untracked 
| 136|0x0000000751000000, 0x0000000751200000, 0x0000000751200000|100%| O|  |TAMS 0x0000000751000000| PB 0x0000000751000000| Untracked 
| 137|0x0000000751200000, 0x0000000751400000, 0x0000000751400000|100%| O|  |TAMS 0x0000000751200000| PB 0x0000000751200000| Untracked 
| 138|0x0000000751400000, 0x0000000751600000, 0x0000000751600000|100%| O|  |TAMS 0x0000000751400000| PB 0x0000000751400000| Untracked 
| 139|0x0000000751600000, 0x0000000751800000, 0x0000000751800000|100%| O|  |TAMS 0x0000000751600000| PB 0x0000000751600000| Untracked 
| 140|0x0000000751800000, 0x0000000751800000, 0x0000000751a00000|  0%| F|  |TAMS 0x0000000751800000| PB 0x0000000751800000| Untracked 
| 141|0x0000000751a00000, 0x0000000751c00000, 0x0000000751c00000|100%| O|  |TAMS 0x0000000751a00000| PB 0x0000000751a00000| Untracked 
| 142|0x0000000751c00000, 0x0000000751e00000, 0x0000000751e00000|100%| O|  |TAMS 0x0000000751c00000| PB 0x0000000751c00000| Untracked 
| 143|0x0000000751e00000, 0x0000000752000000, 0x0000000752000000|100%| O|  |TAMS 0x0000000751e00000| PB 0x0000000751e00000| Untracked 
| 144|0x0000000752000000, 0x0000000752200000, 0x0000000752200000|100%| O|  |TAMS 0x0000000752000000| PB 0x0000000752000000| Untracked 
| 145|0x0000000752200000, 0x0000000752400000, 0x0000000752400000|100%| O|  |TAMS 0x0000000752200000| PB 0x0000000752200000| Untracked 
| 146|0x0000000752400000, 0x0000000752600000, 0x0000000752600000|100%| O|  |TAMS 0x0000000752400000| PB 0x0000000752400000| Untracked 
| 147|0x0000000752600000, 0x0000000752800000, 0x0000000752800000|100%| O|  |TAMS 0x0000000752600000| PB 0x0000000752600000| Untracked 
| 148|0x0000000752800000, 0x0000000752a00000, 0x0000000752a00000|100%| O|  |TAMS 0x0000000752800000| PB 0x0000000752800000| Untracked 
| 149|0x0000000752a00000, 0x0000000752c00000, 0x0000000752c00000|100%| O|  |TAMS 0x0000000752a00000| PB 0x0000000752a00000| Untracked 
| 150|0x0000000752c00000, 0x0000000752e00000, 0x0000000752e00000|100%| O|  |TAMS 0x0000000752c00000| PB 0x0000000752c00000| Untracked 
| 151|0x0000000752e00000, 0x0000000753000000, 0x0000000753000000|100%| O|  |TAMS 0x0000000752e00000| PB 0x0000000752e00000| Untracked 
| 152|0x0000000753000000, 0x0000000753200000, 0x0000000753200000|100%| O|  |TAMS 0x0000000753000000| PB 0x0000000753000000| Untracked 
| 153|0x0000000753200000, 0x0000000753400000, 0x0000000753400000|100%| O|  |TAMS 0x0000000753200000| PB 0x0000000753200000| Untracked 
| 154|0x0000000753400000, 0x0000000753600000, 0x0000000753600000|100%| O|  |TAMS 0x0000000753400000| PB 0x0000000753400000| Untracked 
| 155|0x0000000753600000, 0x0000000753800000, 0x0000000753800000|100%| O|  |TAMS 0x0000000753600000| PB 0x0000000753600000| Untracked 
| 156|0x0000000753800000, 0x0000000753a00000, 0x0000000753a00000|100%| O|  |TAMS 0x0000000753800000| PB 0x0000000753800000| Untracked 
| 157|0x0000000753a00000, 0x0000000753c00000, 0x0000000753c00000|100%| O|  |TAMS 0x0000000753a00000| PB 0x0000000753a00000| Untracked 
| 158|0x0000000753c00000, 0x0000000753e00000, 0x0000000753e00000|100%| O|  |TAMS 0x0000000753c00000| PB 0x0000000753c00000| Untracked 
| 159|0x0000000753e00000, 0x0000000754000000, 0x0000000754000000|100%| O|  |TAMS 0x0000000753e00000| PB 0x0000000753e00000| Untracked 
| 160|0x0000000754000000, 0x0000000754200000, 0x0000000754200000|100%| O|  |TAMS 0x0000000754000000| PB 0x0000000754000000| Untracked 
| 161|0x0000000754200000, 0x0000000754400000, 0x0000000754400000|100%| O|  |TAMS 0x0000000754200000| PB 0x0000000754200000| Untracked 
| 162|0x0000000754400000, 0x0000000754600000, 0x0000000754600000|100%| O|  |TAMS 0x0000000754400000| PB 0x0000000754400000| Untracked 
| 163|0x0000000754600000, 0x0000000754800000, 0x0000000754800000|100%| O|  |TAMS 0x0000000754600000| PB 0x0000000754600000| Untracked 
| 164|0x0000000754800000, 0x0000000754a00000, 0x0000000754a00000|100%| O|  |TAMS 0x0000000754800000| PB 0x0000000754800000| Untracked 
| 165|0x0000000754a00000, 0x0000000754c00000, 0x0000000754c00000|100%| O|  |TAMS 0x0000000754a00000| PB 0x0000000754a00000| Untracked 
| 166|0x0000000754c00000, 0x0000000754e00000, 0x0000000754e00000|100%| O|  |TAMS 0x0000000754c00000| PB 0x0000000754c00000| Untracked 
| 167|0x0000000754e00000, 0x0000000754e00000, 0x0000000755000000|  0%| F|  |TAMS 0x0000000754e00000| PB 0x0000000754e00000| Untracked 
| 168|0x0000000755000000, 0x0000000755200000, 0x0000000755200000|100%| O|  |TAMS 0x0000000755000000| PB 0x0000000755000000| Untracked 
| 169|0x0000000755200000, 0x0000000755400000, 0x0000000755400000|100%| O|  |TAMS 0x0000000755200000| PB 0x0000000755200000| Untracked 
| 170|0x0000000755400000, 0x0000000755600000, 0x0000000755600000|100%| O|  |TAMS 0x0000000755400000| PB 0x0000000755400000| Untracked 
| 171|0x0000000755600000, 0x0000000755800000, 0x0000000755800000|100%| O|  |TAMS 0x0000000755600000| PB 0x0000000755600000| Untracked 
| 172|0x0000000755800000, 0x0000000755a00000, 0x0000000755a00000|100%| O|  |TAMS 0x0000000755800000| PB 0x0000000755800000| Untracked 
| 173|0x0000000755a00000, 0x0000000755c00000, 0x0000000755c00000|100%| O|  |TAMS 0x0000000755a00000| PB 0x0000000755a00000| Untracked 
| 174|0x0000000755c00000, 0x0000000755e00000, 0x0000000755e00000|100%| O|  |TAMS 0x0000000755c00000| PB 0x0000000755c00000| Untracked 
| 175|0x0000000755e00000, 0x0000000756000000, 0x0000000756000000|100%| O|  |TAMS 0x0000000755e00000| PB 0x0000000755e00000| Untracked 
| 176|0x0000000756000000, 0x0000000756200000, 0x0000000756200000|100%| O|  |TAMS 0x0000000756000000| PB 0x0000000756000000| Untracked 
| 177|0x0000000756200000, 0x0000000756400000, 0x0000000756400000|100%| O|  |TAMS 0x0000000756200000| PB 0x0000000756200000| Untracked 
| 178|0x0000000756400000, 0x0000000756600000, 0x0000000756600000|100%| O|  |TAMS 0x0000000756400000| PB 0x0000000756400000| Untracked 
| 179|0x0000000756600000, 0x0000000756800000, 0x0000000756800000|100%| O|  |TAMS 0x0000000756600000| PB 0x0000000756600000| Untracked 
| 180|0x0000000756800000, 0x0000000756a00000, 0x0000000756a00000|100%| O|  |TAMS 0x0000000756800000| PB 0x0000000756800000| Untracked 
| 181|0x0000000756a00000, 0x0000000756c00000, 0x0000000756c00000|100%| O|  |TAMS 0x0000000756a00000| PB 0x0000000756a00000| Untracked 
| 182|0x0000000756c00000, 0x0000000756e00000, 0x0000000756e00000|100%| O|  |TAMS 0x0000000756c00000| PB 0x0000000756c00000| Untracked 
| 183|0x0000000756e00000, 0x0000000757000000, 0x0000000757000000|100%| O|  |TAMS 0x0000000756e00000| PB 0x0000000756e00000| Untracked 
| 184|0x0000000757000000, 0x0000000757200000, 0x0000000757200000|100%| O|  |TAMS 0x0000000757000000| PB 0x0000000757000000| Untracked 
| 185|0x0000000757200000, 0x0000000757400000, 0x0000000757400000|100%| O|  |TAMS 0x0000000757200000| PB 0x0000000757200000| Untracked 
| 186|0x0000000757400000, 0x0000000757600000, 0x0000000757600000|100%| O|  |TAMS 0x0000000757400000| PB 0x0000000757400000| Untracked 
| 187|0x0000000757600000, 0x0000000757800000, 0x0000000757800000|100%| O|  |TAMS 0x0000000757600000| PB 0x0000000757600000| Untracked 
| 188|0x0000000757800000, 0x0000000757a00000, 0x0000000757a00000|100%| O|  |TAMS 0x0000000757800000| PB 0x0000000757800000| Untracked 
| 189|0x0000000757a00000, 0x0000000757c00000, 0x0000000757c00000|100%| O|  |TAMS 0x0000000757a00000| PB 0x0000000757a00000| Untracked 
| 190|0x0000000757c00000, 0x0000000757e00000, 0x0000000757e00000|100%| O|  |TAMS 0x0000000757c00000| PB 0x0000000757c00000| Untracked 
| 191|0x0000000757e00000, 0x0000000758000000, 0x0000000758000000|100%| O|  |TAMS 0x0000000757e00000| PB 0x0000000757e00000| Untracked 
| 192|0x0000000758000000, 0x0000000758200000, 0x0000000758200000|100%| O|  |TAMS 0x0000000758000000| PB 0x0000000758000000| Untracked 
| 193|0x0000000758200000, 0x0000000758400000, 0x0000000758400000|100%| O|  |TAMS 0x0000000758200000| PB 0x0000000758200000| Untracked 
| 194|0x0000000758400000, 0x0000000758600000, 0x0000000758600000|100%| O|  |TAMS 0x0000000758400000| PB 0x0000000758400000| Untracked 
| 195|0x0000000758600000, 0x0000000758800000, 0x0000000758800000|100%| O|  |TAMS 0x0000000758600000| PB 0x0000000758600000| Untracked 
| 196|0x0000000758800000, 0x0000000758a00000, 0x0000000758a00000|100%| O|  |TAMS 0x0000000758800000| PB 0x0000000758800000| Untracked 
| 197|0x0000000758a00000, 0x0000000758c00000, 0x0000000758c00000|100%| O|  |TAMS 0x0000000758a00000| PB 0x0000000758a00000| Untracked 
| 198|0x0000000758c00000, 0x0000000758e00000, 0x0000000758e00000|100%| O|  |TAMS 0x0000000758c00000| PB 0x0000000758c00000| Untracked 
| 199|0x0000000758e00000, 0x0000000759000000, 0x0000000759000000|100%| O|  |TAMS 0x0000000758e00000| PB 0x0000000758e00000| Untracked 
| 200|0x0000000759000000, 0x0000000759200000, 0x0000000759200000|100%| O|  |TAMS 0x0000000759000000| PB 0x0000000759000000| Untracked 
| 201|0x0000000759200000, 0x0000000759400000, 0x0000000759400000|100%| O|  |TAMS 0x0000000759200000| PB 0x0000000759200000| Untracked 
| 202|0x0000000759400000, 0x0000000759600000, 0x0000000759600000|100%| O|  |TAMS 0x0000000759400000| PB 0x0000000759400000| Untracked 
| 203|0x0000000759600000, 0x0000000759800000, 0x0000000759800000|100%| O|  |TAMS 0x0000000759600000| PB 0x0000000759600000| Untracked 
| 204|0x0000000759800000, 0x0000000759a00000, 0x0000000759a00000|100%| O|  |TAMS 0x0000000759800000| PB 0x0000000759800000| Untracked 
| 205|0x0000000759a00000, 0x0000000759c00000, 0x0000000759c00000|100%| O|  |TAMS 0x0000000759a00000| PB 0x0000000759a00000| Untracked 
| 206|0x0000000759c00000, 0x0000000759e00000, 0x0000000759e00000|100%| O|  |TAMS 0x0000000759c00000| PB 0x0000000759c00000| Untracked 
| 207|0x0000000759e00000, 0x000000075a000000, 0x000000075a000000|100%| O|  |TAMS 0x0000000759e00000| PB 0x0000000759e00000| Untracked 
| 208|0x000000075a000000, 0x000000075a200000, 0x000000075a200000|100%| O|  |TAMS 0x000000075a000000| PB 0x000000075a000000| Untracked 
| 209|0x000000075a200000, 0x000000075a400000, 0x000000075a400000|100%| O|  |TAMS 0x000000075a200000| PB 0x000000075a200000| Untracked 
| 210|0x000000075a400000, 0x000000075a600000, 0x000000075a600000|100%| O|  |TAMS 0x000000075a400000| PB 0x000000075a400000| Untracked 
| 211|0x000000075a600000, 0x000000075a800000, 0x000000075a800000|100%| O|  |TAMS 0x000000075a600000| PB 0x000000075a600000| Untracked 
| 212|0x000000075a800000, 0x000000075aa00000, 0x000000075aa00000|100%| O|  |TAMS 0x000000075a800000| PB 0x000000075a800000| Untracked 
| 213|0x000000075aa00000, 0x000000075ac00000, 0x000000075ac00000|100%| O|  |TAMS 0x000000075aa00000| PB 0x000000075aa00000| Untracked 
| 214|0x000000075ac00000, 0x000000075ae00000, 0x000000075ae00000|100%| O|  |TAMS 0x000000075ac00000| PB 0x000000075ac00000| Untracked 
| 215|0x000000075ae00000, 0x000000075b000000, 0x000000075b000000|100%| O|  |TAMS 0x000000075ae00000| PB 0x000000075ae00000| Untracked 
| 216|0x000000075b000000, 0x000000075b200000, 0x000000075b200000|100%| O|  |TAMS 0x000000075b000000| PB 0x000000075b000000| Untracked 
| 217|0x000000075b200000, 0x000000075b400000, 0x000000075b400000|100%| O|  |TAMS 0x000000075b200000| PB 0x000000075b200000| Untracked 
| 218|0x000000075b400000, 0x000000075b600000, 0x000000075b600000|100%| O|  |TAMS 0x000000075b400000| PB 0x000000075b400000| Untracked 
| 219|0x000000075b600000, 0x000000075b800000, 0x000000075b800000|100%| O|  |TAMS 0x000000075b600000| PB 0x000000075b600000| Untracked 
| 220|0x000000075b800000, 0x000000075ba00000, 0x000000075ba00000|100%| O|  |TAMS 0x000000075b800000| PB 0x000000075b800000| Untracked 
| 221|0x000000075ba00000, 0x000000075bc00000, 0x000000075bc00000|100%| O|  |TAMS 0x000000075ba00000| PB 0x000000075ba00000| Untracked 
| 222|0x000000075bc00000, 0x000000075be00000, 0x000000075be00000|100%| O|  |TAMS 0x000000075bc00000| PB 0x000000075bc00000| Untracked 
| 223|0x000000075be00000, 0x000000075c000000, 0x000000075c000000|100%| O|  |TAMS 0x000000075be00000| PB 0x000000075be00000| Untracked 
| 224|0x000000075c000000, 0x000000075c200000, 0x000000075c200000|100%| O|  |TAMS 0x000000075c000000| PB 0x000000075c000000| Untracked 
| 225|0x000000075c200000, 0x000000075c400000, 0x000000075c400000|100%| O|  |TAMS 0x000000075c200000| PB 0x000000075c200000| Untracked 
| 226|0x000000075c400000, 0x000000075c600000, 0x000000075c600000|100%| O|  |TAMS 0x000000075c400000| PB 0x000000075c400000| Untracked 
| 227|0x000000075c600000, 0x000000075c800000, 0x000000075c800000|100%| O|  |TAMS 0x000000075c600000| PB 0x000000075c600000| Untracked 
| 228|0x000000075c800000, 0x000000075ca00000, 0x000000075ca00000|100%| O|  |TAMS 0x000000075c800000| PB 0x000000075c800000| Untracked 
| 229|0x000000075ca00000, 0x000000075cc00000, 0x000000075cc00000|100%| O|  |TAMS 0x000000075ca00000| PB 0x000000075ca00000| Untracked 
| 230|0x000000075cc00000, 0x000000075ce00000, 0x000000075ce00000|100%| O|  |TAMS 0x000000075cc00000| PB 0x000000075cc00000| Untracked 
| 231|0x000000075ce00000, 0x000000075d000000, 0x000000075d000000|100%| O|  |TAMS 0x000000075ce00000| PB 0x000000075ce00000| Untracked 
| 232|0x000000075d000000, 0x000000075d200000, 0x000000075d200000|100%| O|  |TAMS 0x000000075d000000| PB 0x000000075d000000| Untracked 
| 233|0x000000075d200000, 0x000000075d400000, 0x000000075d400000|100%| O|  |TAMS 0x000000075d200000| PB 0x000000075d200000| Untracked 
| 234|0x000000075d400000, 0x000000075d600000, 0x000000075d600000|100%| O|  |TAMS 0x000000075d400000| PB 0x000000075d400000| Untracked 
| 235|0x000000075d600000, 0x000000075d800000, 0x000000075d800000|100%| O|  |TAMS 0x000000075d600000| PB 0x000000075d600000| Untracked 
| 236|0x000000075d800000, 0x000000075da00000, 0x000000075da00000|100%| O|  |TAMS 0x000000075d800000| PB 0x000000075d800000| Untracked 
| 237|0x000000075da00000, 0x000000075dc00000, 0x000000075dc00000|100%| O|  |TAMS 0x000000075da00000| PB 0x000000075da00000| Untracked 
| 238|0x000000075dc00000, 0x000000075de00000, 0x000000075de00000|100%| O|  |TAMS 0x000000075dc00000| PB 0x000000075dc00000| Untracked 
| 239|0x000000075de00000, 0x000000075e000000, 0x000000075e000000|100%| O|  |TAMS 0x000000075de00000| PB 0x000000075de00000| Untracked 
| 240|0x000000075e000000, 0x000000075e200000, 0x000000075e200000|100%| O|  |TAMS 0x000000075e000000| PB 0x000000075e000000| Untracked 
| 241|0x000000075e200000, 0x000000075e400000, 0x000000075e400000|100%| O|  |TAMS 0x000000075e200000| PB 0x000000075e200000| Untracked 
| 242|0x000000075e400000, 0x000000075e600000, 0x000000075e600000|100%| O|  |TAMS 0x000000075e400000| PB 0x000000075e400000| Untracked 
| 243|0x000000075e600000, 0x000000075e800000, 0x000000075e800000|100%| O|  |TAMS 0x000000075e600000| PB 0x000000075e600000| Untracked 
| 244|0x000000075e800000, 0x000000075ea00000, 0x000000075ea00000|100%| O|  |TAMS 0x000000075e800000| PB 0x000000075e800000| Untracked 
| 245|0x000000075ea00000, 0x000000075ec00000, 0x000000075ec00000|100%| O|  |TAMS 0x000000075ea00000| PB 0x000000075ea00000| Untracked 
| 246|0x000000075ec00000, 0x000000075ee00000, 0x000000075ee00000|100%| O|  |TAMS 0x000000075ec00000| PB 0x000000075ec00000| Untracked 
| 247|0x000000075ee00000, 0x000000075f000000, 0x000000075f000000|100%| O|  |TAMS 0x000000075ee00000| PB 0x000000075ee00000| Untracked 
| 248|0x000000075f000000, 0x000000075f200000, 0x000000075f200000|100%| O|  |TAMS 0x000000075f000000| PB 0x000000075f000000| Untracked 
| 249|0x000000075f200000, 0x000000075f400000, 0x000000075f400000|100%| O|  |TAMS 0x000000075f200000| PB 0x000000075f200000| Untracked 
| 250|0x000000075f400000, 0x000000075f600000, 0x000000075f600000|100%| O|  |TAMS 0x000000075f400000| PB 0x000000075f400000| Untracked 
| 251|0x000000075f600000, 0x000000075f800000, 0x000000075f800000|100%| O|  |TAMS 0x000000075f600000| PB 0x000000075f600000| Untracked 
| 252|0x000000075f800000, 0x000000075f975270, 0x000000075fa00000| 72%| O|  |TAMS 0x000000075f800000| PB 0x000000075f800000| Untracked 
| 253|0x000000075fa00000, 0x000000075fa00000, 0x000000075fc00000|  0%| F|  |TAMS 0x000000075fa00000| PB 0x000000075fa00000| Untracked 
| 254|0x000000075fc00000, 0x000000075fc00000, 0x000000075fe00000|  0%| F|  |TAMS 0x000000075fc00000| PB 0x000000075fc00000| Untracked 
| 255|0x000000075fe00000, 0x000000075fe00000, 0x0000000760000000|  0%| F|  |TAMS 0x000000075fe00000| PB 0x000000075fe00000| Untracked 
| 256|0x0000000760000000, 0x0000000760000000, 0x0000000760200000|  0%| F|  |TAMS 0x0000000760000000| PB 0x0000000760000000| Untracked 
| 257|0x0000000760200000, 0x0000000760200000, 0x0000000760400000|  0%| F|  |TAMS 0x0000000760200000| PB 0x0000000760200000| Untracked 
| 258|0x0000000760400000, 0x0000000760400000, 0x0000000760600000|  0%| F|  |TAMS 0x0000000760400000| PB 0x0000000760400000| Untracked 
| 259|0x0000000760600000, 0x0000000760600000, 0x0000000760800000|  0%| F|  |TAMS 0x0000000760600000| PB 0x0000000760600000| Untracked 
| 260|0x0000000760800000, 0x0000000760800000, 0x0000000760a00000|  0%| F|  |TAMS 0x0000000760800000| PB 0x0000000760800000| Untracked 
| 261|0x0000000760a00000, 0x0000000760a00000, 0x0000000760c00000|  0%| F|  |TAMS 0x0000000760a00000| PB 0x0000000760a00000| Untracked 
| 262|0x0000000760c00000, 0x0000000760c00000, 0x0000000760e00000|  0%| F|  |TAMS 0x0000000760c00000| PB 0x0000000760c00000| Untracked 
| 263|0x0000000760e00000, 0x0000000760e00000, 0x0000000761000000|  0%| F|  |TAMS 0x0000000760e00000| PB 0x0000000760e00000| Untracked 
| 264|0x0000000761000000, 0x0000000761000000, 0x0000000761200000|  0%| F|  |TAMS 0x0000000761000000| PB 0x0000000761000000| Untracked 
| 265|0x0000000761200000, 0x0000000761200000, 0x0000000761400000|  0%| F|  |TAMS 0x0000000761200000| PB 0x0000000761200000| Untracked 
| 266|0x0000000761400000, 0x0000000761400000, 0x0000000761600000|  0%| F|  |TAMS 0x0000000761400000| PB 0x0000000761400000| Untracked 
| 267|0x0000000761600000, 0x0000000761600000, 0x0000000761800000|  0%| F|  |TAMS 0x0000000761600000| PB 0x0000000761600000| Untracked 
| 268|0x0000000761800000, 0x0000000761800000, 0x0000000761a00000|  0%| F|  |TAMS 0x0000000761800000| PB 0x0000000761800000| Untracked 
| 269|0x0000000761a00000, 0x0000000761a00000, 0x0000000761c00000|  0%| F|  |TAMS 0x0000000761a00000| PB 0x0000000761a00000| Untracked 
| 270|0x0000000761c00000, 0x0000000761e00000, 0x0000000761e00000|100%| S|CS|TAMS 0x0000000761c00000| PB 0x0000000761c00000| Complete 
| 271|0x0000000761e00000, 0x0000000762000000, 0x0000000762000000|100%| S|CS|TAMS 0x0000000761e00000| PB 0x0000000761e00000| Complete 
| 272|0x0000000762000000, 0x0000000762200000, 0x0000000762200000|100%| S|CS|TAMS 0x0000000762000000| PB 0x0000000762000000| Complete 
| 273|0x0000000762200000, 0x0000000762400000, 0x0000000762400000|100%| S|CS|TAMS 0x0000000762200000| PB 0x0000000762200000| Complete 
| 274|0x0000000762400000, 0x0000000762600000, 0x0000000762600000|100%| S|CS|TAMS 0x0000000762400000| PB 0x0000000762400000| Complete 
| 275|0x0000000762600000, 0x0000000762800000, 0x0000000762800000|100%| S|CS|TAMS 0x0000000762600000| PB 0x0000000762600000| Complete 
| 276|0x0000000762800000, 0x0000000762a00000, 0x0000000762a00000|100%| S|CS|TAMS 0x0000000762800000| PB 0x0000000762800000| Complete 
| 277|0x0000000762a00000, 0x0000000762a00000, 0x0000000762c00000|  0%| F|  |TAMS 0x0000000762a00000| PB 0x0000000762a00000| Untracked 
| 278|0x0000000762c00000, 0x0000000762c00000, 0x0000000762e00000|  0%| F|  |TAMS 0x0000000762c00000| PB 0x0000000762c00000| Untracked 
| 279|0x0000000762e00000, 0x0000000762e00000, 0x0000000763000000|  0%| F|  |TAMS 0x0000000762e00000| PB 0x0000000762e00000| Untracked 
| 280|0x0000000763000000, 0x0000000763000000, 0x0000000763200000|  0%| F|  |TAMS 0x0000000763000000| PB 0x0000000763000000| Untracked 
| 281|0x0000000763200000, 0x0000000763200000, 0x0000000763400000|  0%| F|  |TAMS 0x0000000763200000| PB 0x0000000763200000| Untracked 
| 282|0x0000000763400000, 0x0000000763400000, 0x0000000763600000|  0%| F|  |TAMS 0x0000000763400000| PB 0x0000000763400000| Untracked 
| 283|0x0000000763600000, 0x0000000763600000, 0x0000000763800000|  0%| F|  |TAMS 0x0000000763600000| PB 0x0000000763600000| Untracked 
| 284|0x0000000763800000, 0x0000000763800000, 0x0000000763a00000|  0%| F|  |TAMS 0x0000000763800000| PB 0x0000000763800000| Untracked 
| 285|0x0000000763a00000, 0x0000000763a00000, 0x0000000763c00000|  0%| F|  |TAMS 0x0000000763a00000| PB 0x0000000763a00000| Untracked 
| 286|0x0000000763c00000, 0x0000000763c00000, 0x0000000763e00000|  0%| F|  |TAMS 0x0000000763c00000| PB 0x0000000763c00000| Untracked 
| 287|0x0000000763e00000, 0x0000000763e00000, 0x0000000764000000|  0%| F|  |TAMS 0x0000000763e00000| PB 0x0000000763e00000| Untracked 
| 288|0x0000000764000000, 0x0000000764000000, 0x0000000764200000|  0%| F|  |TAMS 0x0000000764000000| PB 0x0000000764000000| Untracked 
| 289|0x0000000764200000, 0x0000000764200000, 0x0000000764400000|  0%| F|  |TAMS 0x0000000764200000| PB 0x0000000764200000| Untracked 
| 290|0x0000000764400000, 0x0000000764400000, 0x0000000764600000|  0%| F|  |TAMS 0x0000000764400000| PB 0x0000000764400000| Untracked 
| 291|0x0000000764600000, 0x0000000764600000, 0x0000000764800000|  0%| F|  |TAMS 0x0000000764600000| PB 0x0000000764600000| Untracked 
| 292|0x0000000764800000, 0x0000000764800000, 0x0000000764a00000|  0%| F|  |TAMS 0x0000000764800000| PB 0x0000000764800000| Untracked 
| 293|0x0000000764a00000, 0x0000000764a00000, 0x0000000764c00000|  0%| F|  |TAMS 0x0000000764a00000| PB 0x0000000764a00000| Untracked 
| 294|0x0000000764c00000, 0x0000000764c00000, 0x0000000764e00000|  0%| F|  |TAMS 0x0000000764c00000| PB 0x0000000764c00000| Untracked 
| 295|0x0000000764e00000, 0x0000000764e00000, 0x0000000765000000|  0%| F|  |TAMS 0x0000000764e00000| PB 0x0000000764e00000| Untracked 
| 296|0x0000000765000000, 0x0000000765000000, 0x0000000765200000|  0%| F|  |TAMS 0x0000000765000000| PB 0x0000000765000000| Untracked 
| 297|0x0000000765200000, 0x0000000765200000, 0x0000000765400000|  0%| F|  |TAMS 0x0000000765200000| PB 0x0000000765200000| Untracked 
| 298|0x0000000765400000, 0x0000000765400000, 0x0000000765600000|  0%| F|  |TAMS 0x0000000765400000| PB 0x0000000765400000| Untracked 
| 299|0x0000000765600000, 0x0000000765600000, 0x0000000765800000|  0%| F|  |TAMS 0x0000000765600000| PB 0x0000000765600000| Untracked 
| 300|0x0000000765800000, 0x0000000765800000, 0x0000000765a00000|  0%| F|  |TAMS 0x0000000765800000| PB 0x0000000765800000| Untracked 
| 301|0x0000000765a00000, 0x0000000765a00000, 0x0000000765c00000|  0%| F|  |TAMS 0x0000000765a00000| PB 0x0000000765a00000| Untracked 
| 302|0x0000000765c00000, 0x0000000765c00000, 0x0000000765e00000|  0%| F|  |TAMS 0x0000000765c00000| PB 0x0000000765c00000| Untracked 
| 303|0x0000000765e00000, 0x0000000765e00000, 0x0000000766000000|  0%| F|  |TAMS 0x0000000765e00000| PB 0x0000000765e00000| Untracked 
| 304|0x0000000766000000, 0x0000000766000000, 0x0000000766200000|  0%| F|  |TAMS 0x0000000766000000| PB 0x0000000766000000| Untracked 
| 305|0x0000000766200000, 0x0000000766200000, 0x0000000766400000|  0%| F|  |TAMS 0x0000000766200000| PB 0x0000000766200000| Untracked 
| 306|0x0000000766400000, 0x0000000766400000, 0x0000000766600000|  0%| F|  |TAMS 0x0000000766400000| PB 0x0000000766400000| Untracked 
| 307|0x0000000766600000, 0x0000000766600000, 0x0000000766800000|  0%| F|  |TAMS 0x0000000766600000| PB 0x0000000766600000| Untracked 
| 308|0x0000000766800000, 0x0000000766800000, 0x0000000766a00000|  0%| F|  |TAMS 0x0000000766800000| PB 0x0000000766800000| Untracked 
| 309|0x0000000766a00000, 0x0000000766a00000, 0x0000000766c00000|  0%| F|  |TAMS 0x0000000766a00000| PB 0x0000000766a00000| Untracked 
| 310|0x0000000766c00000, 0x0000000766c00000, 0x0000000766e00000|  0%| F|  |TAMS 0x0000000766c00000| PB 0x0000000766c00000| Untracked 
| 311|0x0000000766e00000, 0x0000000766e00000, 0x0000000767000000|  0%| F|  |TAMS 0x0000000766e00000| PB 0x0000000766e00000| Untracked 
| 312|0x0000000767000000, 0x0000000767000000, 0x0000000767200000|  0%| F|  |TAMS 0x0000000767000000| PB 0x0000000767000000| Untracked 
| 313|0x0000000767200000, 0x0000000767200000, 0x0000000767400000|  0%| F|  |TAMS 0x0000000767200000| PB 0x0000000767200000| Untracked 
| 314|0x0000000767400000, 0x0000000767400000, 0x0000000767600000|  0%| F|  |TAMS 0x0000000767400000| PB 0x0000000767400000| Untracked 
| 315|0x0000000767600000, 0x0000000767600000, 0x0000000767800000|  0%| F|  |TAMS 0x0000000767600000| PB 0x0000000767600000| Untracked 
| 316|0x0000000767800000, 0x0000000767800000, 0x0000000767a00000|  0%| F|  |TAMS 0x0000000767800000| PB 0x0000000767800000| Untracked 
| 317|0x0000000767a00000, 0x0000000767a00000, 0x0000000767c00000|  0%| F|  |TAMS 0x0000000767a00000| PB 0x0000000767a00000| Untracked 
| 318|0x0000000767c00000, 0x0000000767c00000, 0x0000000767e00000|  0%| F|  |TAMS 0x0000000767c00000| PB 0x0000000767c00000| Untracked 
| 319|0x0000000767e00000, 0x0000000767e00000, 0x0000000768000000|  0%| F|  |TAMS 0x0000000767e00000| PB 0x0000000767e00000| Untracked 
| 320|0x0000000768000000, 0x00000007680570b8, 0x0000000768200000| 17%| E|  |TAMS 0x0000000768000000| PB 0x0000000768000000| Complete 
| 321|0x0000000768200000, 0x0000000768400000, 0x0000000768400000|100%| E|CS|TAMS 0x0000000768200000| PB 0x0000000768200000| Complete 
| 322|0x0000000768400000, 0x0000000768600000, 0x0000000768600000|100%| E|CS|TAMS 0x0000000768400000| PB 0x0000000768400000| Complete 
| 323|0x0000000768600000, 0x0000000768800000, 0x0000000768800000|100%| E|CS|TAMS 0x0000000768600000| PB 0x0000000768600000| Complete 

Card table byte_map: [0x0000026ad1610000,0x0000026ad1c10000] _byte_map_base: 0x0000026acdc10000

Marking Bits: (CMBitMap*) 0x0000026abe09ebf0
 Bits: [0x0000026ad1c10000, 0x0000026ad4c10000)

Polling page: 0x0000026abb9c0000

Metaspace:

Usage:
  Non-class:     65.22 MB used.
      Class:      8.50 MB used.
       Both:     73.72 MB used.

Virtual space:
  Non-class space:      128.00 MB reserved,      66.81 MB ( 52%) committed,  2 nodes.
      Class space:        1.00 GB reserved,       9.56 MB ( <1%) committed,  1 nodes.
             Both:        1.12 GB reserved,      76.38 MB (  7%) committed. 

Chunk freelists:
   Non-Class:  12.59 MB
       Class:  6.25 MB
        Both:  18.85 MB

MaxMetaspaceSize: unlimited
CompressedClassSpaceSize: 1.00 GB
Initial GC threshold: 21.00 MB
Current GC threshold: 114.50 MB
CDS: on
 - commit_granule_bytes: 65536.
 - commit_granule_words: 8192.
 - virtual_space_node_default_size: 8388608.
 - enlarge_chunks_in_place: 1.
 - use_allocation_guard: 0.


Internal statistics:

num_allocs_failed_limit: 15.
num_arena_births: 1790.
num_arena_deaths: 0.
num_vsnodes_births: 3.
num_vsnodes_deaths: 0.
num_space_committed: 1221.
num_space_uncommitted: 0.
num_chunks_returned_to_freelist: 15.
num_chunks_taken_from_freelist: 5138.
num_chunk_merges: 12.
num_chunk_splits: 3216.
num_chunks_enlarged: 1865.
num_inconsistent_stats: 0.

CodeHeap 'non-profiled nmethods': size=119168Kb used=10053Kb max_used=10093Kb free=109114Kb
 bounds [0x0000026ac8dd0000, 0x0000026ac97b0000, 0x0000026ad0230000]
CodeHeap 'profiled nmethods': size=119104Kb used=24090Kb max_used=26667Kb free=95013Kb
 bounds [0x0000026ac1230000, 0x0000026ac2c40000, 0x0000026ac8680000]
CodeHeap 'non-nmethods': size=7488Kb used=2761Kb max_used=3913Kb free=4726Kb
 bounds [0x0000026ac8680000, 0x0000026ac8a60000, 0x0000026ac8dd0000]
 total_blobs=12885 nmethods=11750 adapters=1037
 compilation: enabled
              stopped_count=0, restarted_count=0
 full_count=0

Compilation events (20 events):
Event: 13.238 Thread 0x0000026ad84eea30 14649       3       org.cef.OS::getOSType (82 bytes)
Event: 13.239 Thread 0x0000026ad84eea30 nmethod 14649 0x0000026ac149dc10 code [0x0000026ac149dec0, 0x0000026ac149e9f8]
Event: 13.239 Thread 0x0000026ad83d5770 14650   !   3       sun.nio.fs.WindowsDirectoryStream$WindowsDirectoryIterator::acceptEntry (71 bytes)
Event: 13.239 Thread 0x0000026ad84eea30 14651       1       java.nio.file.FileTreeWalker$Event::file (5 bytes)
Event: 13.239 Thread 0x0000026ad83d5770 nmethod 14650 0x0000026ac127d990 code [0x0000026ac127dbe0, 0x0000026ac127e3c8]
Event: 13.239 Thread 0x0000026ad84eea30 nmethod 14651 0x0000026ac902be10 code [0x0000026ac902bfa0, 0x0000026ac902c070]
Event: 13.257 Thread 0x0000026ad84eea30 14652       3       java.util.logging.LogManager$LoggerContext::requiresDefaultLoggers (29 bytes)
Event: 13.257 Thread 0x0000026ad84eea30 nmethod 14652 0x0000026ac149d590 code [0x0000026ac149d740, 0x0000026ac149d948]
Event: 13.257 Thread 0x0000026b23bafd90 14654       4       java.util.concurrent.ConcurrentHashMap::sumCount (60 bytes)
Event: 13.258 Thread 0x0000026b23bafd90 nmethod 14654 0x0000026ac902b710 code [0x0000026ac902b8a0, 0x0000026ac902b950]
Event: 13.258 Thread 0x0000026b23baf6c0 14655       4       java.lang.invoke.MethodType::insertParameterTypes (121 bytes)
Event: 13.259 Thread 0x0000026ad83d5770 14656       3       java.lang.StringUTF16::indexOf (44 bytes)
Event: 13.259 Thread 0x0000026ad84eea30 14657       3       java.lang.StringUTF16::indexOfChar (14 bytes)
Event: 13.259 Thread 0x0000026ad83d5770 nmethod 14656 0x0000026ac14af590 code [0x0000026ac14af7c0, 0x0000026ac14afee8]
Event: 13.259 Thread 0x0000026ad84eea30 nmethod 14657 0x0000026ac14aea90 code [0x0000026ac14aec80, 0x0000026ac14af120]
Event: 13.262 Thread 0x0000026b23baf6c0 nmethod 14655 0x0000026ac94b2310 code [0x0000026ac94b2500, 0x0000026ac94b2b28]
Event: 13.895 Thread 0x0000026ad83d5770 14658       3       org.cef.CefApp$6::accept (31 bytes)
Event: 13.895 Thread 0x0000026ad83d5770 nmethod 14658 0x0000026ac183a690 code [0x0000026ac183a860, 0x0000026ac183aae8]
Event: 13.904 Thread 0x0000026b23bb1200 14659       4       org.cef.CefApp$6::accept (31 bytes)
Event: 13.906 Thread 0x0000026b23bb1200 nmethod 14659 0x0000026ac902af10 code [0x0000026ac902b0e0, 0x0000026ac902b2f8]

GC Heap History (20 events):
Event: 8.027 GC heap before
{Heap before GC invocations=10 (full 0):
 garbage-first heap   total 524288K, used 207738K [0x0000000740000000, 0x0000000800000000)
  region size 2048K, 72 young (147456K), 3 survivors (6144K)
 Metaspace       used 58801K, committed 60800K, reserved 1114112K
  class space    used 6671K, committed 7488K, reserved 1048576K
}
Event: 8.033 GC heap after
{Heap after GC invocations=11 (full 0):
 garbage-first heap   total 524288K, used 78571K [0x0000000740000000, 0x0000000800000000)
  region size 2048K, 8 young (16384K), 8 survivors (16384K)
 Metaspace       used 58801K, committed 60800K, reserved 1114112K
  class space    used 6671K, committed 7488K, reserved 1048576K
}
Event: 8.124 GC heap before
{Heap before GC invocations=11 (full 0):
 garbage-first heap   total 524288K, used 88811K [0x0000000740000000, 0x0000000800000000)
  region size 2048K, 14 young (28672K), 8 survivors (16384K)
 Metaspace       used 59214K, committed 61120K, reserved 1114112K
  class space    used 6729K, committed 7488K, reserved 1048576K
}
Event: 8.129 GC heap after
{Heap after GC invocations=12 (full 0):
 garbage-first heap   total 524288K, used 78852K [0x0000000740000000, 0x0000000800000000)
  region size 2048K, 8 young (16384K), 8 survivors (16384K)
 Metaspace       used 59214K, committed 61120K, reserved 1114112K
  class space    used 6729K, committed 7488K, reserved 1048576K
}
Event: 8.192 GC heap before
{Heap before GC invocations=12 (full 0):
 garbage-first heap   total 524288K, used 84996K [0x0000000740000000, 0x0000000800000000)
  region size 2048K, 12 young (24576K), 8 survivors (16384K)
 Metaspace       used 59538K, committed 61440K, reserved 1114112K
  class space    used 6769K, committed 7552K, reserved 1048576K
}
Event: 8.196 GC heap after
{Heap after GC invocations=13 (full 0):
 garbage-first heap   total 524288K, used 78223K [0x0000000740000000, 0x0000000800000000)
  region size 2048K, 8 young (16384K), 8 survivors (16384K)
 Metaspace       used 59538K, committed 61440K, reserved 1114112K
  class space    used 6769K, committed 7552K, reserved 1048576K
}
Event: 10.266 GC heap before
{Heap before GC invocations=14 (full 0):
 garbage-first heap   total 524288K, used 373135K [0x0000000740000000, 0x0000000800000000)
  region size 2048K, 153 young (313344K), 8 survivors (16384K)
 Metaspace       used 68016K, committed 70272K, reserved 1114112K
  class space    used 7822K, committed 8704K, reserved 1048576K
}
Event: 10.292 GC heap after
{Heap after GC invocations=15 (full 0):
 garbage-first heap   total 524288K, used 184069K [0x0000000740000000, 0x0000000800000000)
  region size 2048K, 20 young (40960K), 20 survivors (40960K)
 Metaspace       used 68016K, committed 70272K, reserved 1114112K
  class space    used 7822K, committed 8704K, reserved 1048576K
}
Event: 11.074 GC heap before
{Heap before GC invocations=15 (full 0):
 garbage-first heap   total 524288K, used 376581K [0x0000000740000000, 0x0000000800000000)
  region size 2048K, 114 young (233472K), 20 survivors (40960K)
 Metaspace       used 68092K, committed 70336K, reserved 1114112K
  class space    used 7832K, committed 8704K, reserved 1048576K
}
Event: 11.093 GC heap after
{Heap after GC invocations=16 (full 0):
 garbage-first heap   total 524288K, used 274432K [0x0000000740000000, 0x0000000800000000)
  region size 2048K, 15 young (30720K), 15 survivors (30720K)
 Metaspace       used 68092K, committed 70336K, reserved 1114112K
  class space    used 7832K, committed 8704K, reserved 1048576K
}
Event: 11.565 GC heap before
{Heap before GC invocations=16 (full 0):
 garbage-first heap   total 524288K, used 407552K [0x0000000740000000, 0x0000000800000000)
  region size 2048K, 80 young (163840K), 15 survivors (30720K)
 Metaspace       used 68094K, committed 70336K, reserved 1114112K
  class space    used 7832K, committed 8704K, reserved 1048576K
}
Event: 11.581 GC heap after
{Heap after GC invocations=17 (full 0):
 garbage-first heap   total 524288K, used 346030K [0x0000000740000000, 0x0000000800000000)
  region size 2048K, 10 young (20480K), 10 survivors (20480K)
 Metaspace       used 68094K, committed 70336K, reserved 1114112K
  class space    used 7832K, committed 8704K, reserved 1048576K
}
Event: 11.898 GC heap before
{Heap before GC invocations=17 (full 0):
 garbage-first heap   total 524288K, used 434094K [0x0000000740000000, 0x0000000800000000)
  region size 2048K, 53 young (108544K), 10 survivors (20480K)
 Metaspace       used 68094K, committed 70336K, reserved 1114112K
  class space    used 7832K, committed 8704K, reserved 1048576K
}
Event: 11.910 GC heap after
{Heap after GC invocations=18 (full 0):
 garbage-first heap   total 524288K, used 396961K [0x0000000740000000, 0x0000000800000000)
  region size 2048K, 7 young (14336K), 7 survivors (14336K)
 Metaspace       used 68094K, committed 70336K, reserved 1114112K
  class space    used 7832K, committed 8704K, reserved 1048576K
}
Event: 12.165 GC heap before
{Heap before GC invocations=19 (full 0):
 garbage-first heap   total 663552K, used 456353K [0x0000000740000000, 0x0000000800000000)
  region size 2048K, 36 young (73728K), 7 survivors (14336K)
 Metaspace       used 68094K, committed 70336K, reserved 1114112K
  class space    used 7832K, committed 8704K, reserved 1048576K
}
Event: 12.173 GC heap after
{Heap after GC invocations=20 (full 0):
 garbage-first heap   total 663552K, used 432128K [0x0000000740000000, 0x0000000800000000)
  region size 2048K, 5 young (10240K), 5 survivors (10240K)
 Metaspace       used 68094K, committed 70336K, reserved 1114112K
  class space    used 7832K, committed 8704K, reserved 1048576K
}
Event: 12.801 GC heap before
{Heap before GC invocations=20 (full 0):
 garbage-first heap   total 663552K, used 542720K [0x0000000740000000, 0x0000000800000000)
  region size 2048K, 59 young (120832K), 5 survivors (10240K)
 Metaspace       used 74241K, committed 76928K, reserved 1179648K
  class space    used 8553K, committed 9664K, reserved 1048576K
}
Event: 12.815 GC heap after
{Heap after GC invocations=21 (full 0):
 garbage-first heap   total 663552K, used 453027K [0x0000000740000000, 0x0000000800000000)
  region size 2048K, 8 young (16384K), 8 survivors (16384K)
 Metaspace       used 74241K, committed 76928K, reserved 1179648K
  class space    used 8553K, committed 9664K, reserved 1048576K
}
Event: 13.197 GC heap before
{Heap before GC invocations=21 (full 0):
 garbage-first heap   total 663552K, used 549283K [0x0000000740000000, 0x0000000800000000)
  region size 2048K, 55 young (112640K), 8 survivors (16384K)
 Metaspace       used 74944K, committed 77696K, reserved 1179648K
  class space    used 8630K, committed 9728K, reserved 1048576K
}
Event: 13.209 GC heap after
{Heap after GC invocations=22 (full 0):
 garbage-first heap   total 663552K, used 505300K [0x0000000740000000, 0x0000000800000000)
  region size 2048K, 7 young (14336K), 7 survivors (14336K)
 Metaspace       used 74944K, committed 77696K, reserved 1179648K
  class space    used 8630K, committed 9728K, reserved 1048576K
}

Dll operation events (18 events):
Event: 0.005 Loaded shared library E:\Software\Renesas\RA\sc_v2025-12_fsp_v6.4.0\eclipse\plugins\org.eclipse.justj.openjdk.hotspot.jre.full.stripped.win32.x86_64_21.0.7.v20250502-0916\jre\bin\java.dll
Event: 0.019 Loaded shared library E:\Software\Renesas\RA\sc_v2025-12_fsp_v6.4.0\eclipse\plugins\org.eclipse.justj.openjdk.hotspot.jre.full.stripped.win32.x86_64_21.0.7.v20250502-0916\jre\bin\zip.dll
Event: 0.047 Loaded shared library E:\Software\Renesas\RA\sc_v2025-12_fsp_v6.4.0\eclipse\plugins\org.eclipse.justj.openjdk.hotspot.jre.full.stripped.win32.x86_64_21.0.7.v20250502-0916\jre\bin\net.dll
Event: 0.049 Loaded shared library E:\Software\Renesas\RA\sc_v2025-12_fsp_v6.4.0\eclipse\plugins\org.eclipse.justj.openjdk.hotspot.jre.full.stripped.win32.x86_64_21.0.7.v20250502-0916\jre\bin\nio.dll
Event: 0.050 Loaded shared library E:\Software\Renesas\RA\sc_v2025-12_fsp_v6.4.0\eclipse\plugins\org.eclipse.justj.openjdk.hotspot.jre.full.stripped.win32.x86_64_21.0.7.v20250502-0916\jre\bin\zip.dll
Event: 0.071 Loaded shared library E:\Software\Renesas\RA\sc_v2025-12_fsp_v6.4.0\eclipse\plugins\org.eclipse.justj.openjdk.hotspot.jre.full.stripped.win32.x86_64_21.0.7.v20250502-0916\jre\bin\jimage.dll
Event: 1.207 Loaded shared library E:\Software\Renesas\RA\sc_v2025-12_fsp_v6.4.0\eclipse\plugins\org.eclipse.justj.openjdk.hotspot.jre.full.stripped.win32.x86_64_21.0.7.v20250502-0916\jre\bin\verify.dll
Event: 4.554 Loaded shared library E:\Software\Renesas\RA\sc_v2025-12_fsp_v6.4.0\eclipse\configuration\org.eclipse.osgi\366\0\.cp\swt-osversion-win32-4969r18.dll
Event: 4.561 Loaded shared library E:\Software\Renesas\RA\sc_v2025-12_fsp_v6.4.0\eclipse\configuration\org.eclipse.osgi\366\0\.cp\swt-win32-4969r18.dll
Event: 4.607 Loaded shared library E:\Software\Renesas\RA\sc_v2025-12_fsp_v6.4.0\eclipse\configuration\org.eclipse.osgi\366\0\.cp\swt-gdip-win32-4969r18.dll
Event: 5.650 Loaded shared library E:\Software\Renesas\RA\sc_v2025-12_fsp_v6.4.0\eclipse\plugins\org.eclipse.justj.openjdk.hotspot.jre.full.stripped.win32.x86_64_21.0.7.v20250502-0916\jre\bin\awt.dll
Event: 6.389 Loaded shared library E:\Software\Renesas\RA\sc_v2025-12_fsp_v6.4.0\eclipse\plugins\org.eclipse.justj.openjdk.hotspot.jre.full.stripped.win32.x86_64_21.0.7.v20250502-0916\jre\bin\mlib_image.dll
Event: 7.552 Loaded shared library C:\Users\31634\AppData\Local\Temp\jna-48612857\jna16410720564291046108.dll
Event: 7.765 Loaded shared library E:\Software\Renesas\RA\sc_v2025-12_fsp_v6.4.0\eclipse\plugins\org.eclipse.justj.openjdk.hotspot.jre.full.stripped.win32.x86_64_21.0.7.v20250502-0916\jre\bin\sunmscapi.dll
Event: 9.030 Loaded shared library E:\Software\Renesas\RA\sc_v2025-12_fsp_v6.4.0\eclipse\plugins\org.eclipse.justj.openjdk.hotspot.jre.full.stripped.win32.x86_64_21.0.7.v20250502-0916\jre\bin\extnet.dll
Event: 13.248 Loaded shared library E:\Software\Renesas\RA\sc_v2025-12_fsp_v6.4.0\eclipse\plugins\com.equo.chromium.cef.win32.win32.x86_64_128.0.20\chromium-6613\chrome_elf.dll
Event: 13.251 Loaded shared library E:\Software\Renesas\RA\sc_v2025-12_fsp_v6.4.0\eclipse\plugins\com.equo.chromium.cef.win32.win32.x86_64_128.0.20\chromium-6613\libcef.dll
Event: 13.255 Loaded shared library E:\Software\Renesas\RA\sc_v2025-12_fsp_v6.4.0\eclipse\plugins\com.equo.chromium.cef.win32.win32.x86_64_128.0.20\chromium-6613\equochro.dll

Deoptimization events (20 events):
Event: 13.196 Thread 0x0000026abe045420 Uncommon trap: trap_request=0xffffffc6 fr.pc=0x0000026ac946e170 relative=0x0000000000000a70
Event: 13.196 Thread 0x0000026abe045420 Uncommon trap: reason=bimorphic_or_optimized_type_check action=maybe_recompile pc=0x0000026ac946e170 method=org.apache.felix.resolver.util.OpenHashMap.getOrCompute(Ljava/lang/Object;)Ljava/lang/Object; @ 122 c2
Event: 13.196 Thread 0x0000026abe045420 DEOPT PACKING pc=0x0000026ac946e170 sp=0x000000c5772fa520
Event: 13.196 Thread 0x0000026abe045420 DEOPT UNPACKING pc=0x0000026ac86d46a2 sp=0x000000c5772fa4d0 mode 2
Event: 13.196 Thread 0x0000026abe045420 Uncommon trap: trap_request=0xffffffc6 fr.pc=0x0000026ac946e170 relative=0x0000000000000a70
Event: 13.196 Thread 0x0000026abe045420 Uncommon trap: reason=bimorphic_or_optimized_type_check action=maybe_recompile pc=0x0000026ac946e170 method=org.apache.felix.resolver.util.OpenHashMap.getOrCompute(Ljava/lang/Object;)Ljava/lang/Object; @ 122 c2
Event: 13.196 Thread 0x0000026abe045420 DEOPT PACKING pc=0x0000026ac946e170 sp=0x000000c5772fa520
Event: 13.196 Thread 0x0000026abe045420 DEOPT UNPACKING pc=0x0000026ac86d46a2 sp=0x000000c5772fa4d0 mode 2
Event: 13.196 Thread 0x0000026abe045420 Uncommon trap: trap_request=0xffffffc6 fr.pc=0x0000026ac946e170 relative=0x0000000000000a70
Event: 13.196 Thread 0x0000026abe045420 Uncommon trap: reason=bimorphic_or_optimized_type_check action=maybe_recompile pc=0x0000026ac946e170 method=org.apache.felix.resolver.util.OpenHashMap.getOrCompute(Ljava/lang/Object;)Ljava/lang/Object; @ 122 c2
Event: 13.196 Thread 0x0000026abe045420 DEOPT PACKING pc=0x0000026ac946e170 sp=0x000000c5772fa520
Event: 13.196 Thread 0x0000026abe045420 DEOPT UNPACKING pc=0x0000026ac86d46a2 sp=0x000000c5772fa4d0 mode 2
Event: 13.958 Thread 0x0000026abe045420 Uncommon trap: trap_request=0xffffff45 fr.pc=0x0000026ac9729094 relative=0x0000000000000654
Event: 13.958 Thread 0x0000026abe045420 Uncommon trap: reason=unstable_if action=reinterpret pc=0x0000026ac9729094 method=java.io.WinNTFileSystem.prefixLength(Ljava/lang/String;)I @ 11 c2
Event: 13.958 Thread 0x0000026abe045420 DEOPT PACKING pc=0x0000026ac9729094 sp=0x000000c5772fb5c0
Event: 13.958 Thread 0x0000026abe045420 DEOPT UNPACKING pc=0x0000026ac86d46a2 sp=0x000000c5772fb520 mode 2
Event: 13.958 Thread 0x0000026abe045420 Uncommon trap: trap_request=0xffffff45 fr.pc=0x0000026ac8e0dd6c relative=0x000000000000028c
Event: 13.958 Thread 0x0000026abe045420 Uncommon trap: reason=unstable_if action=reinterpret pc=0x0000026ac8e0dd6c method=java.io.WinNTFileSystem.prefixLength(Ljava/lang/String;)I @ 11 c2
Event: 13.958 Thread 0x0000026abe045420 DEOPT PACKING pc=0x0000026ac8e0dd6c sp=0x000000c5772fb580
Event: 13.958 Thread 0x0000026abe045420 DEOPT UNPACKING pc=0x0000026ac86d46a2 sp=0x000000c5772fb520 mode 2

Classes loaded (20 events):
Event: 12.568 Loading class java/io/IOError
Event: 12.568 Loading class java/io/IOError done
Event: 12.586 Loading class java/util/LinkedList$DescendingIterator
Event: 12.587 Loading class java/util/LinkedList$DescendingIterator done
Event: 12.613 Loading class java/lang/VerifyError
Event: 12.613 Loading class java/lang/VerifyError done
Event: 12.621 Loading class java/util/Collections$UnmodifiableList$1
Event: 12.621 Loading class java/util/Collections$UnmodifiableList$1 done
Event: 13.235 Loading class java/nio/file/SimpleFileVisitor
Event: 13.235 Loading class java/nio/file/SimpleFileVisitor done
Event: 13.236 Loading class java/nio/file/Files$3
Event: 13.236 Loading class java/nio/file/Files$3 done
Event: 13.236 Loading class java/nio/file/FileVisitResult
Event: 13.236 Loading class java/nio/file/FileVisitResult done
Event: 13.236 Loading class java/nio/file/FileAlreadyExistsException
Event: 13.236 Loading class java/nio/file/FileAlreadyExistsException done
Event: 13.237 Loading class sun/nio/fs/WindowsFileCopy
Event: 13.238 Loading class sun/nio/fs/WindowsFileCopy done
Event: 13.239 Loading class sun/nio/fs/WindowsPath$1
Event: 13.239 Loading class sun/nio/fs/WindowsPath$1 done

Classes unloaded (0 events):
No events

Classes redefined (0 events):
No events

Internal exceptions (20 events):
Event: 12.560 Thread 0x0000026abe045420 Exception <a 'java/lang/NoSuchMethodError'{0x0000000763842d90}: 'long java.lang.invoke.DirectMethodHandle$Holder.invokeStaticInit(java.lang.Object, java.lang.Object, long, long)'> (0x0000000763842d90) 
thrown [s\src\hotspot\share\interpreter\linkResolver.cpp, line 773]
Event: 12.561 Thread 0x0000026abe045420 Exception <a 'java/lang/NoSuchMethodError'{0x0000000763861678}: 'java.lang.Object java.lang.invoke.DirectMethodHandle$Holder.invokeStatic(java.lang.Object, java.lang.Object, java.lang.Object, java.lang.Object, java.lang.Object, int, java.lang.Object, java.lang.Object)'> (0x0000000763861678) 
thrown [s\src\hotspot\share\interpreter\linkResolver.cpp, line 773]
Event: 12.566 Thread 0x0000026abe045420 Exception <a 'java/lang/NoSuchMethodError'{0x000000076389a318}: 'void java.lang.invoke.DirectMethodHandle$Holder.invokeSpecial(java.lang.Object, java.lang.Object, int, java.lang.Object)'> (0x000000076389a318) 
thrown [s\src\hotspot\share\interpreter\linkResolver.cpp, line 773]
Event: 12.567 Thread 0x0000026abe045420 Exception <a 'java/lang/NoSuchMethodError'{0x00000007638a84c8}: 'java.lang.Object java.lang.invoke.DirectMethodHandle$Holder.newInvokeSpecial(java.lang.Object, java.lang.Object, int, java.lang.Object, java.lang.Object, java.lang.Object)'> (0x00000007638a84c8) 
thrown [s\src\hotspot\share\interpreter\linkResolver.cpp, line 773]
Event: 12.567 Thread 0x0000026abe045420 Exception <a 'java/lang/NoSuchMethodError'{0x00000007638acb10}: 'java.lang.Object java.lang.invoke.DirectMethodHandle$Holder.invokeSpecial(java.lang.Object, java.lang.Object, java.lang.Object, int, java.lang.Object, java.lang.Object, java.lang.Object)'> (0x00000007638acb10) 
thrown [s\src\hotspot\share\interpreter\linkResolver.cpp, line 773]
Event: 12.604 Thread 0x0000026abe045420 Exception <a 'java/lang/NoSuchMethodError'{0x0000000763761418}: 'java.lang.Class sun.misc.Unsafe.defineAnonymousClass(java.lang.Class, byte[], java.lang.Object[])'> (0x0000000763761418) 
thrown [s\src\hotspot\share\interpreter\linkResolver.cpp, line 773]
Event: 12.619 Thread 0x0000026abe045420 Exception <a 'java/lang/NoSuchMethodError'{0x00000007634bf558}: 'java.lang.Object java.lang.invoke.Invokers$Holder.linkToTargetMethod(int, java.lang.Object, int, java.lang.Object)'> (0x00000007634bf558) 
thrown [s\src\hotspot\share\interpreter\linkResolver.cpp, line 773]
Event: 12.634 Thread 0x0000026abe045420 Exception <a 'java/lang/NoSuchMethodError'{0x00000007635f48c8}: 'java.lang.Object java.lang.invoke.DirectMethodHandle$Holder.invokeStatic(java.lang.Object, java.lang.Object, int, java.lang.Object)'> (0x00000007635f48c8) 
thrown [s\src\hotspot\share\interpreter\linkResolver.cpp, line 773]
Event: 12.634 Thread 0x0000026abe045420 Exception <a 'java/lang/NoSuchMethodError'{0x00000007635f8898}: 'java.lang.Object java.lang.invoke.DirectMethodHandle$Holder.invokeStaticInit(java.lang.Object, java.lang.Object, int, java.lang.Object)'> (0x00000007635f8898) 
thrown [s\src\hotspot\share\interpreter\linkResolver.cpp, line 773]
Event: 12.638 Thread 0x0000026abe045420 Implicit null exception at 0x0000026ac9608d66 to 0x0000026ac9609d98
Event: 12.640 Thread 0x0000026abe045420 Implicit null exception at 0x0000026ac8ff3486 to 0x0000026ac8ff35c0
Event: 12.640 Thread 0x0000026abe045420 Exception <a 'java/lang/NoSuchMethodError'{0x000000076327dc10}: 'java.lang.Object java.lang.invoke.Invokers$Holder.invoke_MT(java.lang.Object, java.lang.Object, java.lang.Object, java.lang.Object, java.lang.Object, java.lang.Object)'> (0x000000076327dc10) 
thrown [s\src\hotspot\share\interpreter\linkResolver.cpp, line 773]
Event: 12.641 Thread 0x0000026abe045420 Exception <a 'java/lang/NoSuchMethodError'{0x0000000763281b90}: 'java.lang.Object java.lang.invoke.DelegatingMethodHandle$Holder.reinvoke_L(java.lang.Object, java.lang.Object, java.lang.Object, java.lang.Object, int)'> (0x0000000763281b90) 
thrown [s\src\hotspot\share\interpreter\linkResolver.cpp, line 773]
Event: 12.641 Thread 0x0000026abe045420 Exception <a 'java/lang/NoSuchMethodError'{0x000000076328c6a8}: 'void java.lang.invoke.Invokers$Holder.exactInvoker(java.lang.Object, java.lang.Object, java.lang.Object, java.lang.Object)'> (0x000000076328c6a8) 
thrown [s\src\hotspot\share\interpreter\linkResolver.cpp, line 773]
Event: 12.641 Thread 0x0000026abe045420 Exception <a 'java/lang/NoSuchMethodError'{0x0000000763294298}: 'void java.lang.invoke.Invokers$Holder.linkToCallSite(java.lang.Object, java.lang.Object, java.lang.Object)'> (0x0000000763294298) 
thrown [s\src\hotspot\share\interpreter\linkResolver.cpp, line 773]
Event: 13.085 Thread 0x0000026abe045420 Implicit null exception at 0x0000026ac8f316b5 to 0x0000026ac8f31fe0
Event: 13.190 Thread 0x0000026abe045420 Exception <a 'java/io/FileNotFoundException'{0x0000000762b8d260}> (0x0000000762b8d260) 
thrown [s\src\hotspot\share\prims\jni.cpp, line 520]
Event: 13.221 Thread 0x0000026abe045420 Exception <a 'sun/nio/fs/WindowsException'{0x00000007684e93b8}> (0x00000007684e93b8) 
thrown [s\src\hotspot\share\prims\jni.cpp, line 520]
Event: 13.241 Thread 0x0000026abe045420 Exception <a 'sun/nio/fs/WindowsException'{0x00000007685d6018}> (0x00000007685d6018) 
thrown [s\src\hotspot\share\prims\jni.cpp, line 520]
Event: 13.242 Thread 0x0000026abe045420 Exception <a 'java/lang/NoSuchMethodError'{0x00000007685ef118}: 'int java.lang.invoke.DelegatingMethodHandle$Holder.reinvoke_L(java.lang.Object)'> (0x00000007685ef118) 
thrown [s\src\hotspot\share\interpreter\linkResolver.cpp, line 773]

ZGC Phase Switch (0 events):
No events

VM Operations (20 events):
Event: 12.165 Executing VM operation: G1CollectForAllocation (G1 Evacuation Pause)
Event: 12.173 Executing VM operation: G1CollectForAllocation (G1 Evacuation Pause) done
Event: 12.447 Executing VM operation: HandshakeAllThreads (Deoptimize)
Event: 12.447 Executing VM operation: HandshakeAllThreads (Deoptimize) done
Event: 12.512 Executing VM operation: HandshakeAllThreads (Deoptimize)
Event: 12.512 Executing VM operation: HandshakeAllThreads (Deoptimize) done
Event: 12.673 Executing VM operation: ICBufferFull
Event: 12.673 Executing VM operation: ICBufferFull done
Event: 12.801 Executing VM operation: G1CollectForAllocation (G1 Evacuation Pause)
Event: 12.815 Executing VM operation: G1CollectForAllocation (G1 Evacuation Pause) done
Event: 13.142 Executing VM operation: HandshakeAllThreads (Deoptimize)
Event: 13.142 Executing VM operation: HandshakeAllThreads (Deoptimize) done
Event: 13.163 Executing VM operation: ICBufferFull
Event: 13.163 Executing VM operation: ICBufferFull done
Event: 13.195 Executing VM operation: HandshakeAllThreads (Deoptimize)
Event: 13.195 Executing VM operation: HandshakeAllThreads (Deoptimize) done
Event: 13.197 Executing VM operation: G1CollectForAllocation (G1 Evacuation Pause)
Event: 13.209 Executing VM operation: G1CollectForAllocation (G1 Evacuation Pause) done
Event: 13.222 Executing VM operation: HandshakeAllThreads (Deoptimize)
Event: 13.222 Executing VM operation: HandshakeAllThreads (Deoptimize) done

Memory protections (0 events):
No events

Nmethod flushes (20 events):
Event: 11.965 Thread 0x0000026ad80fd750 flushing  nmethod 0x0000026ac9578b10
Event: 11.965 Thread 0x0000026ad80fd750 flushing  nmethod 0x0000026ac9587c90
Event: 11.965 Thread 0x0000026ad80fd750 flushing  nmethod 0x0000026ac9589d90
Event: 11.965 Thread 0x0000026ad80fd750 flushing  nmethod 0x0000026ac138a690
Event: 11.965 Thread 0x0000026ad80fd750 flushing  nmethod 0x0000026ac1391010
Event: 11.965 Thread 0x0000026ad80fd750 flushing  nmethod 0x0000026ac18aea90
Event: 11.965 Thread 0x0000026ad80fd750 flushing  nmethod 0x0000026ac18b1590
Event: 11.965 Thread 0x0000026ad80fd750 flushing  nmethod 0x0000026ac18b3f90
Event: 11.965 Thread 0x0000026ad80fd750 flushing  nmethod 0x0000026ac18db490
Event: 11.965 Thread 0x0000026ad80fd750 flushing  nmethod 0x0000026ac18dba90
Event: 11.965 Thread 0x0000026ad80fd750 flushing  nmethod 0x0000026ac18ed690
Event: 11.965 Thread 0x0000026ad80fd750 flushing  nmethod 0x0000026ac18f1410
Event: 11.965 Thread 0x0000026ad80fd750 flushing  nmethod 0x0000026ac191c210
Event: 11.965 Thread 0x0000026ad80fd750 flushing  nmethod 0x0000026ac1921e10
Event: 11.965 Thread 0x0000026ad80fd750 flushing  nmethod 0x0000026ac1947310
Event: 11.965 Thread 0x0000026ad80fd750 flushing  nmethod 0x0000026ac194a610
Event: 11.965 Thread 0x0000026ad80fd750 flushing  nmethod 0x0000026ac2513790
Event: 11.965 Thread 0x0000026ad80fd750 flushing  nmethod 0x0000026ac2513d90
Event: 11.965 Thread 0x0000026ad80fd750 flushing  nmethod 0x0000026ac2b40890
Event: 11.965 Thread 0x0000026ad80fd750 flushing  nmethod 0x0000026ac2b4e190

Events (20 events):
Event: 9.525 Thread 0x0000026b215865d0 Thread added: 0x0000026b2158b490
Event: 9.526 Thread 0x0000026b2158b490 Thread exited: 0x0000026b2158b490
Event: 10.552 Thread 0x0000026b21587980 Thread added: 0x0000026b215858b0
Event: 11.026 Thread 0x0000026b23bafd90 Thread exited: 0x0000026b23bafd90
Event: 11.135 Thread 0x0000026b23baf6c0 Thread exited: 0x0000026b23baf6c0
Event: 11.282 Thread 0x0000026b1eb47860 Thread exited: 0x0000026b1eb47860
Event: 11.282 Thread 0x0000026b1eb4aee0 Thread exited: 0x0000026b1eb4aee0
Event: 11.282 Thread 0x0000026ad897d560 Thread exited: 0x0000026ad897d560
Event: 11.712 Thread 0x0000026ad84f0cd0 Thread exited: 0x0000026ad84f0cd0
Event: 12.316 Thread 0x0000026b1eb49a70 Thread exited: 0x0000026b1eb49a70
Event: 12.436 Thread 0x0000026ad82c89a0 Thread added: 0x0000026b23baf6c0
Event: 12.646 Thread 0x0000026ad84eea30 Thread added: 0x0000026b23bb1200
Event: 12.761 Thread 0x0000026ad82d9810 Thread added: 0x0000026b23bafd90
Event: 12.768 Thread 0x0000026ad82d9810 Thread added: 0x0000026b23badb80
Event: 13.076 Thread 0x0000026ad84eea30 Thread added: 0x0000026b23bb0460
Event: 13.895 Thread 0x0000026ad84eea30 Thread exited: 0x0000026ad84eea30
Event: 13.895 Thread 0x0000026b23bb0460 Thread exited: 0x0000026b23bb0460
Event: 13.904 Thread 0x0000026b23badb80 Thread exited: 0x0000026b23badb80
Event: 13.904 Thread 0x0000026b23bafd90 Thread exited: 0x0000026b23bafd90
Event: 14.129 Thread 0x0000026abe045420 Thread added: 0x0000026b21326bd0


Dynamic libraries:
0x00007ff7bf330000 - 0x00007ff7bf3b9000 	E:\Software\Renesas\RA\sc_v2025-12_fsp_v6.4.0\eclipse\rasc.exe
0x00007ffe9eec0000 - 0x00007ffe9f127000 	C:\WINDOWS\SYSTEM32\ntdll.dll
0x00007ffe9ea30000 - 0x00007ffe9eaf9000 	C:\WINDOWS\System32\KERNEL32.DLL
0x00007ffe9ba40000 - 0x00007ffe9be31000 	C:\WINDOWS\System32\KERNELBASE.dll
0x00007ffe9ec60000 - 0x00007ffe9ee25000 	C:\WINDOWS\System32\USER32.dll
0x00007ffe9ca00000 - 0x00007ffe9ca27000 	C:\WINDOWS\System32\win32u.dll
0x00007ffe9ee40000 - 0x00007ffe9ee6b000 	C:\WINDOWS\System32\GDI32.dll
0x00007ffe9be40000 - 0x00007ffe9bf6b000 	C:\WINDOWS\System32\gdi32full.dll
0x00007ffe9cbb0000 - 0x00007ffe9cc53000 	C:\WINDOWS\System32\msvcp_win.dll
0x00007ffe9b7a0000 - 0x00007ffe9b8eb000 	C:\WINDOWS\System32\ucrtbase.dll
0x00007ffe784d0000 - 0x00007ffe78763000 	C:\WINDOWS\WinSxS\amd64_microsoft.windows.common-controls_6595b64144ccf1df_6.0.26100.8037_none_3e092faae333b53b\COMCTL32.dll
0x00007ffe9e100000 - 0x00007ffe9e1a9000 	C:\WINDOWS\System32\msvcrt.dll
0x00007ffe9e000000 - 0x00007ffe9e031000 	C:\WINDOWS\System32\IMM32.DLL
0x00007ffe707e0000 - 0x00007ffe70825000 	E:\Software\Renesas\RA\sc_v2025-12_fsp_v6.4.0\eclipse\plugins\org.eclipse.equinox.launcher.win32.win32.x86_64_1.2.1300.v20250331-1702\eclipse_11911.dll
0x00007ffe9d6a0000 - 0x00007ffe9d75b000 	C:\WINDOWS\System32\ADVAPI32.dll
0x00007ffe9d410000 - 0x00007ffe9d4b7000 	C:\WINDOWS\System32\sechost.dll
0x00007ffe9d4c0000 - 0x00007ffe9d5d8000 	C:\WINDOWS\System32\RPCRT4.dll
0x00007ffe9cc60000 - 0x00007ffe9cdf5000 	C:\WINDOWS\System32\ole32.dll
0x00007ffe9db20000 - 0x00007ffe9dea2000 	C:\WINDOWS\System32\combase.dll
0x00007ffe92930000 - 0x00007ffe9293b000 	C:\WINDOWS\SYSTEM32\VERSION.dll
0x00007ffc94490000 - 0x00007ffc95220000 	E:\Software\Renesas\RA\sc_v2025-12_fsp_v6.4.0\eclipse\plugins\org.eclipse.justj.openjdk.hotspot.jre.full.stripped.win32.x86_64_21.0.7.v20250502-0916\jre\bin\server\jvm.dll
0x00007ffe9e9b0000 - 0x00007ffe9ea24000 	C:\WINDOWS\System32\WS2_32.dll
0x00007ffe8f190000 - 0x00007ffe8f1c5000 	C:\WINDOWS\SYSTEM32\WINMM.dll
0x00007ffe9a320000 - 0x00007ffe9a37e000 	C:\WINDOWS\SYSTEM32\POWRPROF.dll
0x00007ffe84160000 - 0x00007ffe8416c000 	C:\WINDOWS\SYSTEM32\VCRUNTIME140_1.dll
0x00007ffe80c30000 - 0x00007ffe80c4e000 	C:\WINDOWS\SYSTEM32\VCRUNTIME140.dll
0x00007ffe9a300000 - 0x00007ffe9a314000 	C:\WINDOWS\SYSTEM32\UMPDC.dll
0x00007ffe72250000 - 0x00007ffe7225a000 	E:\Software\Renesas\RA\sc_v2025-12_fsp_v6.4.0\eclipse\plugins\org.eclipse.justj.openjdk.hotspot.jre.full.stripped.win32.x86_64_21.0.7.v20250502-0916\jre\bin\jimage.dll
0x00007ffe992e0000 - 0x00007ffe99522000 	C:\WINDOWS\SYSTEM32\DBGHELP.DLL
0x00007ffe9d860000 - 0x00007ffe9d937000 	C:\WINDOWS\System32\OLEAUT32.dll
0x00007ffe76420000 - 0x00007ffe7645b000 	C:\WINDOWS\SYSTEM32\dbgcore.DLL
0x00007ffe9bf70000 - 0x00007ffe9c015000 	C:\WINDOWS\System32\bcryptPrimitives.dll
0x00007ffdb7850000 - 0x00007ffdb786f000 	E:\Software\Renesas\RA\sc_v2025-12_fsp_v6.4.0\eclipse\plugins\org.eclipse.justj.openjdk.hotspot.jre.full.stripped.win32.x86_64_21.0.7.v20250502-0916\jre\bin\java.dll
0x00007ffe9a5e0000 - 0x00007ffe9a5fb000 	C:\WINDOWS\SYSTEM32\kernel.appcore.dll
0x00007ffe9e1d0000 - 0x00007ffe9e92f000 	C:\WINDOWS\System32\SHELL32.dll
0x00007ffe9c020000 - 0x00007ffe9c18a000 	C:\WINDOWS\System32\wintypes.dll
0x00007ffe9c190000 - 0x00007ffe9c9f4000 	C:\WINDOWS\System32\windows.storage.dll
0x00007ffe9d290000 - 0x00007ffe9d387000 	C:\WINDOWS\System32\SHCORE.dll
0x00007ffe9e040000 - 0x00007ffe9e0a7000 	C:\WINDOWS\System32\shlwapi.dll
0x00007ffe9b680000 - 0x00007ffe9b6a9000 	C:\WINDOWS\SYSTEM32\profapi.dll
0x00007ffdaf280000 - 0x00007ffdaf298000 	E:\Software\Renesas\RA\sc_v2025-12_fsp_v6.4.0\eclipse\plugins\org.eclipse.justj.openjdk.hotspot.jre.full.stripped.win32.x86_64_21.0.7.v20250502-0916\jre\bin\zip.dll
0x00007ffe721a0000 - 0x00007ffe721b0000 	E:\Software\Renesas\RA\sc_v2025-12_fsp_v6.4.0\eclipse\plugins\org.eclipse.justj.openjdk.hotspot.jre.full.stripped.win32.x86_64_21.0.7.v20250502-0916\jre\bin\net.dll
0x00007ffe94230000 - 0x00007ffe94357000 	C:\WINDOWS\SYSTEM32\WINHTTP.dll
0x00007ffe9ab60000 - 0x00007ffe9abcb000 	C:\WINDOWS\system32\mswsock.dll
0x00007ffdac950000 - 0x00007ffdac966000 	E:\Software\Renesas\RA\sc_v2025-12_fsp_v6.4.0\eclipse\plugins\org.eclipse.justj.openjdk.hotspot.jre.full.stripped.win32.x86_64_21.0.7.v20250502-0916\jre\bin\nio.dll
0x00007ffe97c00000 - 0x00007ffe97caa000 	C:\WINDOWS\system32\uxtheme.dll
0x00007ffe5a230000 - 0x00007ffe5a363000 	C:\ProgramData\A-Volute\A-Volute.Nahimic\Modules\Scheduled\x64\AudioDevProps2.dll
0x00007ffe9eb00000 - 0x00007ffe9ec5d000 	C:\WINDOWS\System32\MSCTF.dll
0x00007ffe9dec0000 - 0x00007ffe9df6e000 	C:\WINDOWS\System32\clbcatq.dll
0x00007ffe6bd30000 - 0x00007ffe6be78000 	C:\WINDOWS\SYSTEM32\textinputframework.dll
0x00007ffe96260000 - 0x00007ffe96387000 	C:\WINDOWS\SYSTEM32\CoreMessaging.dll
0x00007ffe91600000 - 0x00007ffe918e2000 	C:\WINDOWS\SYSTEM32\CoreUIComponents.dll
0x00007ffe9ae80000 - 0x00007ffe9ae8c000 	C:\WINDOWS\SYSTEM32\CRYPTBASE.DLL
0x00007ffe92e60000 - 0x00007ffe93280000 	C:\Windows\System32\uiautomationcore.dll
0x00007ffe78790000 - 0x00007ffe78806000 	C:\Windows\System32\OLEACC.dll
0x00007ffe719e0000 - 0x00007ffe719f6000 	C:\Windows\System32\threadpoolwinrt.dll
0x00007ffe72150000 - 0x00007ffe72160000 	E:\Software\Renesas\RA\sc_v2025-12_fsp_v6.4.0\eclipse\plugins\org.eclipse.justj.openjdk.hotspot.jre.full.stripped.win32.x86_64_21.0.7.v20250502-0916\jre\bin\verify.dll
0x00007ffdac080000 - 0x00007ffdac0a1000 	E:\Software\Renesas\RA\sc_v2025-12_fsp_v6.4.0\eclipse\configuration\org.eclipse.osgi\366\0\.cp\swt-osversion-win32-4969r18.dll
0x00007ffdabfb0000 - 0x00007ffdac07a000 	E:\Software\Renesas\RA\sc_v2025-12_fsp_v6.4.0\eclipse\configuration\org.eclipse.osgi\366\0\.cp\swt-win32-4969r18.dll
0x00007ffe9d760000 - 0x00007ffe9d84e000 	C:\WINDOWS\System32\COMDLG32.dll
0x00007ffe69e30000 - 0x00007ffe6a0b8000 	C:\WINDOWS\SYSTEM32\WININET.dll
0x00007ffe78d50000 - 0x00007ffe78dff000 	C:\WINDOWS\SYSTEM32\WINSPOOL.DRV
0x00007ffe97170000 - 0x00007ffe97273000 	C:\WINDOWS\SYSTEM32\PROPSYS.dll
0x00007ffe78770000 - 0x00007ffe78789000 	C:\WINDOWS\SYSTEM32\USP10.dll
0x00007ffe788a0000 - 0x00007ffe78a7d000 	C:\WINDOWS\SYSTEM32\urlmon.dll
0x00007ffe98180000 - 0x00007ffe981ae000 	C:\WINDOWS\SYSTEM32\dwmapi.dll
0x00007ffe78a80000 - 0x00007ffe78a88000 	C:\WINDOWS\SYSTEM32\MSIMG32.dll
0x00007ffe9b3c0000 - 0x00007ffe9b417000 	C:\WINDOWS\SYSTEM32\cfgmgr32.dll
0x00007ffe807e0000 - 0x00007ffe80aa4000 	C:\WINDOWS\SYSTEM32\iertutil.dll
0x00007ffe86f50000 - 0x00007ffe86f79000 	C:\WINDOWS\SYSTEM32\srvcli.dll
0x00007ffe99e40000 - 0x00007ffe99e4d000 	C:\WINDOWS\SYSTEM32\netutils.dll
0x00007ffdabf80000 - 0x00007ffdabfac000 	E:\Software\Renesas\RA\sc_v2025-12_fsp_v6.4.0\eclipse\configuration\org.eclipse.osgi\366\0\.cp\swt-gdip-win32-4969r18.dll
0x00007ffe78b70000 - 0x00007ffe78d48000 	C:\WINDOWS\WinSxS\amd64_microsoft.windows.gdiplus_6595b64144ccf1df_1.1.26100.8036_none_6ef439583dc61568\gdiplus.dll
0x00007ffe95320000 - 0x00007ffe9554d000 	C:\WINDOWS\SYSTEM32\WindowsCodecs.dll
0x00007ffe9ae60000 - 0x00007ffe9ae7b000 	C:\WINDOWS\SYSTEM32\CRYPTSP.dll
0x00007ffe9a540000 - 0x00007ffe9a579000 	C:\WINDOWS\system32\rsaenh.dll
0x00007ffe9ac10000 - 0x00007ffe9ac42000 	C:\WINDOWS\SYSTEM32\USERENV.dll
0x00007ffe9b650000 - 0x00007ffe9b67a000 	C:\WINDOWS\SYSTEM32\bcrypt.dll
0x00007ffe99e50000 - 0x00007ffe99e83000 	C:\WINDOWS\SYSTEM32\IPHLPAPI.DLL
0x00007ffe9e9a0000 - 0x00007ffe9e9aa000 	C:\WINDOWS\System32\NSI.dll
0x00007ffe57790000 - 0x00007ffe57843000 	C:\WINDOWS\SYSTEM32\TextShaping.dll
0x00007ffdabdf0000 - 0x00007ffdabf7e000 	E:\Software\Renesas\RA\sc_v2025-12_fsp_v6.4.0\eclipse\plugins\org.eclipse.justj.openjdk.hotspot.jre.full.stripped.win32.x86_64_21.0.7.v20250502-0916\jre\bin\awt.dll
0x00007ffe806e0000 - 0x00007ffe80769000 	C:\WINDOWS\SYSTEM32\MSVCP140.dll
0x00007ffe970c0000 - 0x00007ffe9715f000 	C:\WINDOWS\SYSTEM32\apphelp.dll
0x00007ffdabd60000 - 0x00007ffdabde2000 	E:\Software\Renesas\RA\sc_v2025-12_fsp_v6.4.0\eclipse\plugins\org.eclipse.justj.openjdk.hotspot.jre.full.stripped.win32.x86_64_21.0.7.v20250502-0916\jre\bin\mlib_image.dll
0x00007ffe98f20000 - 0x00007ffe99187000 	C:\WINDOWS\SYSTEM32\DWrite.dll
0x00007ffda1760000 - 0x00007ffda17a9000 	C:\Users\31634\AppData\Local\Temp\jna-48612857\jna16410720564291046108.dll
0x00007ffe9ee70000 - 0x00007ffe9ee78000 	C:\WINDOWS\System32\PSAPI.DLL
0x00007ffe9ca30000 - 0x00007ffe9cba7000 	C:\WINDOWS\System32\Crypt32.dll
0x00007ffe9b450000 - 0x00007ffe9b45a000 	C:\WINDOWS\System32\DPAPI.dll
0x00007ffe581d0000 - 0x00007ffe581de000 	E:\Software\Renesas\RA\sc_v2025-12_fsp_v6.4.0\eclipse\plugins\org.eclipse.justj.openjdk.hotspot.jre.full.stripped.win32.x86_64_21.0.7.v20250502-0916\jre\bin\sunmscapi.dll
0x00007ffe9b080000 - 0x00007ffe9b0b0000 	C:\WINDOWS\SYSTEM32\ncrypt.dll
0x00007ffe9b030000 - 0x00007ffe9b06f000 	C:\WINDOWS\SYSTEM32\NTASN1.dll
0x00007ffe99fc0000 - 0x00007ffe9a0ea000 	C:\WINDOWS\SYSTEM32\DNSAPI.dll
0x000000005d010000 - 0x000000005d01b000 	C:\Program Files\National Instruments\Shared\mDNS Responder\nimdnsNSP.dll
0x000000005cff0000 - 0x000000005d001000 	C:\WINDOWS\SYSTEM32\nimdnsResponder.dll
0x00007ffe93b40000 - 0x00007ffe93b4b000 	C:\Windows\System32\rasadhlp.dll
0x00007ffe93290000 - 0x00007ffe932d4000 	C:\WINDOWS\system32\mlang.dll
0x00007ffe95aa0000 - 0x00007ffe95b26000 	C:\WINDOWS\System32\fwpuclnt.dll
0x00007ffe35c60000 - 0x00007ffe35c69000 	E:\Software\Renesas\RA\sc_v2025-12_fsp_v6.4.0\eclipse\plugins\org.eclipse.justj.openjdk.hotspot.jre.full.stripped.win32.x86_64_21.0.7.v20250502-0916\jre\bin\extnet.dll
0x00007ffdabba0000 - 0x00007ffdabd01000 	E:\Software\Renesas\RA\sc_v2025-12_fsp_v6.4.0\eclipse\plugins\com.equo.chromium.cef.win32.win32.x86_64_128.0.20\chromium-6613\chrome_elf.dll
0x00007ffc85c70000 - 0x00007ffc94487000 	E:\Software\Renesas\RA\sc_v2025-12_fsp_v6.4.0\eclipse\plugins\com.equo.chromium.cef.win32.win32.x86_64_128.0.20\chromium-6613\libcef.dll
0x00007ffe9b9b0000 - 0x00007ffe9ba31000 	C:\WINDOWS\System32\WINTRUST.dll
0x00007ffe976a0000 - 0x00007ffe976ad000 	C:\WINDOWS\SYSTEM32\Secur32.dll
0x00007ffe94ab0000 - 0x00007ffe94ad3000 	C:\WINDOWS\SYSTEM32\dhcpcsvc.DLL
0x00007ffe9a880000 - 0x00007ffe9a8c9000 	C:\WINDOWS\SYSTEM32\SSPICLI.DLL
0x00007ffe9aed0000 - 0x00007ffe9aee3000 	C:\WINDOWS\SYSTEM32\MSASN1.dll
0x00007ffda4b70000 - 0x00007ffda4e38000 	E:\Software\Renesas\RA\sc_v2025-12_fsp_v6.4.0\eclipse\plugins\com.equo.chromium.cef.win32.win32.x86_64_128.0.20\chromium-6613\equochro.dll
0x00007ffe9a700000 - 0x00007ffe9a736000 	C:\WINDOWS\system32\ntmarta.dll

dbghelp: loaded successfully - version: 4.0.5 - missing functions: none
symbol engine: initialized successfully - sym options: 0x614 - pdb path: .;E:\Software\Renesas\RA\sc_v2025-12_fsp_v6.4.0\eclipse;C:\WINDOWS\SYSTEM32;C:\WINDOWS\WinSxS\amd64_microsoft.windows.common-controls_6595b64144ccf1df_6.0.26100.8037_none_3e092faae333b53b;E:\Software\Renesas\RA\sc_v2025-12_fsp_v6.4.0\eclipse\plugins\org.eclipse.equinox.launcher.win32.win32.x86_64_1.2.1300.v20250331-1702;E:\Software\Renesas\RA\sc_v2025-12_fsp_v6.4.0\eclipse\plugins\org.eclipse.justj.openjdk.hotspot.jre.full.stripped.win32.x86_64_21.0.7.v20250502-0916\jre\bin\server;E:\Software\Renesas\RA\sc_v2025-12_fsp_v6.4.0\eclipse\plugins\org.eclipse.justj.openjdk.hotspot.jre.full.stripped.win32.x86_64_21.0.7.v20250502-0916\jre\bin;C:\ProgramData\A-Volute\A-Volute.Nahimic\Modules\Scheduled\x64;E:\Software\Renesas\RA\sc_v2025-12_fsp_v6.4.0\eclipse\configuration\org.eclipse.osgi\366\0\.cp;C:\WINDOWS\WinSxS\amd64_microsoft.windows.gdiplus_6595b64144ccf1df_1.1.26100.8036_none_6ef439583dc61568;C:\Users\31634\AppData\Local\Temp\jna-48612857;C:\Program Files\National Instruments\Shared\mDNS Responder;E:\Software\Renesas\RA\sc_v2025-12_fsp_v6.4.0\eclipse\plugins\com.equo.chromium.cef.win32.win32.x86_64_128.0.20\chromium-6613

VM Arguments:
jvm_args: -Declipse.p2.max.threads=10 -Dosgi.requiredJavaVersion=17 -Dorg.slf4j.simpleLogger.defaultLogLevel=off -XX:+UseG1GC -XX:+UseStringDeduplication -Xms512m -Xmx3g --add-modules=ALL-SYSTEM -Dcom.renesas.cdt.core.ui.menus.RenesasViewsMenuFactory.hide=true -Dswt.autoScale=quarter -Dswt.autoScale.method=smooth 
java_command: <unknown>
java_class_path (initial): E:\Software\Renesas\RA\sc_v2025-12_fsp_v6.4.0\eclipse\\plugins/org.eclipse.equinox.launcher_1.7.0.v20250717-1148.jar
Launcher Type: generic

[Global flags]
     intx CICompilerCount                          = 12                                        {product} {ergonomic}
     uint ConcGCThreads                            = 5                                         {product} {ergonomic}
     uint G1ConcRefinementThreads                  = 18                                        {product} {ergonomic}
   size_t G1HeapRegionSize                         = 2097152                                   {product} {ergonomic}
    uintx GCDrainStackTargetSize                   = 64                                        {product} {ergonomic}
   size_t InitialHeapSize                          = 536870912                                 {product} {command line}
   size_t MarkStackSize                            = 4194304                                   {product} {ergonomic}
   size_t MaxHeapSize                              = 3221225472                                {product} {command line}
   size_t MaxNewSize                               = 1931476992                                {product} {ergonomic}
   size_t MinHeapDeltaBytes                        = 2097152                                   {product} {ergonomic}
   size_t MinHeapSize                              = 536870912                                 {product} {command line}
    uintx NonNMethodCodeHeapSize                   = 7602480                                {pd product} {ergonomic}
    uintx NonProfiledCodeHeapSize                  = 122027880                              {pd product} {ergonomic}
    uintx ProfiledCodeHeapSize                     = 122027880                              {pd product} {ergonomic}
    uintx ReservedCodeCacheSize                    = 251658240                              {pd product} {ergonomic}
     bool SegmentedCodeCache                       = true                                      {product} {ergonomic}
   size_t SoftMaxHeapSize                          = 3221225472                             {manageable} {ergonomic}
     bool UseCompressedOops                        = true                           {product lp64_product} {ergonomic}
     bool UseG1GC                                  = true                                      {product} {command line}
     bool UseLargePagesIndividualAllocation        = false                                  {pd product} {ergonomic}
     bool UseStringDeduplication                   = true                                      {product} {command line}

Logging:
Log output configuration:
 #0: stdout all=warning uptime,level,tags foldmultilines=false
 #1: stderr all=off uptime,level,tags foldmultilines=false

Environment Variables:
CLASSPATH=D:\software\LINGO64_18\Lingo18.jar
PATH=E:\Software\KEIL543\ARM\ARMCLANG\Bin;C:\Program Files\Common Files\Oracle\Java\javapath;C:\Program Files (x86)\STMicroelectronics\stlink_server;D:\software\cubeCLT\STM32CubeCLT_1.18.0;D:\software\cubeCLT\STM32CubeCLT_1.18.0\CMake\bin;D:\software\cubeCLT\STM32CubeCLT_1.18.0\Ninja\bin;D:\software\cubeCLT\STM32CubeCLT_1.18.0\GNU-tools-for-STM32\bin;D:\software\cubeCLT\STM32CubeCLT_1.18.0\STLink-gdb-server\bin;D:\software\cubeCLT\STM32CubeCLT_1.18.0\STM32CubeProgrammer\bin;C:\WINDOWS\system32;C:\WINDOWS;C:\WINDOWS\System32\Wbem;C:\WINDOWS\System32\WindowsPowerShell\v1.0\;C:\WINDOWS\System32\OpenSSH\;C:\Program Files\dotnet\;C:\Program Files (x86)\NVIDIA Corporation\PhysX\Common;C:\Program Files\NVIDIA Corporation\NVIDIA NvDLISR;C:\Program Files (x86)\Windows Kits\10\Windows Performance Toolkit\;D:\matlab\runtime\win64;D:\matlab\bin;C:\Program Files (x86)\Microsoft SQL Server\160\Tools\Binn\;C:\Program Files\Microsoft SQL Server\160\Tools\Binn\;C:\Program Files\Microsoft SQL Server\Client SDK\ODBC\170\Tools\Binn\;C:\Program Files\Microsoft SQL Server\160\DTS\Binn\;C:\Program Files (x86)\Windows Kits\8.1\Windows Performance Toolkit\;D:\software\Visual Studio Code2025\VScode\Microsoft VS Code\bin;D:\software\git\Git\cmd;D:\software\LINGO64_18\;D:\texlive\2025\bin\windows;D:\pandoc\;C:\Users\31634\AppData\Local\Muse Hub\lib;D:\software\cursor\cursor\resources\app\bin;D:\python\Pythonn\Scripts\;D:\python\Pythonn\;C:\Users\31634\AppData\Local\Programs\Python\Launcher\;C:\Users\31634\AppData\Local\Microsoft\WindowsApps;C:\Users\31634\Desktop\缂栫▼\CodeBlocks\MinGW\bin;;C:\WINDOWS\System32\Wbem;D:\python\PyCharm 2024.1.3\bin;;D:\software\clion\CLion 2025.1.3\bin;;D:\DevEnv\DevEnv\DevEnv\GNU-tools-for-STM32\bin;C:\Users\31634\AppData\Roaming\Programs\Zero Install;C:\Users\31634\AppData\Local\Muse Hub\lib;D:\FPGA\FPGA_Software\ModelSim\win64;D:\FPGA\FPGA_Software\ModelSim2020.4\win64
USERNAME=31634
OS=Windows_NT
PROCESSOR_IDENTIFIER=Intel64 Family 6 Model 183 Stepping 1, GenuineIntel
TMP=C:\Users\31634\AppData\Local\Temp
TEMP=C:\Users\31634\AppData\Local\Temp




Periodic native trim disabled

---------------  S Y S T E M  ---------------

OS:
 Windows 11 , 64 bit Build 26100 (10.0.26100.7920)
OS uptime: 0 days 6:28 hours
Hyper-V role detected

CPU: total 24 (initial active 24) (12 cores per cpu, 2 threads per core) family 6 model 183 stepping 1 microcode 0x120, cx8, cmov, fxsr, ht, mmx, 3dnowpref, sse, sse2, sse3, ssse3, sse4.1, sse4.2, popcnt, lzcnt, tsc, tscinvbit, avx, avx2, aes, erms, clmul, bmi1, bmi2, adx, sha, fma, vzeroupper, clflush, clflushopt, clwb, hv, serialize, rdtscp, rdpid, fsrm, f16c, cet_ibt, cet_ss
Processor Information for processor 0
  Max Mhz: 2200, Current Mhz: 2200, Mhz Limit: 2200
Processor Information for processor 1
  Max Mhz: 2200, Current Mhz: 2200, Mhz Limit: 2200
Processor Information for processor 2
  Max Mhz: 2200, Current Mhz: 2200, Mhz Limit: 2200
Processor Information for processor 3
  Max Mhz: 2200, Current Mhz: 1466, Mhz Limit: 2200
Processor Information for processor 4
  Max Mhz: 2200, Current Mhz: 2200, Mhz Limit: 2200
Processor Information for processor 5
  Max Mhz: 2200, Current Mhz: 1466, Mhz Limit: 2200
Processor Information for processor 6
  Max Mhz: 2200, Current Mhz: 2200, Mhz Limit: 2200
Processor Information for processor 7
  Max Mhz: 2200, Current Mhz: 1466, Mhz Limit: 2200
Processor Information for processor 8
  Max Mhz: 2200, Current Mhz: 2200, Mhz Limit: 2200
Processor Information for processor 9
  Max Mhz: 2200, Current Mhz: 2200, Mhz Limit: 2200
Processor Information for processor 10
  Max Mhz: 2200, Current Mhz: 2200, Mhz Limit: 2200
Processor Information for processor 11
  Max Mhz: 2200, Current Mhz: 2200, Mhz Limit: 2200
Processor Information for processor 12
  Max Mhz: 2200, Current Mhz: 2200, Mhz Limit: 2200
Processor Information for processor 13
  Max Mhz: 2200, Current Mhz: 2200, Mhz Limit: 2200
Processor Information for processor 14
  Max Mhz: 2200, Current Mhz: 2200, Mhz Limit: 2200
Processor Information for processor 15
  Max Mhz: 2200, Current Mhz: 2200, Mhz Limit: 2200
Processor Information for processor 16
  Max Mhz: 2200, Current Mhz: 1600, Mhz Limit: 1584
Processor Information for processor 17
  Max Mhz: 2200, Current Mhz: 1500, Mhz Limit: 1584
Processor Information for processor 18
  Max Mhz: 2200, Current Mhz: 1600, Mhz Limit: 1584
Processor Information for processor 19
  Max Mhz: 2200, Current Mhz: 1500, Mhz Limit: 1584
Processor Information for processor 20
  Max Mhz: 2200, Current Mhz: 1500, Mhz Limit: 1584
Processor Information for processor 21
  Max Mhz: 2200, Current Mhz: 1500, Mhz Limit: 1584
Processor Information for processor 22
  Max Mhz: 2200, Current Mhz: 1600, Mhz Limit: 1584
Processor Information for processor 23
  Max Mhz: 2200, Current Mhz: 1500, Mhz Limit: 1584

Memory: 4k page, system-wide physical 16115M (1199M free)
TotalPageFile size 32230M (AvailPageFile size 646M)
current process WorkingSet (physical memory assigned to process): 981M, peak: 984M
current process commit charge ("private bytes"): 1016M, peak: 1021M

vm_info: OpenJDK 64-Bit Server VM (21.0.7+6-LTS) for windows-amd64 JRE (21.0.7+6-LTS), built on 2025-04-15T00:00:00Z by "admin" with MS VC++ 17.7 (VS2022)

END.
