#
# A fatal error has been detected by the Java Runtime Environment:
#
#  EXCEPTION_ACCESS_VIOLATION (0xc0000005) at pc=0x00007ff872837fff, pid=39792, tid=38712
#
# JRE version: OpenJDK Runtime Environment Temurin-21.0.7+6 (21.0.7+6) (build 21.0.7+6-LTS)
# Java VM: OpenJDK 64-Bit Server VM Temurin-21.0.7+6 (21.0.7+6-LTS, mixed mode, sharing, tiered, compressed oops, compressed class ptrs, g1 gc, windows-amd64)
# Problematic frame:
# C  [libcef.dll+0x4717fff]
#
# No core dump will be written. Minidumps are not enabled by default on client versions of Windows
#
# If you would like to submit a bug report, please visit:
#   https://github.com/adoptium/adoptium-support/issues
# The crash happened outside the Java Virtual Machine in native code.
# See problematic frame for where to report the bug.
#

---------------  S U M M A R Y ------------

Command Line: -Declipse.p2.max.threads=10 -Dosgi.requiredJavaVersion=17 -Dorg.slf4j.simpleLogger.defaultLogLevel=off -XX:+UseG1GC -XX:+UseStringDeduplication -Xms512m -Xmx3g --add-modules=ALL-SYSTEM -Dcom.renesas.cdt.core.ui.menus.RenesasViewsMenuFactory.hide=true -Dswt.autoScale=quarter -Dswt.autoScale.method=smooth 

Host: Intel(R) Core(TM) i7-14650HX, 24 cores, 15G,  Windows 11 , 64 bit Build 26100 (10.0.26100.7705)
Time: Wed Mar  4 22:41:42 2026  Windows 11 , 64 bit Build 26100 (10.0.26100.7705) elapsed time: 13.776022 seconds (0d 0h 0m 13s)

---------------  T H R E A D  ---------------

Current thread (0x0000020ceb53d760):  JavaThread "main"             [_thread_in_native, id=38712, stack(0x0000005ff3490000,0x0000005ff3590000) (1024K)]

Stack: [0x0000005ff3490000,0x0000005ff3590000],  sp=0x0000005ff358ad70,  free space=1003k
Native frames: (J=compiled Java code, j=interpreted, Vv=VM code, C=native code)
C  [libcef.dll+0x4717fff]

Java frames: (J=compiled Java code, j=interpreted, Vv=VM code)
j  org.cef.CefApp.N_Initialize(Lorg/cef/handler/CefAppHandler;Lorg/cef/CefSettings;)Z+0
j  org.cef.CefApp.access$5(Lorg/cef/CefApp;Lorg/cef/handler/CefAppHandler;Lorg/cef/CefSettings;)Z+3
j  org.cef.CefApp$2.run()V+264
j  org.cef.CefApp.initialize()V+21
j  org.cef.CefApp.createClient()Lorg/cef/CefClient;+43
j  com.equo.chromium.internal.Engine.createClient()Lorg/cef/CefClient;+3
j  com.equo.chromium.swt.internal.Chromium.createClienthandler()V+0
j  com.equo.chromium.swt.internal.Chromium.getClientHandler()Lorg/cef/CefClientSwt;+15
j  com.equo.chromium.swt.internal.Chromium.prepareBrowser()V+38
j  com.equo.chromium.swt.internal.Chromium.createBrowser()V+1
j  com.equo.chromium.swt.internal.Chromium.create(Lorg/eclipse/swt/widgets/Composite;I)V+87
j  com.equo.chromium.swt.Browser.<init>(Lorg/eclipse/swt/widgets/Composite;I)V+129
j  org.eclipse.swt.browser.Browser.<init>(Lorg/eclipse/swt/widgets/Composite;I)V+6
j  com.renesas.cdt.ddsc.settingseditor.pages.PageSummary.createContents(Lorg/eclipse/swt/widgets/Composite;)Lorg/eclipse/swt/widgets/Control;+216
j  com.renesas.cdt.ddsc.settingseditor.pages.ConfigPageCompositeWrapper.createContents(Lorg/eclipse/swt/widgets/Composite;)Lorg/eclipse/swt/widgets/Control;+18
j  com.renesas.cdt.ddsc.settingseditor.pages.ConfigPageCompositeWrapper.createFormContent(Lorg/eclipse/ui/forms/IManagedForm;)V+70
j  org.eclipse.ui.forms.editor.FormPage.lambda$0()V+5
j  org.eclipse.ui.forms.editor.FormPage$$Lambda+0x0000020c87826898.run()V+4
j  org.eclipse.swt.custom.BusyIndicator.showWhile(Lorg/eclipse/swt/widgets/Display;Ljava/lang/Runnable;)V+33
j  org.eclipse.ui.forms.editor.FormPage.createPartControl(Lorg/eclipse/swt/widgets/Composite;)V+35
j  org.eclipse.ui.part.MultiPageEditorPart.addPage(ILorg/eclipse/ui/IEditorPart;Lorg/eclipse/ui/IEditorInput;)V+49
j  org.eclipse.ui.forms.editor.FormEditor.addPage(ILorg/eclipse/ui/IEditorPart;Lorg/eclipse/ui/IEditorInput;)V+4
j  org.eclipse.ui.part.MultiPageEditorPart.addPage(Lorg/eclipse/ui/IEditorPart;Lorg/eclipse/ui/IEditorInput;)I+9
j  org.eclipse.ui.forms.editor.FormEditor.addPage(Lorg/eclipse/ui/IEditorPart;Lorg/eclipse/ui/IEditorInput;)I+3
j  com.renesas.cdt.ddsc.settingseditor.internal.editors.DDSCSettingsEditor.addConfigurationPages()V+335
j  com.renesas.cdt.ddsc.settingseditor.internal.editors.DDSCSettingsEditor.createPages()V+53
j  org.eclipse.ui.part.MultiPageEditorPart.createPartControl(Lorg/eclipse/swt/widgets/Composite;)V+16
j  org.eclipse.ui.internal.e4.compatibility.CompatibilityPart.createPartControl(Lorg/eclipse/ui/IWorkbenchPart;Lorg/eclipse/swt/widgets/Composite;)Z+65
j  org.eclipse.ui.internal.e4.compatibility.CompatibilityEditor.createPartControl(Lorg/eclipse/ui/IWorkbenchPart;Lorg/eclipse/swt/widgets/Composite;)Z+3
j  org.eclipse.ui.internal.e4.compatibility.CompatibilityPart.create()V+145
j  java.lang.invoke.LambdaForm$DMH+0x0000020c87017400.invokeVirtual(Ljava/lang/Object;Ljava/lang/Object;)V+10 java.base@21.0.7
j  java.lang.invoke.LambdaForm$MH+0x0000020c8710a400.invoke(Ljava/lang/Object;Ljava/lang/Object;)Ljava/lang/Object;+31 java.base@21.0.7
J 1608 c1 jdk.internal.reflect.DirectMethodHandleAccessor.invoke(Ljava/lang/Object;[Ljava/lang/Object;)Ljava/lang/Object; java.base@21.0.7 (92 bytes) @ 0x0000020cee9e6b7c [0x0000020cee9e4f60+0x0000000000001c1c]
J 10107 c1 org.eclipse.e4.core.internal.di.MethodRequestor.execute()Ljava/lang/Object; (176 bytes) @ 0x0000020ceeb944fc [0x0000020ceeb92f00+0x00000000000015fc]
J 10154 c1 org.eclipse.e4.core.internal.di.InjectorImpl.processAnnotated(Lorg/eclipse/e4/core/internal/di/AnnotationLookup$AnnotationProxy;Ljava/lang/Object;Ljava/lang/Class;Lorg/eclipse/e4/core/di/suppliers/PrimaryObjectSupplier;Lorg/eclipse/e4/core/di/suppliers/PrimaryObjectSupplier;Ljava/util/List;)V (417 bytes) @ 0x0000020ceee714dc [0x0000020ceee70b00+0x00000000000009dc]
J 10154 c1 org.eclipse.e4.core.internal.di.InjectorImpl.processAnnotated(Lorg/eclipse/e4/core/internal/di/AnnotationLookup$AnnotationProxy;Ljava/lang/Object;Ljava/lang/Class;Lorg/eclipse/e4/core/di/suppliers/PrimaryObjectSupplier;Lorg/eclipse/e4/core/di/suppliers/PrimaryObjectSupplier;Ljava/util/List;)V (417 bytes) @ 0x0000020ceee70e1c [0x0000020ceee70b00+0x000000000000031c]
j  org.eclipse.e4.core.internal.di.InjectorImpl.internalInject(Ljava/lang/Object;Lorg/eclipse/e4/core/di/suppliers/PrimaryObjectSupplier;Lorg/eclipse/e4/core/di/suppliers/PrimaryObjectSupplier;)V+175
j  org.eclipse.e4.core.internal.di.InjectorImpl.internalMake(Ljava/lang/Class;Lorg/eclipse/e4/core/di/suppliers/PrimaryObjectSupplier;Lorg/eclipse/e4/core/di/suppliers/PrimaryObjectSupplier;)Ljava/lang/Object;+310
j  org.eclipse.e4.core.internal.di.InjectorImpl.make(Ljava/lang/Class;Lorg/eclipse/e4/core/di/suppliers/PrimaryObjectSupplier;)Ljava/lang/Object;+11
j  org.eclipse.e4.core.contexts.ContextInjectionFactory.make(Ljava/lang/Class;Lorg/eclipse/e4/core/contexts/IEclipseContext;)Ljava/lang/Object;+13
j  org.eclipse.e4.ui.internal.workbench.ReflectionContributionFactory.createFromBundle(Lorg/osgi/framework/Bundle;Lorg/eclipse/e4/core/contexts/IEclipseContext;Lorg/eclipse/e4/core/contexts/IEclipseContext;Lorg/eclipse/emf/common/util/URI;)Ljava/lang/Object;+158
j  org.eclipse.e4.ui.internal.workbench.ReflectionContributionFactory.doCreate(Ljava/lang/String;Lorg/eclipse/e4/core/contexts/IEclipseContext;Lorg/eclipse/e4/core/contexts/IEclipseContext;)Ljava/lang/Object;+78
j  org.eclipse.e4.ui.internal.workbench.ReflectionContributionFactory.create(Ljava/lang/String;Lorg/eclipse/e4/core/contexts/IEclipseContext;)Ljava/lang/Object;+4
j  org.eclipse.ui.internal.WorkbenchContributionFactory.create(Ljava/lang/String;Lorg/eclipse/e4/core/contexts/IEclipseContext;)Ljava/lang/Object;+6
j  org.eclipse.e4.ui.workbench.renderers.swt.ContributedPartRenderer.createWidget(Lorg/eclipse/e4/ui/model/application/ui/MUIElement;Ljava/lang/Object;)Ljava/lang/Object;+132
j  org.eclipse.e4.ui.internal.workbench.swt.PartRenderingEngine.createWidget(Lorg/eclipse/e4/ui/model/application/ui/MUIElement;Ljava/lang/Object;)Ljava/lang/Object;+21
j  org.eclipse.e4.ui.internal.workbench.swt.PartRenderingEngine.safeCreateGui(Lorg/eclipse/e4/ui/model/application/ui/MUIElement;Ljava/lang/Object;Lorg/eclipse/e4/core/contexts/IEclipseContext;)Ljava/lang/Object;+563
j  org.eclipse.e4.ui.internal.workbench.swt.PartRenderingEngine.safeCreateGui(Lorg/eclipse/e4/ui/model/application/ui/MUIElement;)Ljava/lang/Object;+168
j  org.eclipse.e4.ui.internal.workbench.swt.PartRenderingEngine$2.run()V+13
J 8617 c1 org.eclipse.core.runtime.SafeRunner.run(Lorg/eclipse/core/runtime/ISafeRunnable;)V (20 bytes) @ 0x0000020cefc23bbc [0x0000020cefc23a20+0x000000000000019c]
j  org.eclipse.e4.ui.internal.workbench.swt.PartRenderingEngine.createGui(Lorg/eclipse/e4/ui/model/application/ui/MUIElement;)Ljava/lang/Object;+15
j  org.eclipse.e4.ui.internal.workbench.PartServiceImpl.lambda$0(Lorg/osgi/service/event/Event;)V+183
j  org.eclipse.e4.ui.internal.workbench.PartServiceImpl$$Lambda+0x0000020c873efc68.handleEvent(Lorg/osgi/service/event/Event;)V+5
J 10174 c1 org.eclipse.e4.ui.services.internal.events.UIEventHandler$$Lambda+0x0000020c873e9a80.run()V (12 bytes) @ 0x0000020ceeb27eac [0x0000020ceeb27d40+0x000000000000016c]
J 10086 c1 org.eclipse.swt.widgets.Synchronizer.syncExec(Ljava/lang/Runnable;)V (312 bytes) @ 0x0000020ceef90114 [0x0000020ceef8f740+0x00000000000009d4]
J 10084 c1 org.eclipse.ui.internal.UISynchronizer.syncExec(Ljava/lang/Runnable;)V (144 bytes) @ 0x0000020ceeeef1fc [0x0000020ceeeee340+0x0000000000000ebc]
J 10083 c1 org.eclipse.swt.widgets.Display.syncExec(Ljava/lang/Runnable;)V (37 bytes) @ 0x0000020ceea30a04 [0x0000020ceea30680+0x0000000000000384]
J 10172 c1 org.eclipse.e4.ui.services.internal.events.UIEventHandler.handleEvent(Lorg/osgi/service/event/Event;)V (35 bytes) @ 0x0000020cee75ad44 [0x0000020cee75a760+0x00000000000005e4]
J 10080 c1 org.eclipse.equinox.internal.event.EventHandlerWrapper.handleEvent(Lorg/osgi/service/event/Event;Ljava/security/Permission;)V (135 bytes) @ 0x0000020ceeef0704 [0x0000020ceeef00e0+0x0000000000000624]
J 10078 c1 org.eclipse.equinox.internal.event.EventHandlerTracker.dispatchEvent(Ljava/lang/Object;Ljava/lang/Object;ILjava/lang/Object;)V (19 bytes) @ 0x0000020ceea31784 [0x0000020ceea313e0+0x00000000000003a4]
J 11606 c2 org.eclipse.osgi.framework.eventmgr.ListenerQueue.dispatchEventSynchronous(ILjava/lang/Object;)V (81 bytes) @ 0x0000020cf6b1602c [0x0000020cf6b15c00+0x000000000000042c]
J 9441 c1 org.eclipse.equinox.internal.event.EventAdminImpl.dispatchEvent(Lorg/osgi/service/event/Event;Z)V (228 bytes) @ 0x0000020cee8f62bc [0x0000020cee8f53c0+0x0000000000000efc]
J 10322 c1 org.eclipse.equinox.internal.event.EventComponent.sendEvent(Lorg/osgi/service/event/Event;)V (9 bytes) @ 0x0000020cef1502a4 [0x0000020cef1501c0+0x00000000000000e4]
J 9841 c1 org.eclipse.e4.ui.internal.workbench.UIEventPublisher.notifyChanged(Lorg/eclipse/emf/common/notify/Notification;)V (61 bytes) @ 0x0000020ceec0194c [0x0000020ceec00de0+0x0000000000000b6c]
J 7916 c1 org.eclipse.emf.common.notify.impl.BasicNotifierImpl.eNotify(Lorg/eclipse/emf/common/notify/Notification;)V (44 bytes) @ 0x0000020cefa5599c [0x0000020cefa55680+0x000000000000031c]
j  org.eclipse.e4.ui.model.application.ui.impl.ElementContainerImpl.setSelectedElementGen(Lorg/eclipse/e4/ui/model/application/ui/MUIElement;)V+34
j  org.eclipse.e4.ui.model.application.ui.impl.ElementContainerImpl.setSelectedElement(Lorg/eclipse/e4/ui/model/application/ui/MUIElement;)V+63
j  org.eclipse.e4.ui.internal.workbench.ModelServiceImpl.showElementInWindow(Lorg/eclipse/e4/ui/model/application/ui/basic/MWindow;Lorg/eclipse/e4/ui/model/application/ui/MUIElement;)V+121
j  org.eclipse.e4.ui.internal.workbench.ModelServiceImpl.bringToTop(Lorg/eclipse/e4/ui/model/application/ui/MUIElement;)V+53
j  org.eclipse.e4.ui.internal.workbench.PartServiceImpl.delegateBringToTop(Lorg/eclipse/e4/ui/model/application/ui/basic/MPart;)V+5
j  org.eclipse.e4.ui.internal.workbench.PartServiceImpl.bringToTop(Lorg/eclipse/e4/ui/model/application/ui/basic/MPart;)V+140
j  org.eclipse.e4.ui.internal.workbench.PartServiceImpl.showPart(Lorg/eclipse/e4/ui/model/application/ui/basic/MPart;Lorg/eclipse/e4/ui/workbench/modeling/EPartService$PartState;)Lorg/eclipse/e4/ui/model/application/ui/basic/MPart;+133
j  org.eclipse.ui.internal.WorkbenchPage.busyOpenEditor(Lorg/eclipse/ui/IEditorInput;Ljava/lang/String;ZILorg/eclipse/ui/IMemento;Z)Lorg/eclipse/ui/IEditorPart;+540
j  org.eclipse.ui.internal.WorkbenchPage.lambda$11([Lorg/eclipse/ui/IEditorPart;Lorg/eclipse/ui/IEditorInput;Ljava/lang/String;ZILorg/eclipse/ui/IMemento;Z[Lorg/eclipse/ui/PartInitException;)V+13
j  org.eclipse.ui.internal.WorkbenchPage$$Lambda+0x0000020c8767e358.run()V+36
j  org.eclipse.swt.custom.BusyIndicator.showWhile(Lorg/eclipse/swt/widgets/Display;Ljava/lang/Runnable;)V+33
j  org.eclipse.ui.internal.WorkbenchPage.openEditor(Lorg/eclipse/ui/IEditorInput;Ljava/lang/String;ZILorg/eclipse/ui/IMemento;Z)Lorg/eclipse/ui/IEditorPart;+59
j  org.eclipse.ui.internal.WorkbenchPage.openEditor(Lorg/eclipse/ui/IEditorInput;Ljava/lang/String;ZI)Lorg/eclipse/ui/IEditorPart;+8
j  org.eclipse.ui.internal.WorkbenchPage.openEditor(Lorg/eclipse/ui/IEditorInput;Ljava/lang/String;)Lorg/eclipse/ui/IEditorPart;+5
j  com.renesas.cdt.ddsc.standalone.internal.StandaloneApplication.runConfiguratorFlow(Lorg/eclipse/ui/IWorkbenchWindow;Lcom/renesas/cdt/ddsc/standalone/internal/StandaloneApplication$StandaloneOperation;)V+56
j  com.renesas.cdt.ddsc.standalone.internal.StandaloneApplication.performWorkbenchOperation(Lcom/renesas/cdt/ddsc/standalone/internal/StandaloneApplication$StandaloneOperation;Lorg/eclipse/ui/IWorkbenchWindow;)V+47
j  com.renesas.cdt.ddsc.standalone.internal.StandaloneApplication$4.run()V+35
j  org.eclipse.swt.widgets.RunnableLock.run(Lorg/eclipse/swt/widgets/Display;)V+11
j  org.eclipse.swt.widgets.Synchronizer.runAsyncMessages(Z)Z+41
j  org.eclipse.swt.widgets.Display.runAsyncMessages(Z)Z+5
j  org.eclipse.swt.widgets.Display.readAndDispatch()Z+84
j  org.eclipse.e4.ui.internal.workbench.swt.PartRenderingEngine$5.run()V+564
j  org.eclipse.core.databinding.observable.Realm.runWithDefault(Lorg/eclipse/core/databinding/observable/Realm;Ljava/lang/Runnable;)V+12
j  org.eclipse.e4.ui.internal.workbench.swt.PartRenderingEngine.run(Lorg/eclipse/e4/ui/model/application/MApplicationElement;Lorg/eclipse/e4/core/contexts/IEclipseContext;)Ljava/lang/Object;+57
j  org.eclipse.e4.ui.internal.workbench.E4Workbench.createAndRunUI(Lorg/eclipse/e4/ui/model/application/MApplicationElement;)V+20
j  org.eclipse.ui.internal.Workbench.lambda$3(Lorg/eclipse/swt/widgets/Display;Lorg/eclipse/ui/application/WorkbenchAdvisor;[I)V+334
j  org.eclipse.ui.internal.Workbench$$Lambda+0x0000020c872bca58.run()V+12
j  org.eclipse.core.databinding.observable.Realm.runWithDefault(Lorg/eclipse/core/databinding/observable/Realm;Ljava/lang/Runnable;)V+12
j  org.eclipse.ui.internal.Workbench.createAndRunWorkbench(Lorg/eclipse/swt/widgets/Display;Lorg/eclipse/ui/application/WorkbenchAdvisor;)I+16
j  org.eclipse.ui.PlatformUI.createAndRunWorkbench(Lorg/eclipse/swt/widgets/Display;Lorg/eclipse/ui/application/WorkbenchAdvisor;)I+2
j  com.renesas.cdt.ddsc.standalone.internal.StandaloneApplication.runWorkbench()Ljava/lang/Object;+23
j  com.renesas.cdt.ddsc.standalone.internal.StandaloneApplication.queueWorkbenchOperation(Lcom/renesas/cdt/ddsc/standalone/internal/StandaloneApplication$StandaloneOperation;)V+49
j  com.renesas.cdt.ddsc.standalone.internal.StandaloneApplication.doRcpEdit(Lcom/renesas/cdt/ddsc/standalone/internal/options/IEditOptions;)Ljava/lang/Object;+39
j  com.renesas.cdt.ddsc.standalone.internal.StandaloneApplication.start(Lorg/eclipse/equinox/app/IApplicationContext;)Ljava/lang/Object;+150
j  org.eclipse.equinox.internal.app.EclipseAppHandle.run(Ljava/lang/Object;)Ljava/lang/Object;+138
j  org.eclipse.core.runtime.internal.adaptor.EclipseAppLauncher.runApplication(Ljava/lang/Object;)Ljava/lang/Object;+85
j  org.eclipse.core.runtime.internal.adaptor.EclipseAppLauncher.start(Ljava/lang/Object;)Ljava/lang/Object;+79
j  org.eclipse.core.runtime.adaptor.EclipseStarter.run(Ljava/lang/Object;)Ljava/lang/Object;+99
j  org.eclipse.core.runtime.adaptor.EclipseStarter.run([Ljava/lang/String;Ljava/lang/Runnable;)Ljava/lang/Object;+132
J 427 c1 java.lang.invoke.DirectMethodHandle$Holder.invokeStatic(Ljava/lang/Object;Ljava/lang/Object;Ljava/lang/Object;)Ljava/lang/Object; java.base@21.0.7 (15 bytes) @ 0x0000020cee798bd4 [0x0000020cee7987e0+0x00000000000003f4]
j  java.lang.invoke.LambdaForm$MH+0x0000020c8701c800.invoke(Ljava/lang/Object;Ljava/lang/Object;Ljava/lang/Object;Ljava/lang/Object;)Ljava/lang/Object;+54 java.base@21.0.7
j  java.lang.invoke.LambdaForm$MH+0x0000020c8701cc00.invokeExact_MT(Ljava/lang/Object;Ljava/lang/Object;Ljava/lang/Object;Ljava/lang/Object;Ljava/lang/Object;)Ljava/lang/Object;+22 java.base@21.0.7
j  jdk.internal.reflect.DirectMethodHandleAccessor.invokeImpl(Ljava/lang/Object;[Ljava/lang/Object;)Ljava/lang/Object;+72 java.base@21.0.7
j  jdk.internal.reflect.DirectMethodHandleAccessor.invoke(Ljava/lang/Object;[Ljava/lang/Object;)Ljava/lang/Object;+23 java.base@21.0.7
j  java.lang.reflect.Method.invoke(Ljava/lang/Object;[Ljava/lang/Object;)Ljava/lang/Object;+102 java.base@21.0.7
j  org.eclipse.equinox.launcher.Main.invokeFramework([Ljava/lang/String;[Ljava/net/URL;)V+155
j  org.eclipse.equinox.launcher.Main.basicRun([Ljava/lang/String;)V+310
j  org.eclipse.equinox.launcher.Main.run([Ljava/lang/String;)I+4
v  ~StubRoutines::call_stub 0x0000020cf5b6100d

siginfo: EXCEPTION_ACCESS_VIOLATION (0xc0000005), reading address 0xffffffffffffffff


Registers:
RAX=0x00860a00c8250000, RBX=0x0000005ff358ada0, RCX=0x000025c8000a8300, RDX=0x0000005ff358ad30
RSP=0x0000005ff358ad70, RBP=0x0000005ff358b1c0, RSI=0x000025c8000740e0, RDI=0x000025c8000640f0
R8 =0x0000005ff358ad30, R9 =0x0000000000000000, R10=0x0000000000000000, R11=0x0000000000000246
R12=0x000025c800018780, R13=0x0000000000000000, R14=0x0000000000000000, R15=0x0000005ff358b0f8
RIP=0x00007ff872837fff, EFLAGS=0x0000000000010202

XMM[0]=0x0000000000000000 0x0000000000000000
XMM[1]=0x0000000000000000 0x0000000000000000
XMM[2]=0x0000000000000000 0x0000000000000000
XMM[3]=0x0000000000000000 0x0000000000000000
XMM[4]=0x0000000000000000 0x0000000000000000
XMM[5]=0x0000000000000000 0x0000000000000000
XMM[6]=0x0000000000000000 0xaf633f92e69b3021
XMM[7]=0x0000000000000000 0x592856ef513bda7e
XMM[8]=0x0000000000000000 0xadf9a5f47d8dcbb6
XMM[9]=0x0000000000000000 0x941786f131186232
XMM[10]=0x0000000000000000 0x000000009d00db41
XMM[11]=0x0000000000000000 0xfbf399ad2d0bfbdf
XMM[12]=0x0000000000000000 0x0000000031186232
XMM[13]=0x0000000000000000 0x00000000c695f4be
XMM[14]=0x0000000000000000 0x646131f5924665ff
XMM[15]=0x0000000000000000 0x000000002de5340a
  MXCSR=0x00001fa2


Register to memory mapping:

RAX=0x00860a00c8250000 is an unknown value
RBX=0x0000005ff358ada0 is pointing into the stack for thread: 0x0000020ceb53d760
RCX=0x000025c8000a8300 points into unknown readable memory: 0x00860a00c8250000 | 00 00 25 c8 00 0a 86 00
RDX=0x0000005ff358ad30 is pointing into the stack for thread: 0x0000020ceb53d760
RSP=0x0000005ff358ad70 is pointing into the stack for thread: 0x0000020ceb53d760
RBP=0x0000005ff358b1c0 is pointing into the stack for thread: 0x0000020ceb53d760
RSI=0x000025c8000740e0 points into unknown readable memory: 0x00007ff87ada5520 | 20 55 da 7a f8 7f 00 00
RDI=0x000025c8000640f0 points into unknown readable memory: 0x0000000000000000 | 00 00 00 00 00 00 00 00
R8 =0x0000005ff358ad30 is pointing into the stack for thread: 0x0000020ceb53d760
R9 =0x0 is null
R10=0x0 is null
R11=0x0000000000000246 is an unknown value
R12=0x000025c800018780 points into unknown readable memory: 0x00000018c8250101 | 01 01 25 c8 18 00 00 00
R13=0x0 is null
R14=0x0 is null
R15=0x0000005ff358b0f8 is pointing into the stack for thread: 0x0000020ceb53d760

Top of Stack: (sp=0x0000005ff358ad70)
0x0000005ff358ad70:   000025c8000a8390 000025c8000a8368
0x0000005ff358ad80:   000025c800001540 00007ff872f73aa1
0x0000005ff358ad90:   00007ff87a9edf31 0000000000000004
0x0000005ff358ada0:   0000000000000000 0000000000000000
0x0000005ff358adb0:   0000000000000000 00000bb72526eaa9
0x0000005ff358adc0:   000025c800018780 0000000000000001
0x0000005ff358add0:   000025c8000740e0 00007ff872836ae7
0x0000005ff358ade0:   000025c800064d20 000025c800018780
0x0000005ff358adf0:   0000005ff358b1c0 000025c800018780
0x0000005ff358ae00:   000025c8000580d0 0000000000000001
0x0000005ff358ae10:   000025c8000740e0 00007ff872838120
0x0000005ff358ae20:   000025c8000d0320 000025c800018780
0x0000005ff358ae30:   0000005ff358b1c0 aaaaaaaaaaaa0000
0x0000005ff358ae40:   aaaaaaaaaaaaaaaa 000025c8000bc060
0x0000005ff358ae50:   000025c800018780 00007ff86e1c5257
0x0000005ff358ae60:   8000000000000088 00000bb72526eab9
0x0000005ff358ae70:   0000005ff358af30 0000005ff358af01
0x0000005ff358ae80:   000025c800054250 000025c800018780
0x0000005ff358ae90:   0000005ff358af01 000025c800054250
0x0000005ff358aea0:   0000000000000000 00007ff86e1c4bdb
0x0000005ff358aeb0:   0000005ff358b1e8 0000005ff358af38
0x0000005ff358aec0:   0000020cd1ea0e00 00007ff86e124f65
0x0000005ff358aed0:   0000000000000000 0000020cd1ea0e00
0x0000005ff358aee0:   0000005ff358af38 0000000000000000
0x0000005ff358aef0:   00007ff87a626040 000025c800054250
0x0000005ff358af00:   000025c800054240 00007ff86e121308
0x0000005ff358af10:   0000000000000030 00007ffa70d3cde4
0x0000005ff358af20:   0000020ce8e60000 0000000000000000
0x0000005ff358af30:   00007ff87a626040 00000000000001b8
0x0000005ff358af40:   0000000000000001 000025c8000ac280
0x0000005ff358af50:   0000000000000091 0000000000000000
0x0000005ff358af60:   0000000000000000 0000000000000000 

Instructions: (pc=0x00007ff872837fff)
0x00007ff872837eff:   00 00 00 48 85 c9 74 0b f0 ff 49 08 75 05 e8 0e
0x00007ff872837f0f:   21 1f fc e8 79 02 c0 fe e9 47 fa ff ff 0f b6 c8
0x00007ff872837f1f:   48 8d 05 a4 d6 56 08 48 89 84 24 a0 00 00 00 48
0x00007ff872837f2f:   8d 05 43 bf e1 07 48 89 44 24 20 c7 44 24 30 08
0x00007ff872837f3f:   00 00 00 c6 44 24 28 49 48 8d 94 24 88 00 00 00
0x00007ff872837f4f:   4c 8d 84 24 a0 00 00 00 41 b9 03 00 00 00 e8 be
0x00007ff872837f5f:   e7 a2 fb e9 c9 f9 ff ff cc cc cc cc cc cc cc cc
0x00007ff872837f6f:   cc 56 57 53 48 83 ec 50 48 89 ce 48 8b 05 bf e8
0x00007ff872837f7f:   74 09 48 31 e0 48 89 44 24 48 48 8b 79 18 48 c7
0x00007ff872837f8f:   41 18 00 00 00 00 48 85 ff 74 10 48 89 f9 e8 fe
0x00007ff872837f9f:   e5 ff ff 48 89 f9 e8 46 d2 d7 07 e8 d1 33 72 00
0x00007ff872837faf:   48 89 c7 48 b8 aa aa aa aa aa aa aa aa 48 89 44
0x00007ff872837fbf:   24 40 0f 28 05 68 e0 de 07 0f 29 44 24 30 48 8d
0x00007ff872837fcf:   0d 5d 5f 1b 08 48 89 4c 24 20 e8 c2 75 db 07 48
0x00007ff872837fdf:   89 44 24 28 48 8d 5c 24 30 4c 8d 44 24 20 48 89
0x00007ff872837fef:   f9 48 89 da e8 b8 3c 72 00 48 8b 4e 28 48 8b 01
0x00007ff872837fff:   48 8b 40 28 48 89 da ff 15 9c e1 67 09 e8 8f cd
0x00007ff87283800f:   ad fe 48 8b 7e 30 48 c7 46 30 00 00 00 00 48 85
0x00007ff87283801f:   ff 74 10 48 89 f9 e8 06 af 72 00 48 89 f9 e8 be
0x00007ff87283802f:   d1 d7 07 48 8b 4e 28 48 b8 00 00 00 00 fc ff ff
0x00007ff87283803f:   ff 48 21 c8 48 3b 05 7e 33 73 09 75 05 e8 0f c4
0x00007ff87283804f:   72 00 48 c7 46 28 00 00 00 00 c6 46 21 01 80 7c
0x00007ff87283805f:   24 47 00 79 0a 48 8b 4c 24 30 e8 82 d1 d7 07 48
0x00007ff87283806f:   8b 4c 24 48 48 31 e1 e8 f5 d3 d7 07 90 48 83 c4
0x00007ff87283807f:   50 5b 5f 5e c3 cc cc cc cc cc cc cc cc cc cc cc
0x00007ff87283808f:   cc 48 89 c8 48 8b 49 10 48 c7 40 10 00 00 00 00
0x00007ff87283809f:   48 85 c9 74 15 48 8b 01 48 8b 00 4c 8b 05 f7 e0
0x00007ff8728380af:   67 09 ba 01 00 00 00 49 ff e0 c3 cc cc cc cc cc
0x00007ff8728380bf:   cc 56 48 83 ec 20 48 89 ce b9 70 00 00 00 e8 8e
0x00007ff8728380cf:   d0 d7 07 48 8d 0d 47 d4 56 08 48 89 08 c6 40 08
0x00007ff8728380df:   00 c6 40 68 00 0f 57 c0 0f 11 40 10 c7 40 1f 00
0x00007ff8728380ef:   00 00 00 0f 11 40 28 c6 40 38 00 48 89 06 48 89 


Stack slot to memory mapping:

stack at sp + 0 slots: 0x000025c8000a8390 points into unknown readable memory: 0x00007ff87a646fe0 | e0 6f 64 7a f8 7f 00 00
stack at sp + 1 slots: 0x000025c8000a8368 points into unknown readable memory: 0x00007ff87a6261e0 | e0 61 62 7a f8 7f 00 00
stack at sp + 2 slots: 0x000025c800001540 points into unknown readable memory: 0x000025c8000a8300 | 00 83 0a 00 c8 25 00 00
stack at sp + 3 slots: 0x00007ff872f73aa1 libcef.dll
stack at sp + 4 slots: 0x00007ff87a9edf31 libcef.dll
stack at sp + 5 slots: 0x0000000000000004 is an unknown value
stack at sp + 6 slots: 0x0 is null
stack at sp + 7 slots: 0x0 is null


Compiled method (c1) 13825 1608   !   3       jdk.internal.reflect.DirectMethodHandleAccessor::invoke (92 bytes)
 total in heap  [0x0000020cee9e4a90,0x0000020cee9e8d50] = 17088
 relocation     [0x0000020cee9e4bf0,0x0000020cee9e4f60] = 880
 main code      [0x0000020cee9e4f60,0x0000020cee9e77c8] = 10344
 stub code      [0x0000020cee9e77c8,0x0000020cee9e7908] = 320
 oops           [0x0000020cee9e7908,0x0000020cee9e7938] = 48
 metadata       [0x0000020cee9e7938,0x0000020cee9e79b0] = 120
 scopes data    [0x0000020cee9e79b0,0x0000020cee9e7e90] = 1248
 scopes pcs     [0x0000020cee9e7e90,0x0000020cee9e8470] = 1504
 dependencies   [0x0000020cee9e8470,0x0000020cee9e8478] = 8
 handler table  [0x0000020cee9e8478,0x0000020cee9e8c88] = 2064
 nul chk table  [0x0000020cee9e8c88,0x0000020cee9e8d50] = 200

[Constant Pool (empty)]

[MachCode]
[Entry Point]
  # {method} {0x0000020c8619def0} 'invoke' '(Ljava/lang/Object;[Ljava/lang/Object;)Ljava/lang/Object;' in 'jdk/internal/reflect/DirectMethodHandleAccessor'
  # this:     rdx:rdx   = 'jdk/internal/reflect/DirectMethodHandleAccessor'
  # parm0:    r8:r8     = 'java/lang/Object'
  # parm1:    r9:r9     = '[Ljava/lang/Object;'
  #           [sp+0x170]  (sp of caller)
  0x0000020cee9e4f60: 448b 5208 | 49bb 0000 | 0086 0c02 | 0000 4d03 | d34c 3bd0 

  0x0000020cee9e4f74: ;   {runtime_call ic_miss_stub}
  0x0000020cee9e4f74: 0f85 0698 | 1c07 660f | 1f44 0000 
[Verified Entry Point]
  0x0000020cee9e4f80: 8984 2400 | 80ff ff55 | 4881 ec60 | 0100 0090 | 4181 7f20 | 0900 0000 

  0x0000020cee9e4f98: ;   {runtime_call StubRoutines (final stubs)}
  0x0000020cee9e4f98: 7405 e8c1 | fd1a 0748 | 8994 24b0 | 0000 004c | 8984 24c0 | 0000 004c | 898c 24b8 

  0x0000020cee9e4fb4: ;   {metadata(method data for {method} {0x0000020c8619def0} 'invoke' '(Ljava/lang/Object;[Ljava/lang/Object;)Ljava/lang/Object;' in 'jdk/internal/reflect/DirectMethodHandleAccessor')}
  0x0000020cee9e4fb4: 0000 0048 | beb0 e236 | c70c 0200 | 008b becc | 0000 0083 | c702 89be | cc00 0000 | 81e7 fe07 
  0x0000020cee9e4fd4: 0000 85ff | 0f84 9b22 | 0000 488b 

  0x0000020cee9e4fe0: ;   {metadata(method data for {method} {0x0000020c8619def0} 'invoke' '(Ljava/lang/Object;[Ljava/lang/Object;)Ljava/lang/Object;' in 'jdk/internal/reflect/DirectMethodHandleAccessor')}
  0x0000020cee9e4fe0: f248 bfb0 | e236 c70c | 0200 0048 | 8387 1001 

  0x0000020cee9e4ff0: ;   {metadata(method data for {method} {0x0000020c863c4948} 'isStatic' '()Z' in 'jdk/internal/reflect/DirectMethodHandleAccessor')}
  0x0000020cee9e4ff0: 0000 0148 | be90 d536 | c70c 0200 | 008b becc | 0000 0083 | c702 89be | cc00 0000 | 81e7 feff 
  0x0000020cee9e5010: 1f00 85ff | 0f84 8022 | 0000 8b72 | 1081 e600 | 0200 0081 | fe00 0200 

  0x0000020cee9e5028: ;   {metadata(method data for {method} {0x0000020c863c4948} 'isStatic' '()Z' in 'jdk/internal/reflect/DirectMethodHandleAccessor')}
  0x0000020cee9e5028: 0048 be90 | d536 c70c | 0200 0048 | c7c7 1001 | 0000 7507 | 48c7 c720 | 0100 0048 | 8b1c 3e48 
  0x0000020cee9e5048: 8d5b 0148 | 891c 3e0f | 851a 0000 

  0x0000020cee9e5054: ;   {metadata(method data for {method} {0x0000020c863c4948} 'isStatic' '()Z' in 'jdk/internal/reflect/DirectMethodHandleAccessor')}
  0x0000020cee9e5054: 0048 be90 | d536 c70c | 0200 00ff | 8630 0100 | 00be 0100 | 0000 e905 | 0000 00be | 0000 0000 
  0x0000020cee9e5074: 83e6 0185 

  0x0000020cee9e5078: ;   {metadata(method data for {method} {0x0000020c8619def0} 'invoke' '(Ljava/lang/Object;[Ljava/lang/Object;)Ljava/lang/Object;' in 'jdk/internal/reflect/DirectMethodHandleAccessor')}
  0x0000020cee9e5078: f648 beb0 | e236 c70c | 0200 0048 | c7c7 4801 | 0000 7507 | 48c7 c758 | 0100 0048 | 8b1c 3e48 
  0x0000020cee9e5098: 8d5b 0148 | 891c 3e0f | 85d5 0000 | 0048 8bf2 

  0x0000020cee9e50a8: ;   {metadata(method data for {method} {0x0000020c8619def0} 'invoke' '(Ljava/lang/Object;[Ljava/lang/Object;)Ljava/lang/Object;' in 'jdk/internal/reflect/DirectMethodHandleAccessor')}
  0x0000020cee9e50a8: 48bf b0e2 | 36c7 0c02 | 0000 4883 | 8768 0100 

  0x0000020cee9e50b8: ;   {metadata(method data for {method} {0x0000020c863c4898} 'checkReceiver' '(Ljava/lang/Object;)V' in 'jdk/internal/reflect/DirectMethodHandleAccessor')}
  0x0000020cee9e50b8: 0001 48be | 00ea 36c7 | 0c02 0000 | 8bbe cc00 | 0000 83c7 | 0289 becc | 0000 0081 | e7fe ff1f 
  0x0000020cee9e50d8: 0085 ff0f | 84da 2100 | 008b 7214 | 48c1 e603 

  0x0000020cee9e50e8: ; implicit exception: dispatches to 0x0000020cee9e72dc
  0x0000020cee9e50e8: 493b 0049 

  0x0000020cee9e50ec: ;   {metadata(method data for {method} {0x0000020c863c4898} 'checkReceiver' '(Ljava/lang/Object;)V' in 'jdk/internal/reflect/DirectMethodHandleAccessor')}
  0x0000020cee9e50ec: 8bf8 48bb | 00ea 36c7 | 0c02 0000 | 4883 8310 | 0100 0001 | 418b 7808 | 49ba 0000 | 0086 0c02 
  0x0000020cee9e510c: 0000 4903 | fa48 8b7f | 7048 8b3f 

  0x0000020cee9e5118: ; implicit exception: dispatches to 0x0000020cee9e72e1
  0x0000020cee9e5118: 483b 0648 

  0x0000020cee9e511c: ;   {metadata(method data for {method} {0x0000020c863c4898} 'checkReceiver' '(Ljava/lang/Object;)V' in 'jdk/internal/reflect/DirectMethodHandleAccessor')}
  0x0000020cee9e511c: 8bde 48b8 | 00ea 36c7 | 0c02 0000 | 4883 8048 | 0100 0001 | 4c8b c748 

  0x0000020cee9e5134: ;   {optimized virtual_call}
  0x0000020cee9e5134: 8bd6 90e8 

  0x0000020cee9e5138: ; ImmutableOopMap {[176]=Oop [184]=Oop [192]=Oop }
                      ;*invokevirtual isAssignableFrom {reexecute=0 rethrow=0 return_oop=0}
                      ; - jdk.internal.reflect.DirectMethodHandleAccessor::checkReceiver@8
                      ; - jdk.internal.reflect.DirectMethodHandleAccessor::invoke@9
  0x0000020cee9e5138: 0403 8e07 

  0x0000020cee9e513c: ;   {other}
  0x0000020cee9e513c: 0f1f 8400 | ac06 0000 

  0x0000020cee9e5144: ;   {metadata(method data for {method} {0x0000020c863c4898} 'checkReceiver' '(Ljava/lang/Object;)V' in 'jdk/internal/reflect/DirectMethodHandleAccessor')}
  0x0000020cee9e5144: 85c0 48ba | 00ea 36c7 | 0c02 0000 | 49c7 c090 | 0100 0074 | 0749 c7c0 | 8001 0000 | 4a8b 3402 
  0x0000020cee9e5164: 488d 7601 | 4a89 3402 | 0f84 9f1f | 0000 488b | 9424 b000 | 0000 448b 

  0x0000020cee9e517c: ;   {metadata(method data for {method} {0x0000020c8619def0} 'invoke' '(Ljava/lang/Object;[Ljava/lang/Object;)Ljava/lang/Object;' in 'jdk/internal/reflect/DirectMethodHandleAccessor')}
  0x0000020cee9e517c: 420c 48be | b0e2 36c7 | 0c02 0000 | 4883 86a0 | 0100 0001 | 498b d04c | 8b84 24b8 | 0000 000f 
  0x0000020cee9e519c: ;   {static_call}
  0x0000020cee9e519c: 1f40 00e8 

  0x0000020cee9e51a0: ; ImmutableOopMap {[176]=Oop [184]=Oop [192]=Oop }
                      ;*invokestatic checkArgumentCount {reexecute=0 rethrow=0 return_oop=0}
                      ; - jdk.internal.reflect.DirectMethodHandleAccessor::invoke@17
  0x0000020cee9e51a0: dc9e ffff 

  0x0000020cee9e51a4: ;   {other}
  0x0000020cee9e51a4: 0f1f 8400 | 1407 0001 | 488b 9424 | b000 0000 

  0x0000020cee9e51b4: ;   {metadata(method data for {method} {0x0000020c8619def0} 'invoke' '(Ljava/lang/Object;[Ljava/lang/Object;)Ljava/lang/Object;' in 'jdk/internal/reflect/DirectMethodHandleAccessor')}
  0x0000020cee9e51b4: 4c8b c249 | b9b0 e236 | c70c 0200 | 0049 8381 | b001 0000 

  0x0000020cee9e51c8: ;   {metadata(method data for {method} {0x0000020c863c46e0} 'invokeImpl' '(Ljava/lang/Object;[Ljava/lang/Object;)Ljava/lang/Object;' in 'jdk/internal/reflect/DirectMethodHandleAccessor')}
  0x0000020cee9e51c8: 0149 b8e8 | e536 c70c | 0200 0045 | 8b88 cc00 | 0000 4183 | c102 4589 | 88cc 0000 | 0041 81e1 
  0x0000020cee9e51e8: feff 1f00 | 4585 c90f | 84f1 2000 | 0044 8b42 

  0x0000020cee9e51f8: ;   {metadata(method data for {method} {0x0000020c863c46e0} 'invokeImpl' '(Ljava/lang/Object;[Ljava/lang/Object;)Ljava/lang/Object;' in 'jdk/internal/reflect/DirectMethodHandleAccessor')}
  0x0000020cee9e51f8: 0c49 b9e8 | e536 c70c | 0200 0048 | c7c7 1801 | 0000 4585 | c048 8bf7 | 48c7 c728 | 0100 0048 
  0x0000020cee9e5218: 0f45 fe41 | 83f8 0148 | 8bf7 48c7 | c738 0100 | 0048 0f45 | fe41 83f8 | 0248 8bf7 | 48c7 c748 
  0x0000020cee9e5238: 0100 0048 | 0f45 fe41 | 83f8 0348 | 8bf7 48c7 | c758 0100 | 0048 0f45 | fe49 8b34 | 3949 c7c2 
  0x0000020cee9e5258: 0100 0000 | 4903 f249 | 8934 3945 | 85c0 0f84 | 2616 0000 | 4183 f801 | 0f84 b40f | 0000 4183 
  0x0000020cee9e5278: f802 0f84 | 0a09 0000 | 4183 f803 | 0f84 1802 | 0000 4c8b | 8c24 b800 | 0000 4c8b | 8424 c000 
  0x0000020cee9e5298: 0000 8b72 | 1848 c1e6 | 030f 1f80 | 0000 0000 

  0x0000020cee9e52a8: ;   {oop(a 'java/lang/invoke/MethodType'{0x0000000740a95838} = (Ljava/lang/Object;[Ljava/lang/Object;)Ljava/lang/Object;)}
  0x0000020cee9e52a8: 48bf 3858 | a940 0700 | 0000 483b 

  0x0000020cee9e52b4: ;   {metadata(method data for {method} {0x0000020c863c46e0} 'invokeImpl' '(Ljava/lang/Object;[Ljava/lang/Object;)Ljava/lang/Object;' in 'jdk/internal/reflect/DirectMethodHandleAccessor')}
  0x0000020cee9e52b4: 0648 bbe8 | e536 c70c | 0200 0048 | 8d9b 9803 | 0000 4d85 | c075 0ef6 | 4308 0175 | 50f0 4883 
  0x0000020cee9e52d4: 4b08 01eb | 4841 8b40 | 0849 ba00 | 0000 860c | 0200 0049 | 03c2 4c8b | d048 3343 | 0848 a9fc 
  0x0000020cee9e52f4: ffff ff74 | 28a8 0275 | 2448 f743 | 08fe ffff | ff74 1649 | 8bc2 4833 | 4308 48a9 | fcff ffff 
  0x0000020cee9e5314: 740b 4883 | 4b08 02eb | 0448 8943 | 084d 85c9 | 750e f643 | 1801 7550 | f048 834b | 1801 eb48 
  0x0000020cee9e5334: 418b 4108 | 49ba 0000 | 0086 0c02 | 0000 4903 | c24c 8bd0 | 4833 4318 | 48a9 fcff | ffff 7428 
  0x0000020cee9e5354: a802 7524 | 48f7 4318 | feff ffff | 7416 498b | c248 3343 | 1848 a9fc | ffff ff74 | 0b48 834b 
  0x0000020cee9e5374: 1802 eb04 | 4889 4318 

  0x0000020cee9e537c: ;   {metadata(method data for {method} {0x0000020c863c46e0} 'invokeImpl' '(Ljava/lang/Object;[Ljava/lang/Object;)Ljava/lang/Object;' in 'jdk/internal/reflect/DirectMethodHandleAccessor')}
  0x0000020cee9e537c: 488b de48 | b8e8 e536 | c70c 0200 | 008b 5b08 | 49ba 0000 | 0086 0c02 | 0000 4903 | da48 3b98 
  0x0000020cee9e539c: 7003 0000 | 750d 4883 | 8078 0300 | 0001 e960 | 0000 0048 | 3b98 8003 | 0000 750d | 4883 8088 
  0x0000020cee9e53bc: 0300 0001 | e94a 0000 | 0048 83b8 | 7003 0000 | 0075 1748 | 8998 7003 | 0000 48c7 | 8078 0300 
  0x0000020cee9e53dc: 0001 0000 | 00e9 2900 | 0000 4883 | b880 0300 | 0000 7517 | 4889 9880 | 0300 0048 | c780 8803 
  0x0000020cee9e53fc: 0000 0100 | 0000 e908 | 0000 0048 | 8380 6003 | 0000 0148 | 8bd6 0f1f 

  0x0000020cee9e5414: ;   {optimized virtual_call}
  0x0000020cee9e5414: 4400 00e8 

  0x0000020cee9e5418: ; ImmutableOopMap {[176]=Oop }
                      ;*invokevirtual invokeExact {reexecute=0 rethrow=0 return_oop=0}
                      ; - jdk.internal.reflect.DirectMethodHandleAccessor::invokeImpl@104
                      ; - jdk.internal.reflect.DirectMethodHandleAccessor::invoke@23
  0x0000020cee9e5418: b123 0000 

  0x0000020cee9e541c: ;   {other}
  0x0000020cee9e541c: 0f1f 8400 | 8c09 0002 

  0x0000020cee9e5424: ;   {metadata(method data for {method} {0x0000020c863c46e0} 'invokeImpl' '(Ljava/lang/Object;[Ljava/lang/Object;)Ljava/lang/Object;' in 'jdk/internal/reflect/DirectMethodHandleAccessor')}
  0x0000020cee9e5424: 48ba e8e5 | 36c7 0c02 | 0000 488d | 92b8 0300 | 0048 85c0 | 750c f602 | 0175 4df0 | 4883 0a01 
  0x0000020cee9e5444: eb46 8b70 | 0849 ba00 | 0000 860c | 0200 0049 | 03f2 4c8b | d648 3332 | 48f7 c6fc | ffff ff74 
  0x0000020cee9e5464: 2740 f6c6 | 0275 2148 | f702 feff | ffff 7415 | 498b f248 | 3332 48f7 | c6fc ffff | ff74 0948 
  0x0000020cee9e5484: 830a 02eb | 0348 8932 | 4881 c460 | 0100 005d 

  0x0000020cee9e5494: ;   {poll_return}
  0x0000020cee9e5494: 493b a748 | 0400 000f | 8784 1e00 | 00c3 4c8b | 8c24 b800 | 0000 4c8b | 8424 c000 | 0000 8b72 
  0x0000020cee9e54b4: 1848 c1e6 | 0348 89b4 | 24d0 0000 | 0041 8379 | 0c00 0f86 | 791e 0000 | 418b 7910 | 48c1 e703 
  0x0000020cee9e54d4: 4889 bc24 | c800 0000 | 4183 790c | 010f 8670 | 1e00 0041 | 8b59 1448 | c1e3 0348 | 899c 24d8 
  0x0000020cee9e54f4: 0000 0041 | 8379 0c02 | 0f86 671e | 0000 418b | 4118 48c1 | e003 4889 | 8424 e000 

  0x0000020cee9e5510: ;   {metadata(method data for {method} {0x0000020c863c46e0} 'invokeImpl' '(Ljava/lang/Object;[Ljava/lang/Object;)Ljava/lang/Object;' in 'jdk/internal/reflect/DirectMethodHandleAccessor')}
  0x0000020cee9e5510: 0000 48b9 | e8e5 36c7 | 0c02 0000 | 488d 8918 | 0300 004d | 85c0 750e | f641 0801 | 7554 f048 
  0x0000020cee9e5530: 8349 0801 | eb4c 458b | 4808 49ba | 0000 0086 | 0c02 0000 | 4d03 ca4d | 8bd1 4c33 | 4908 49f7 
  0x0000020cee9e5550: c1fc ffff | ff74 2b41 | f6c1 0275 | 2548 f741 | 08fe ffff | ff74 174d | 8bca 4c33 | 4908 49f7 
  0x0000020cee9e5570: c1fc ffff | ff74 0b48 | 8349 0802 | eb04 4c89 

  0x0000020cee9e5580: ;   {metadata(method data for {method} {0x0000020cc742b6b8} 'invokeExact_MT' '(Ljava/lang/Object;Ljava/lang/Object;Ljava/lang/Object;Ljava/lang/Object;Ljava/lang/Object;Ljava/lang/Object;)Ljava/lang/Object;' in 'java/lang/invoke/LambdaForm$MH+0x0000020c8700f400')}
  0x0000020cee9e5580: 4908 48b9 | 0028 5ec7 | 0c02 0000 | 488d 89c8 | 0200 0048 | 85f6 750c | f601 0175 | 4ef0 4883 
  0x0000020cee9e55a0: 0901 eb47 | 448b 4e08 | 49ba 0000 | 0086 0c02 | 0000 4d03 | ca4d 8bd1 | 4c33 0949 | f7c1 fcff 
  0x0000020cee9e55c0: ffff 7427 | 41f6 c102 | 7521 48f7 | 01fe ffff | ff74 154d | 8bca 4c33 | 0949 f7c1 | fcff ffff 
  0x0000020cee9e55e0: 7409 4883 | 0902 eb03 | 4c89 094d | 85c0 750e | f641 1001 | 7554 f048 | 8349 1001 | eb4c 458b 
  0x0000020cee9e5600: 4808 49ba | 0000 0086 | 0c02 0000 | 4d03 ca4d | 8bd1 4c33 | 4910 49f7 | c1fc ffff | ff74 2b41 
  0x0000020cee9e5620: f6c1 0275 | 2548 f741 | 10fe ffff | ff74 174d | 8bca 4c33 | 4910 49f7 | c1fc ffff | ff74 0b48 
  0x0000020cee9e5640: 8349 1002 | eb04 4c89 

  0x0000020cee9e5648: ;   {metadata(method data for {method} {0x0000020c863c46e0} 'invokeImpl' '(Ljava/lang/Object;[Ljava/lang/Object;)Ljava/lang/Object;' in 'jdk/internal/reflect/DirectMethodHandleAccessor')}
  0x0000020cee9e5648: 4910 48b9 | e8e5 36c7 | 0c02 0000 | 4883 81e0 | 0200 0001 

  0x0000020cee9e565c: ;   {metadata(method data for {method} {0x0000020cc742b6b8} 'invokeExact_MT' '(Ljava/lang/Object;Ljava/lang/Object;Ljava/lang/Object;Ljava/lang/Object;Ljava/lang/Object;Ljava/lang/Object;)Ljava/lang/Object;' in 'java/lang/invoke/LambdaForm$MH+0x0000020c8700f400')}
  0x0000020cee9e565c: 48b9 0028 | 5ec7 0c02 | 0000 448b | 89cc 0000 | 0041 83c1 | 0244 8989 | cc00 0000 | 4181 e1fe 
  0x0000020cee9e567c: ff1f 0045 | 85c9 0f84 | f31c 0000 

  0x0000020cee9e5688: ;   {metadata(method data for {method} {0x0000020cc742b6b8} 'invokeExact_MT' '(Ljava/lang/Object;Ljava/lang/Object;Ljava/lang/Object;Ljava/lang/Object;Ljava/lang/Object;Ljava/lang/Object;)Ljava/lang/Object;' in 'java/lang/invoke/LambdaForm$MH+0x0000020c8700f400')}
  0x0000020cee9e5688: 48b9 0028 | 5ec7 0c02 | 0000 488d | 8990 0100 | 0048 85f6 | 750e f641 | 0801 7554 | f048 8349 
  0x0000020cee9e56a8: 0801 eb4c | 448b 4e08 | 49ba 0000 | 0086 0c02 | 0000 4d03 | ca4d 8bd1 | 4c33 4908 | 49f7 c1fc 
  0x0000020cee9e56c8: ffff ff74 | 2b41 f6c1 | 0275 2548 | f741 08fe | ffff ff74 | 174d 8bca | 4c33 4908 | 49f7 c1fc 
  0x0000020cee9e56e8: ffff ff74 | 0b48 8349 | 0802 eb04 | 4c89 4908 

  0x0000020cee9e56f8: ;   {oop(a 'java/lang/invoke/MethodType'{0x0000000740a95900} = (Ljava/lang/Object;Ljava/lang/Object;Ljava/lang/Object;Ljava/lang/Object;)Ljava/lang/Object;)}
  0x0000020cee9e56f8: 49b9 0059 | a940 0700 | 0000 4d85 | c975 0cf6 | 4118 0175 | 06f0 4883 

  0x0000020cee9e5710: ;   {metadata(method data for {method} {0x0000020cc742b6b8} 'invokeExact_MT' '(Ljava/lang/Object;Ljava/lang/Object;Ljava/lang/Object;Ljava/lang/Object;Ljava/lang/Object;Ljava/lang/Object;)Ljava/lang/Object;' in 'java/lang/invoke/LambdaForm$MH+0x0000020c8700f400')}
  0x0000020cee9e5710: 4918 0148 | b900 285e | c70c 0200 | 0048 8381 | 8001 0000 

  0x0000020cee9e5724: ;   {metadata(method data for {method} {0x0000020c863d94e0} 'checkExactType' '(Ljava/lang/invoke/MethodHandle;Ljava/lang/invoke/MethodType;)V' in 'java/lang/invoke/Invokers')}
  0x0000020cee9e5724: 0148 b9f8 | 672a c70c | 0200 0044 | 8b99 cc00 | 0000 4183 | c302 4489 | 99cc 0000 | 0041 81e3 
  0x0000020cee9e5744: feff 1f00 | 4585 db0f | 844b 1c00 | 0048 3b06 

  0x0000020cee9e5754: ;   {metadata(method data for {method} {0x0000020c863d94e0} 'checkExactType' '(Ljava/lang/invoke/MethodHandle;Ljava/lang/invoke/MethodType;)V' in 'java/lang/invoke/Invokers')}
  0x0000020cee9e5754: 488b ce49 | bbf8 672a | c70c 0200 | 008b 4908 | 49ba 0000 | 0086 0c02 | 0000 4903 | ca49 3b8b 
  0x0000020cee9e5774: 2001 0000 | 750d 4983 | 8328 0100 | 0001 e960 | 0000 0049 | 3b8b 3001 | 0000 750d | 4983 8338 
  0x0000020cee9e5794: 0100 0001 | e94a 0000 | 0049 83bb | 2001 0000 | 0075 1749 | 898b 2001 | 0000 49c7 | 8328 0100 
  0x0000020cee9e57b4: 0001 0000 | 00e9 2900 | 0000 4983 | bb30 0100 | 0000 7517 | 4989 8b30 | 0100 0049 | c783 3801 
  0x0000020cee9e57d4: 0000 0100 | 0000 e908 | 0000 0049 | 8383 1001 | 0000 018b | 4e10 48c1 | e103 493b 

  0x0000020cee9e57f0: ;   {metadata(method data for {method} {0x0000020c863d94e0} 'checkExactType' '(Ljava/lang/invoke/MethodHandle;Ljava/lang/invoke/MethodType;)V' in 'java/lang/invoke/Invokers')}
  0x0000020cee9e57f0: c949 b9f8 | 672a c70c | 0200 0049 | c7c3 5801 | 0000 7507 | 49c7 c348 | 0100 004f | 8b2c 194d 
  0x0000020cee9e5810: 8d6d 014f | 892c 190f | 8592 1400 

  0x0000020cee9e581c: ;   {metadata(method data for {method} {0x0000020cc742b6b8} 'invokeExact_MT' '(Ljava/lang/Object;Ljava/lang/Object;Ljava/lang/Object;Ljava/lang/Object;Ljava/lang/Object;Ljava/lang/Object;)Ljava/lang/Object;' in 'java/lang/invoke/LambdaForm$MH+0x0000020c8700f400')}
  0x0000020cee9e581c: 0048 b900 | 285e c70c | 0200 0048 | 8d89 c801 | 0000 448b | 4e08 49ba | 0000 0086 | 0c02 0000 
  0x0000020cee9e583c: 4d03 ca4d | 8bd1 4c33 | 4908 49f7 | c1fc ffff | ff74 2b41 | f6c1 0275 | 2548 f741 | 08fe ffff 
  0x0000020cee9e585c: ff74 174d | 8bca 4c33 | 4908 49f7 | c1fc ffff | ff74 0b48 | 8349 0802 | eb04 4c89 

  0x0000020cee9e5878: ;   {metadata(method data for {method} {0x0000020cc742b6b8} 'invokeExact_MT' '(Ljava/lang/Object;Ljava/lang/Object;Ljava/lang/Object;Ljava/lang/Object;Ljava/lang/Object;Ljava/lang/Object;)Ljava/lang/Object;' in 'java/lang/invoke/LambdaForm$MH+0x0000020c8700f400')}
  0x0000020cee9e5878: 4908 48b9 | 0028 5ec7 | 0c02 0000 | 4883 81b8 | 0100 0001 

  0x0000020cee9e588c: ;   {metadata(method data for {method} {0x0000020c863d93d8} 'checkCustomized' '(Ljava/lang/invoke/MethodHandle;)V' in 'java/lang/invoke/Invokers')}
  0x0000020cee9e588c: 48b9 2065 | 2ac7 0c02 | 0000 448b | 89cc 0000 | 0041 83c1 | 0244 8989 | cc00 0000 | 4181 e1fe 
  0x0000020cee9e58ac: ff1f 0045 | 85c9 0f84 | 0a1b 0000 

  0x0000020cee9e58b8: ;   {metadata(method data for {method} {0x0000020c863d93d8} 'checkCustomized' '(Ljava/lang/invoke/MethodHandle;)V' in 'java/lang/invoke/Invokers')}
  0x0000020cee9e58b8: 48b9 2065 | 2ac7 0c02 | 0000 4883 | 8110 0100 

  0x0000020cee9e58c8: ;   {metadata(method data for {method} {0x0000020c86095ff0} 'isCompileConstant' '(Ljava/lang/Object;)Z' in 'java/lang/invoke/MethodHandleImpl')}
  0x0000020cee9e58c8: 0001 48b9 | d066 2ac7 | 0c02 0000 | 448b 89cc | 0000 0041 | 83c1 0244 | 8989 cc00 | 0000 4181 
  0x0000020cee9e58e8: e1fe ff1f | 0045 85c9 | 0f84 ed1a 

  0x0000020cee9e58f4: ;   {metadata(method data for {method} {0x0000020c863d93d8} 'checkCustomized' '(Ljava/lang/invoke/MethodHandle;)V' in 'java/lang/invoke/Invokers')}
  0x0000020cee9e58f4: 0000 48b9 | 2065 2ac7 | 0c02 0000 | ff81 2001 | 0000 8b4e | 1448 c1e1 | 038b 491c | 48c1 e103 
  0x0000020cee9e5914: ;   {metadata(method data for {method} {0x0000020c863d93d8} 'checkCustomized' '(Ljava/lang/invoke/MethodHandle;)V' in 'java/lang/invoke/Invokers')}
  0x0000020cee9e5914: 4885 c948 | b920 652a | c70c 0200 | 0049 c7c1 | 4001 0000 | 7507 49c7 | c150 0100 | 004e 8b1c 
  0x0000020cee9e5934: 094d 8d5b | 014e 891c | 090f 8529 

  0x0000020cee9e5940: ;   {metadata(method data for {method} {0x0000020c863d93d8} 'checkCustomized' '(Ljava/lang/invoke/MethodHandle;)V' in 'java/lang/invoke/Invokers')}
  0x0000020cee9e5940: 0000 0048 | b920 652a | c70c 0200 | 0048 8381 | 6001 0000 | 0148 8bd6 | 0f1f 8000 

  0x0000020cee9e595c: ;   {static_call}
  0x0000020cee9e595c: 0000 00e8 

  0x0000020cee9e5960: ; ImmutableOopMap {[176]=Oop [192]=Oop [200]=Oop [208]=Oop [216]=Oop [224]=Oop }
                      ;*invokestatic maybeCustomize {reexecute=0 rethrow=0 return_oop=0}
                      ; - java.lang.invoke.Invokers::checkCustomized@19
                      ; - java.lang.invoke.LambdaForm$MH/0x0000020c8700f400::invokeExact_MT@15
                      ; - jdk.internal.reflect.DirectMethodHandleAccessor::invokeImpl@92
                      ; - jdk.internal.reflect.DirectMethodHandleAccessor::invoke@23
  0x0000020cee9e5960: bc7c 1108 

  0x0000020cee9e5964: ;   {other}
  0x0000020cee9e5964: 0f1f 8400 | d40e 0003 | 488b bc24 | c800 0000 | 4c8b 8424 | c000 0000 

  0x0000020cee9e597c: ;   {metadata(method data for {method} {0x0000020cc742b6b8} 'invokeExact_MT' '(Ljava/lang/Object;Ljava/lang/Object;Ljava/lang/Object;Ljava/lang/Object;Ljava/lang/Object;Ljava/lang/Object;)Ljava/lang/Object;' in 'java/lang/invoke/LambdaForm$MH+0x0000020c8700f400')}
  0x0000020cee9e597c: 49b9 0028 | 5ec7 0c02 | 0000 4d8d | 8918 0200 | 004d 85c0 | 750f 41f6 | 4108 0175 | 54f0 4983 
  0x0000020cee9e599c: 4908 01eb | 4c41 8b70 | 0849 ba00 | 0000 860c | 0200 0049 | 03f2 4c8b | d649 3371 | 0848 f7c6 
  0x0000020cee9e59bc: fcff ffff | 742b 40f6 | c602 7525 | 49f7 4108 | feff ffff | 7417 498b | f249 3371 | 0848 f7c6 
  0x0000020cee9e59dc: fcff ffff | 740b 4983 | 4908 02eb | 0449 8971 | 0848 85ff | 750f 41f6 | 4118 0175 | 53f0 4983 
  0x0000020cee9e59fc: 4918 01eb | 4b8b 7708 | 49ba 0000 | 0086 0c02 | 0000 4903 | f24c 8bd6 | 4933 7118 | 48f7 c6fc 
  0x0000020cee9e5a1c: ffff ff74 | 2b40 f6c6 | 0275 2549 | f741 18fe | ffff ff74 | 1749 8bf2 | 4933 7118 | 48f7 c6fc 
  0x0000020cee9e5a3c: ffff ff74 | 0b49 8349 | 1802 eb04 | 4989 7118 | 488b b424 | d000 0000 

  0x0000020cee9e5a54: ;   {metadata(method data for {method} {0x0000020cc742b6b8} 'invokeExact_MT' '(Ljava/lang/Object;Ljava/lang/Object;Ljava/lang/Object;Ljava/lang/Object;Ljava/lang/Object;Ljava/lang/Object;)Ljava/lang/Object;' in 'java/lang/invoke/LambdaForm$MH+0x0000020c8700f400')}
  0x0000020cee9e5a54: 49b9 0028 | 5ec7 0c02 | 0000 4983 | 81e0 0100 | 0001 4c8b | cf48 8bbc | 24d8 0000 | 0048 8bb4 
  0x0000020cee9e5a74: 24e0 0000 | 0048 8b94 | 24d0 0000 | 0066 0f1f 

  0x0000020cee9e5a84: ;   {optimized virtual_call}
  0x0000020cee9e5a84: 4400 00e8 

  0x0000020cee9e5a88: ; ImmutableOopMap {[176]=Oop }
                      ;*invokevirtual invokeBasic {reexecute=0 rethrow=0 return_oop=0}
                      ; - java.lang.invoke.LambdaForm$MH/0x0000020c8700f400::invokeExact_MT@24
                      ; - jdk.internal.reflect.DirectMethodHandleAccessor::invokeImpl@92
                      ; - jdk.internal.reflect.DirectMethodHandleAccessor::invoke@23
  0x0000020cee9e5a88: 7430 8e07 

  0x0000020cee9e5a8c: ;   {other}
  0x0000020cee9e5a8c: 0f1f 8400 | fc0f 0004 

  0x0000020cee9e5a94: ;   {metadata(method data for {method} {0x0000020cc742b6b8} 'invokeExact_MT' '(Ljava/lang/Object;Ljava/lang/Object;Ljava/lang/Object;Ljava/lang/Object;Ljava/lang/Object;Ljava/lang/Object;)Ljava/lang/Object;' in 'java/lang/invoke/LambdaForm$MH+0x0000020c8700f400')}
  0x0000020cee9e5a94: 48ba 0028 | 5ec7 0c02 | 0000 488d | 9238 0200 | 0048 85c0 | 750c f602 | 0175 4df0 | 4883 0a01 
  0x0000020cee9e5ab4: eb46 8b70 | 0849 ba00 | 0000 860c | 0200 0049 | 03f2 4c8b | d648 3332 | 48f7 c6fc | ffff ff74 
  0x0000020cee9e5ad4: 2740 f6c6 | 0275 2148 | f702 feff | ffff 7415 | 498b f248 | 3332 48f7 | c6fc ffff | ff74 0948 
  0x0000020cee9e5af4: 830a 02eb | 0348 8932 

  0x0000020cee9e5afc: ;   {metadata(method data for {method} {0x0000020c863c46e0} 'invokeImpl' '(Ljava/lang/Object;[Ljava/lang/Object;)Ljava/lang/Object;' in 'jdk/internal/reflect/DirectMethodHandleAccessor')}
  0x0000020cee9e5afc: 48ba e8e5 | 36c7 0c02 | 0000 488d | 9238 0300 | 0048 85c0 | 750c f602 | 0175 4df0 | 4883 0a01 
  0x0000020cee9e5b1c: eb46 8b70 | 0849 ba00 | 0000 860c | 0200 0049 | 03f2 4c8b | d648 3332 | 48f7 c6fc | ffff ff74 
  0x0000020cee9e5b3c: 2740 f6c6 | 0275 2148 | f702 feff | ffff 7415 | 498b f248 | 3332 48f7 | c6fc ffff | ff74 0948 
  0x0000020cee9e5b5c: 830a 02eb | 0348 8932 

  0x0000020cee9e5b64: ;   {metadata(method data for {method} {0x0000020c863c46e0} 'invokeImpl' '(Ljava/lang/Object;[Ljava/lang/Object;)Ljava/lang/Object;' in 'jdk/internal/reflect/DirectMethodHandleAccessor')}
  0x0000020cee9e5b64: 48ba e8e5 | 36c7 0c02 | 0000 ff82 | 4803 0000 | 4881 c460 | 0100 005d 

  0x0000020cee9e5b7c: ;   {poll_return}
  0x0000020cee9e5b7c: 493b a748 | 0400 000f | 8780 1800 | 00c3 4c8b | 8c24 b800 | 0000 4c8b | 8424 c000 | 0000 8b72 
  0x0000020cee9e5b9c: 1848 c1e6 | 0348 89b4 | 24f0 0000 | 0041 8379 | 0c00 0f86 | 7518 0000 | 418b 7910 | 48c1 e703 
  0x0000020cee9e5bbc: 4889 bc24 | e800 0000 | 4183 790c | 010f 866c | 1800 0041 | 8b59 1448 | c1e3 0348 | 899c 24f8 
  0x0000020cee9e5bdc: ;   {metadata(method data for {method} {0x0000020c863c46e0} 'invokeImpl' '(Ljava/lang/Object;[Ljava/lang/Object;)Ljava/lang/Object;' in 'jdk/internal/reflect/DirectMethodHandleAccessor')}
  0x0000020cee9e5bdc: 0000 0048 | b8e8 e536 | c70c 0200 | 0048 8d80 | 9802 0000 | 4d85 c075 | 0ef6 4008 | 0175 53f0 
  0x0000020cee9e5bfc: 4883 4808 | 01eb 4b41 | 8b48 0849 | ba00 0000 | 860c 0200 | 0049 03ca | 4c8b d148 | 3348 0848 
  0x0000020cee9e5c1c: f7c1 fcff | ffff 742a | f6c1 0275 | 2548 f740 | 08fe ffff | ff74 1749 | 8bca 4833 | 4808 48f7 
  0x0000020cee9e5c3c: c1fc ffff | ff74 0b48 | 8348 0802 | eb04 4889 

  0x0000020cee9e5c4c: ;   {metadata(method data for {method} {0x0000020cc7455ab8} 'invokeExact_MT' '(Ljava/lang/Object;Ljava/lang/Object;Ljava/lang/Object;Ljava/lang/Object;Ljava/lang/Object;)Ljava/lang/Object;' in 'java/lang/invoke/LambdaForm$MH+0x0000020c8701cc00')}
  0x0000020cee9e5c4c: 4808 48b8 | 185d 45c7 | 0c02 0000 | 488d 80c0 | 0200 0048 | 85f6 750c | f600 0175 | 4cf0 4883 
  0x0000020cee9e5c6c: 0801 eb45 | 8b4e 0849 | ba00 0000 | 860c 0200 | 0049 03ca | 4c8b d148 | 3308 48f7 | c1fc ffff 
  0x0000020cee9e5c8c: ff74 26f6 | c102 7521 | 48f7 00fe | ffff ff74 | 1549 8bca | 4833 0848 | f7c1 fcff | ffff 7409 
  0x0000020cee9e5cac: 4883 0802 | eb03 4889 | 084d 85c0 | 750e f640 | 1001 7553 | f048 8348 | 1001 eb4b | 418b 4808 
  0x0000020cee9e5ccc: 49ba 0000 | 0086 0c02 | 0000 4903 | ca4c 8bd1 | 4833 4810 | 48f7 c1fc | ffff ff74 | 2af6 c102 
  0x0000020cee9e5cec: 7525 48f7 | 4010 feff | ffff 7417 | 498b ca48 | 3348 1048 | f7c1 fcff | ffff 740b | 4883 4810 
  0x0000020cee9e5d0c: 02eb 0448 

  0x0000020cee9e5d10: ;   {metadata(method data for {method} {0x0000020c863c46e0} 'invokeImpl' '(Ljava/lang/Object;[Ljava/lang/Object;)Ljava/lang/Object;' in 'jdk/internal/reflect/DirectMethodHandleAccessor')}
  0x0000020cee9e5d10: 8948 1048 | b8e8 e536 | c70c 0200 | 0048 8380 | 6002 0000 

  0x0000020cee9e5d24: ;   {metadata(method data for {method} {0x0000020cc7455ab8} 'invokeExact_MT' '(Ljava/lang/Object;Ljava/lang/Object;Ljava/lang/Object;Ljava/lang/Object;Ljava/lang/Object;)Ljava/lang/Object;' in 'java/lang/invoke/LambdaForm$MH+0x0000020c8701cc00')}
  0x0000020cee9e5d24: 0148 b818 | 5d45 c70c | 0200 008b | 88cc 0000 | 0083 c102 | 8988 cc00 | 0000 81e1 | feff 1f00 
  0x0000020cee9e5d44: 85c9 0f84 | 0117 0000 

  0x0000020cee9e5d4c: ;   {metadata(method data for {method} {0x0000020cc7455ab8} 'invokeExact_MT' '(Ljava/lang/Object;Ljava/lang/Object;Ljava/lang/Object;Ljava/lang/Object;Ljava/lang/Object;)Ljava/lang/Object;' in 'java/lang/invoke/LambdaForm$MH+0x0000020c8701cc00')}
  0x0000020cee9e5d4c: 48b8 185d | 45c7 0c02 | 0000 488d | 8090 0100 | 0048 85f6 | 750e f640 | 0801 7552 | f048 8348 
  0x0000020cee9e5d6c: 0801 eb4a | 8b4e 0849 | ba00 0000 | 860c 0200 | 0049 03ca | 4c8b d148 | 3348 0848 | f7c1 fcff 
  0x0000020cee9e5d8c: ffff 742a | f6c1 0275 | 2548 f740 | 08fe ffff | ff74 1749 | 8bca 4833 | 4808 48f7 | c1fc ffff 
  0x0000020cee9e5dac: ff74 0b48 | 8348 0802 | eb04 4889 

  0x0000020cee9e5db8: ;   {oop(a 'java/lang/invoke/MethodType'{0x000000074022bf18} = (Ljava/lang/Object;Ljava/lang/Object;Ljava/lang/Object;)Ljava/lang/Object;)}
  0x0000020cee9e5db8: 4808 48b9 | 18bf 2240 | 0700 0000 | 4885 c975 | 0cf6 4018 | 0175 06f0 | 4883 4818 

  0x0000020cee9e5dd4: ;   {metadata(method data for {method} {0x0000020cc7455ab8} 'invokeExact_MT' '(Ljava/lang/Object;Ljava/lang/Object;Ljava/lang/Object;Ljava/lang/Object;Ljava/lang/Object;)Ljava/lang/Object;' in 'java/lang/invoke/LambdaForm$MH+0x0000020c8701cc00')}
  0x0000020cee9e5dd4: 0148 b818 | 5d45 c70c | 0200 0048 | 8380 8001 

  0x0000020cee9e5de4: ;   {metadata(method data for {method} {0x0000020c863d94e0} 'checkExactType' '(Ljava/lang/invoke/MethodHandle;Ljava/lang/invoke/MethodType;)V' in 'java/lang/invoke/Invokers')}
  0x0000020cee9e5de4: 0000 0148 | b8f8 672a | c70c 0200 | 0044 8b88 | cc00 0000 | 4183 c102 | 4489 88cc | 0000 0041 
  0x0000020cee9e5e04: 81e1 feff | 1f00 4585 | c90f 845b | 1600 0048 | 3b06 488b 

  0x0000020cee9e5e18: ;   {metadata(method data for {method} {0x0000020c863d94e0} 'checkExactType' '(Ljava/lang/invoke/MethodHandle;Ljava/lang/invoke/MethodType;)V' in 'java/lang/invoke/Invokers')}
  0x0000020cee9e5e18: c649 b9f8 | 672a c70c | 0200 008b | 4008 49ba | 0000 0086 | 0c02 0000 | 4903 c249 | 3b81 2001 
  0x0000020cee9e5e38: 0000 750d | 4983 8128 | 0100 0001 | e960 0000 | 0049 3b81 | 3001 0000 | 750d 4983 | 8138 0100 
  0x0000020cee9e5e58: 0001 e94a | 0000 0049 | 83b9 2001 | 0000 0075 | 1749 8981 | 2001 0000 | 49c7 8128 | 0100 0001 
  0x0000020cee9e5e78: 0000 00e9 | 2900 0000 | 4983 b930 | 0100 0000 | 7517 4989 | 8130 0100 | 0049 c781 | 3801 0000 
  0x0000020cee9e5e98: 0100 0000 | e908 0000 | 0049 8381 | 1001 0000 | 018b 4610 | 48c1 e003 

  0x0000020cee9e5eb0: ;   {metadata(method data for {method} {0x0000020c863d94e0} 'checkExactType' '(Ljava/lang/invoke/MethodHandle;Ljava/lang/invoke/MethodType;)V' in 'java/lang/invoke/Invokers')}
  0x0000020cee9e5eb0: 483b c148 | b9f8 672a | c70c 0200 | 0049 c7c1 | 5801 0000 | 7507 49c7 | c148 0100 | 004e 8b1c 
  0x0000020cee9e5ed0: 094d 8d5b | 014e 891c | 090f 8590 

  0x0000020cee9e5edc: ;   {metadata(method data for {method} {0x0000020cc7455ab8} 'invokeExact_MT' '(Ljava/lang/Object;Ljava/lang/Object;Ljava/lang/Object;Ljava/lang/Object;Ljava/lang/Object;)Ljava/lang/Object;' in 'java/lang/invoke/LambdaForm$MH+0x0000020c8701cc00')}
  0x0000020cee9e5edc: 0d00 0048 | b818 5d45 | c70c 0200 | 0048 8d80 | c801 0000 | 8b4e 0849 | ba00 0000 | 860c 0200 
  0x0000020cee9e5efc: 0049 03ca | 4c8b d148 | 3348 0848 | f7c1 fcff | ffff 742a | f6c1 0275 | 2548 f740 | 08fe ffff 
  0x0000020cee9e5f1c: ff74 1749 | 8bca 4833 | 4808 48f7 | c1fc ffff | ff74 0b48 | 8348 0802 | eb04 4889 

  0x0000020cee9e5f38: ;   {metadata(method data for {method} {0x0000020cc7455ab8} 'invokeExact_MT' '(Ljava/lang/Object;Ljava/lang/Object;Ljava/lang/Object;Ljava/lang/Object;Ljava/lang/Object;)Ljava/lang/Object;' in 'java/lang/invoke/LambdaForm$MH+0x0000020c8701cc00')}
  0x0000020cee9e5f38: 4808 48b8 | 185d 45c7 | 0c02 0000 | 4883 80b8 | 0100 0001 

  0x0000020cee9e5f4c: ;   {metadata(method data for {method} {0x0000020c863d93d8} 'checkCustomized' '(Ljava/lang/invoke/MethodHandle;)V' in 'java/lang/invoke/Invokers')}
  0x0000020cee9e5f4c: 48b8 2065 | 2ac7 0c02 | 0000 8b88 | cc00 0000 | 83c1 0289 | 88cc 0000 | 0081 e1fe | ff1f 0085 
  0x0000020cee9e5f6c: c90f 8421 

  0x0000020cee9e5f70: ;   {metadata(method data for {method} {0x0000020c863d93d8} 'checkCustomized' '(Ljava/lang/invoke/MethodHandle;)V' in 'java/lang/invoke/Invokers')}
  0x0000020cee9e5f70: 1500 0048 | b820 652a | c70c 0200 | 0048 8380 | 1001 0000 

  0x0000020cee9e5f84: ;   {metadata(method data for {method} {0x0000020c86095ff0} 'isCompileConstant' '(Ljava/lang/Object;)Z' in 'java/lang/invoke/MethodHandleImpl')}
  0x0000020cee9e5f84: 0148 b8d0 | 662a c70c | 0200 008b | 88cc 0000 | 0083 c102 | 8988 cc00 | 0000 81e1 | feff 1f00 
  0x0000020cee9e5fa4: 85c9 0f84 | 0915 0000 

  0x0000020cee9e5fac: ;   {metadata(method data for {method} {0x0000020c863d93d8} 'checkCustomized' '(Ljava/lang/invoke/MethodHandle;)V' in 'java/lang/invoke/Invokers')}
  0x0000020cee9e5fac: 48b8 2065 | 2ac7 0c02 | 0000 ff80 | 2001 0000 | 8b46 1448 | c1e0 038b | 401c 48c1 | e003 4885 
  0x0000020cee9e5fcc: ;   {metadata(method data for {method} {0x0000020c863d93d8} 'checkCustomized' '(Ljava/lang/invoke/MethodHandle;)V' in 'java/lang/invoke/Invokers')}
  0x0000020cee9e5fcc: c048 b820 | 652a c70c | 0200 0048 | c7c1 4001 | 0000 7507 | 48c7 c150 | 0100 004c | 8b0c 084d 
  0x0000020cee9e5fec: 8d49 014c | 890c 080f | 8523 0000 

  0x0000020cee9e5ff8: ;   {metadata(method data for {method} {0x0000020c863d93d8} 'checkCustomized' '(Ljava/lang/invoke/MethodHandle;)V' in 'java/lang/invoke/Invokers')}
  0x0000020cee9e5ff8: 0048 b820 | 652a c70c | 0200 0048 | 8380 6001 | 0000 0148 

  0x0000020cee9e600c: ;   {static_call}
  0x0000020cee9e600c: 8bd6 90e8 

  0x0000020cee9e6010: ; ImmutableOopMap {[176]=Oop [192]=Oop [232]=Oop [240]=Oop [248]=Oop }
                      ;*invokestatic maybeCustomize {reexecute=0 rethrow=0 return_oop=0}
                      ; - java.lang.invoke.Invokers::checkCustomized@19
                      ; - java.lang.invoke.LambdaForm$MH/0x0000020c8701cc00::invokeExact_MT@15
                      ; - jdk.internal.reflect.DirectMethodHandleAccessor::invokeImpl@72
                      ; - jdk.internal.reflect.DirectMethodHandleAccessor::invoke@23
  0x0000020cee9e6010: 0c76 1108 

  0x0000020cee9e6014: ;   {other}
  0x0000020cee9e6014: 0f1f 8400 | 8415 0005 | 488b bc24 | e800 0000 | 4c8b 8424 | c000 0000 

  0x0000020cee9e602c: ;   {metadata(method data for {method} {0x0000020cc7455ab8} 'invokeExact_MT' '(Ljava/lang/Object;Ljava/lang/Object;Ljava/lang/Object;Ljava/lang/Object;Ljava/lang/Object;)Ljava/lang/Object;' in 'java/lang/invoke/LambdaForm$MH+0x0000020c8701cc00')}
  0x0000020cee9e602c: 49b9 185d | 45c7 0c02 | 0000 4d8d | 8918 0200 | 004d 85c0 | 750f 41f6 | 4108 0175 | 53f0 4983 
  0x0000020cee9e604c: 4908 01eb | 4b41 8b50 | 0849 ba00 | 0000 860c | 0200 0049 | 03d2 4c8b | d249 3351 | 0848 f7c2 
  0x0000020cee9e606c: fcff ffff | 742a f6c2 | 0275 2549 | f741 08fe | ffff ff74 | 1749 8bd2 | 4933 5108 | 48f7 c2fc 
  0x0000020cee9e608c: ffff ff74 | 0b49 8349 | 0802 eb04 | 4989 5108 | 4885 ff75 | 0f41 f641 | 1801 7552 | f049 8349 
  0x0000020cee9e60ac: 1801 eb4a | 8b57 0849 | ba00 0000 | 860c 0200 | 0049 03d2 | 4c8b d249 | 3351 1848 | f7c2 fcff 
  0x0000020cee9e60cc: ffff 742a | f6c2 0275 | 2549 f741 | 18fe ffff | ff74 1749 | 8bd2 4933 | 5118 48f7 | c2fc ffff 
  0x0000020cee9e60ec: ff74 0b49 | 8349 1802 | eb04 4989 | 5118 488b | b424 f000 

  0x0000020cee9e6100: ;   {metadata(method data for {method} {0x0000020cc7455ab8} 'invokeExact_MT' '(Ljava/lang/Object;Ljava/lang/Object;Ljava/lang/Object;Ljava/lang/Object;Ljava/lang/Object;)Ljava/lang/Object;' in 'java/lang/invoke/LambdaForm$MH+0x0000020c8701cc00')}
  0x0000020cee9e6100: 0000 49b9 | 185d 45c7 | 0c02 0000 | 4983 81e0 | 0100 0001 | 4c8b cf48 | 8bbc 24f8 | 0000 0048 
  0x0000020cee9e6120: 8b94 24f0 

  0x0000020cee9e6124: ;   {optimized virtual_call}
  0x0000020cee9e6124: 0000 00e8 

  0x0000020cee9e6128: ; ImmutableOopMap {[176]=Oop }
                      ;*invokevirtual invokeBasic {reexecute=0 rethrow=0 return_oop=0}
                      ; - java.lang.invoke.LambdaForm$MH/0x0000020c8701cc00::invokeExact_MT@22
                      ; - jdk.internal.reflect.DirectMethodHandleAccessor::invokeImpl@72
                      ; - jdk.internal.reflect.DirectMethodHandleAccessor::invoke@23
  0x0000020cee9e6128: d4e9 8d07 

  0x0000020cee9e612c: ;   {other}
  0x0000020cee9e612c: 0f1f 8400 | 9c16 0006 

  0x0000020cee9e6134: ;   {metadata(method data for {method} {0x0000020cc7455ab8} 'invokeExact_MT' '(Ljava/lang/Object;Ljava/lang/Object;Ljava/lang/Object;Ljava/lang/Object;Ljava/lang/Object;)Ljava/lang/Object;' in 'java/lang/invoke/LambdaForm$MH+0x0000020c8701cc00')}
  0x0000020cee9e6134: 48ba 185d | 45c7 0c02 | 0000 488d | 9238 0200 | 0048 85c0 | 750c f602 | 0175 4df0 | 4883 0a01 
  0x0000020cee9e6154: eb46 8b70 | 0849 ba00 | 0000 860c | 0200 0049 | 03f2 4c8b | d648 3332 | 48f7 c6fc | ffff ff74 
  0x0000020cee9e6174: 2740 f6c6 | 0275 2148 | f702 feff | ffff 7415 | 498b f248 | 3332 48f7 | c6fc ffff | ff74 0948 
  0x0000020cee9e6194: 830a 02eb | 0348 8932 

  0x0000020cee9e619c: ;   {metadata(method data for {method} {0x0000020c863c46e0} 'invokeImpl' '(Ljava/lang/Object;[Ljava/lang/Object;)Ljava/lang/Object;' in 'jdk/internal/reflect/DirectMethodHandleAccessor')}
  0x0000020cee9e619c: 48ba e8e5 | 36c7 0c02 | 0000 488d | 92b8 0200 | 0048 85c0 | 750c f602 | 0175 4df0 | 4883 0a01 
  0x0000020cee9e61bc: eb46 8b70 | 0849 ba00 | 0000 860c | 0200 0049 | 03f2 4c8b | d648 3332 | 48f7 c6fc | ffff ff74 
  0x0000020cee9e61dc: 2740 f6c6 | 0275 2148 | f702 feff | ffff 7415 | 498b f248 | 3332 48f7 | c6fc ffff | ff74 0948 
  0x0000020cee9e61fc: 830a 02eb | 0348 8932 

  0x0000020cee9e6204: ;   {metadata(method data for {method} {0x0000020c863c46e0} 'invokeImpl' '(Ljava/lang/Object;[Ljava/lang/Object;)Ljava/lang/Object;' in 'jdk/internal/reflect/DirectMethodHandleAccessor')}
  0x0000020cee9e6204: 48ba e8e5 | 36c7 0c02 | 0000 ff82 | c802 0000 | 4881 c460 | 0100 005d 

  0x0000020cee9e621c: ;   {poll_return}
  0x0000020cee9e621c: 493b a748 | 0400 000f | 87b2 1200 | 00c3 4c8b | 8c24 b800 | 0000 4c8b | 8424 c000 | 0000 8b72 
  0x0000020cee9e623c: 1848 c1e6 | 0348 89b4 | 2408 0100 | 0041 8379 | 0c00 0f86 | a712 0000 | 418b 7910 | 48c1 e703 
  0x0000020cee9e625c: 4889 bc24 | 0001 0000 

  0x0000020cee9e6264: ;   {metadata(method data for {method} {0x0000020c863c46e0} 'invokeImpl' '(Ljava/lang/Object;[Ljava/lang/Object;)Ljava/lang/Object;' in 'jdk/internal/reflect/DirectMethodHandleAccessor')}
  0x0000020cee9e6264: 48bb e8e5 | 36c7 0c02 | 0000 488d | 9b18 0200 | 004d 85c0 | 750e f643 | 0801 7550 | f048 834b 
  0x0000020cee9e6284: 0801 eb48 | 418b 4008 | 49ba 0000 | 0086 0c02 | 0000 4903 | c24c 8bd0 | 4833 4308 | 48a9 fcff 
  0x0000020cee9e62a4: ffff 7428 | a802 7524 | 48f7 4308 | feff ffff | 7416 498b | c248 3343 | 0848 a9fc | ffff ff74 
  0x0000020cee9e62c4: 0b48 834b | 0802 eb04 | 4889 4308 

  0x0000020cee9e62d0: ;   {metadata(method data for {method} {0x0000020c860b0158} 'invokeExact_MT' '(Ljava/lang/Object;Ljava/lang/Object;Ljava/lang/Object;Ljava/lang/Object;)Ljava/lang/Object;' in 'java/lang/invoke/Invokers$Holder')}
  0x0000020cee9e62d0: 48bb b820 | 32c7 0c02 | 0000 488d | 9bb8 0200 | 0048 85f6 | 750c f603 | 0175 49f0 | 4883 0b01 
  0x0000020cee9e62f0: eb42 8b46 | 0849 ba00 | 0000 860c | 0200 0049 | 03c2 4c8b | d048 3303 | 48a9 fcff | ffff 7424 
  0x0000020cee9e6310: a802 7520 | 48f7 03fe | ffff ff74 | 1449 8bc2 | 4833 0348 | a9fc ffff | ff74 0948 | 830b 02eb 
  0x0000020cee9e6330: 0348 8903 | 4d85 c075 | 0ef6 4310 | 0175 50f0 | 4883 4b10 | 01eb 4841 | 8b40 0849 | ba00 0000 
  0x0000020cee9e6350: 860c 0200 | 0049 03c2 | 4c8b d048 | 3343 1048 | a9fc ffff | ff74 28a8 | 0275 2448 | f743 10fe 
  0x0000020cee9e6370: ffff ff74 | 1649 8bc2 | 4833 4310 | 48a9 fcff | ffff 740b | 4883 4b10 | 02eb 0448 

  0x0000020cee9e638c: ;   {metadata(method data for {method} {0x0000020c863c46e0} 'invokeImpl' '(Ljava/lang/Object;[Ljava/lang/Object;)Ljava/lang/Object;' in 'jdk/internal/reflect/DirectMethodHandleAccessor')}
  0x0000020cee9e638c: 8943 1048 | bbe8 e536 | c70c 0200 | 0048 8383 | e001 0000 

  0x0000020cee9e63a0: ;   {metadata(method data for {method} {0x0000020c860b0158} 'invokeExact_MT' '(Ljava/lang/Object;Ljava/lang/Object;Ljava/lang/Object;Ljava/lang/Object;)Ljava/lang/Object;' in 'java/lang/invoke/Invokers$Holder')}
  0x0000020cee9e63a0: 0148 bbb8 | 2032 c70c | 0200 008b | 83cc 0000 | 0083 c002 | 8983 cc00 | 0000 25fe | ff1f 0085 
  0x0000020cee9e63c0: c00f 8446 

  0x0000020cee9e63c4: ;   {metadata(method data for {method} {0x0000020c860b0158} 'invokeExact_MT' '(Ljava/lang/Object;Ljava/lang/Object;Ljava/lang/Object;Ljava/lang/Object;)Ljava/lang/Object;' in 'java/lang/invoke/Invokers$Holder')}
  0x0000020cee9e63c4: 1100 0048 | bbb8 2032 | c70c 0200 | 0048 8d9b | 9001 0000 | 4885 f675 | 0ef6 4308 | 0175 4ff0 
  0x0000020cee9e63e4: 4883 4b08 | 01eb 478b | 4608 49ba | 0000 0086 | 0c02 0000 | 4903 c24c | 8bd0 4833 | 4308 48a9 
  0x0000020cee9e6404: fcff ffff | 7428 a802 | 7524 48f7 | 4308 feff | ffff 7416 | 498b c248 | 3343 0848 | a9fc ffff 
  0x0000020cee9e6424: ff74 0b48 | 834b 0802 | eb04 4889 

  0x0000020cee9e6430: ;   {oop(a 'java/lang/invoke/MethodType'{0x0000000740a96e28} = (Ljava/lang/Object;Ljava/lang/Object;)Ljava/lang/Object;)}
  0x0000020cee9e6430: 4308 48b8 | 286e a940 | 0700 0000 | 4885 c075 | 0cf6 4318 | 0175 06f0 | 4883 4b18 

  0x0000020cee9e644c: ;   {metadata(method data for {method} {0x0000020c860b0158} 'invokeExact_MT' '(Ljava/lang/Object;Ljava/lang/Object;Ljava/lang/Object;Ljava/lang/Object;)Ljava/lang/Object;' in 'java/lang/invoke/Invokers$Holder')}
  0x0000020cee9e644c: 0148 bbb8 | 2032 c70c | 0200 0048 | 8383 8001 

  0x0000020cee9e645c: ;   {metadata(method data for {method} {0x0000020c863d94e0} 'checkExactType' '(Ljava/lang/invoke/MethodHandle;Ljava/lang/invoke/MethodType;)V' in 'java/lang/invoke/Invokers')}
  0x0000020cee9e645c: 0000 0148 | bbf8 672a | c70c 0200 | 008b 8bcc | 0000 0083 | c102 898b | cc00 0000 | 81e1 feff 
  0x0000020cee9e647c: 1f00 85c9 | 0f84 a810 | 0000 483b | 0648 8bde 

  0x0000020cee9e648c: ;   {metadata(method data for {method} {0x0000020c863d94e0} 'checkExactType' '(Ljava/lang/invoke/MethodHandle;Ljava/lang/invoke/MethodType;)V' in 'java/lang/invoke/Invokers')}
  0x0000020cee9e648c: 48b9 f867 | 2ac7 0c02 | 0000 8b5b | 0849 ba00 | 0000 860c | 0200 0049 | 03da 483b | 9920 0100 
  0x0000020cee9e64ac: 0075 0d48 | 8381 2801 | 0000 01e9 | 6000 0000 | 483b 9930 | 0100 0075 | 0d48 8381 | 3801 0000 
  0x0000020cee9e64cc: 01e9 4a00 | 0000 4883 | b920 0100 | 0000 7517 | 4889 9920 | 0100 0048 | c781 2801 | 0000 0100 
  0x0000020cee9e64ec: 0000 e929 | 0000 0048 | 83b9 3001 | 0000 0075 | 1748 8999 | 3001 0000 | 48c7 8138 | 0100 0001 
  0x0000020cee9e650c: 0000 00e9 | 0800 0000 | 4883 8110 | 0100 0001 | 8b5e 1048 | c1e3 0348 

  0x0000020cee9e6524: ;   {metadata(method data for {method} {0x0000020c863d94e0} 'checkExactType' '(Ljava/lang/invoke/MethodHandle;Ljava/lang/invoke/MethodType;)V' in 'java/lang/invoke/Invokers')}
  0x0000020cee9e6524: 3bd8 48b8 | f867 2ac7 | 0c02 0000 | 48c7 c158 | 0100 0075 | 0748 c7c1 | 4801 0000 | 4c8b 0c08 
  0x0000020cee9e6544: 4d8d 4901 | 4c89 0c08 | 0f85 dd06 

  0x0000020cee9e6550: ;   {metadata(method data for {method} {0x0000020c860b0158} 'invokeExact_MT' '(Ljava/lang/Object;Ljava/lang/Object;Ljava/lang/Object;Ljava/lang/Object;)Ljava/lang/Object;' in 'java/lang/invoke/Invokers$Holder')}
  0x0000020cee9e6550: 0000 48bb | b820 32c7 | 0c02 0000 | 488d 9bc8 | 0100 008b | 4608 49ba | 0000 0086 | 0c02 0000 
  0x0000020cee9e6570: 4903 c24c | 8bd0 4833 | 4308 48a9 | fcff ffff | 7428 a802 | 7524 48f7 | 4308 feff | ffff 7416 
  0x0000020cee9e6590: 498b c248 | 3343 0848 | a9fc ffff | ff74 0b48 | 834b 0802 | eb04 4889 

  0x0000020cee9e65a8: ;   {metadata(method data for {method} {0x0000020c860b0158} 'invokeExact_MT' '(Ljava/lang/Object;Ljava/lang/Object;Ljava/lang/Object;Ljava/lang/Object;)Ljava/lang/Object;' in 'java/lang/invoke/Invokers$Holder')}
  0x0000020cee9e65a8: 4308 48bb | b820 32c7 | 0c02 0000 | 4883 83b8 | 0100 0001 

  0x0000020cee9e65bc: ;   {metadata(method data for {method} {0x0000020c863d93d8} 'checkCustomized' '(Ljava/lang/invoke/MethodHandle;)V' in 'java/lang/invoke/Invokers')}
  0x0000020cee9e65bc: 48bb 2065 | 2ac7 0c02 | 0000 8b83 | cc00 0000 | 83c0 0289 | 83cc 0000 | 0025 feff | 1f00 85c0 
  0x0000020cee9e65dc: 0f84 720f 

  0x0000020cee9e65e0: ;   {metadata(method data for {method} {0x0000020c863d93d8} 'checkCustomized' '(Ljava/lang/invoke/MethodHandle;)V' in 'java/lang/invoke/Invokers')}
  0x0000020cee9e65e0: 0000 48bb | 2065 2ac7 | 0c02 0000 | 4883 8310 | 0100 0001 

  0x0000020cee9e65f4: ;   {metadata(method data for {method} {0x0000020c86095ff0} 'isCompileConstant' '(Ljava/lang/Object;)Z' in 'java/lang/invoke/MethodHandleImpl')}
  0x0000020cee9e65f4: 48bb d066 | 2ac7 0c02 | 0000 8b83 | cc00 0000 | 83c0 0289 | 83cc 0000 | 0025 feff | 1f00 85c0 
  0x0000020cee9e6614: 0f84 5b0f 

  0x0000020cee9e6618: ;   {metadata(method data for {method} {0x0000020c863d93d8} 'checkCustomized' '(Ljava/lang/invoke/MethodHandle;)V' in 'java/lang/invoke/Invokers')}
  0x0000020cee9e6618: 0000 48bb | 2065 2ac7 | 0c02 0000 | ff83 2001 | 0000 8b5e | 1448 c1e3 | 038b 5b1c | 48c1 e303 
  0x0000020cee9e6638: ;   {metadata(method data for {method} {0x0000020c863d93d8} 'checkCustomized' '(Ljava/lang/invoke/MethodHandle;)V' in 'java/lang/invoke/Invokers')}
  0x0000020cee9e6638: 4885 db48 | bb20 652a | c70c 0200 | 0048 c7c0 | 4001 0000 | 7507 48c7 | c050 0100 | 0048 8b0c 
  0x0000020cee9e6658: 0348 8d49 | 0148 890c | 030f 8525 

  0x0000020cee9e6664: ;   {metadata(method data for {method} {0x0000020c863d93d8} 'checkCustomized' '(Ljava/lang/invoke/MethodHandle;)V' in 'java/lang/invoke/Invokers')}
  0x0000020cee9e6664: 0000 0048 | bb20 652a | c70c 0200 | 0048 8383 | 6001 0000 | 0148 8bd6 

  0x0000020cee9e667c: ;   {static_call}
  0x0000020cee9e667c: 6666 90e8 

  0x0000020cee9e6680: ; ImmutableOopMap {[176]=Oop [192]=Oop [256]=Oop [264]=Oop }
                      ;*invokestatic maybeCustomize {reexecute=0 rethrow=0 return_oop=0}
                      ; - java.lang.invoke.Invokers::checkCustomized@19
                      ; - java.lang.invoke.Invokers$Holder::invokeExact_MT@14
                      ; - jdk.internal.reflect.DirectMethodHandleAccessor::invokeImpl@55
                      ; - jdk.internal.reflect.DirectMethodHandleAccessor::invoke@23
  0x0000020cee9e6680: 9c6f 1108 

  0x0000020cee9e6684: ;   {other}
  0x0000020cee9e6684: 0f1f 8400 | f41b 0007 | 488b bc24 | 0001 0000 | 4c8b 8424 | c000 0000 

  0x0000020cee9e669c: ;   {metadata(method data for {method} {0x0000020c860b0158} 'invokeExact_MT' '(Ljava/lang/Object;Ljava/lang/Object;Ljava/lang/Object;Ljava/lang/Object;)Ljava/lang/Object;' in 'java/lang/invoke/Invokers$Holder')}
  0x0000020cee9e669c: 49b9 b820 | 32c7 0c02 | 0000 4d8d | 8918 0200 | 004d 85c0 | 750f 41f6 | 4108 0175 | 53f0 4983 
  0x0000020cee9e66bc: 4908 01eb | 4b41 8b50 | 0849 ba00 | 0000 860c | 0200 0049 | 03d2 4c8b | d249 3351 | 0848 f7c2 
  0x0000020cee9e66dc: fcff ffff | 742a f6c2 | 0275 2549 | f741 08fe | ffff ff74 | 1749 8bd2 | 4933 5108 | 48f7 c2fc 
  0x0000020cee9e66fc: ffff ff74 | 0b49 8349 | 0802 eb04 | 4989 5108 | 4885 ff75 | 0f41 f641 | 1801 7552 | f049 8349 
  0x0000020cee9e671c: 1801 eb4a | 8b57 0849 | ba00 0000 | 860c 0200 | 0049 03d2 | 4c8b d249 | 3351 1848 | f7c2 fcff 
  0x0000020cee9e673c: ffff 742a | f6c2 0275 | 2549 f741 | 18fe ffff | ff74 1749 | 8bd2 4933 | 5118 48f7 | c2fc ffff 
  0x0000020cee9e675c: ff74 0b49 | 8349 1802 | eb04 4989 | 5118 488b | b424 0801 

  0x0000020cee9e6770: ;   {metadata(method data for {method} {0x0000020c860b0158} 'invokeExact_MT' '(Ljava/lang/Object;Ljava/lang/Object;Ljava/lang/Object;Ljava/lang/Object;)Ljava/lang/Object;' in 'java/lang/invoke/Invokers$Holder')}
  0x0000020cee9e6770: 0000 49b9 | b820 32c7 | 0c02 0000 | 4983 81e0 | 0100 0001 | 4c8b cf48 | 8b94 2408 

  0x0000020cee9e678c: ;   {optimized virtual_call}
  0x0000020cee9e678c: 0100 00e8 

  0x0000020cee9e6790: ; ImmutableOopMap {[176]=Oop }
                      ;*invokevirtual invokeBasic {reexecute=0 rethrow=0 return_oop=0}
                      ; - java.lang.invoke.Invokers$Holder::invokeExact_MT@20
                      ; - jdk.internal.reflect.DirectMethodHandleAccessor::invokeImpl@55
                      ; - jdk.internal.reflect.DirectMethodHandleAccessor::invoke@23
  0x0000020cee9e6790: 6c90 8e07 

  0x0000020cee9e6794: ;   {other}
  0x0000020cee9e6794: 0f1f 8400 | 041d 0008 

  0x0000020cee9e679c: ;   {metadata(method data for {method} {0x0000020c860b0158} 'invokeExact_MT' '(Ljava/lang/Object;Ljava/lang/Object;Ljava/lang/Object;Ljava/lang/Object;)Ljava/lang/Object;' in 'java/lang/invoke/Invokers$Holder')}
  0x0000020cee9e679c: 48ba b820 | 32c7 0c02 | 0000 488d | 9238 0200 | 0048 85c0 | 750c f602 | 0175 4df0 | 4883 0a01 
  0x0000020cee9e67bc: eb46 8b70 | 0849 ba00 | 0000 860c | 0200 0049 | 03f2 4c8b | d648 3332 | 48f7 c6fc | ffff ff74 
  0x0000020cee9e67dc: 2740 f6c6 | 0275 2148 | f702 feff | ffff 7415 | 498b f248 | 3332 48f7 | c6fc ffff | ff74 0948 
  0x0000020cee9e67fc: 830a 02eb | 0348 8932 

  0x0000020cee9e6804: ;   {metadata(method data for {method} {0x0000020c863c46e0} 'invokeImpl' '(Ljava/lang/Object;[Ljava/lang/Object;)Ljava/lang/Object;' in 'jdk/internal/reflect/DirectMethodHandleAccessor')}
  0x0000020cee9e6804: 48ba e8e5 | 36c7 0c02 | 0000 488d | 9238 0200 | 0048 85c0 | 750c f602 | 0175 4df0 | 4883 0a01 
  0x0000020cee9e6824: eb46 8b70 | 0849 ba00 | 0000 860c | 0200 0049 | 03f2 4c8b | d648 3332 | 48f7 c6fc | ffff ff74 
  0x0000020cee9e6844: 2740 f6c6 | 0275 2148 | f702 feff | ffff 7415 | 498b f248 | 3332 48f7 | c6fc ffff | ff74 0948 
  0x0000020cee9e6864: 830a 02eb | 0348 8932 

  0x0000020cee9e686c: ;   {metadata(method data for {method} {0x0000020c863c46e0} 'invokeImpl' '(Ljava/lang/Object;[Ljava/lang/Object;)Ljava/lang/Object;' in 'jdk/internal/reflect/DirectMethodHandleAccessor')}
  0x0000020cee9e686c: 48ba e8e5 | 36c7 0c02 | 0000 ff82 | 4802 0000 | 4881 c460 | 0100 005d 

  0x0000020cee9e6884: ;   {poll_return}
  0x0000020cee9e6884: 493b a748 | 0400 000f | 870a 0d00 | 00c3 4c8b | 8424 c000 | 0000 8b72 | 1848 c1e6 | 0348 89b4 
  0x0000020cee9e68a4: 2410 0100 

  0x0000020cee9e68a8: ;   {metadata(method data for {method} {0x0000020c863c46e0} 'invokeImpl' '(Ljava/lang/Object;[Ljava/lang/Object;)Ljava/lang/Object;' in 'jdk/internal/reflect/DirectMethodHandleAccessor')}
  0x0000020cee9e68a8: 0048 bfe8 | e536 c70c | 0200 0048 | 8dbf a801 | 0000 4d85 | c075 0cf6 | 4708 0175 | 06f0 4883 
  0x0000020cee9e68c8: ;   {metadata(method data for {method} {0x0000020c860b0208} 'invokeExact_MT' '(Ljava/lang/Object;Ljava/lang/Object;Ljava/lang/Object;)Ljava/lang/Object;' in 'java/lang/invoke/Invokers$Holder')}
  0x0000020cee9e68c8: 4f08 0148 | bf00 1e32 | c70c 0200 | 0048 8dbf | a002 0000 | 4885 f675 | 0af6 0701 | 7505 f048 
  0x0000020cee9e68e8: ;   {metadata(method data for {method} {0x0000020c863c46e0} 'invokeImpl' '(Ljava/lang/Object;[Ljava/lang/Object;)Ljava/lang/Object;' in 'jdk/internal/reflect/DirectMethodHandleAccessor')}
  0x0000020cee9e68e8: 830f 0148 | bfe8 e536 | c70c 0200 | 0048 8387 | 7001 0000 

  0x0000020cee9e68fc: ;   {metadata(method data for {method} {0x0000020c860b0208} 'invokeExact_MT' '(Ljava/lang/Object;Ljava/lang/Object;Ljava/lang/Object;)Ljava/lang/Object;' in 'java/lang/invoke/Invokers$Holder')}
  0x0000020cee9e68fc: 0148 bf00 | 1e32 c70c | 0200 008b | 9fcc 0000 | 0083 c302 | 899f cc00 | 0000 81e3 | feff 1f00 
  0x0000020cee9e691c: 85db 0f84 | 8d0c 0000 

  0x0000020cee9e6924: ;   {metadata(method data for {method} {0x0000020c860b0208} 'invokeExact_MT' '(Ljava/lang/Object;Ljava/lang/Object;Ljava/lang/Object;)Ljava/lang/Object;' in 'java/lang/invoke/Invokers$Holder')}
  0x0000020cee9e6924: 48bf 001e | 32c7 0c02 | 0000 488d | bf90 0100 | 0048 85f6 | 750c f647 | 0801 7506 | f048 834f 
  0x0000020cee9e6944: ;   {oop(a 'java/lang/invoke/MethodType'{0x0000000740a96d10} = (Ljava/lang/Object;)Ljava/lang/Object;)}
  0x0000020cee9e6944: 0801 48bb | 106d a940 | 0700 0000 | 4885 db75 | 0cf6 4718 | 0175 06f0 | 4883 4f18 

  0x0000020cee9e6960: ;   {metadata(method data for {method} {0x0000020c860b0208} 'invokeExact_MT' '(Ljava/lang/Object;Ljava/lang/Object;Ljava/lang/Object;)Ljava/lang/Object;' in 'java/lang/invoke/Invokers$Holder')}
  0x0000020cee9e6960: 0148 bf00 | 1e32 c70c | 0200 0048 | 8387 8001 

  0x0000020cee9e6970: ;   {metadata(method data for {method} {0x0000020c863d94e0} 'checkExactType' '(Ljava/lang/invoke/MethodHandle;Ljava/lang/invoke/MethodType;)V' in 'java/lang/invoke/Invokers')}
  0x0000020cee9e6970: 0000 0148 | bff8 672a | c70c 0200 | 008b 87cc | 0000 0083 | c002 8987 | cc00 0000 | 25fe ff1f 
  0x0000020cee9e6990: 0085 c00f | 8439 0c00 | 0048 3b06 

  0x0000020cee9e699c: ;   {metadata(method data for {method} {0x0000020c863d94e0} 'checkExactType' '(Ljava/lang/invoke/MethodHandle;Ljava/lang/invoke/MethodType;)V' in 'java/lang/invoke/Invokers')}
  0x0000020cee9e699c: 488b fe48 | b8f8 672a | c70c 0200 | 008b 7f08 | 49ba 0000 | 0086 0c02 | 0000 4903 | fa48 3bb8 
  0x0000020cee9e69bc: 2001 0000 | 750d 4883 | 8028 0100 | 0001 e960 | 0000 0048 | 3bb8 3001 | 0000 750d | 4883 8038 
  0x0000020cee9e69dc: 0100 0001 | e94a 0000 | 0048 83b8 | 2001 0000 | 0075 1748 | 89b8 2001 | 0000 48c7 | 8028 0100 
  0x0000020cee9e69fc: 0001 0000 | 00e9 2900 | 0000 4883 | b830 0100 | 0000 7517 | 4889 b830 | 0100 0048 | c780 3801 
  0x0000020cee9e6a1c: 0000 0100 | 0000 e908 | 0000 0048 | 8380 1001 | 0000 018b | 7e10 48c1 | e703 483b 

  0x0000020cee9e6a38: ;   {metadata(method data for {method} {0x0000020c863d94e0} 'checkExactType' '(Ljava/lang/invoke/MethodHandle;Ljava/lang/invoke/MethodType;)V' in 'java/lang/invoke/Invokers')}
  0x0000020cee9e6a38: fb48 bbf8 | 672a c70c | 0200 0048 | c7c0 5801 | 0000 7507 | 48c7 c048 | 0100 0048 | 8b0c 0348 
  0x0000020cee9e6a58: 8d49 0148 | 890c 030f | 8585 0100 

  0x0000020cee9e6a64: ;   {metadata(method data for {method} {0x0000020c860b0208} 'invokeExact_MT' '(Ljava/lang/Object;Ljava/lang/Object;Ljava/lang/Object;)Ljava/lang/Object;' in 'java/lang/invoke/Invokers$Holder')}
  0x0000020cee9e6a64: 0048 bf00 | 1e32 c70c | 0200 0048 | 8387 b801 

  0x0000020cee9e6a74: ;   {metadata(method data for {method} {0x0000020c863d93d8} 'checkCustomized' '(Ljava/lang/invoke/MethodHandle;)V' in 'java/lang/invoke/Invokers')}
  0x0000020cee9e6a74: 0000 0148 | bf20 652a | c70c 0200 | 008b 9fcc | 0000 0083 | c302 899f | cc00 0000 | 81e3 feff 
  0x0000020cee9e6a94: 1f00 85db | 0f84 5a0b 

  0x0000020cee9e6a9c: ;   {metadata(method data for {method} {0x0000020c863d93d8} 'checkCustomized' '(Ljava/lang/invoke/MethodHandle;)V' in 'java/lang/invoke/Invokers')}
  0x0000020cee9e6a9c: 0000 48bf | 2065 2ac7 | 0c02 0000 | 4883 8710 | 0100 0001 

  0x0000020cee9e6ab0: ;   {metadata(method data for {method} {0x0000020c86095ff0} 'isCompileConstant' '(Ljava/lang/Object;)Z' in 'java/lang/invoke/MethodHandleImpl')}
  0x0000020cee9e6ab0: 48bf d066 | 2ac7 0c02 | 0000 8b9f | cc00 0000 | 83c3 0289 | 9fcc 0000 | 0081 e3fe | ff1f 0085 
  0x0000020cee9e6ad0: db0f 8442 

  0x0000020cee9e6ad4: ;   {metadata(method data for {method} {0x0000020c863d93d8} 'checkCustomized' '(Ljava/lang/invoke/MethodHandle;)V' in 'java/lang/invoke/Invokers')}
  0x0000020cee9e6ad4: 0b00 0048 | bf20 652a | c70c 0200 | 00ff 8720 | 0100 008b | 7e14 48c1 | e703 8b7f | 1c48 c1e7 
  0x0000020cee9e6af4: 0348 85ff 

  0x0000020cee9e6af8: ;   {metadata(method data for {method} {0x0000020c863d93d8} 'checkCustomized' '(Ljava/lang/invoke/MethodHandle;)V' in 'java/lang/invoke/Invokers')}
  0x0000020cee9e6af8: 48bf 2065 | 2ac7 0c02 | 0000 48c7 | c340 0100 | 0075 0748 | c7c3 5001 | 0000 488b | 041f 488d 
  0x0000020cee9e6b18: 4001 4889 | 041f 0f85 | 2800 0000 

  0x0000020cee9e6b24: ;   {metadata(method data for {method} {0x0000020c863d93d8} 'checkCustomized' '(Ljava/lang/invoke/MethodHandle;)V' in 'java/lang/invoke/Invokers')}
  0x0000020cee9e6b24: 48bf 2065 | 2ac7 0c02 | 0000 4883 | 8760 0100 | 0001 488b | d666 0f1f 

  0x0000020cee9e6b3c: ;   {static_call}
  0x0000020cee9e6b3c: 4400 00e8 

  0x0000020cee9e6b40: ; ImmutableOopMap {[176]=Oop [192]=Oop [272]=Oop }
                      ;*invokestatic maybeCustomize {reexecute=0 rethrow=0 return_oop=0}
                      ; - java.lang.invoke.Invokers::checkCustomized@19
                      ; - java.lang.invoke.Invokers$Holder::invokeExact_MT@14
                      ; - jdk.internal.reflect.DirectMethodHandleAccessor::invokeImpl@41
                      ; - jdk.internal.reflect.DirectMethodHandleAccessor::invoke@23
  0x0000020cee9e6b40: dc6a 1108 

  0x0000020cee9e6b44: ;   {other}
  0x0000020cee9e6b44: 0f1f 8400 | b420 0009 | 488b b424 | 1001 0000 

  0x0000020cee9e6b54: ;   {metadata(method data for {method} {0x0000020c860b0208} 'invokeExact_MT' '(Ljava/lang/Object;Ljava/lang/Object;Ljava/lang/Object;)Ljava/lang/Object;' in 'java/lang/invoke/Invokers$Holder')}
  0x0000020cee9e6b54: 49b8 001e | 32c7 0c02 | 0000 4983 | 80e0 0100 | 0001 4c8b | 8424 c000 | 0000 488b | 9424 1001 
  0x0000020cee9e6b74: ;   {optimized virtual_call}
  0x0000020cee9e6b74: 0000 90e8 

  0x0000020cee9e6b78: ; ImmutableOopMap {[176]=Oop }
                      ;*invokevirtual invokeBasic {reexecute=0 rethrow=0 return_oop=0}
                      ; - java.lang.invoke.Invokers$Holder::invokeExact_MT@19
                      ; - jdk.internal.reflect.DirectMethodHandleAccessor::invokeImpl@41
                      ; - jdk.internal.reflect.DirectMethodHandleAccessor::invoke@23
  0x0000020cee9e6b78: 84c9 8c07 

  0x0000020cee9e6b7c: ;   {other}
  0x0000020cee9e6b7c: 0f1f 8400 | ec20 000a 

  0x0000020cee9e6b84: ;   {metadata(method data for {method} {0x0000020c860b0208} 'invokeExact_MT' '(Ljava/lang/Object;Ljava/lang/Object;Ljava/lang/Object;)Ljava/lang/Object;' in 'java/lang/invoke/Invokers$Holder')}
  0x0000020cee9e6b84: 48ba 001e | 32c7 0c02 | 0000 488d | 9228 0200 | 0048 85c0 | 750a f602 | 0175 05f0 | 4883 0a01 
  0x0000020cee9e6ba4: ;   {metadata(method data for {method} {0x0000020c863c46e0} 'invokeImpl' '(Ljava/lang/Object;[Ljava/lang/Object;)Ljava/lang/Object;' in 'jdk/internal/reflect/DirectMethodHandleAccessor')}
  0x0000020cee9e6ba4: 48ba e8e5 | 36c7 0c02 | 0000 488d | 92b8 0100 | 0048 85c0 | 750a f602 | 0175 05f0 | 4883 0a01 
  0x0000020cee9e6bc4: ;   {metadata(method data for {method} {0x0000020c863c46e0} 'invokeImpl' '(Ljava/lang/Object;[Ljava/lang/Object;)Ljava/lang/Object;' in 'jdk/internal/reflect/DirectMethodHandleAccessor')}
  0x0000020cee9e6bc4: 48ba e8e5 | 36c7 0c02 | 0000 ff82 | c801 0000 | 4881 c460 | 0100 005d 

  0x0000020cee9e6bdc: ;   {poll_return}
  0x0000020cee9e6bdc: 493b a748 | 0400 000f | 8756 0a00 

  0x0000020cee9e6be8: ;   {metadata(method data for {method} {0x0000020c863d94e0} 'checkExactType' '(Ljava/lang/invoke/MethodHandle;Ljava/lang/invoke/MethodType;)V' in 'java/lang/invoke/Invokers')}
  0x0000020cee9e6be8: 00c3 48ba | f867 2ac7 | 0c02 0000 | 4883 8268 | 0100 0001 

  0x0000020cee9e6bfc: ;   {oop(a 'java/lang/invoke/MethodType'{0x0000000740a96d10} = (Ljava/lang/Object;)Ljava/lang/Object;)}
  0x0000020cee9e6bfc: 49b8 106d | a940 0700 | 0000 488b | d766 0f1f 

  0x0000020cee9e6c0c: ;   {static_call}
  0x0000020cee9e6c0c: 4400 00e8 

  0x0000020cee9e6c10: ; ImmutableOopMap {[176]=Oop [192]=Oop [272]=Oop }
                      ;*invokestatic newWrongMethodTypeException {reexecute=0 rethrow=0 return_oop=0}
                      ; - java.lang.invoke.Invokers::checkExactType@12
                      ; - java.lang.invoke.Invokers$Holder::invokeExact_MT@10
                      ; - jdk.internal.reflect.DirectMethodHandleAccessor::invokeImpl@41
                      ; - jdk.internal.reflect.DirectMethodHandleAccessor::invoke@23
  0x0000020cee9e6c10: 6c84 1c07 

  0x0000020cee9e6c14: ;   {other}
  0x0000020cee9e6c14: 0f1f 8400 | 8421 000b 

  0x0000020cee9e6c1c: ; implicit exception: dispatches to 0x0000020cee9e7655
                      ; ImmutableOopMap {rax=Oop [176]=Oop [192]=Oop [272]=Oop }
                      ;*athrow {reexecute=1 rethrow=0 return_oop=0}
                      ; - (reexecute) java.lang.invoke.Invokers::checkExactType@15
                      ; - java.lang.invoke.Invokers$Holder::invokeExact_MT@10
                      ; - jdk.internal.reflect.DirectMethodHandleAccessor::invokeImpl@41
                      ; - jdk.internal.reflect.DirectMethodHandleAccessor::invoke@23
                      ;   {section_word}
  0x0000020cee9e6c1c: 483b 0048 | ba1f 6c9e | ee0c 0200 

  0x0000020cee9e6c28: ;   {runtime_call handle_exception_nofpu Runtime1 stub}
  0x0000020cee9e6c28: 00e8 5207 

  0x0000020cee9e6c2c: ;   {metadata(method data for {method} {0x0000020c863d94e0} 'checkExactType' '(Ljava/lang/invoke/MethodHandle;Ljava/lang/invoke/MethodType;)V' in 'java/lang/invoke/Invokers')}
  0x0000020cee9e6c2c: 2907 9048 | baf8 672a | c70c 0200 | 0048 8382 | 6801 0000 

  0x0000020cee9e6c40: ;   {oop(a 'java/lang/invoke/MethodType'{0x0000000740a96e28} = (Ljava/lang/Object;Ljava/lang/Object;)Ljava/lang/Object;)}
  0x0000020cee9e6c40: 0149 b828 | 6ea9 4007 | 0000 0048 

  0x0000020cee9e6c4c: ;   {static_call}
  0x0000020cee9e6c4c: 8bd3 90e8 

  0x0000020cee9e6c50: ; ImmutableOopMap {[176]=Oop [192]=Oop [256]=Oop [264]=Oop }
                      ;*invokestatic newWrongMethodTypeException {reexecute=0 rethrow=0 return_oop=0}
                      ; - java.lang.invoke.Invokers::checkExactType@12
                      ; - java.lang.invoke.Invokers$Holder::invokeExact_MT@10
                      ; - jdk.internal.reflect.DirectMethodHandleAccessor::invokeImpl@55
                      ; - jdk.internal.reflect.DirectMethodHandleAccessor::invoke@23
  0x0000020cee9e6c50: 2c84 1c07 

  0x0000020cee9e6c54: ;   {other}
  0x0000020cee9e6c54: 0f1f 8400 | c421 000d 

  0x0000020cee9e6c5c: ; implicit exception: dispatches to 0x0000020cee9e765a
                      ; ImmutableOopMap {rax=Oop [176]=Oop [192]=Oop [256]=Oop [264]=Oop }
                      ;*athrow {reexecute=1 rethrow=0 return_oop=0}
                      ; - (reexecute) java.lang.invoke.Invokers::checkExactType@15
                      ; - java.lang.invoke.Invokers$Holder::invokeExact_MT@10
                      ; - jdk.internal.reflect.DirectMethodHandleAccessor::invokeImpl@55
                      ; - jdk.internal.reflect.DirectMethodHandleAccessor::invoke@23
                      ;   {section_word}
  0x0000020cee9e6c5c: 483b 0048 | ba5f 6c9e | ee0c 0200 

  0x0000020cee9e6c68: ;   {runtime_call handle_exception_nofpu Runtime1 stub}
  0x0000020cee9e6c68: 00e8 1207 

  0x0000020cee9e6c6c: ;   {metadata(method data for {method} {0x0000020c863d94e0} 'checkExactType' '(Ljava/lang/invoke/MethodHandle;Ljava/lang/invoke/MethodType;)V' in 'java/lang/invoke/Invokers')}
  0x0000020cee9e6c6c: 2907 9048 | baf8 672a | c70c 0200 | 0048 8382 | 6801 0000 

  0x0000020cee9e6c80: ;   {oop(a 'java/lang/invoke/MethodType'{0x000000074022bf18} = (Ljava/lang/Object;Ljava/lang/Object;Ljava/lang/Object;)Ljava/lang/Object;)}
  0x0000020cee9e6c80: 0149 b818 | bf22 4007 | 0000 0048 

  0x0000020cee9e6c8c: ;   {static_call}
  0x0000020cee9e6c8c: 8bd0 90e8 

  0x0000020cee9e6c90: ; ImmutableOopMap {[176]=Oop [192]=Oop [232]=Oop [240]=Oop [248]=Oop }
                      ;*invokestatic newWrongMethodTypeException {reexecute=0 rethrow=0 return_oop=0}
                      ; - java.lang.invoke.Invokers::checkExactType@12
                      ; - java.lang.invoke.LambdaForm$MH/0x0000020c8701cc00::invokeExact_MT@11
                      ; - jdk.internal.reflect.DirectMethodHandleAccessor::invokeImpl@72
                      ; - jdk.internal.reflect.DirectMethodHandleAccessor::invoke@23
  0x0000020cee9e6c90: ec83 1c07 

  0x0000020cee9e6c94: ;   {other}
  0x0000020cee9e6c94: 0f1f 8400 | 0422 000f 

  0x0000020cee9e6c9c: ; implicit exception: dispatches to 0x0000020cee9e765f
                      ; ImmutableOopMap {rax=Oop [176]=Oop [192]=Oop [232]=Oop [240]=Oop [248]=Oop }
                      ;*athrow {reexecute=1 rethrow=0 return_oop=0}
                      ; - (reexecute) java.lang.invoke.Invokers::checkExactType@15
                      ; - java.lang.invoke.LambdaForm$MH/0x0000020c8701cc00::invokeExact_MT@11
                      ; - jdk.internal.reflect.DirectMethodHandleAccessor::invokeImpl@72
                      ; - jdk.internal.reflect.DirectMethodHandleAccessor::invoke@23
                      ;   {section_word}
  0x0000020cee9e6c9c: 483b 0048 | ba9f 6c9e | ee0c 0200 

  0x0000020cee9e6ca8: ;   {runtime_call handle_exception_nofpu Runtime1 stub}
  0x0000020cee9e6ca8: 00e8 d206 

  0x0000020cee9e6cac: ;   {metadata(method data for {method} {0x0000020c863d94e0} 'checkExactType' '(Ljava/lang/invoke/MethodHandle;Ljava/lang/invoke/MethodType;)V' in 'java/lang/invoke/Invokers')}
  0x0000020cee9e6cac: 2907 9048 | baf8 672a | c70c 0200 | 0048 8382 | 6801 0000 

  0x0000020cee9e6cc0: ;   {oop(a 'java/lang/invoke/MethodType'{0x0000000740a95900} = (Ljava/lang/Object;Ljava/lang/Object;Ljava/lang/Object;Ljava/lang/Object;)Ljava/lang/Object;)}
  0x0000020cee9e6cc0: 0149 b800 | 59a9 4007 | 0000 0048 

  0x0000020cee9e6ccc: ;   {static_call}
  0x0000020cee9e6ccc: 8bd1 90e8 

  0x0000020cee9e6cd0: ; ImmutableOopMap {[176]=Oop [192]=Oop [200]=Oop [208]=Oop [216]=Oop [224]=Oop }
                      ;*invokestatic newWrongMethodTypeException {reexecute=0 rethrow=0 return_oop=0}
                      ; - java.lang.invoke.Invokers::checkExactType@12
                      ; - java.lang.invoke.LambdaForm$MH/0x0000020c8700f400::invokeExact_MT@11
                      ; - jdk.internal.reflect.DirectMethodHandleAccessor::invokeImpl@92
                      ; - jdk.internal.reflect.DirectMethodHandleAccessor::invoke@23
  0x0000020cee9e6cd0: ac83 1c07 

  0x0000020cee9e6cd4: ;   {other}
  0x0000020cee9e6cd4: 0f1f 8400 | 4422 0011 

  0x0000020cee9e6cdc: ; implicit exception: dispatches to 0x0000020cee9e7664
                      ; ImmutableOopMap {rax=Oop [176]=Oop [192]=Oop [200]=Oop [208]=Oop [216]=Oop [224]=Oop }
                      ;*athrow {reexecute=1 rethrow=0 return_oop=0}
                      ; - (reexecute) java.lang.invoke.Invokers::checkExactType@15
                      ; - java.lang.invoke.LambdaForm$MH/0x0000020c8700f400::invokeExact_MT@11
                      ; - jdk.internal.reflect.DirectMethodHandleAccessor::invokeImpl@92
                      ; - jdk.internal.reflect.DirectMethodHandleAccessor::invoke@23
                      ;   {section_word}
  0x0000020cee9e6cdc: 483b 0048 | badf 6c9e | ee0c 0200 

  0x0000020cee9e6ce8: ;   {runtime_call handle_exception_nofpu Runtime1 stub}
  0x0000020cee9e6ce8: 00e8 9206 | 2907 9049 | 8b87 f804 | 0000 4d33 | d24d 8997 | f804 0000 | 4d33 d24d | 8997 0005 
  0x0000020cee9e6d08: 0000 488b | 9424 b000 

  0x0000020cee9e6d10: ;   {metadata(method data for {method} {0x0000020c8619def0} 'invoke' '(Ljava/lang/Object;[Ljava/lang/Object;)Ljava/lang/Object;' in 'jdk/internal/reflect/DirectMethodHandleAccessor')}
  0x0000020cee9e6d10: 0000 49b8 | b0e2 36c7 | 0c02 0000 | 4983 8060 | 0200 0001 

  0x0000020cee9e6d24: ;   {metadata(method data for {method} {0x0000020c863c4688} 'isIllegalArgument' '(Ljava/lang/RuntimeException;)Z' in 'jdk/internal/reflect/DirectMethodHandleAccessor')}
  0x0000020cee9e6d24: 48ba b0f7 | 36c7 0c02 | 0000 448b | 82cc 0000 | 0041 83c0 | 0244 8982 | cc00 0000 | 4181 e0fe 
  0x0000020cee9e6d44: ff1f 0045 | 85c0 0f84 | 1909 0000 

  0x0000020cee9e6d50: ;   {oop(a 'java/lang/Class'{0x000000074033acd0} = 'jdk/internal/reflect/DirectMethodHandleAccessor')}
  0x0000020cee9e6d50: 48ba d0ac | 3340 0700 | 0000 4c8b | c048 8984 | 2418 0100 

  0x0000020cee9e6d64: ;   {static_call}
  0x0000020cee9e6d64: 0066 90e8 

  0x0000020cee9e6d68: ; ImmutableOopMap {[280]=Oop }
                      ;*invokestatic isIllegalArgument {reexecute=0 rethrow=0 return_oop=0}
                      ; - jdk.internal.reflect.DirectMethodHandleAccessor::isIllegalArgument@3
                      ; - jdk.internal.reflect.DirectMethodHandleAccessor::invoke@58
  0x0000020cee9e6d68: 1483 1c07 

  0x0000020cee9e6d6c: ;   {other}
  0x0000020cee9e6d6c: 0f1f 8400 | dc22 0013 | 83e0 0185 

  0x0000020cee9e6d78: ;   {metadata(method data for {method} {0x0000020c8619def0} 'invoke' '(Ljava/lang/Object;[Ljava/lang/Object;)Ljava/lang/Object;' in 'jdk/internal/reflect/DirectMethodHandleAccessor')}
  0x0000020cee9e6d78: c048 b8b0 | e236 c70c | 0200 0048 | c7c2 9802 | 0000 7407 | 48c7 c2a8 | 0200 004c | 8b04 104d 
  0x0000020cee9e6d98: 8d40 014c | 8904 100f | 84bc 0200 | 00e9 0f02 | 0000 498b | 87f8 0400 | 004d 33d2 | 4d89 97f8 
  0x0000020cee9e6db8: 0400 004d | 33d2 4d89 | 9700 0500 | 0048 8b94 | 24b0 0000 

  0x0000020cee9e6dcc: ;   {metadata(method data for {method} {0x0000020c8619def0} 'invoke' '(Ljava/lang/Object;[Ljava/lang/Object;)Ljava/lang/Object;' in 'jdk/internal/reflect/DirectMethodHandleAccessor')}
  0x0000020cee9e6dcc: 0049 b8b0 | e236 c70c | 0200 0049 | 8380 e801 

  0x0000020cee9e6ddc: ;   {metadata(method data for {method} {0x0000020c863c4688} 'isIllegalArgument' '(Ljava/lang/RuntimeException;)Z' in 'jdk/internal/reflect/DirectMethodHandleAccessor')}
  0x0000020cee9e6ddc: 0000 0148 | bab0 f736 | c70c 0200 | 0044 8b82 | cc00 0000 | 4183 c002 | 4489 82cc | 0000 0041 
  0x0000020cee9e6dfc: 81e0 feff | 1f00 4585 | c00f 847f 

  0x0000020cee9e6e08: ;   {oop(a 'java/lang/Class'{0x000000074033acd0} = 'jdk/internal/reflect/DirectMethodHandleAccessor')}
  0x0000020cee9e6e08: 0800 0048 | bad0 ac33 | 4007 0000 | 004c 8bc0 | 4889 8424 | 2001 0000 | 0f1f 8000 

  0x0000020cee9e6e24: ;   {static_call}
  0x0000020cee9e6e24: 0000 00e8 

  0x0000020cee9e6e28: ; ImmutableOopMap {[288]=Oop }
                      ;*invokestatic isIllegalArgument {reexecute=0 rethrow=0 return_oop=0}
                      ; - jdk.internal.reflect.DirectMethodHandleAccessor::isIllegalArgument@3
                      ; - jdk.internal.reflect.DirectMethodHandleAccessor::invoke@30
  0x0000020cee9e6e28: 5482 1c07 

  0x0000020cee9e6e2c: ;   {other}
  0x0000020cee9e6e2c: 0f1f 8400 | 9c23 0014 | 83e0 0185 

  0x0000020cee9e6e38: ;   {metadata(method data for {method} {0x0000020c8619def0} 'invoke' '(Ljava/lang/Object;[Ljava/lang/Object;)Ljava/lang/Object;' in 'jdk/internal/reflect/DirectMethodHandleAccessor')}
  0x0000020cee9e6e38: c048 bab0 | e236 c70c | 0200 0048 | c7c6 2002 | 0000 7407 | 48c7 c630 | 0200 0048 | 8b3c 3248 
  0x0000020cee9e6e58: 8d7f 0148 | 893c 320f | 84a4 0000 | 0066 6690 

  0x0000020cee9e6e68: ;   {no_reloc}
  0x0000020cee9e6e68: e94d 0800 | 0000 0000 | 0000 498b | 87b8 0100 | 0048 8d78 | 2849 3bbf | c801 0000 | 0f87 3a08 
  0x0000020cee9e6e88: 0000 4989 | bfb8 0100 | 0048 c700 | 0100 0000 | 488b ca49 | ba00 0000 | 860c 0200 | 0049 2bca 
  0x0000020cee9e6ea8: 8948 0848 | 33c9 8948 | 0c48 33c9 | 4889 4810 | 4889 4818 | 4889 4820 

  0x0000020cee9e6ec0: ;   {metadata(method data for {method} {0x0000020c8619def0} 'invoke' '(Ljava/lang/Object;[Ljava/lang/Object;)Ljava/lang/Object;' in 'jdk/internal/reflect/DirectMethodHandleAccessor')}
  0x0000020cee9e6ec0: 4c8b c048 | bab0 e236 | c70c 0200 | 0048 8382 | 4002 0000 

  0x0000020cee9e6ed4: ;   {oop("argument type mismatch"{0x00000007402c3550})}
  0x0000020cee9e6ed4: 0149 b850 | 352c 4007 | 0000 0048 | 8bd0 4889 | 8424 2801 | 0000 0f1f 

  0x0000020cee9e6eec: ;   {optimized virtual_call}
  0x0000020cee9e6eec: 4400 00e8 

  0x0000020cee9e6ef0: ; ImmutableOopMap {[296]=Oop }
                      ;*invokespecial <init> {reexecute=0 rethrow=0 return_oop=0}
                      ; - jdk.internal.reflect.DirectMethodHandleAccessor::invoke@42
  0x0000020cee9e6ef0: 8c7b 1c07 

  0x0000020cee9e6ef4: ;   {other}
  0x0000020cee9e6ef4: 0f1f 8400 | 6424 0015 | 488b 8424 | 2801 0000 | e9b2 0800 | 004c 8b84 | 2420 0100 | 000f 1f80 
  0x0000020cee9e6f14: 0000 0000 

  0x0000020cee9e6f18: ;   {no_reloc}
  0x0000020cee9e6f18: e9c3 0700 | 0000 0000 | 0000 80ba | 2101 0000 | 040f 85c0 | 0700 0049 | 8b87 b801 | 0000 488d 
  0x0000020cee9e6f38: 7828 493b | bfc8 0100 | 000f 87a8 | 0700 0049 | 89bf b801 | 0000 48c7 | 0001 0000 | 0048 8bca 
  0x0000020cee9e6f58: 49ba 0000 | 0086 0c02 | 0000 492b | ca89 4808 | 4833 c989 | 480c 4833 | c948 8948 | 1048 8948 
  0x0000020cee9e6f78: 1848 8948 | 2048 8bd0 

  0x0000020cee9e6f80: ;   {metadata(method data for {method} {0x0000020c8619def0} 'invoke' '(Ljava/lang/Object;[Ljava/lang/Object;)Ljava/lang/Object;' in 'jdk/internal/reflect/DirectMethodHandleAccessor')}
  0x0000020cee9e6f80: 48be b0e2 | 36c7 0c02 | 0000 4883 | 8650 0200 | 0001 488b | d048 8984 | 2430 0100 

  0x0000020cee9e6f9c: ;   {optimized virtual_call}
  0x0000020cee9e6f9c: 0066 90e8 

  0x0000020cee9e6fa0: ; ImmutableOopMap {[304]=Oop }
                      ;*invokespecial <init> {reexecute=0 rethrow=0 return_oop=0}
                      ; - jdk.internal.reflect.DirectMethodHandleAccessor::invoke@51
  0x0000020cee9e6fa0: dc7a 1c07 

  0x0000020cee9e6fa4: ;   {other}
  0x0000020cee9e6fa4: 0f1f 8400 | 1425 0016 | 488b 8424 | 3001 0000 | e902 0800 | 000f 1f80 | 0000 0000 

  0x0000020cee9e6fc0: ;   {no_reloc}
  0x0000020cee9e6fc0: e946 0700 | 0000 0000 | 0000 498b | 87b8 0100 | 0048 8d78 | 2849 3bbf | c801 0000 | 0f87 3307 
  0x0000020cee9e6fe0: 0000 4989 | bfb8 0100 | 0048 c700 | 0100 0000 | 488b ca49 | ba00 0000 | 860c 0200 | 0049 2bca 
  0x0000020cee9e7000: 8948 0848 | 33c9 8948 | 0c48 33c9 | 4889 4810 | 4889 4818 | 4889 4820 

  0x0000020cee9e7018: ;   {metadata(method data for {method} {0x0000020c8619def0} 'invoke' '(Ljava/lang/Object;[Ljava/lang/Object;)Ljava/lang/Object;' in 'jdk/internal/reflect/DirectMethodHandleAccessor')}
  0x0000020cee9e7018: 4c8b c048 | bab0 e236 | c70c 0200 | 0048 8382 | b802 0000 | 014c 8b84 | 2418 0100 | 0048 8bd0 
  0x0000020cee9e7038: 4889 8424 | 3801 0000 | 0f1f 8000 

  0x0000020cee9e7044: ;   {optimized virtual_call}
  0x0000020cee9e7044: 0000 00e8 

  0x0000020cee9e7048: ; ImmutableOopMap {[312]=Oop }
                      ;*invokespecial <init> {reexecute=0 rethrow=0 return_oop=0}
                      ; - jdk.internal.reflect.DirectMethodHandleAccessor::invoke@69
  0x0000020cee9e7048: 347a 1c07 

  0x0000020cee9e704c: ;   {other}
  0x0000020cee9e704c: 0f1f 8400 | bc25 0017 | 488b 8424 | 3801 0000 | e95a 0700 | 004c 8b84 | 2418 0100 | 000f 1f80 
  0x0000020cee9e706c: 0000 0000 

  0x0000020cee9e7070: ;   {no_reloc}
  0x0000020cee9e7070: e9bc 0600 | 0000 0000 | 0000 80ba | 2101 0000 | 040f 85b9 | 0600 0049 | 8b87 b801 | 0000 488d 
  0x0000020cee9e7090: 7828 493b | bfc8 0100 | 000f 87a1 | 0600 0049 | 89bf b801 | 0000 48c7 | 0001 0000 | 0048 8bca 
  0x0000020cee9e70b0: 49ba 0000 | 0086 0c02 | 0000 492b | ca89 4808 | 4833 c989 | 480c 4833 | c948 8948 | 1048 8948 
  0x0000020cee9e70d0: 1848 8948 | 2048 8bd0 

  0x0000020cee9e70d8: ;   {metadata(method data for {method} {0x0000020c8619def0} 'invoke' '(Ljava/lang/Object;[Ljava/lang/Object;)Ljava/lang/Object;' in 'jdk/internal/reflect/DirectMethodHandleAccessor')}
  0x0000020cee9e70d8: 48be b0e2 | 36c7 0c02 | 0000 4883 | 86c8 0200 | 0001 488b | d048 8984 | 2440 0100 

  0x0000020cee9e70f4: ;   {optimized virtual_call}
  0x0000020cee9e70f4: 0066 90e8 

  0x0000020cee9e70f8: ; ImmutableOopMap {[320]=Oop }
                      ;*invokespecial <init> {reexecute=0 rethrow=0 return_oop=0}
                      ; - jdk.internal.reflect.DirectMethodHandleAccessor::invoke@78
  0x0000020cee9e70f8: 8479 1c07 

  0x0000020cee9e70fc: ;   {other}
  0x0000020cee9e70fc: 0f1f 8400 | 6c26 0018 | 488b 8424 | 4001 0000 | e9aa 0600 | 000f 1f80 | 0000 0000 

  0x0000020cee9e7118: ;   {no_reloc}
  0x0000020cee9e7118: e93f 0600 | 0000 0000 | 0000 498b | 87b8 0100 | 0048 8d78 | 2849 3bbf | c801 0000 | 0f87 2c06 
  0x0000020cee9e7138: 0000 4989 | bfb8 0100 | 0048 c700 | 0100 0000 | 488b ca49 | ba00 0000 | 860c 0200 | 0049 2bca 
  0x0000020cee9e7158: 8948 0848 | 33c9 8948 | 0c48 33c9 | 4889 4810 | 4889 4818 | 4889 4820 

  0x0000020cee9e7170: ;   {metadata(method data for {method} {0x0000020c863c4898} 'checkReceiver' '(Ljava/lang/Object;)V' in 'jdk/internal/reflect/DirectMethodHandleAccessor')}
  0x0000020cee9e7170: 488b d048 | be00 ea36 | c70c 0200 | 0048 8386 | a001 0000 

  0x0000020cee9e7184: ;   {oop("object is not an instance of declaring class"{0x000000074060e108})}
  0x0000020cee9e7184: 0149 b808 | e160 4007 | 0000 0048 | 8bd0 4889 | 8424 4801 | 0000 0f1f 

  0x0000020cee9e719c: ;   {optimized virtual_call}
  0x0000020cee9e719c: 4400 00e8 

  0x0000020cee9e71a0: ; ImmutableOopMap {[176]=Oop [184]=Oop [192]=Oop [328]=Oop }
                      ;*invokespecial <init> {reexecute=0 rethrow=0 return_oop=0}
                      ; - jdk.internal.reflect.DirectMethodHandleAccessor::checkReceiver@20
                      ; - jdk.internal.reflect.DirectMethodHandleAccessor::invoke@9
  0x0000020cee9e71a0: dc78 1c07 

  0x0000020cee9e71a4: ;   {other}
  0x0000020cee9e71a4: 0f1f 8400 | 1427 0019 | 488b 8424 | 4801 0000 | e902 0600 | 0049 8b87 | f804 0000 | 4d33 d24d 
  0x0000020cee9e71c4: 8997 f804 | 0000 4d33 | d24d 8997 | 0005 0000 | 4c8b c090 

  0x0000020cee9e71d8: ;   {metadata('java/lang/reflect/InvocationTargetException')}
  0x0000020cee9e71d8: 48ba 7853 | 0487 0c02 | 0000 80ba | 2101 0000 | 040f 85a2 | 0500 0049 | 8b87 b801 | 0000 488d 
  0x0000020cee9e71f8: 7828 493b | bfc8 0100 | 000f 878a | 0500 0049 | 89bf b801 | 0000 48c7 | 0001 0000 | 0048 8bca 
  0x0000020cee9e7218: 49ba 0000 | 0086 0c02 | 0000 492b | ca89 4808 | 4833 c989 | 480c 4833 | c948 8948 | 1048 8948 
  0x0000020cee9e7238: 1848 8948 | 2048 8bd0 

  0x0000020cee9e7240: ;   {metadata(method data for {method} {0x0000020c8619def0} 'invoke' '(Ljava/lang/Object;[Ljava/lang/Object;)Ljava/lang/Object;' in 'jdk/internal/reflect/DirectMethodHandleAccessor')}
  0x0000020cee9e7240: 48be b0e2 | 36c7 0c02 | 0000 4883 | 86d8 0200 | 0001 488b | d048 8984 | 2450 0100 

  0x0000020cee9e725c: ;   {optimized virtual_call}
  0x0000020cee9e725c: 0066 90e8 

  0x0000020cee9e7260: ; ImmutableOopMap {[336]=Oop }
                      ;*invokespecial <init> {reexecute=0 rethrow=0 return_oop=0}
                      ; - jdk.internal.reflect.DirectMethodHandleAccessor::invoke@88
  0x0000020cee9e7260: b905 0000 

  0x0000020cee9e7264: ;   {other}
  0x0000020cee9e7264: 0f1f 8400 | d427 001a | 488b 8424 | 5001 0000 | e942 0500 

  0x0000020cee9e7278: ;   {metadata({method} {0x0000020c8619def0} 'invoke' '(Ljava/lang/Object;[Ljava/lang/Object;)Ljava/lang/Object;' in 'jdk/internal/reflect/DirectMethodHandleAccessor')}
  0x0000020cee9e7278: 0049 bae8 | de19 860c | 0200 004c | 8954 2408 | 48c7 0424 | ffff ffff 

  0x0000020cee9e7290: ;   {runtime_call counter_overflow Runtime1 stub}
  0x0000020cee9e7290: e86b 4429 

  0x0000020cee9e7294: ; ImmutableOopMap {rdx=Oop r8=Oop r9=Oop [176]=Oop [184]=Oop [192]=Oop }
                      ;*synchronization entry
                      ; - jdk.internal.reflect.DirectMethodHandleAccessor::invoke@-1
  0x0000020cee9e7294: 07e9 44dd 

  0x0000020cee9e7298: ;   {metadata({method} {0x0000020c863c4948} 'isStatic' '()Z' in 'jdk/internal/reflect/DirectMethodHandleAccessor')}
  0x0000020cee9e7298: ffff 49ba | 4049 3c86 | 0c02 0000 | 4c89 5424 | 0848 c704 | 24ff ffff 

  0x0000020cee9e72b0: ;   {runtime_call counter_overflow Runtime1 stub}
  0x0000020cee9e72b0: ffe8 4a44 

  0x0000020cee9e72b4: ; ImmutableOopMap {rdx=Oop r8=Oop r9=Oop [176]=Oop [184]=Oop [192]=Oop }
                      ;*synchronization entry
                      ; - jdk.internal.reflect.DirectMethodHandleAccessor::isStatic@-1
                      ; - jdk.internal.reflect.DirectMethodHandleAccessor::invoke@1
  0x0000020cee9e72b4: 2907 e95f 

  0x0000020cee9e72b8: ;   {metadata({method} {0x0000020c863c4898} 'checkReceiver' '(Ljava/lang/Object;)V' in 'jdk/internal/reflect/DirectMethodHandleAccessor')}
  0x0000020cee9e72b8: ddff ff49 | ba90 483c | 860c 0200 | 004c 8954 | 2408 48c7 | 0424 ffff 

  0x0000020cee9e72d0: ;   {runtime_call counter_overflow Runtime1 stub}
  0x0000020cee9e72d0: ffff e829 

  0x0000020cee9e72d4: ; ImmutableOopMap {rdx=Oop r8=Oop [176]=Oop [184]=Oop [192]=Oop }
                      ;*synchronization entry
                      ; - jdk.internal.reflect.DirectMethodHandleAccessor::checkReceiver@-1
                      ; - jdk.internal.reflect.DirectMethodHandleAccessor::invoke@9
  0x0000020cee9e72d4: 4429 07e9 | 05de ffff 

  0x0000020cee9e72dc: ;   {runtime_call throw_null_pointer_exception Runtime1 stub}
  0x0000020cee9e72dc: e81f e428 

  0x0000020cee9e72e0: ; ImmutableOopMap {rdx=Oop r8=Oop rsi=Oop [176]=Oop [184]=Oop [192]=Oop }
                      ;*invokevirtual getClass {reexecute=0 rethrow=0 return_oop=0}
                      ; - jdk.internal.reflect.DirectMethodHandleAccessor::checkReceiver@5
                      ; - jdk.internal.reflect.DirectMethodHandleAccessor::invoke@9
                      ;   {runtime_call throw_null_pointer_exception Runtime1 stub}
  0x0000020cee9e72e0: 07e8 1ae4 

  0x0000020cee9e72e4: ; ImmutableOopMap {rdx=Oop r8=Oop rsi=Oop rdi=Oop [176]=Oop [184]=Oop [192]=Oop }
                      ;*invokevirtual isAssignableFrom {reexecute=0 rethrow=0 return_oop=0}
                      ; - jdk.internal.reflect.DirectMethodHandleAccessor::checkReceiver@8
                      ; - jdk.internal.reflect.DirectMethodHandleAccessor::invoke@9
                      ;   {metadata({method} {0x0000020c863c46e0} 'invokeImpl' '(Ljava/lang/Object;[Ljava/lang/Object;)Ljava/lang/Object;' in 'jdk/internal/reflect/DirectMethodHandleAccessor')}
  0x0000020cee9e72e4: 2807 49ba | d846 3c86 | 0c02 0000 | 4c89 5424 | 0848 c704 | 24ff ffff 

  0x0000020cee9e72fc: ;   {runtime_call counter_overflow Runtime1 stub}
  0x0000020cee9e72fc: ffe8 fe43 

  0x0000020cee9e7300: ; ImmutableOopMap {rdx=Oop [176]=Oop [184]=Oop [192]=Oop }
                      ;*synchronization entry
                      ; - jdk.internal.reflect.DirectMethodHandleAccessor::invokeImpl@-1
                      ; - jdk.internal.reflect.DirectMethodHandleAccessor::invoke@23
  0x0000020cee9e7300: 2907 e9ee | deff ff48 | bf38 58a9 | 4007 0000 | 00b8 000f 

  0x0000020cee9e7314: ;   {runtime_call load_appendix_patching Runtime1 stub}
  0x0000020cee9e7314: 050a e865 

  0x0000020cee9e7318: ; ImmutableOopMap {rdx=Oop r9=Oop r8=Oop rsi=Oop [176]=Oop [184]=Oop [192]=Oop }
                      ;*invokevirtual invokeExact {reexecute=1 rethrow=0 return_oop=0}
                      ; - (reexecute) jdk.internal.reflect.DirectMethodHandleAccessor::invokeImpl@104
                      ; - jdk.internal.reflect.DirectMethodHandleAccessor::invoke@23
  0x0000020cee9e7318: 3c29 07e9 | 88df ffff 

  0x0000020cee9e7320: ;   {runtime_call throw_null_pointer_exception Runtime1 stub}
  0x0000020cee9e7320: e8db e328 

  0x0000020cee9e7324: ; ImmutableOopMap {rdx=Oop r9=Oop r8=Oop rsi=Oop rdi=Oop [176]=Oop [184]=Oop [192]=Oop }
                      ;*invokevirtual invokeExact {reexecute=0 rethrow=0 return_oop=0}
                      ; - jdk.internal.reflect.DirectMethodHandleAccessor::invokeImpl@104
                      ; - jdk.internal.reflect.DirectMethodHandleAccessor::invoke@23
                      ;   {internal_word}
  0x0000020cee9e7324: 0749 ba94 | 549e ee0c | 0200 004d | 8997 6004 

  0x0000020cee9e7334: ;   {runtime_call SafepointBlob}
  0x0000020cee9e7334: 0000 e9c5 

  0x0000020cee9e7338: ;   {runtime_call throw_null_pointer_exception Runtime1 stub}
  0x0000020cee9e7338: e31c 07e8 

  0x0000020cee9e733c: ; ImmutableOopMap {rdx=Oop r9=Oop r8=Oop rsi=Oop [176]=Oop [184]=Oop [192]=Oop [208]=Oop }
                      ;*aaload {reexecute=0 rethrow=0 return_oop=0}
                      ; - jdk.internal.reflect.DirectMethodHandleAccessor::invokeImpl@85
                      ; - jdk.internal.reflect.DirectMethodHandleAccessor::invoke@23
  0x0000020cee9e733c: c0e3 2807 

  0x0000020cee9e7340: ;   {runtime_call throw_null_pointer_exception Runtime1 stub}
  0x0000020cee9e7340: e8bb e328 

  0x0000020cee9e7344: ; ImmutableOopMap {rdx=Oop r9=Oop r8=Oop rsi=Oop [176]=Oop [184]=Oop [192]=Oop [208]=Oop }
                      ;*aaload {reexecute=0 rethrow=0 return_oop=0}
                      ; - jdk.internal.reflect.DirectMethodHandleAccessor::invokeImpl@85
                      ; - jdk.internal.reflect.DirectMethodHandleAccessor::invoke@23
  0x0000020cee9e7344: 0748 c704 | 2400 0000 | 004c 894c 

  0x0000020cee9e7350: ;   {runtime_call throw_range_check_failed Runtime1 stub}
  0x0000020cee9e7350: 2408 e8a9 

  0x0000020cee9e7354: ; ImmutableOopMap {rdx=Oop r9=Oop r8=Oop rsi=Oop [176]=Oop [184]=Oop [192]=Oop [208]=Oop }
                      ;*aaload {reexecute=0 rethrow=0 return_oop=0}
                      ; - jdk.internal.reflect.DirectMethodHandleAccessor::invokeImpl@85
                      ; - jdk.internal.reflect.DirectMethodHandleAccessor::invoke@23
  0x0000020cee9e7354: da28 0748 | c704 2401 | 0000 004c | 894c 2408 

  0x0000020cee9e7364: ;   {runtime_call throw_range_check_failed Runtime1 stub}
  0x0000020cee9e7364: e897 da28 

  0x0000020cee9e7368: ; ImmutableOopMap {rdx=Oop r9=Oop r8=Oop rsi=Oop rdi=Oop [176]=Oop [184]=Oop [192]=Oop [200]=Oop [208]=Oop }
                      ;*aaload {reexecute=0 rethrow=0 return_oop=0}
                      ; - jdk.internal.reflect.DirectMethodHandleAccessor::invokeImpl@88
                      ; - jdk.internal.reflect.DirectMethodHandleAccessor::invoke@23
  0x0000020cee9e7368: 0748 c704 | 2402 0000 | 004c 894c 

  0x0000020cee9e7374: ;   {runtime_call throw_range_check_failed Runtime1 stub}
  0x0000020cee9e7374: 2408 e885 

  0x0000020cee9e7378: ; ImmutableOopMap {rdx=Oop r9=Oop r8=Oop rsi=Oop rdi=Oop rbx=Oop [176]=Oop [184]=Oop [192]=Oop [200]=Oop [208]=Oop [216]=Oop }
                      ;*aaload {reexecute=0 rethrow=0 return_oop=0}
                      ; - jdk.internal.reflect.DirectMethodHandleAccessor::invokeImpl@91
                      ; - jdk.internal.reflect.DirectMethodHandleAccessor::invoke@23
                      ;   {metadata({method} {0x0000020cc742b6b8} 'invokeExact_MT' '(Ljava/lang/Object;Ljava/lang/Object;Ljava/lang/Object;Ljava/lang/Object;Ljava/lang/Object;Ljava/lang/Object;)Ljava/lang/Object;' in 'java/lang/invoke/LambdaForm$MH+0x0000020c8700f400')}
  0x0000020cee9e7378: da28 0749 | bab0 b642 | c70c 0200 | 004c 8954 | 2408 48c7 | 0424 ffff 

  0x0000020cee9e7390: ;   {runtime_call counter_overflow Runtime1 stub}
  0x0000020cee9e7390: ffff e869 

  0x0000020cee9e7394: ; ImmutableOopMap {rdx=Oop r8=Oop rsi=Oop rdi=Oop rbx=Oop rax=Oop [176]=Oop [192]=Oop [200]=Oop [208]=Oop [216]=Oop [224]=Oop }
                      ;*synchronization entry
                      ; - java.lang.invoke.LambdaForm$MH/0x0000020c8700f400::invokeExact_MT@-1
                      ; - jdk.internal.reflect.DirectMethodHandleAccessor::invokeImpl@92
                      ; - jdk.internal.reflect.DirectMethodHandleAccessor::invoke@23
  0x0000020cee9e7394: 4329 07e9 | ece2 ffff 

  0x0000020cee9e739c: ;   {metadata({method} {0x0000020c863d94e0} 'checkExactType' '(Ljava/lang/invoke/MethodHandle;Ljava/lang/invoke/MethodType;)V' in 'java/lang/invoke/Invokers')}
  0x0000020cee9e739c: 49ba d894 | 3d86 0c02 | 0000 4c89 | 5424 0848 | c704 24ff 

  0x0000020cee9e73b0: ;   {runtime_call counter_overflow Runtime1 stub}
  0x0000020cee9e73b0: ffff ffe8 

  0x0000020cee9e73b4: ; ImmutableOopMap {rdx=Oop r8=Oop rsi=Oop rdi=Oop rbx=Oop rax=Oop r9=Oop [176]=Oop [192]=Oop [200]=Oop [208]=Oop [216]=Oop [224]=Oop }
                      ;*synchronization entry
                      ; - java.lang.invoke.Invokers::checkExactType@-1
                      ; - java.lang.invoke.LambdaForm$MH/0x0000020c8700f400::invokeExact_MT@11
                      ; - jdk.internal.reflect.DirectMethodHandleAccessor::invokeImpl@92
                      ; - jdk.internal.reflect.DirectMethodHandleAccessor::invoke@23
  0x0000020cee9e73b4: 4843 2907 | e994 e3ff 

  0x0000020cee9e73bc: ;   {runtime_call throw_null_pointer_exception Runtime1 stub}
  0x0000020cee9e73bc: ffe8 3ee3 

  0x0000020cee9e73c0: ; ImmutableOopMap {rdx=Oop r8=Oop rsi=Oop rdi=Oop rbx=Oop rax=Oop r9=Oop [176]=Oop [192]=Oop [200]=Oop [208]=Oop [216]=Oop [224]=Oop }
                      ;*invokevirtual type {reexecute=0 rethrow=0 return_oop=0}
                      ; - java.lang.invoke.Invokers::checkExactType@1
                      ; - java.lang.invoke.LambdaForm$MH/0x0000020c8700f400::invokeExact_MT@11
                      ; - jdk.internal.reflect.DirectMethodHandleAccessor::invokeImpl@92
                      ; - jdk.internal.reflect.DirectMethodHandleAccessor::invoke@23
                      ;   {metadata({method} {0x0000020c863d93d8} 'checkCustomized' '(Ljava/lang/invoke/MethodHandle;)V' in 'java/lang/invoke/Invokers')}
  0x0000020cee9e73c0: 2807 49ba | d093 3d86 | 0c02 0000 | 4c89 5424 | 0848 c704 | 24ff ffff 

  0x0000020cee9e73d8: ;   {runtime_call counter_overflow Runtime1 stub}
  0x0000020cee9e73d8: ffe8 2243 

  0x0000020cee9e73dc: ; ImmutableOopMap {rdx=Oop r8=Oop rsi=Oop rdi=Oop rbx=Oop rax=Oop [176]=Oop [192]=Oop [200]=Oop [208]=Oop [216]=Oop [224]=Oop }
                      ;*synchronization entry
                      ; - java.lang.invoke.Invokers::checkCustomized@-1
                      ; - java.lang.invoke.LambdaForm$MH/0x0000020c8700f400::invokeExact_MT@15
                      ; - jdk.internal.reflect.DirectMethodHandleAccessor::invokeImpl@92
                      ; - jdk.internal.reflect.DirectMethodHandleAccessor::invoke@23
  0x0000020cee9e73dc: 2907 e9d5 

  0x0000020cee9e73e0: ;   {metadata({method} {0x0000020c86095ff0} 'isCompileConstant' '(Ljava/lang/Object;)Z' in 'java/lang/invoke/MethodHandleImpl')}
  0x0000020cee9e73e0: e4ff ff49 | bae8 5f09 | 860c 0200 | 004c 8954 | 2408 48c7 | 0424 ffff 

  0x0000020cee9e73f8: ;   {runtime_call counter_overflow Runtime1 stub}
  0x0000020cee9e73f8: ffff e801 

  0x0000020cee9e73fc: ; ImmutableOopMap {rdx=Oop r8=Oop rsi=Oop rdi=Oop rbx=Oop rax=Oop [176]=Oop [192]=Oop [200]=Oop [208]=Oop [216]=Oop [224]=Oop }
                      ;*synchronization entry
                      ; - java.lang.invoke.MethodHandleImpl::isCompileConstant@-1
                      ; - java.lang.invoke.Invokers::checkCustomized@1
                      ; - java.lang.invoke.LambdaForm$MH/0x0000020c8700f400::invokeExact_MT@15
                      ; - jdk.internal.reflect.DirectMethodHandleAccessor::invokeImpl@92
                      ; - jdk.internal.reflect.DirectMethodHandleAccessor::invoke@23
  0x0000020cee9e73fc: 4329 07e9 | f2e4 ffff 

  0x0000020cee9e7404: ;   {runtime_call throw_null_pointer_exception Runtime1 stub}
  0x0000020cee9e7404: e8f7 e228 

  0x0000020cee9e7408: ; ImmutableOopMap {rdx=Oop r8=Oop rsi=Oop rdi=Oop rbx=Oop rax=Oop [176]=Oop [192]=Oop [200]=Oop [208]=Oop [216]=Oop [224]=Oop }
                      ;*getfield customized {reexecute=1 rethrow=0 return_oop=0}
                      ; - (reexecute) java.lang.invoke.Invokers::checkCustomized@12
                      ; - java.lang.invoke.LambdaForm$MH/0x0000020c8700f400::invokeExact_MT@15
                      ; - jdk.internal.reflect.DirectMethodHandleAccessor::invokeImpl@92
                      ; - jdk.internal.reflect.DirectMethodHandleAccessor::invoke@23
                      ;   {internal_word}
  0x0000020cee9e7408: 0749 ba7c | 5b9e ee0c | 0200 004d | 8997 6004 

  0x0000020cee9e7418: ;   {runtime_call SafepointBlob}
  0x0000020cee9e7418: 0000 e9e1 

  0x0000020cee9e741c: ;   {runtime_call throw_null_pointer_exception Runtime1 stub}
  0x0000020cee9e741c: e21c 07e8 

  0x0000020cee9e7420: ; ImmutableOopMap {rdx=Oop r9=Oop r8=Oop rsi=Oop [176]=Oop [184]=Oop [192]=Oop [240]=Oop }
                      ;*aaload {reexecute=0 rethrow=0 return_oop=0}
                      ; - jdk.internal.reflect.DirectMethodHandleAccessor::invokeImpl@68
                      ; - jdk.internal.reflect.DirectMethodHandleAccessor::invoke@23
  0x0000020cee9e7420: dce2 2807 

  0x0000020cee9e7424: ;   {runtime_call throw_null_pointer_exception Runtime1 stub}
  0x0000020cee9e7424: e8d7 e228 

  0x0000020cee9e7428: ; ImmutableOopMap {rdx=Oop r9=Oop r8=Oop rsi=Oop [176]=Oop [184]=Oop [192]=Oop [240]=Oop }
                      ;*aaload {reexecute=0 rethrow=0 return_oop=0}
                      ; - jdk.internal.reflect.DirectMethodHandleAccessor::invokeImpl@68
                      ; - jdk.internal.reflect.DirectMethodHandleAccessor::invoke@23
  0x0000020cee9e7428: 0748 c704 | 2400 0000 | 004c 894c 

  0x0000020cee9e7434: ;   {runtime_call throw_range_check_failed Runtime1 stub}
  0x0000020cee9e7434: 2408 e8c5 

  0x0000020cee9e7438: ; ImmutableOopMap {rdx=Oop r9=Oop r8=Oop rsi=Oop [176]=Oop [184]=Oop [192]=Oop [240]=Oop }
                      ;*aaload {reexecute=0 rethrow=0 return_oop=0}
                      ; - jdk.internal.reflect.DirectMethodHandleAccessor::invokeImpl@68
                      ; - jdk.internal.reflect.DirectMethodHandleAccessor::invoke@23
  0x0000020cee9e7438: d928 0748 | c704 2401 | 0000 004c | 894c 2408 

  0x0000020cee9e7448: ;   {runtime_call throw_range_check_failed Runtime1 stub}
  0x0000020cee9e7448: e8b3 d928 

  0x0000020cee9e744c: ; ImmutableOopMap {rdx=Oop r9=Oop r8=Oop rsi=Oop rdi=Oop [176]=Oop [184]=Oop [192]=Oop [232]=Oop [240]=Oop }
                      ;*aaload {reexecute=0 rethrow=0 return_oop=0}
                      ; - jdk.internal.reflect.DirectMethodHandleAccessor::invokeImpl@71
                      ; - jdk.internal.reflect.DirectMethodHandleAccessor::invoke@23
                      ;   {metadata({method} {0x0000020cc7455ab8} 'invokeExact_MT' '(Ljava/lang/Object;Ljava/lang/Object;Ljava/lang/Object;Ljava/lang/Object;Ljava/lang/Object;)Ljava/lang/Object;' in 'java/lang/invoke/LambdaForm$MH+0x0000020c8701cc00')}
  0x0000020cee9e744c: 0749 bab0 | 5a45 c70c | 0200 004c | 8954 2408 | 48c7 0424 | ffff ffff 

  0x0000020cee9e7464: ;   {runtime_call counter_overflow Runtime1 stub}
  0x0000020cee9e7464: e897 4229 

  0x0000020cee9e7468: ; ImmutableOopMap {rdx=Oop r8=Oop rsi=Oop rdi=Oop rbx=Oop [176]=Oop [192]=Oop [232]=Oop [240]=Oop [248]=Oop }
                      ;*synchronization entry
                      ; - java.lang.invoke.LambdaForm$MH/0x0000020c8701cc00::invokeExact_MT@-1
                      ; - jdk.internal.reflect.DirectMethodHandleAccessor::invokeImpl@72
                      ; - jdk.internal.reflect.DirectMethodHandleAccessor::invoke@23
  0x0000020cee9e7468: 07e9 dee8 

  0x0000020cee9e746c: ;   {metadata({method} {0x0000020c863d94e0} 'checkExactType' '(Ljava/lang/invoke/MethodHandle;Ljava/lang/invoke/MethodType;)V' in 'java/lang/invoke/Invokers')}
  0x0000020cee9e746c: ffff 49ba | d894 3d86 | 0c02 0000 | 4c89 5424 | 0848 c704 | 24ff ffff 

  0x0000020cee9e7484: ;   {runtime_call counter_overflow Runtime1 stub}
  0x0000020cee9e7484: ffe8 7642 

  0x0000020cee9e7488: ; ImmutableOopMap {rdx=Oop r8=Oop rsi=Oop rdi=Oop rbx=Oop rcx=Oop [176]=Oop [192]=Oop [232]=Oop [240]=Oop [248]=Oop }
                      ;*synchronization entry
                      ; - java.lang.invoke.Invokers::checkExactType@-1
                      ; - java.lang.invoke.LambdaForm$MH/0x0000020c8701cc00::invokeExact_MT@11
                      ; - jdk.internal.reflect.DirectMethodHandleAccessor::invokeImpl@72
                      ; - jdk.internal.reflect.DirectMethodHandleAccessor::invoke@23
  0x0000020cee9e7488: 2907 e984 

  0x0000020cee9e748c: ;   {runtime_call throw_null_pointer_exception Runtime1 stub}
  0x0000020cee9e748c: e9ff ffe8 

  0x0000020cee9e7490: ; ImmutableOopMap {rdx=Oop r8=Oop rsi=Oop rdi=Oop rbx=Oop rcx=Oop [176]=Oop [192]=Oop [232]=Oop [240]=Oop [248]=Oop }
                      ;*invokevirtual type {reexecute=0 rethrow=0 return_oop=0}
                      ; - java.lang.invoke.Invokers::checkExactType@1
                      ; - java.lang.invoke.LambdaForm$MH/0x0000020c8701cc00::invokeExact_MT@11
                      ; - jdk.internal.reflect.DirectMethodHandleAccessor::invokeImpl@72
                      ; - jdk.internal.reflect.DirectMethodHandleAccessor::invoke@23
  0x0000020cee9e7490: 6ce2 2807 

  0x0000020cee9e7494: ;   {metadata({method} {0x0000020c863d93d8} 'checkCustomized' '(Ljava/lang/invoke/MethodHandle;)V' in 'java/lang/invoke/Invokers')}
  0x0000020cee9e7494: 49ba d093 | 3d86 0c02 | 0000 4c89 | 5424 0848 | c704 24ff 

  0x0000020cee9e74a8: ;   {runtime_call counter_overflow Runtime1 stub}
  0x0000020cee9e74a8: ffff ffe8 

  0x0000020cee9e74ac: ; ImmutableOopMap {rdx=Oop r8=Oop rsi=Oop rdi=Oop rbx=Oop [176]=Oop [192]=Oop [232]=Oop [240]=Oop [248]=Oop }
                      ;*synchronization entry
                      ; - java.lang.invoke.Invokers::checkCustomized@-1
                      ; - java.lang.invoke.LambdaForm$MH/0x0000020c8701cc00::invokeExact_MT@15
                      ; - jdk.internal.reflect.DirectMethodHandleAccessor::invokeImpl@72
                      ; - jdk.internal.reflect.DirectMethodHandleAccessor::invoke@23
  0x0000020cee9e74ac: 5042 2907 | e9be eaff 

  0x0000020cee9e74b4: ;   {metadata({method} {0x0000020c86095ff0} 'isCompileConstant' '(Ljava/lang/Object;)Z' in 'java/lang/invoke/MethodHandleImpl')}
  0x0000020cee9e74b4: ff49 bae8 | 5f09 860c | 0200 004c | 8954 2408 | 48c7 0424 | ffff ffff 

  0x0000020cee9e74cc: ;   {runtime_call counter_overflow Runtime1 stub}
  0x0000020cee9e74cc: e82f 4229 

  0x0000020cee9e74d0: ; ImmutableOopMap {rdx=Oop r8=Oop rsi=Oop rdi=Oop rbx=Oop [176]=Oop [192]=Oop [232]=Oop [240]=Oop [248]=Oop }
                      ;*synchronization entry
                      ; - java.lang.invoke.MethodHandleImpl::isCompileConstant@-1
                      ; - java.lang.invoke.Invokers::checkCustomized@1
                      ; - java.lang.invoke.LambdaForm$MH/0x0000020c8701cc00::invokeExact_MT@15
                      ; - jdk.internal.reflect.DirectMethodHandleAccessor::invokeImpl@72
                      ; - jdk.internal.reflect.DirectMethodHandleAccessor::invoke@23
  0x0000020cee9e74d0: 07e9 d6ea 

  0x0000020cee9e74d4: ;   {runtime_call throw_null_pointer_exception Runtime1 stub}
  0x0000020cee9e74d4: ffff e825 

  0x0000020cee9e74d8: ; ImmutableOopMap {rdx=Oop r8=Oop rsi=Oop rdi=Oop rbx=Oop [176]=Oop [192]=Oop [232]=Oop [240]=Oop [248]=Oop }
                      ;*getfield customized {reexecute=1 rethrow=0 return_oop=0}
                      ; - (reexecute) java.lang.invoke.Invokers::checkCustomized@12
                      ; - java.lang.invoke.LambdaForm$MH/0x0000020c8701cc00::invokeExact_MT@15
                      ; - jdk.internal.reflect.DirectMethodHandleAccessor::invokeImpl@72
                      ; - jdk.internal.reflect.DirectMethodHandleAccessor::invoke@23
                      ;   {internal_word}
  0x0000020cee9e74d8: e228 0749 | ba1c 629e | ee0c 0200 | 004d 8997 | 6004 0000 

  0x0000020cee9e74ec: ;   {runtime_call SafepointBlob}
  0x0000020cee9e74ec: e90f e21c 

  0x0000020cee9e74f0: ;   {runtime_call throw_null_pointer_exception Runtime1 stub}
  0x0000020cee9e74f0: 07e8 0ae2 

  0x0000020cee9e74f4: ; ImmutableOopMap {rdx=Oop r9=Oop r8=Oop rsi=Oop [176]=Oop [184]=Oop [192]=Oop [264]=Oop }
                      ;*aaload {reexecute=0 rethrow=0 return_oop=0}
                      ; - jdk.internal.reflect.DirectMethodHandleAccessor::invokeImpl@54
                      ; - jdk.internal.reflect.DirectMethodHandleAccessor::invoke@23
                      ;   {runtime_call throw_null_pointer_exception Runtime1 stub}
  0x0000020cee9e74f4: 2807 e805 

  0x0000020cee9e74f8: ; ImmutableOopMap {rdx=Oop r9=Oop r8=Oop rsi=Oop [176]=Oop [184]=Oop [192]=Oop [264]=Oop }
                      ;*aaload {reexecute=0 rethrow=0 return_oop=0}
                      ; - jdk.internal.reflect.DirectMethodHandleAccessor::invokeImpl@54
                      ; - jdk.internal.reflect.DirectMethodHandleAccessor::invoke@23
  0x0000020cee9e74f8: e228 0748 | c704 2400 | 0000 004c | 894c 2408 

  0x0000020cee9e7508: ;   {runtime_call throw_range_check_failed Runtime1 stub}
  0x0000020cee9e7508: e8f3 d828 

  0x0000020cee9e750c: ; ImmutableOopMap {rdx=Oop r9=Oop r8=Oop rsi=Oop [176]=Oop [184]=Oop [192]=Oop [264]=Oop }
                      ;*aaload {reexecute=0 rethrow=0 return_oop=0}
                      ; - jdk.internal.reflect.DirectMethodHandleAccessor::invokeImpl@54
                      ; - jdk.internal.reflect.DirectMethodHandleAccessor::invoke@23
                      ;   {metadata({method} {0x0000020c860b0158} 'invokeExact_MT' '(Ljava/lang/Object;Ljava/lang/Object;Ljava/lang/Object;Ljava/lang/Object;)Ljava/lang/Object;' in 'java/lang/invoke/Invokers$Holder')}
  0x0000020cee9e750c: 0749 ba50 | 010b 860c | 0200 004c | 8954 2408 | 48c7 0424 | ffff ffff 

  0x0000020cee9e7524: ;   {runtime_call counter_overflow Runtime1 stub}
  0x0000020cee9e7524: e8d7 4129 

  0x0000020cee9e7528: ; ImmutableOopMap {rdx=Oop r8=Oop rsi=Oop rdi=Oop [176]=Oop [192]=Oop [256]=Oop [264]=Oop }
                      ;*synchronization entry
                      ; - java.lang.invoke.Invokers$Holder::invokeExact_MT@-1
                      ; - jdk.internal.reflect.DirectMethodHandleAccessor::invokeImpl@55
                      ; - jdk.internal.reflect.DirectMethodHandleAccessor::invoke@23
  0x0000020cee9e7528: 07e9 99ee 

  0x0000020cee9e752c: ;   {metadata({method} {0x0000020c863d94e0} 'checkExactType' '(Ljava/lang/invoke/MethodHandle;Ljava/lang/invoke/MethodType;)V' in 'java/lang/invoke/Invokers')}
  0x0000020cee9e752c: ffff 49ba | d894 3d86 | 0c02 0000 | 4c89 5424 | 0848 c704 | 24ff ffff 

  0x0000020cee9e7544: ;   {runtime_call counter_overflow Runtime1 stub}
  0x0000020cee9e7544: ffe8 b641 

  0x0000020cee9e7548: ; ImmutableOopMap {rdx=Oop r8=Oop rsi=Oop rdi=Oop rax=Oop [176]=Oop [192]=Oop [256]=Oop [264]=Oop }
                      ;*synchronization entry
                      ; - java.lang.invoke.Invokers::checkExactType@-1
                      ; - java.lang.invoke.Invokers$Holder::invokeExact_MT@10
                      ; - jdk.internal.reflect.DirectMethodHandleAccessor::invokeImpl@55
                      ; - jdk.internal.reflect.DirectMethodHandleAccessor::invoke@23
  0x0000020cee9e7548: 2907 e937 

  0x0000020cee9e754c: ;   {runtime_call throw_null_pointer_exception Runtime1 stub}
  0x0000020cee9e754c: efff ffe8 

  0x0000020cee9e7550: ; ImmutableOopMap {rdx=Oop r8=Oop rsi=Oop rdi=Oop rax=Oop [176]=Oop [192]=Oop [256]=Oop [264]=Oop }
                      ;*invokevirtual type {reexecute=0 rethrow=0 return_oop=0}
                      ; - java.lang.invoke.Invokers::checkExactType@1
                      ; - java.lang.invoke.Invokers$Holder::invokeExact_MT@10
                      ; - jdk.internal.reflect.DirectMethodHandleAccessor::invokeImpl@55
                      ; - jdk.internal.reflect.DirectMethodHandleAccessor::invoke@23
  0x0000020cee9e7550: ace1 2807 

  0x0000020cee9e7554: ;   {metadata({method} {0x0000020c863d93d8} 'checkCustomized' '(Ljava/lang/invoke/MethodHandle;)V' in 'java/lang/invoke/Invokers')}
  0x0000020cee9e7554: 49ba d093 | 3d86 0c02 | 0000 4c89 | 5424 0848 | c704 24ff 

  0x0000020cee9e7568: ;   {runtime_call counter_overflow Runtime1 stub}
  0x0000020cee9e7568: ffff ffe8 

  0x0000020cee9e756c: ; ImmutableOopMap {rdx=Oop r8=Oop rsi=Oop rdi=Oop [176]=Oop [192]=Oop [256]=Oop [264]=Oop }
                      ;*synchronization entry
                      ; - java.lang.invoke.Invokers::checkCustomized@-1
                      ; - java.lang.invoke.Invokers$Holder::invokeExact_MT@14
                      ; - jdk.internal.reflect.DirectMethodHandleAccessor::invokeImpl@55
                      ; - jdk.internal.reflect.DirectMethodHandleAccessor::invoke@23
  0x0000020cee9e756c: 9041 2907 | e96d f0ff 

  0x0000020cee9e7574: ;   {metadata({method} {0x0000020c86095ff0} 'isCompileConstant' '(Ljava/lang/Object;)Z' in 'java/lang/invoke/MethodHandleImpl')}
  0x0000020cee9e7574: ff49 bae8 | 5f09 860c | 0200 004c | 8954 2408 | 48c7 0424 | ffff ffff 

  0x0000020cee9e758c: ;   {runtime_call counter_overflow Runtime1 stub}
  0x0000020cee9e758c: e86f 4129 

  0x0000020cee9e7590: ; ImmutableOopMap {rdx=Oop r8=Oop rsi=Oop rdi=Oop [176]=Oop [192]=Oop [256]=Oop [264]=Oop }
                      ;*synchronization entry
                      ; - java.lang.invoke.MethodHandleImpl::isCompileConstant@-1
                      ; - java.lang.invoke.Invokers::checkCustomized@1
                      ; - java.lang.invoke.Invokers$Holder::invokeExact_MT@14
                      ; - jdk.internal.reflect.DirectMethodHandleAccessor::invokeImpl@55
                      ; - jdk.internal.reflect.DirectMethodHandleAccessor::invoke@23
  0x0000020cee9e7590: 07e9 84f0 

  0x0000020cee9e7594: ;   {runtime_call throw_null_pointer_exception Runtime1 stub}
  0x0000020cee9e7594: ffff e865 

  0x0000020cee9e7598: ; ImmutableOopMap {rdx=Oop r8=Oop rsi=Oop rdi=Oop [176]=Oop [192]=Oop [256]=Oop [264]=Oop }
                      ;*getfield customized {reexecute=1 rethrow=0 return_oop=0}
                      ; - (reexecute) java.lang.invoke.Invokers::checkCustomized@12
                      ; - java.lang.invoke.Invokers$Holder::invokeExact_MT@14
                      ; - jdk.internal.reflect.DirectMethodHandleAccessor::invokeImpl@55
                      ; - jdk.internal.reflect.DirectMethodHandleAccessor::invoke@23
                      ;   {internal_word}
  0x0000020cee9e7598: e128 0749 | ba84 689e | ee0c 0200 | 004d 8997 | 6004 0000 

  0x0000020cee9e75ac: ;   {runtime_call SafepointBlob}
  0x0000020cee9e75ac: e94f e11c 

  0x0000020cee9e75b0: ;   {metadata({method} {0x0000020c860b0208} 'invokeExact_MT' '(Ljava/lang/Object;Ljava/lang/Object;Ljava/lang/Object;)Ljava/lang/Object;' in 'java/lang/invoke/Invokers$Holder')}
  0x0000020cee9e75b0: 0749 ba00 | 020b 860c | 0200 004c | 8954 2408 | 48c7 0424 | ffff ffff 

  0x0000020cee9e75c8: ;   {runtime_call counter_overflow Runtime1 stub}
  0x0000020cee9e75c8: e833 4129 

  0x0000020cee9e75cc: ; ImmutableOopMap {rdx=Oop r8=Oop rsi=Oop [176]=Oop [192]=Oop [272]=Oop }
                      ;*synchronization entry
                      ; - java.lang.invoke.Invokers$Holder::invokeExact_MT@-1
                      ; - jdk.internal.reflect.DirectMethodHandleAccessor::invokeImpl@41
                      ; - jdk.internal.reflect.DirectMethodHandleAccessor::invoke@23
  0x0000020cee9e75cc: 07e9 52f3 

  0x0000020cee9e75d0: ;   {metadata({method} {0x0000020c863d94e0} 'checkExactType' '(Ljava/lang/invoke/MethodHandle;Ljava/lang/invoke/MethodType;)V' in 'java/lang/invoke/Invokers')}
  0x0000020cee9e75d0: ffff 49ba | d894 3d86 | 0c02 0000 | 4c89 5424 | 0848 c704 | 24ff ffff 

  0x0000020cee9e75e8: ;   {runtime_call counter_overflow Runtime1 stub}
  0x0000020cee9e75e8: ffe8 1241 

  0x0000020cee9e75ec: ; ImmutableOopMap {rdx=Oop r8=Oop rsi=Oop rbx=Oop [176]=Oop [192]=Oop [272]=Oop }
                      ;*synchronization entry
                      ; - java.lang.invoke.Invokers::checkExactType@-1
                      ; - java.lang.invoke.Invokers$Holder::invokeExact_MT@10
                      ; - jdk.internal.reflect.DirectMethodHandleAccessor::invokeImpl@41
                      ; - jdk.internal.reflect.DirectMethodHandleAccessor::invoke@23
  0x0000020cee9e75ec: 2907 e9a6 

  0x0000020cee9e75f0: ;   {runtime_call throw_null_pointer_exception Runtime1 stub}
  0x0000020cee9e75f0: f3ff ffe8 

  0x0000020cee9e75f4: ; ImmutableOopMap {rdx=Oop r8=Oop rsi=Oop rbx=Oop [176]=Oop [192]=Oop [272]=Oop }
                      ;*invokevirtual type {reexecute=0 rethrow=0 return_oop=0}
                      ; - java.lang.invoke.Invokers::checkExactType@1
                      ; - java.lang.invoke.Invokers$Holder::invokeExact_MT@10
                      ; - jdk.internal.reflect.DirectMethodHandleAccessor::invokeImpl@41
                      ; - jdk.internal.reflect.DirectMethodHandleAccessor::invoke@23
  0x0000020cee9e75f4: 08e1 2807 

  0x0000020cee9e75f8: ;   {metadata({method} {0x0000020c863d93d8} 'checkCustomized' '(Ljava/lang/invoke/MethodHandle;)V' in 'java/lang/invoke/Invokers')}
  0x0000020cee9e75f8: 49ba d093 | 3d86 0c02 | 0000 4c89 | 5424 0848 | c704 24ff 

  0x0000020cee9e760c: ;   {runtime_call counter_overflow Runtime1 stub}
  0x0000020cee9e760c: ffff ffe8 

  0x0000020cee9e7610: ; ImmutableOopMap {rdx=Oop r8=Oop rsi=Oop [176]=Oop [192]=Oop [272]=Oop }
                      ;*synchronization entry
                      ; - java.lang.invoke.Invokers::checkCustomized@-1
                      ; - java.lang.invoke.Invokers$Holder::invokeExact_MT@14
                      ; - jdk.internal.reflect.DirectMethodHandleAccessor::invokeImpl@41
                      ; - jdk.internal.reflect.DirectMethodHandleAccessor::invoke@23
  0x0000020cee9e7610: ec40 2907 | e985 f4ff 

  0x0000020cee9e7618: ;   {metadata({method} {0x0000020c86095ff0} 'isCompileConstant' '(Ljava/lang/Object;)Z' in 'java/lang/invoke/MethodHandleImpl')}
  0x0000020cee9e7618: ff49 bae8 | 5f09 860c | 0200 004c | 8954 2408 | 48c7 0424 | ffff ffff 

  0x0000020cee9e7630: ;   {runtime_call counter_overflow Runtime1 stub}
  0x0000020cee9e7630: e8cb 4029 

  0x0000020cee9e7634: ; ImmutableOopMap {rdx=Oop r8=Oop rsi=Oop [176]=Oop [192]=Oop [272]=Oop }
                      ;*synchronization entry
                      ; - java.lang.invoke.MethodHandleImpl::isCompileConstant@-1
                      ; - java.lang.invoke.Invokers::checkCustomized@1
                      ; - java.lang.invoke.Invokers$Holder::invokeExact_MT@14
                      ; - jdk.internal.reflect.DirectMethodHandleAccessor::invokeImpl@41
                      ; - jdk.internal.reflect.DirectMethodHandleAccessor::invoke@23
  0x0000020cee9e7634: 07e9 9df4 

  0x0000020cee9e7638: ;   {runtime_call throw_null_pointer_exception Runtime1 stub}
  0x0000020cee9e7638: ffff e8c1 

  0x0000020cee9e763c: ; ImmutableOopMap {rdx=Oop r8=Oop rsi=Oop [176]=Oop [192]=Oop [272]=Oop }
                      ;*getfield customized {reexecute=1 rethrow=0 return_oop=0}
                      ; - (reexecute) java.lang.invoke.Invokers::checkCustomized@12
                      ; - java.lang.invoke.Invokers$Holder::invokeExact_MT@14
                      ; - jdk.internal.reflect.DirectMethodHandleAccessor::invokeImpl@41
                      ; - jdk.internal.reflect.DirectMethodHandleAccessor::invoke@23
                      ;   {internal_word}
  0x0000020cee9e763c: e028 0749 | badc 6b9e | ee0c 0200 | 004d 8997 | 6004 0000 

  0x0000020cee9e7650: ;   {runtime_call SafepointBlob}
  0x0000020cee9e7650: e9ab e01c 

  0x0000020cee9e7654: ;   {runtime_call throw_null_pointer_exception Runtime1 stub}
  0x0000020cee9e7654: 07e8 a6e0 

  0x0000020cee9e7658: ; ImmutableOopMap {rax=Oop [176]=Oop [192]=Oop [272]=Oop }
                      ;*athrow {reexecute=1 rethrow=0 return_oop=0}
                      ; - (reexecute) java.lang.invoke.Invokers::checkExactType@15
                      ; - java.lang.invoke.Invokers$Holder::invokeExact_MT@10
                      ; - jdk.internal.reflect.DirectMethodHandleAccessor::invokeImpl@41
                      ; - jdk.internal.reflect.DirectMethodHandleAccessor::invoke@23
                      ;   {runtime_call throw_null_pointer_exception Runtime1 stub}
  0x0000020cee9e7658: 2807 e8a1 

  0x0000020cee9e765c: ; ImmutableOopMap {rax=Oop [176]=Oop [192]=Oop [256]=Oop [264]=Oop }
                      ;*athrow {reexecute=1 rethrow=0 return_oop=0}
                      ; - (reexecute) java.lang.invoke.Invokers::checkExactType@15
                      ; - java.lang.invoke.Invokers$Holder::invokeExact_MT@10
                      ; - jdk.internal.reflect.DirectMethodHandleAccessor::invokeImpl@55
                      ; - jdk.internal.reflect.DirectMethodHandleAccessor::invoke@23
                      ;   {runtime_call throw_null_pointer_exception Runtime1 stub}
  0x0000020cee9e765c: e028 07e8 

  0x0000020cee9e7660: ; ImmutableOopMap {rax=Oop [176]=Oop [192]=Oop [232]=Oop [240]=Oop [248]=Oop }
                      ;*athrow {reexecute=1 rethrow=0 return_oop=0}
                      ; - (reexecute) java.lang.invoke.Invokers::checkExactType@15
                      ; - java.lang.invoke.LambdaForm$MH/0x0000020c8701cc00::invokeExact_MT@11
                      ; - jdk.internal.reflect.DirectMethodHandleAccessor::invokeImpl@72
                      ; - jdk.internal.reflect.DirectMethodHandleAccessor::invoke@23
  0x0000020cee9e7660: 9ce0 2807 

  0x0000020cee9e7664: ;   {runtime_call throw_null_pointer_exception Runtime1 stub}
  0x0000020cee9e7664: e897 e028 

  0x0000020cee9e7668: ; ImmutableOopMap {rax=Oop [176]=Oop [192]=Oop [200]=Oop [208]=Oop [216]=Oop [224]=Oop }
                      ;*athrow {reexecute=1 rethrow=0 return_oop=0}
                      ; - (reexecute) java.lang.invoke.Invokers::checkExactType@15
                      ; - java.lang.invoke.LambdaForm$MH/0x0000020c8700f400::invokeExact_MT@11
                      ; - jdk.internal.reflect.DirectMethodHandleAccessor::invokeImpl@92
                      ; - jdk.internal.reflect.DirectMethodHandleAccessor::invoke@23
                      ;   {metadata({method} {0x0000020c863c4688} 'isIllegalArgument' '(Ljava/lang/RuntimeException;)Z' in 'jdk/internal/reflect/DirectMethodHandleAccessor')}
  0x0000020cee9e7668: 0749 ba80 | 463c 860c | 0200 004c | 8954 2408 | 48c7 0424 | ffff ffff 

  0x0000020cee9e7680: ;   {runtime_call counter_overflow Runtime1 stub}
  0x0000020cee9e7680: e87b 4029 

  0x0000020cee9e7684: ; ImmutableOopMap {rax=Oop }
                      ;*synchronization entry
                      ; - jdk.internal.reflect.DirectMethodHandleAccessor::isIllegalArgument@-1
                      ; - jdk.internal.reflect.DirectMethodHandleAccessor::invoke@58
  0x0000020cee9e7684: 07e9 c6f6 

  0x0000020cee9e7688: ;   {metadata({method} {0x0000020c863c4688} 'isIllegalArgument' '(Ljava/lang/RuntimeException;)Z' in 'jdk/internal/reflect/DirectMethodHandleAccessor')}
  0x0000020cee9e7688: ffff 49ba | 8046 3c86 | 0c02 0000 | 4c89 5424 | 0848 c704 | 24ff ffff 

  0x0000020cee9e76a0: ;   {runtime_call counter_overflow Runtime1 stub}
  0x0000020cee9e76a0: ffe8 5a40 

  0x0000020cee9e76a4: ; ImmutableOopMap {rax=Oop }
                      ;*synchronization entry
                      ; - jdk.internal.reflect.DirectMethodHandleAccessor::isIllegalArgument@-1
                      ; - jdk.internal.reflect.DirectMethodHandleAccessor::invoke@30
  0x0000020cee9e76a4: 2907 e960 

  0x0000020cee9e76a8: ;   {metadata(nullptr)}
  0x0000020cee9e76a8: f7ff ff48 | ba00 0000 | 0000 0000 | 00b8 000f 

  0x0000020cee9e76b8: ;   {runtime_call load_klass_patching Runtime1 stub}
  0x0000020cee9e76b8: 050a e8c1 

  0x0000020cee9e76bc: ; ImmutableOopMap {}
                      ;*new {reexecute=1 rethrow=0 return_oop=0}
                      ; - (reexecute) jdk.internal.reflect.DirectMethodHandleAccessor::invoke@36
  0x0000020cee9e76bc: 2f29 07e9 | a4f7 ffff 

  0x0000020cee9e76c4: ;   {runtime_call fast_new_instance Runtime1 stub}
  0x0000020cee9e76c4: 488b d2e8 

  0x0000020cee9e76c8: ; ImmutableOopMap {}
                      ;*new {reexecute=0 rethrow=0 return_oop=0}
                      ; - jdk.internal.reflect.DirectMethodHandleAccessor::invoke@36
  0x0000020cee9e76c8: b4ed 2807 | e9ef f7ff 

  0x0000020cee9e76d0: ;   {metadata(nullptr)}
  0x0000020cee9e76d0: ff48 ba00 | 0000 0000 | 0000 00b8 | 000f 050a 

  0x0000020cee9e76e0: ;   {runtime_call load_klass_patching Runtime1 stub}
  0x0000020cee9e76e0: e89b 2f29 

  0x0000020cee9e76e4: ; ImmutableOopMap {r8=Oop }
                      ;*new {reexecute=1 rethrow=0 return_oop=0}
                      ; - (reexecute) jdk.internal.reflect.DirectMethodHandleAccessor::invoke@46
  0x0000020cee9e76e4: 07e9 2ef8 

  0x0000020cee9e76e8: ;   {runtime_call throw_null_pointer_exception Runtime1 stub}
  0x0000020cee9e76e8: ffff e811 

  0x0000020cee9e76ec: ; ImmutableOopMap {r8=Oop }
                      ;*new {reexecute=0 rethrow=0 return_oop=0}
                      ; - jdk.internal.reflect.DirectMethodHandleAccessor::invoke@46
  0x0000020cee9e76ec: e028 0748 

  0x0000020cee9e76f0: ;   {runtime_call fast_new_instance_init_check Runtime1 stub}
  0x0000020cee9e76f0: 8bd2 e889 

  0x0000020cee9e76f4: ; ImmutableOopMap {r8=Oop }
                      ;*new {reexecute=0 rethrow=0 return_oop=0}
                      ; - jdk.internal.reflect.DirectMethodHandleAccessor::invoke@46
  0x0000020cee9e76f4: f028 07e9 | 81f8 ffff 

  0x0000020cee9e76fc: ;   {metadata(nullptr)}
  0x0000020cee9e76fc: 48ba 0000 | 0000 0000 | 0000 b800 

  0x0000020cee9e7708: ;   {runtime_call load_klass_patching Runtime1 stub}
  0x0000020cee9e7708: 0f05 0ae8 

  0x0000020cee9e770c: ; ImmutableOopMap {[280]=Oop }
                      ;*new {reexecute=1 rethrow=0 return_oop=0}
                      ; - (reexecute) jdk.internal.reflect.DirectMethodHandleAccessor::invoke@64
  0x0000020cee9e770c: 702f 2907 | e9ab f8ff | ff48 8bd2 

  0x0000020cee9e7718: ;   {runtime_call fast_new_instance Runtime1 stub}
  0x0000020cee9e7718: e863 ed28 

  0x0000020cee9e771c: ; ImmutableOopMap {[280]=Oop }
                      ;*new {reexecute=0 rethrow=0 return_oop=0}
                      ; - jdk.internal.reflect.DirectMethodHandleAccessor::invoke@64
  0x0000020cee9e771c: 07e9 f6f8 

  0x0000020cee9e7720: ;   {metadata(nullptr)}
  0x0000020cee9e7720: ffff 48ba | 0000 0000 | 0000 0000 | b800 0f05 

  0x0000020cee9e7730: ;   {runtime_call load_klass_patching Runtime1 stub}
  0x0000020cee9e7730: 0ae8 4a2f 

  0x0000020cee9e7734: ; ImmutableOopMap {r8=Oop }
                      ;*new {reexecute=1 rethrow=0 return_oop=0}
                      ; - (reexecute) jdk.internal.reflect.DirectMethodHandleAccessor::invoke@73
  0x0000020cee9e7734: 2907 e935 

  0x0000020cee9e7738: ;   {runtime_call throw_null_pointer_exception Runtime1 stub}
  0x0000020cee9e7738: f9ff ffe8 

  0x0000020cee9e773c: ; ImmutableOopMap {r8=Oop }
                      ;*new {reexecute=0 rethrow=0 return_oop=0}
                      ; - jdk.internal.reflect.DirectMethodHandleAccessor::invoke@73
  0x0000020cee9e773c: c0df 2807 

  0x0000020cee9e7740: ;   {runtime_call fast_new_instance_init_check Runtime1 stub}
  0x0000020cee9e7740: 488b d2e8 

  0x0000020cee9e7744: ; ImmutableOopMap {r8=Oop }
                      ;*new {reexecute=0 rethrow=0 return_oop=0}
                      ; - jdk.internal.reflect.DirectMethodHandleAccessor::invoke@73
  0x0000020cee9e7744: 38f0 2807 | e988 f9ff 

  0x0000020cee9e774c: ;   {metadata(nullptr)}
  0x0000020cee9e774c: ff48 ba00 | 0000 0000 | 0000 00b8 | 000f 050a 

  0x0000020cee9e775c: ;   {runtime_call load_klass_patching Runtime1 stub}
  0x0000020cee9e775c: e81f 2f29 

  0x0000020cee9e7760: ; ImmutableOopMap {[176]=Oop [184]=Oop [192]=Oop }
                      ;*new {reexecute=1 rethrow=0 return_oop=0}
                      ; - (reexecute) jdk.internal.reflect.DirectMethodHandleAccessor::checkReceiver@14
                      ; - jdk.internal.reflect.DirectMethodHandleAccessor::invoke@9
  0x0000020cee9e7760: 07e9 b2f9 | ffff 488b 

  0x0000020cee9e7768: ;   {runtime_call fast_new_instance Runtime1 stub}
  0x0000020cee9e7768: d2e8 12ed 

  0x0000020cee9e776c: ; ImmutableOopMap {[176]=Oop [184]=Oop [192]=Oop }
                      ;*new {reexecute=0 rethrow=0 return_oop=0}
                      ; - jdk.internal.reflect.DirectMethodHandleAccessor::checkReceiver@14
                      ; - jdk.internal.reflect.DirectMethodHandleAccessor::invoke@9
  0x0000020cee9e776c: 2807 e9fd 

  0x0000020cee9e7770: ;   {metadata('java/lang/reflect/InvocationTargetException')}
  0x0000020cee9e7770: f9ff ff48 | ba78 5304 | 870c 0200 | 00b8 000f 

  0x0000020cee9e7780: ;   {runtime_call load_klass_patching Runtime1 stub}
  0x0000020cee9e7780: 050a e8f9 

  0x0000020cee9e7784: ; ImmutableOopMap {r8=Oop }
                      ;*new {reexecute=1 rethrow=0 return_oop=0}
                      ; - (reexecute) jdk.internal.reflect.DirectMethodHandleAccessor::invoke@83
  0x0000020cee9e7784: 2e29 07e9 | 4cfa ffff 

  0x0000020cee9e778c: ;   {runtime_call throw_null_pointer_exception Runtime1 stub}
  0x0000020cee9e778c: e86f df28 

  0x0000020cee9e7790: ; ImmutableOopMap {r8=Oop }
                      ;*new {reexecute=0 rethrow=0 return_oop=0}
                      ; - jdk.internal.reflect.DirectMethodHandleAccessor::invoke@83
  0x0000020cee9e7790: 0748 8bd2 

  0x0000020cee9e7794: ;   {runtime_call fast_new_instance_init_check Runtime1 stub}
  0x0000020cee9e7794: e8e7 ef28 

  0x0000020cee9e7798: ; ImmutableOopMap {r8=Oop }
                      ;*new {reexecute=0 rethrow=0 return_oop=0}
                      ; - jdk.internal.reflect.DirectMethodHandleAccessor::invoke@83
  0x0000020cee9e7798: 07e9 9ffa | ffff 498b | 87f8 0400 | 0049 c787 | f804 0000 | 0000 0000 | 49c7 8700 | 0500 0000 
  0x0000020cee9e77b8: 0000 0048 | 81c4 6001 

  0x0000020cee9e77c0: ;   {runtime_call unwind_exception Runtime1 stub}
  0x0000020cee9e77c0: 0000 5de9 | 38d0 2807 
[Stub Code]
  0x0000020cee9e77c8: ;   {no_reloc}
  0x0000020cee9e77c8: 0f1f 4400 

  0x0000020cee9e77cc: ;   {static_stub}
  0x0000020cee9e77cc: 0048 bb50 | 010b 860c 

  0x0000020cee9e77d4: ;   {runtime_call I2C/C2I adapters}
  0x0000020cee9e77d4: 0200 00e9 | 93a7 1b07 

  0x0000020cee9e77dc: ;   {static_stub}
  0x0000020cee9e77dc: 9048 bb00 | 0000 0000 

  0x0000020cee9e77e4: ;   {runtime_call nmethod}
  0x0000020cee9e77e4: 0000 00e9 | fbff ffff 

  0x0000020cee9e77ec: ;   {static_stub}
  0x0000020cee9e77ec: 9048 bb00 | 0000 0000 

  0x0000020cee9e77f4: ;   {runtime_call nmethod}
  0x0000020cee9e77f4: 0000 00e9 | fbff ffff 

  0x0000020cee9e77fc: ;   {static_stub}
  0x0000020cee9e77fc: 9048 bb00 | 0000 0000 

  0x0000020cee9e7804: ;   {runtime_call nmethod}
  0x0000020cee9e7804: 0000 00e9 | fbff ffff 

  0x0000020cee9e780c: ;   {static_stub}
  0x0000020cee9e780c: 9048 bb00 | 0000 0000 

  0x0000020cee9e7814: ;   {runtime_call nmethod}
  0x0000020cee9e7814: 0000 00e9 | fbff ffff 

  0x0000020cee9e781c: ;   {static_stub}
  0x0000020cee9e781c: 9048 bb80 | fe04 c70c 

  0x0000020cee9e7824: ;   {runtime_call I2C/C2I adapters}
  0x0000020cee9e7824: 0200 00e9 | bbc9 1c07 

  0x0000020cee9e782c: ;   {static_stub}
  0x0000020cee9e782c: 48bb 0000 | 0000 0000 

  0x0000020cee9e7834: ;   {runtime_call nmethod}
  0x0000020cee9e7834: 0000 e9fb 

  0x0000020cee9e7838: ;   {static_stub}
  0x0000020cee9e7838: ffff ff48 | bb00 0000 | 0000 0000 

  0x0000020cee9e7844: ;   {runtime_call nmethod}
  0x0000020cee9e7844: 00e9 fbff 

  0x0000020cee9e7848: ;   {static_stub}
  0x0000020cee9e7848: ffff 48bb | 0000 0000 | 0000 0000 

  0x0000020cee9e7854: ;   {runtime_call nmethod}
  0x0000020cee9e7854: e9fb ffff 

  0x0000020cee9e7858: ;   {static_stub}
  0x0000020cee9e7858: ff48 bb00 | 0000 0000 

  0x0000020cee9e7860: ;   {runtime_call nmethod}
  0x0000020cee9e7860: 0000 00e9 | fbff ffff 

  0x0000020cee9e7868: ;   {static_stub}
  0x0000020cee9e7868: 48bb 0000 | 0000 0000 

  0x0000020cee9e7870: ;   {runtime_call nmethod}
  0x0000020cee9e7870: 0000 e9fb 

  0x0000020cee9e7874: ;   {static_stub}
  0x0000020cee9e7874: ffff ff48 | bb00 0000 | 0000 0000 

  0x0000020cee9e7880: ;   {runtime_call nmethod}
  0x0000020cee9e7880: 00e9 fbff 

  0x0000020cee9e7884: ;   {static_stub}
  0x0000020cee9e7884: ffff 48bb | 0000 0000 | 0000 0000 

  0x0000020cee9e7890: ;   {runtime_call nmethod}
  0x0000020cee9e7890: e9fb ffff 

  0x0000020cee9e7894: ;   {static_stub}
  0x0000020cee9e7894: ff48 bb00 | 0000 0000 

  0x0000020cee9e789c: ;   {runtime_call nmethod}
  0x0000020cee9e789c: 0000 00e9 | fbff ffff 

  0x0000020cee9e78a4: ;   {static_stub}
  0x0000020cee9e78a4: 48bb 0000 | 0000 0000 

  0x0000020cee9e78ac: ;   {runtime_call nmethod}
  0x0000020cee9e78ac: 0000 e9fb 

  0x0000020cee9e78b0: ;   {static_stub}
  0x0000020cee9e78b0: ffff ff48 | bb00 0000 | 0000 0000 

  0x0000020cee9e78bc: ;   {runtime_call nmethod}
  0x0000020cee9e78bc: 00e9 fbff 

  0x0000020cee9e78c0: ;   {runtime_call handle_exception_from_callee Runtime1 stub}
  0x0000020cee9e78c0: ffff e839 

  0x0000020cee9e78c4: ;   {external_word}
  0x0000020cee9e78c4: 0629 0748 | b990 7ff5 | 9df8 7f00 | 0048 83e4 

  0x0000020cee9e78d4: ;   {runtime_call}
  0x0000020cee9e78d4: f048 b8e0 | 44b8 9df8 | 7f00 00ff 

  0x0000020cee9e78e0: ;   {section_word}
  0x0000020cee9e78e0: d0f4 49ba | e278 9eee | 0c02 0000 

  0x0000020cee9e78ec: ;   {runtime_call DeoptimizationBlob}
  0x0000020cee9e78ec: 4152 e9ad 

  0x0000020cee9e78f0: ;   {section_word}
  0x0000020cee9e78f0: d01c 0749 | baf3 789e | ee0c 0200 

  0x0000020cee9e78fc: ;   {runtime_call DeoptimizationBlob}
  0x0000020cee9e78fc: 0041 52e9 | 9cd0 1c07 | f4f4 f4f4 
[/MachCode]


Compiled method (c1) 13858 10107   !   3       org.eclipse.e4.core.internal.di.MethodRequestor::execute (176 bytes)
 total in heap  [0x0000020ceeb92a90,0x0000020ceeb96648] = 15288
 relocation     [0x0000020ceeb92bf0,0x0000020ceeb92f00] = 784
 main code      [0x0000020ceeb92f00,0x0000020ceeb954d8] = 9688
 stub code      [0x0000020ceeb954d8,0x0000020ceeb95628] = 336
 oops           [0x0000020ceeb95628,0x0000020ceeb95638] = 16
 metadata       [0x0000020ceeb95638,0x0000020ceeb956f8] = 192
 scopes data    [0x0000020ceeb956f8,0x0000020ceeb95b38] = 1088
 scopes pcs     [0x0000020ceeb95b38,0x0000020ceeb96018] = 1248
 dependencies   [0x0000020ceeb96018,0x0000020ceeb96038] = 32
 handler table  [0x0000020ceeb96038,0x0000020ceeb96590] = 1368
 nul chk table  [0x0000020ceeb96590,0x0000020ceeb96648] = 184

[Constant Pool (empty)]

[MachCode]
[Entry Point]
  # {method} {0x0000020cc8813608} 'execute' '()Ljava/lang/Object;' in 'org/eclipse/e4/core/internal/di/MethodRequestor'
  #           [sp+0x160]  (sp of caller)
  0x0000020ceeb92f00: 448b 5208 | 49bb 0000 | 0086 0c02 | 0000 4d03 | d34c 3bd0 

  0x0000020ceeb92f14: ;   {runtime_call ic_miss_stub}
  0x0000020ceeb92f14: 0f85 66b8 | 0107 660f | 1f44 0000 
[Verified Entry Point]
  0x0000020ceeb92f20: 8984 2400 | 80ff ff55 | 4881 ec50 | 0100 0090 | 4181 7f20 | 0800 0000 

  0x0000020ceeb92f38: ;   {runtime_call StubRoutines (final stubs)}
  0x0000020ceeb92f38: 7405 e821 | 1e00 0748 | 8994 24b8 

  0x0000020ceeb92f44: ;   {metadata(method data for {method} {0x0000020cc8813608} 'execute' '()Ljava/lang/Object;' in 'org/eclipse/e4/core/internal/di/MethodRequestor')}
  0x0000020ceeb92f44: 0000 0048 | be40 0f73 | c90c 0200 | 008b becc | 0000 0083 | c702 89be | cc00 0000 | 81e7 fe07 
  0x0000020ceeb92f64: 0000 85ff | 0f84 d21e | 0000 8b72 | 2848 c1e6 | 0348 85f6 

  0x0000020ceeb92f78: ;   {metadata(method data for {method} {0x0000020cc8813608} 'execute' '()Ljava/lang/Object;' in 'org/eclipse/e4/core/internal/di/MethodRequestor')}
  0x0000020ceeb92f78: 48be 400f | 73c9 0c02 | 0000 48c7 | c710 0100 | 0075 0748 | c7c7 2001 | 0000 488b | 1c3e 488d 
  0x0000020ceeb92f98: 5b01 4889 | 1c3e 0f85 | 0c03 0000 | 8b72 1448 | c1e6 0348 | 85f6 7516 

  0x0000020ceeb92fb0: ;   {metadata(method data for {method} {0x0000020cc8813608} 'execute' '()Ljava/lang/Object;' in 'org/eclipse/e4/core/internal/di/MethodRequestor')}
  0x0000020ceeb92fb0: 48bb 400f | 73c9 0c02 | 0000 808b | 2901 0000 | 01e9 cc00 

  0x0000020ceeb92fc4: ;   {metadata('java/lang/reflect/Method')}
  0x0000020ceeb92fc4: 0000 48b8 | a805 0486 | 0c02 0000 | 8b7e 0849 | ba00 0000 | 860c 0200 | 0049 03fa | 483b c70f 
  0x0000020ceeb92fe4: 858d 0000 

  0x0000020ceeb92fe8: ;   {metadata(method data for {method} {0x0000020cc8813608} 'execute' '()Ljava/lang/Object;' in 'org/eclipse/e4/core/internal/di/MethodRequestor')}
  0x0000020ceeb92fe8: 0048 bb40 | 0f73 c90c | 0200 008b | 4608 49ba | 0000 0086 | 0c02 0000 | 4903 c248 | 3b83 4001 
  0x0000020ceeb93008: 0000 750d | 4883 8348 | 0100 0001 | e979 0000 | 0048 3b83 | 5001 0000 | 750d 4883 | 8358 0100 
  0x0000020ceeb93028: 0001 e963 | 0000 0048 | 83bb 4001 | 0000 0075 | 1748 8983 | 4001 0000 | 48c7 8348 | 0100 0001 
  0x0000020ceeb93048: 0000 00e9 | 4200 0000 | 4883 bb50 | 0100 0000 | 7517 4889 | 8350 0100 | 0048 c783 | 5801 0000 
  0x0000020ceeb93068: 0100 0000 | e921 0000 | 00e9 1c00 

  0x0000020ceeb93074: ;   {metadata(method data for {method} {0x0000020cc8813608} 'execute' '()Ljava/lang/Object;' in 'org/eclipse/e4/core/internal/di/MethodRequestor')}
  0x0000020ceeb93074: 0000 48bb | 400f 73c9 | 0c02 0000 | 4883 ab30 | 0100 0001 | e9d4 1d00 | 00e9 0000 | 0000 483b 
  0x0000020ceeb93094: 0648 8bfe 

  0x0000020ceeb93098: ;   {metadata(method data for {method} {0x0000020cc8813608} 'execute' '()Ljava/lang/Object;' in 'org/eclipse/e4/core/internal/di/MethodRequestor')}
  0x0000020ceeb93098: 48bb 400f | 73c9 0c02 | 0000 4883 | 8368 0100 

  0x0000020ceeb930a8: ;   {metadata(method data for {method} {0x0000020c86041d00} 'getParameterTypes' '()[Ljava/lang/Class;' in 'java/lang/reflect/Method')}
  0x0000020ceeb930a8: 0001 48bf | 983a 7fc8 | 0c02 0000 | 8b9f cc00 | 0000 83c3 | 0289 9fcc | 0000 0081 | e3fe ff1f 
  0x0000020ceeb930c8: 0085 db0f | 849e 1d00 | 008b 7630 | 48c1 e603 

  0x0000020ceeb930d8: ; implicit exception: dispatches to 0x0000020ceeb94e90
  0x0000020ceeb930d8: 483b 0648 

  0x0000020ceeb930dc: ;   {metadata(method data for {method} {0x0000020c86041d00} 'getParameterTypes' '()[Ljava/lang/Class;' in 'java/lang/reflect/Method')}
  0x0000020ceeb930dc: 8bfe 48bb | 983a 7fc8 | 0c02 0000 | 8b7f 0849 | ba00 0000 | 860c 0200 | 0049 03fa | 483b bb20 
  0x0000020ceeb930fc: 0100 0075 | 0d48 8383 | 2801 0000 | 01e9 6000 | 0000 483b | bb30 0100 | 0075 0d48 | 8383 3801 
  0x0000020ceeb9311c: 0000 01e9 | 4a00 0000 | 4883 bb20 | 0100 0000 | 7517 4889 | bb20 0100 | 0048 c783 | 2801 0000 
  0x0000020ceeb9313c: 0100 0000 | e929 0000 | 0048 83bb | 3001 0000 | 0075 1748 | 89bb 3001 | 0000 48c7 | 8338 0100 
  0x0000020ceeb9315c: 0001 0000 | 00e9 0800 | 0000 4883 | 8310 0100 | 0001 488b | d60f 1f40 | 0048 b8ff | ffff ffff 
  0x0000020ceeb9317c: ;   {virtual_call}
  0x0000020ceeb9317c: ffff ffe8 

  0x0000020ceeb93180: ; ImmutableOopMap {[184]=Oop }
                      ;*invokevirtual clone {reexecute=0 rethrow=0 return_oop=0}
                      ; - java.lang.reflect.Method::getParameterTypes@4
                      ; - org.eclipse.e4.core.internal.di.MethodRequestor::execute@14 (line 42)
  0x0000020ceeb93180: fcbb 0107 

  0x0000020ceeb93184: ;   {other}
  0x0000020ceeb93184: 0f1f 8400 | f406 0000 | 4885 c075 

  0x0000020ceeb93190: ;   {metadata(method data for {method} {0x0000020c86041d00} 'getParameterTypes' '()[Ljava/lang/Class;' in 'java/lang/reflect/Method')}
  0x0000020ceeb93190: 1648 bf98 | 3a7f c80c | 0200 0080 | 8f41 0100 | 0001 e9cd 

  0x0000020ceeb931a4: ;   {metadata('java/lang/Class'[])}
  0x0000020ceeb931a4: 0000 0048 | bbe0 6e00 | 860c 0200 | 008b 7808 | 49ba 0000 | 0086 0c02 | 0000 4903 | fa48 3b5f 
  0x0000020ceeb931c4: 400f 858d 

  0x0000020ceeb931c8: ;   {metadata(method data for {method} {0x0000020c86041d00} 'getParameterTypes' '()[Ljava/lang/Class;' in 'java/lang/reflect/Method')}
  0x0000020ceeb931c8: 0000 0048 | bf98 3a7f | c80c 0200 | 008b 5808 | 49ba 0000 | 0086 0c02 | 0000 4903 | da48 3b9f 
  0x0000020ceeb931e8: 5801 0000 | 750d 4883 | 8760 0100 | 0001 e979 | 0000 0048 | 3b9f 6801 | 0000 750d | 4883 8770 
  0x0000020ceeb93208: 0100 0001 | e963 0000 | 0048 83bf | 5801 0000 | 0075 1748 | 899f 5801 | 0000 48c7 | 8760 0100 
  0x0000020ceeb93228: 0001 0000 | 00e9 4200 | 0000 4883 | bf68 0100 | 0000 7517 | 4889 9f68 | 0100 0048 | c787 7001 
  0x0000020ceeb93248: 0000 0100 | 0000 e921 | 0000 00e9 | 1c00 0000 

  0x0000020ceeb93258: ;   {metadata(method data for {method} {0x0000020c86041d00} 'getParameterTypes' '()[Ljava/lang/Class;' in 'java/lang/reflect/Method')}
  0x0000020ceeb93258: 48bf 983a | 7fc8 0c02 | 0000 4883 | af48 0100 | 0001 e926 | 1c00 00e9 | 0000 0000 | 488b d08b 
  0x0000020ceeb93278: 520c 85d2 

  0x0000020ceeb9327c: ;   {metadata(method data for {method} {0x0000020cc8813608} 'execute' '()Ljava/lang/Object;' in 'org/eclipse/e4/core/internal/di/MethodRequestor')}
  0x0000020ceeb9327c: 48ba 400f | 73c9 0c02 | 0000 48c7 | c6b0 0100 | 007f 0748 | c7c6 a001 | 0000 488b | 3c32 488d 
  0x0000020ceeb9329c: 7f01 4889 | 3c32 0f8f | a616 0000 | 488b 9424 | b800 0000 

  0x0000020ceeb932b0: ;   {metadata(method data for {method} {0x0000020cc8813608} 'execute' '()Ljava/lang/Object;' in 'org/eclipse/e4/core/internal/di/MethodRequestor')}
  0x0000020ceeb932b0: 488b f248 | bf40 0f73 | c90c 0200 | 008b 7608 | 49ba 0000 | 0086 0c02 | 0000 4903 | f248 3bb7 
  0x0000020ceeb932d0: d001 0000 | 750d 4883 | 87d8 0100 | 0001 e960 | 0000 0048 | 3bb7 e001 | 0000 750d | 4883 87e8 
  0x0000020ceeb932f0: 0100 0001 | e94a 0000 | 0048 83bf | d001 0000 | 0075 1748 | 89b7 d001 | 0000 48c7 | 87d8 0100 
  0x0000020ceeb93310: 0001 0000 | 00e9 2900 | 0000 4883 | bfe0 0100 | 0000 7517 | 4889 b7e0 | 0100 0048 | c787 e801 
  0x0000020ceeb93330: 0000 0100 | 0000 e908 | 0000 0048 | 8387 c001 

  0x0000020ceeb93340: ;   {metadata(method data for {method} {0x0000020cc8811c98} 'getRequestingObject' '()Ljava/lang/Object;' in 'org/eclipse/e4/core/internal/di/Requestor')}
  0x0000020ceeb93340: 0000 0148 | be50 0473 | c90c 0200 | 008b becc | 0000 0083 | c702 89be | cc00 0000 | 81e7 feff 
  0x0000020ceeb93360: 1f00 85ff | 0f84 391b | 0000 8b72 | 1848 c1e6 | 0348 85f6 

  0x0000020ceeb93374: ;   {metadata(method data for {method} {0x0000020cc8811c98} 'getRequestingObject' '()Ljava/lang/Object;' in 'org/eclipse/e4/core/internal/di/Requestor')}
  0x0000020ceeb93374: 48bf 5004 | 73c9 0c02 | 0000 48c7 | c310 0100 | 0075 0748 | c7c3 2001 | 0000 488b | 041f 488d 
  0x0000020ceeb93394: 4001 4889 | 041f 0f85 | 0f00 0000 

  0x0000020ceeb933a0: ;   {oop(nullptr)}
  0x0000020ceeb933a0: 48be 0000 | 0000 0000 | 0000 e9b8 | 0000 0048 | 3b06 488b 

  0x0000020ceeb933b4: ;   {metadata(method data for {method} {0x0000020cc8811c98} 'getRequestingObject' '()Ljava/lang/Object;' in 'org/eclipse/e4/core/internal/di/Requestor')}
  0x0000020ceeb933b4: fe48 bb50 | 0473 c90c | 0200 008b | 7f08 49ba | 0000 0086 | 0c02 0000 | 4903 fa48 | 3bbb 4001 
  0x0000020ceeb933d4: 0000 750d | 4883 8348 | 0100 0001 | e960 0000 | 0048 3bbb | 5001 0000 | 750d 4883 | 8358 0100 
  0x0000020ceeb933f4: 0001 e94a | 0000 0048 | 83bb 4001 | 0000 0075 | 1748 89bb | 4001 0000 | 48c7 8348 | 0100 0001 
  0x0000020ceeb93414: 0000 00e9 | 2900 0000 | 4883 bb50 | 0100 0000 | 7517 4889 | bb50 0100 | 0048 c783 | 5801 0000 
  0x0000020ceeb93434: 0100 0000 | e908 0000 | 0048 8383 | 3001 0000 | 0148 8bd6 | 0f1f 4400 | 0048 b840 | 144b cf0c 
  0x0000020ceeb93454: ;   {virtual_call}
  0x0000020ceeb93454: 0200 00e8 

  0x0000020ceeb93458: ; ImmutableOopMap {[184]=Oop }
                      ;*invokevirtual get {reexecute=0 rethrow=0 return_oop=0}
                      ; - org.eclipse.e4.core.internal.di.Requestor::getRequestingObject@13 (line 108)
                      ; - org.eclipse.e4.core.internal.di.MethodRequestor::execute@24 (line 45)
  0x0000020ceeb93458: d5ff 0107 

  0x0000020ceeb9345c: ;   {other}
  0x0000020ceeb9345c: 0f1f 8400 | cc09 0001 | 488b f048 

  0x0000020ceeb93468: ;   {metadata(method data for {method} {0x0000020cc8813608} 'execute' '()Ljava/lang/Object;' in 'org/eclipse/e4/core/internal/di/MethodRequestor')}
  0x0000020ceeb93468: 85f6 48b8 | 400f 73c9 | 0c02 0000 | 48c7 c208 | 0200 0074 | 0748 c7c2 | f801 0000 | 488b 3c10 
  0x0000020ceeb93488: 488d 7f01 | 4889 3c10 | 0f84 9814 | 0000 488b | 9424 b800 | 0000 8b7a | 2048 c1e7 | 0348 85ff 
  0x0000020ceeb934a8: ;   {metadata(method data for {method} {0x0000020cc8813608} 'execute' '()Ljava/lang/Object;' in 'org/eclipse/e4/core/internal/di/MethodRequestor')}
  0x0000020ceeb934a8: 48b8 400f | 73c9 0c02 | 0000 48c7 | c328 0200 | 0075 0748 | c7c3 1802 | 0000 488b | 0c18 488d 
  0x0000020ceeb934c8: 4901 4889 | 0c18 0f85 | 1900 0000 | bf00 0000 | 0089 bc24 | d400 0000 | 4889 b424 | c000 0000 
  0x0000020ceeb934e8: e9e9 0800 | 0048 89b4 | 24c0 0000 | 0048 3b07 

  0x0000020ceeb934f8: ;   {metadata(method data for {method} {0x0000020cc8813608} 'execute' '()Ljava/lang/Object;' in 'org/eclipse/e4/core/internal/di/MethodRequestor')}
  0x0000020ceeb934f8: 488b c748 | bb40 0f73 | c90c 0200 

  0x0000020ceeb93504: ;   {metadata('org/eclipse/e4/core/internal/contexts/ContextObjectSupplier')}
  0x0000020ceeb93504: 0049 ba70 | b830 870c | 0200 004c | 8993 4802 | 0000 4883 | 8350 0200 | 0001 488d | 9c24 2001 
  0x0000020ceeb93524: 0000 4889 | 7b08 488b | 0748 83c8 | 0148 8903 | f048 0fb1 | 1f0f 8412 | 0000 0048 | 2bc4 4825 
  0x0000020ceeb93544: 07f0 ffff | 4889 030f | 857d 1900 | 0049 ff87 | 4805 0000 

  0x0000020ceeb93558: ;   {metadata(method data for {method} {0x0000020cc8804080} 'pauseRecording' '()V' in 'org/eclipse/e4/core/internal/contexts/ContextObjectSupplier')}
  0x0000020ceeb93558: 48bb c067 | 05c9 0c02 | 0000 8b83 | cc00 0000 | 83c0 0289 | 83cc 0000 | 0025 feff | 1f00 85c0 
  0x0000020ceeb93578: 0f84 6319 

  0x0000020ceeb9357c: ;   {metadata(method data for {method} {0x0000020cc8804080} 'pauseRecording' '()V' in 'org/eclipse/e4/core/internal/contexts/ContextObjectSupplier')}
  0x0000020ceeb9357c: 0000 48bf | c067 05c9 | 0c02 0000 | 4883 8710 | 0100 0001 

  0x0000020ceeb93590: ;   {metadata(method data for {method} {0x0000020cc87c74e0} 'getCalculatedComputations' '()Ljava/util/Stack;' in 'org/eclipse/e4/core/internal/contexts/EclipseContext')}
  0x0000020ceeb93590: 48bf 700e | c2c8 0c02 | 0000 8b9f | cc00 0000 | 83c3 0289 | 9fcc 0000 | 0081 e3fe | ff1f 0085 
  0x0000020ceeb935b0: db0f 844b 

  0x0000020ceeb935b4: ;   {oop(a 'java/lang/Class'{0x00000007400192e8} = 'org/eclipse/e4/core/internal/contexts/EclipseContext')}
  0x0000020ceeb935b4: 1900 0048 | bfe8 9201 | 4007 0000 | 008b 7f7c | 48c1 e703 

  0x0000020ceeb935c8: ; implicit exception: dispatches to 0x0000020ceeb94f23
  0x0000020ceeb935c8: 483b 0748 

  0x0000020ceeb935cc: ;   {metadata(method data for {method} {0x0000020cc87c74e0} 'getCalculatedComputations' '()Ljava/util/Stack;' in 'org/eclipse/e4/core/internal/contexts/EclipseContext')}
  0x0000020ceeb935cc: 8bdf 48b8 | 700e c2c8 | 0c02 0000 | 8b5b 0849 | ba00 0000 | 860c 0200 | 0049 03da | 483b 9820 
  0x0000020ceeb935ec: 0100 0075 | 0d48 8380 | 2801 0000 | 01e9 6000 | 0000 483b | 9830 0100 | 0075 0d48 | 8380 3801 
  0x0000020ceeb9360c: 0000 01e9 | 4a00 0000 | 4883 b820 | 0100 0000 | 7517 4889 | 9820 0100 | 0048 c780 | 2801 0000 
  0x0000020ceeb9362c: 0100 0000 | e929 0000 | 0048 83b8 | 3001 0000 | 0075 1748 | 8998 3001 | 0000 48c7 | 8038 0100 
  0x0000020ceeb9364c: 0001 0000 | 00e9 0800 | 0000 4883 | 8010 0100 | 0001 488b | d70f 1f40 | 0048 b810 | 1812 860c 
  0x0000020ceeb9366c: ;   {virtual_call}
  0x0000020ceeb9366c: 0200 00e8 

  0x0000020ceeb93670: ; ImmutableOopMap {[184]=Oop [192]=Oop [296]=Oop }
                      ;*invokevirtual get {reexecute=0 rethrow=0 return_oop=0}
                      ; - org.eclipse.e4.core.internal.contexts.EclipseContext::getCalculatedComputations@3 (line 734)
                      ; - org.eclipse.e4.core.internal.contexts.ContextObjectSupplier::pauseRecording@0 (line 214)
                      ; - org.eclipse.e4.core.internal.di.MethodRequestor::execute@49 (line 51)
  0x0000020ceeb93670: 4cff 9f07 

  0x0000020ceeb93674: ;   {other}
  0x0000020ceeb93674: 0f1f 8400 | e40b 0002 | 4885 c075 

  0x0000020ceeb93680: ;   {metadata(method data for {method} {0x0000020cc87c74e0} 'getCalculatedComputations' '()Ljava/util/Stack;' in 'org/eclipse/e4/core/internal/contexts/EclipseContext')}
  0x0000020ceeb93680: 1648 bf70 | 0ec2 c80c | 0200 0080 | 8f41 0100 | 0001 e9cc 

  0x0000020ceeb93694: ;   {metadata('java/util/Stack')}
  0x0000020ceeb93694: 0000 0048 | bae0 720d | 870c 0200 | 008b 7008 | 49ba 0000 | 0086 0c02 | 0000 4903 | f248 3bd6 
  0x0000020ceeb936b4: 0f85 8d00 

  0x0000020ceeb936b8: ;   {metadata(method data for {method} {0x0000020cc87c74e0} 'getCalculatedComputations' '()Ljava/util/Stack;' in 'org/eclipse/e4/core/internal/contexts/EclipseContext')}
  0x0000020ceeb936b8: 0000 48bf | 700e c2c8 | 0c02 0000 | 8b50 0849 | ba00 0000 | 860c 0200 | 0049 03d2 | 483b 9758 
  0x0000020ceeb936d8: 0100 0075 | 0d48 8387 | 6001 0000 | 01e9 7900 | 0000 483b | 9768 0100 | 0075 0d48 | 8387 7001 
  0x0000020ceeb936f8: 0000 01e9 | 6300 0000 | 4883 bf58 | 0100 0000 | 7517 4889 | 9758 0100 | 0048 c787 | 6001 0000 
  0x0000020ceeb93718: 0100 0000 | e942 0000 | 0048 83bf | 6801 0000 | 0075 1748 | 8997 6801 | 0000 48c7 | 8770 0100 
  0x0000020ceeb93738: 0001 0000 | 00e9 2100 | 0000 e91c 

  0x0000020ceeb93744: ;   {metadata(method data for {method} {0x0000020cc87c74e0} 'getCalculatedComputations' '()Ljava/util/Stack;' in 'org/eclipse/e4/core/internal/contexts/EclipseContext')}
  0x0000020ceeb93744: 0000 0048 | bf70 0ec2 | c80c 0200 | 0048 83af | 4801 0000 | 01e9 ca17 | 0000 e900 | 0000 0048 
  0x0000020ceeb93764: 8bd0 4885 

  0x0000020ceeb93768: ;   {metadata(method data for {method} {0x0000020cc87c74e0} 'getCalculatedComputations' '()Ljava/util/Stack;' in 'org/eclipse/e4/core/internal/contexts/EclipseContext')}
  0x0000020ceeb93768: d248 be70 | 0ec2 c80c | 0200 0048 | c7c7 8001 | 0000 7507 | 48c7 c790 | 0100 0048 | 8b04 3e48 
  0x0000020ceeb93788: 8d40 0148 | 8904 3e0f | 8527 0200 

  0x0000020ceeb93794: ;   {metadata('java/util/Stack')}
  0x0000020ceeb93794: 0048 bae0 | 720d 870c | 0200 0049 | 8b87 b801 | 0000 488d | 7820 493b | bfc8 0100 | 000f 877a 
  0x0000020ceeb937b4: 1700 0049 | 89bf b801 | 0000 48c7 | 0001 0000 | 0048 8bca | 49ba 0000 | 0086 0c02 | 0000 492b 
  0x0000020ceeb937d4: ca89 4808 | 4833 c989 | 480c 4833 | c948 8948 | 1048 8948 | 184c 8bc0 

  0x0000020ceeb937ec: ;   {metadata(method data for {method} {0x0000020cc87c74e0} 'getCalculatedComputations' '()Ljava/util/Stack;' in 'org/eclipse/e4/core/internal/contexts/EclipseContext')}
  0x0000020ceeb937ec: 49b9 700e | c2c8 0c02 | 0000 4983 | 81a0 0100 

  0x0000020ceeb937fc: ;   {metadata(method data for {method} {0x0000020cc7936738} '<init>' '()V' in 'java/util/Stack')}
  0x0000020ceeb937fc: 0001 49b8 | c037 b9c7 | 0c02 0000 | 458b 88cc | 0000 0041 | 83c1 0245 | 8988 cc00 | 0000 4181 
  0x0000020ceeb9381c: e1fe ff1f | 0045 85c9 | 0f84 1417 | 0000 4c8b 

  0x0000020ceeb9382c: ;   {metadata(method data for {method} {0x0000020cc7936738} '<init>' '()V' in 'java/util/Stack')}
  0x0000020ceeb9382c: c049 b9c0 | 37b9 c70c | 0200 0049 | 8381 1001 

  0x0000020ceeb9383c: ;   {metadata(method data for {method} {0x0000020cc71923e0} '<init>' '()V' in 'java/util/Vector')}
  0x0000020ceeb9383c: 0000 0149 | b810 2eb9 | c70c 0200 | 0045 8b88 | cc00 0000 | 4183 c102 | 4589 88cc | 0000 0041 
  0x0000020ceeb9385c: 81e1 feff | 1f00 4585 | c90f 84f4 | 1600 004c 

  0x0000020ceeb9386c: ;   {metadata(method data for {method} {0x0000020cc71923e0} '<init>' '()V' in 'java/util/Vector')}
  0x0000020ceeb9386c: 8bc0 49b9 | 102e b9c7 | 0c02 0000 | 4983 8110 | 0100 0001 

  0x0000020ceeb93880: ;   {metadata(method data for {method} {0x0000020cc7192348} '<init>' '(I)V' in 'java/util/Vector')}
  0x0000020ceeb93880: 49b8 502f | b9c7 0c02 | 0000 458b | 88cc 0000 | 0041 83c1 | 0245 8988 | cc00 0000 | 4181 e1fe 
  0x0000020ceeb938a0: ff1f 0045 | 85c9 0f84 | d416 0000 

  0x0000020ceeb938ac: ;   {metadata(method data for {method} {0x0000020cc7192348} '<init>' '(I)V' in 'java/util/Vector')}
  0x0000020ceeb938ac: 4c8b c049 | b950 2fb9 | c70c 0200 | 0049 8381 | 1001 0000 | 0141 b80a | 0000 0041 | b900 0000 
  0x0000020ceeb938cc: 0048 8bd0 | 4889 8424 | c800 0000 | 0f1f 8000 

  0x0000020ceeb938dc: ;   {optimized virtual_call}
  0x0000020ceeb938dc: 0000 00e8 

  0x0000020ceeb938e0: ; ImmutableOopMap {[184]=Oop [192]=Oop [200]=Oop [296]=Oop }
                      ;*invokespecial <init> {reexecute=0 rethrow=0 return_oop=0}
                      ; - java.util.Vector::<init>@3
                      ; - java.util.Vector::<init>@3
                      ; - java.util.Stack::<init>@1
                      ; - org.eclipse.e4.core.internal.contexts.EclipseContext::getCalculatedComputations@18 (line 736)
                      ; - org.eclipse.e4.core.internal.contexts.ContextObjectSupplier::pauseRecording@0 (line 214)
                      ; - org.eclipse.e4.core.internal.di.MethodRequestor::execute@49 (line 51)
  0x0000020ceeb938e0: 9cb1 0107 

  0x0000020ceeb938e4: ;   {other}
  0x0000020ceeb938e4: 0f1f 8400 | 540e 0003 

  0x0000020ceeb938ec: ;   {oop(a 'java/lang/Class'{0x00000007400192e8} = 'org/eclipse/e4/core/internal/contexts/EclipseContext')}
  0x0000020ceeb938ec: 49b8 e892 | 0140 0700 | 0000 418b | 507c 48c1 | e203 483b | 024c 8bc2 

  0x0000020ceeb93904: ;   {metadata(method data for {method} {0x0000020cc87c74e0} 'getCalculatedComputations' '()Ljava/util/Stack;' in 'org/eclipse/e4/core/internal/contexts/EclipseContext')}
  0x0000020ceeb93904: 48be 700e | c2c8 0c02 | 0000 458b | 4008 49ba | 0000 0086 | 0c02 0000 | 4d03 c24c | 3b86 c001 
  0x0000020ceeb93924: 0000 750d | 4883 86c8 | 0100 0001 | e960 0000 | 004c 3b86 | d001 0000 | 750d 4883 | 86d8 0100 
  0x0000020ceeb93944: 0001 e94a | 0000 0048 | 83be c001 | 0000 0075 | 174c 8986 | c001 0000 | 48c7 86c8 | 0100 0001 
  0x0000020ceeb93964: 0000 00e9 | 2900 0000 | 4883 bed0 | 0100 0000 | 7517 4c89 | 86d0 0100 | 0048 c786 | d801 0000 
  0x0000020ceeb93984: 0100 0000 | e908 0000 | 0048 8386 | b001 0000 | 014c 8b84 | 24c8 0000 | 0048 b8ff | ffff ffff 
  0x0000020ceeb939a4: ;   {virtual_call}
  0x0000020ceeb939a4: ffff ffe8 

  0x0000020ceeb939a8: ; ImmutableOopMap {[184]=Oop [192]=Oop [200]=Oop [296]=Oop }
                      ;*invokevirtual set {reexecute=0 rethrow=0 return_oop=0}
                      ; - org.eclipse.e4.core.internal.contexts.EclipseContext::getCalculatedComputations@26 (line 737)
                      ; - org.eclipse.e4.core.internal.contexts.ContextObjectSupplier::pauseRecording@0 (line 214)
                      ; - org.eclipse.e4.core.internal.di.MethodRequestor::execute@49 (line 51)
  0x0000020ceeb939a8: d4b3 0107 

  0x0000020ceeb939ac: ;   {other}
  0x0000020ceeb939ac: 0f1f 8400 | 1c0f 0004 | 488b 9424 | c800 0000 

  0x0000020ceeb939bc: ; implicit exception: dispatches to 0x0000020ceeb94fa6
  0x0000020ceeb939bc: 483b 0248 

  0x0000020ceeb939c0: ;   {metadata(method data for {method} {0x0000020cc8804080} 'pauseRecording' '()V' in 'org/eclipse/e4/core/internal/contexts/ContextObjectSupplier')}
  0x0000020ceeb939c0: 8bc2 49b8 | c067 05c9 | 0c02 0000 | 4983 8038 | 0100 0001 

  0x0000020ceeb939d4: ;   {metadata(method data for {method} {0x0000020cc79367d8} 'push' '(Ljava/lang/Object;)Ljava/lang/Object;' in 'java/util/Stack')}
  0x0000020ceeb939d4: 48b8 308a | b8c7 0c02 | 0000 448b | 80cc 0000 | 0041 83c0 | 0244 8980 | cc00 0000 | 4181 e0fe 
  0x0000020ceeb939f4: ff1f 0045 | 85c0 0f84 | ab15 0000 

  0x0000020ceeb93a00: ;   {metadata(method data for {method} {0x0000020cc79367d8} 'push' '(Ljava/lang/Object;)Ljava/lang/Object;' in 'java/util/Stack')}
  0x0000020ceeb93a00: 488b c249 | b830 8ab8 | c70c 0200 | 008b 4008 | 49ba 0000 | 0086 0c02 | 0000 4903 | c249 3b80 
  0x0000020ceeb93a20: 2001 0000 | 750d 4983 | 8028 0100 | 0001 e960 | 0000 0049 | 3b80 3001 | 0000 750d | 4983 8038 
  0x0000020ceeb93a40: 0100 0001 | e94a 0000 | 0049 83b8 | 2001 0000 | 0075 1749 | 8980 2001 | 0000 49c7 | 8028 0100 
  0x0000020ceeb93a60: 0001 0000 | 00e9 2900 | 0000 4983 | b830 0100 | 0000 7517 | 4989 8030 | 0100 0049 | c780 3801 
  0x0000020ceeb93a80: 0000 0100 | 0000 e908 | 0000 0049 | 8380 1001 | 0000 014c | 8d84 2430 | 0100 0049 | 8950 0848 
  0x0000020ceeb93aa0: 8b02 4883 | c801 4989 | 00f0 4c0f | b102 0f84 | 1200 0000 | 482b c448 | 2507 f0ff | ff49 8900 
  0x0000020ceeb93ac0: 0f85 0615 | 0000 49ff | 8748 0500 

  0x0000020ceeb93acc: ;   {metadata(method data for {method} {0x0000020cc71935e0} 'addElement' '(Ljava/lang/Object;)V' in 'java/util/Vector')}
  0x0000020ceeb93acc: 0049 b8a8 | 7eb8 c70c | 0200 0041 | 8bb0 cc00 | 0000 83c6 | 0241 89b0 | cc00 0000 | 81e6 feff 
  0x0000020ceeb93aec: 1f00 85f6 | 0f84 e914 | 0000 448b | 420c 41ff | c044 8942 | 0c44 8b42 | 1849 c1e0 | 038b 7210 
  0x0000020ceeb93b0c: ;   {metadata(method data for {method} {0x0000020cc71935e0} 'addElement' '(Ljava/lang/Object;)V' in 'java/util/Vector')}
  0x0000020ceeb93b0c: 488b fa48 | bba8 7eb8 | c70c 0200 | 0048 8383 | 1001 0000 

  0x0000020ceeb93b20: ;   {metadata(method data for {method} {0x0000020cc7193d40} 'add' '(Ljava/lang/Object;[Ljava/lang/Object;I)V' in 'java/util/Vector')}
  0x0000020ceeb93b20: 0148 bf38 | 80b8 c70c | 0200 008b | 9fcc 0000 | 0083 c302 | 899f cc00 | 0000 81e3 | feff 1f00 
  0x0000020ceeb93b40: 85db 0f84 | b814 0000 

  0x0000020ceeb93b48: ; implicit exception: dispatches to 0x0000020ceeb95021
  0x0000020ceeb93b48: 418b 780c 

  0x0000020ceeb93b4c: ;   {metadata(method data for {method} {0x0000020cc7193d40} 'add' '(Ljava/lang/Object;[Ljava/lang/Object;I)V' in 'java/util/Vector')}
  0x0000020ceeb93b4c: 3bf7 48bf | 3880 b8c7 | 0c02 0000 | 48c7 c310 | 0100 0075 | 0748 c7c3 | 2001 0000 | 488b 041f 
  0x0000020ceeb93b6c: 488d 4001 | 4889 041f | 0f85 9400 | 0000 4c8b 

  0x0000020ceeb93b7c: ;   {metadata(method data for {method} {0x0000020cc7193d40} 'add' '(Ljava/lang/Object;[Ljava/lang/Object;I)V' in 'java/util/Vector')}
  0x0000020ceeb93b7c: c248 bf38 | 80b8 c70c | 0200 0048 | 8387 3001 

  0x0000020ceeb93b8c: ;   {metadata(method data for {method} {0x0000020cc7192878} 'grow' '()[Ljava/lang/Object;' in 'java/util/Vector')}
  0x0000020ceeb93b8c: 0000 0149 | b830 82b8 | c70c 0200 | 0041 8bb8 | cc00 0000 | 83c7 0241 | 89b8 cc00 | 0000 81e7 
  0x0000020ceeb93bac: feff 1f00 | 85ff 0f84 | 6e14 0000 

  0x0000020ceeb93bb8: ;   {metadata(method data for {method} {0x0000020cc7192878} 'grow' '()[Ljava/lang/Object;' in 'java/util/Vector')}
  0x0000020ceeb93bb8: 4c8b c248 | bf30 82b8 | c70c 0200 | 0048 8387 | 1001 0000 | 014c 8bc6 | 41ff c048 | 8bfa 488b 
  0x0000020ceeb93bd8: d748 89bc | 24d8 0000 | 0089 b424 | d000 0000 | 0f1f 8000 

  0x0000020ceeb93bec: ;   {optimized virtual_call}
  0x0000020ceeb93bec: 0000 00e8 

  0x0000020ceeb93bf0: ; ImmutableOopMap {[184]=Oop [192]=Oop [216]=Oop [296]=Oop [312]=Oop }
                      ;*invokevirtual grow {reexecute=0 rethrow=0 return_oop=0}
                      ; - java.util.Vector::grow@7
                      ; - java.util.Vector::add@7
                      ; - java.util.Vector::addElement@20
                      ; - java.util.Stack::push@2
                      ; - org.eclipse.e4.core.internal.contexts.ContextObjectSupplier::pauseRecording@6 (line 215)
                      ; - org.eclipse.e4.core.internal.di.MethodRequestor::execute@49 (line 51)
  0x0000020ceeb93bf0: 8cae 0107 

  0x0000020ceeb93bf4: ;   {other}
  0x0000020ceeb93bf4: 0f1f 8400 | 6411 0005 | 4c8b c08b | b424 d000 | 0000 488b | 9424 d800 

  0x0000020ceeb93c0c: ;   {oop(nullptr)}
  0x0000020ceeb93c0c: 0000 48b8 | 0000 0000 | 0000 0000 

  0x0000020ceeb93c18: ; implicit exception: dispatches to 0x0000020ceeb95047
  0x0000020ceeb93c18: 413b 700c | 0f83 2f14 | 0000 4885 

  0x0000020ceeb93c24: ;   {metadata(method data for {method} {0x0000020cc7193d40} 'add' '(Ljava/lang/Object;[Ljava/lang/Object;I)V' in 'java/util/Vector')}
  0x0000020ceeb93c24: c075 1648 | bb38 80b8 | c70c 0200 | 0080 8b61 | 0100 0001 | e9f9 0000 | 0041 8b78 | 0849 ba00 
  0x0000020ceeb93c44: 0000 860c | 0200 0049 | 03fa 8b58 | 0849 ba00 | 0000 860c | 0200 0049 | 03da 488b | bfd0 0000 
  0x0000020ceeb93c64: 0048 3bdf | 0f84 2700 | 0000 8b4f | 1448 3b3c | 0b0f 841a | 0000 0083 | f920 0f85 | 9b00 0000 
  0x0000020ceeb93c84: ;   {runtime_call slow_subtype_check Runtime1 stub}
  0x0000020ceeb93c84: 5357 e875 | 530e 075b | 5f85 ff0f | 848a 0000 

  0x0000020ceeb93c94: ;   {metadata(method data for {method} {0x0000020cc7193d40} 'add' '(Ljava/lang/Object;[Ljava/lang/Object;I)V' in 'java/util/Vector')}
  0x0000020ceeb93c94: 0048 bb38 | 80b8 c70c | 0200 008b | 7808 49ba | 0000 0086 | 0c02 0000 | 4903 fa48 | 3bbb 7801 
  0x0000020ceeb93cb4: 0000 750d | 4883 8380 | 0100 0001 | e971 0000 | 0048 3bbb | 8801 0000 | 750d 4883 | 8390 0100 
  0x0000020ceeb93cd4: 0001 e95b | 0000 0048 | 83bb 7801 | 0000 0075 | 1748 89bb | 7801 0000 | 48c7 8380 | 0100 0001 
  0x0000020ceeb93cf4: 0000 00e9 | 3a00 0000 | 4883 bb88 | 0100 0000 | 7517 4889 | bb88 0100 | 0048 c783 | 9001 0000 
  0x0000020ceeb93d14: 0100 0000 | e919 0000 

  0x0000020ceeb93d1c: ;   {metadata(method data for {method} {0x0000020cc7193d40} 'add' '(Ljava/lang/Object;[Ljava/lang/Object;I)V' in 'java/util/Vector')}
  0x0000020ceeb93d1c: 00eb 1748 | bb38 80b8 | c70c 0200 | 0048 83ab | 6801 0000 | 01e9 2e13 | 0000 4863 | fe49 8d7c 
  0x0000020ceeb93d3c: b810 410f | be5f 4085 | db0f 8522 | 1300 004c | 8bd0 49c1 | ea03 4489 | 1748 8bdf | 4833 d848 
  0x0000020ceeb93d5c: c1eb 1548 | 83fb 000f | 8522 1300 | 00ff c689 | 7210 488d | 8424 3001 | 0000 488b | 1048 85d2 
  0x0000020ceeb93d7c: 0f84 0f00 | 0000 488b | 7008 f048 | 0fb1 160f | 8512 1300 | 0049 ff8f | 4805 0000 | 488d 8424 
  0x0000020ceeb93d9c: 2001 0000 | 488b 1048 | 85d2 0f84 | 0f00 0000 | 488b 7008 | f048 0fb1 | 160f 85fe | 1200 0049 
  0x0000020ceeb93dbc: ff8f 4805 | 0000 bf01 | 0000 0089 | bc24 d400 | 0000 488b | 9424 b800 | 0000 8b72 | 1448 c1e6 
  0x0000020ceeb93ddc: 0348 85f6 

  0x0000020ceeb93de0: ;   {metadata(method data for {method} {0x0000020cc8813608} 'execute' '()Ljava/lang/Object;' in 'org/eclipse/e4/core/internal/di/MethodRequestor')}
  0x0000020ceeb93de0: 7516 48b8 | 400f 73c9 | 0c02 0000 | 8088 6902 | 0000 01e9 | cc00 0000 

  0x0000020ceeb93df8: ;   {metadata('java/lang/reflect/Method')}
  0x0000020ceeb93df8: 48b9 a805 | 0486 0c02 | 0000 8b5e | 0849 ba00 | 0000 860c | 0200 0049 | 03da 483b | cb0f 858d 
  0x0000020ceeb93e18: ;   {metadata(method data for {method} {0x0000020cc8813608} 'execute' '()Ljava/lang/Object;' in 'org/eclipse/e4/core/internal/di/MethodRequestor')}
  0x0000020ceeb93e18: 0000 0048 | b840 0f73 | c90c 0200 | 008b 4e08 | 49ba 0000 | 0086 0c02 | 0000 4903 | ca48 3b88 
  0x0000020ceeb93e38: 8002 0000 | 750d 4883 | 8088 0200 | 0001 e979 | 0000 0048 | 3b88 9002 | 0000 750d | 4883 8098 
  0x0000020ceeb93e58: 0200 0001 | e963 0000 | 0048 83b8 | 8002 0000 | 0075 1748 | 8988 8002 | 0000 48c7 | 8088 0200 
  0x0000020ceeb93e78: 0001 0000 | 00e9 4200 | 0000 4883 | b890 0200 | 0000 7517 | 4889 8890 | 0200 0048 | c780 9802 
  0x0000020ceeb93e98: 0000 0100 | 0000 e921 | 0000 00e9 | 1c00 0000 

  0x0000020ceeb93ea8: ;   {metadata(method data for {method} {0x0000020cc8813608} 'execute' '()Ljava/lang/Object;' in 'org/eclipse/e4/core/internal/di/MethodRequestor')}
  0x0000020ceeb93ea8: 48b8 400f | 73c9 0c02 | 0000 4883 | a870 0200 | 0001 e910 | 1200 00e9 | 0000 0000 

  0x0000020ceeb93ec4: ; implicit exception: dispatches to 0x0000020ceeb950d8
  0x0000020ceeb93ec4: 483b 0648 

  0x0000020ceeb93ec8: ;   {metadata(method data for {method} {0x0000020cc8813608} 'execute' '()Ljava/lang/Object;' in 'org/eclipse/e4/core/internal/di/MethodRequestor')}
  0x0000020ceeb93ec8: 8bde 48b8 | 400f 73c9 | 0c02 0000 | 4883 80a8 | 0200 0001 

  0x0000020ceeb93edc: ;   {optimized virtual_call}
  0x0000020ceeb93edc: 488b d6e8 

  0x0000020ceeb93ee0: ; ImmutableOopMap {[184]=Oop [192]=Oop }
                      ;*invokevirtual trySetAccessible {reexecute=0 rethrow=0 return_oop=0}
                      ; - org.eclipse.e4.core.internal.di.MethodRequestor::execute@61 (line 55)
  0x0000020ceeb93ee0: 9ca4 2200 

  0x0000020ceeb93ee4: ;   {other}
  0x0000020ceeb93ee4: 0f1f 8400 | 5414 0006 | 488b 9424 | b800 0000 | 8b72 1448 | c1e6 0348 | 85f6 7516 

  0x0000020ceeb93f00: ;   {metadata(method data for {method} {0x0000020cc8813608} 'execute' '()Ljava/lang/Object;' in 'org/eclipse/e4/core/internal/di/MethodRequestor')}
  0x0000020ceeb93f00: 48bb 400f | 73c9 0c02 | 0000 808b | d902 0000 | 01e9 cc00 

  0x0000020ceeb93f14: ;   {metadata('java/lang/reflect/Method')}
  0x0000020ceeb93f14: 0000 48b8 | a805 0486 | 0c02 0000 | 8b7e 0849 | ba00 0000 | 860c 0200 | 0049 03fa | 483b c70f 
  0x0000020ceeb93f34: 858d 0000 

  0x0000020ceeb93f38: ;   {metadata(method data for {method} {0x0000020cc8813608} 'execute' '()Ljava/lang/Object;' in 'org/eclipse/e4/core/internal/di/MethodRequestor')}
  0x0000020ceeb93f38: 0048 bb40 | 0f73 c90c | 0200 008b | 4608 49ba | 0000 0086 | 0c02 0000 | 4903 c248 | 3b83 f002 
  0x0000020ceeb93f58: 0000 750d | 4883 83f8 | 0200 0001 | e979 0000 | 0048 3b83 | 0003 0000 | 750d 4883 | 8308 0300 
  0x0000020ceeb93f78: 0001 e963 | 0000 0048 | 83bb f002 | 0000 0075 | 1748 8983 | f002 0000 | 48c7 83f8 | 0200 0001 
  0x0000020ceeb93f98: 0000 00e9 | 4200 0000 | 4883 bb00 | 0300 0000 | 7517 4889 | 8300 0300 | 0048 c783 | 0803 0000 
  0x0000020ceeb93fb8: 0100 0000 | e921 0000 | 00e9 1c00 

  0x0000020ceeb93fc4: ;   {metadata(method data for {method} {0x0000020cc8813608} 'execute' '()Ljava/lang/Object;' in 'org/eclipse/e4/core/internal/di/MethodRequestor')}
  0x0000020ceeb93fc4: 0000 48bb | 400f 73c9 | 0c02 0000 | 4883 abe0 | 0200 0001 | e900 1100 | 00e9 0000 | 0000 4889 
  0x0000020ceeb93fe4: b424 e000 | 0000 8b7a | 2848 c1e7 | 0348 3b06 

  0x0000020ceeb93ff4: ;   {metadata(method data for {method} {0x0000020cc8813608} 'execute' '()Ljava/lang/Object;' in 'org/eclipse/e4/core/internal/di/MethodRequestor')}
  0x0000020ceeb93ff4: 488b de48 | b840 0f73 | c90c 0200 | 0048 8380 | 1803 0000 

  0x0000020ceeb94008: ;   {metadata(method data for {method} {0x0000020c86043cd8} 'invoke' '(Ljava/lang/Object;[Ljava/lang/Object;)Ljava/lang/Object;' in 'java/lang/reflect/Method')}
  0x0000020ceeb94008: 0148 bb08 | 5e36 c70c | 0200 008b | 83cc 0000 | 0083 c002 | 8983 cc00 | 0000 25fe | ff1f 0085 
  0x0000020ceeb94028: c00f 84bc | 1000 0048 

  0x0000020ceeb94030: ;   {metadata(method data for {method} {0x0000020c86043cd8} 'invoke' '(Ljava/lang/Object;[Ljava/lang/Object;)Ljava/lang/Object;' in 'java/lang/reflect/Method')}
  0x0000020ceeb94030: 8bde 48b8 | 085e 36c7 | 0c02 0000 | 4883 8010 | 0100 0001 | 488b d648 | 89bc 24e8 

  0x0000020ceeb9404c: ;   {optimized virtual_call}
  0x0000020ceeb9404c: 0000 00e8 

  0x0000020ceeb94050: ; ImmutableOopMap {[184]=Oop [192]=Oop [224]=Oop [232]=Oop }
                      ;*invokevirtual isCallerSensitive {reexecute=0 rethrow=0 return_oop=0}
                      ; - java.lang.reflect.Method::invoke@1
                      ; - org.eclipse.e4.core.internal.di.MethodRequestor::execute@77 (line 56)
  0x0000020ceeb94050: aca1 e4ff 

  0x0000020ceeb94054: ;   {other}
  0x0000020ceeb94054: 0f1f 8400 | c415 0007 | 488b b424 | e000 0000 | 0fbe 7e0c 

  0x0000020ceeb94068: ;   {metadata(method data for {method} {0x0000020c86043cd8} 'invoke' '(Ljava/lang/Object;[Ljava/lang/Object;)Ljava/lang/Object;' in 'java/lang/reflect/Method')}
  0x0000020ceeb94068: 85ff 48bf | 085e 36c7 | 0c02 0000 | 48c7 c348 | 0100 0074 | 0748 c7c3 | 5801 0000 | 488b 141f 
  0x0000020ceeb94088: 488d 5201 | 4889 141f | 0f84 4400 | 0000 85c0 

  0x0000020ceeb94098: ;   {metadata(method data for {method} {0x0000020c86043cd8} 'invoke' '(Ljava/lang/Object;[Ljava/lang/Object;)Ljava/lang/Object;' in 'java/lang/reflect/Method')}
  0x0000020ceeb94098: 48bf 085e | 36c7 0c02 | 0000 48c7 | c378 0100 | 0075 0748 | c7c3 6801 | 0000 488b | 141f 488d 
  0x0000020ceeb940b8: 5201 4889 | 141f 0f85 | 1600 0000 

  0x0000020ceeb940c4: ;   {oop(nullptr)}
  0x0000020ceeb940c4: 48bb 0000 | 0000 0000 | 0000 8984 | 24f0 0000 | 00e9 3500 | 0000 8984 | 24f0 0000 

  0x0000020ceeb940e0: ;   {metadata(method data for {method} {0x0000020c86043cd8} 'invoke' '(Ljava/lang/Object;[Ljava/lang/Object;)Ljava/lang/Object;' in 'java/lang/reflect/Method')}
  0x0000020ceeb940e0: 0048 bf08 | 5e36 c70c | 0200 0048 | 8387 8801 | 0000 010f 

  0x0000020ceeb940f4: ;   {static_call}
  0x0000020ceeb940f4: 1f40 00e8 

  0x0000020ceeb940f8: ; ImmutableOopMap {[184]=Oop [192]=Oop [224]=Oop [232]=Oop }
                      ;*invokestatic getCallerClass {reexecute=0 rethrow=0 return_oop=0}
                      ; - java.lang.reflect.Method::invoke@19
                      ; - org.eclipse.e4.core.internal.di.MethodRequestor::execute@77 (line 56)
  0x0000020ceeb940f8: 84af 0107 

  0x0000020ceeb940fc: ;   {other}
  0x0000020ceeb940fc: 0f1f 8400 | 6c16 0008 | 488b d848 | 8bb4 24e0 | 0000 0044 | 0fbe 460c 

  0x0000020ceeb94114: ;   {metadata(method data for {method} {0x0000020c86043cd8} 'invoke' '(Ljava/lang/Object;[Ljava/lang/Object;)Ljava/lang/Object;' in 'java/lang/reflect/Method')}
  0x0000020ceeb94114: 4585 c049 | b808 5e36 | c70c 0200 | 0049 c7c1 | a801 0000 | 7407 49c7 | c198 0100 | 004b 8b3c 
  0x0000020ceeb94134: 0848 8d7f | 014b 893c | 080f 840d | 0000 0048 | 899c 24f8 | 0000 00e9 | 7401 0000 | 448b 4e24 
  0x0000020ceeb94154: 49c1 e103 

  0x0000020ceeb94158: ;   {metadata(method data for {method} {0x0000020c86043cd8} 'invoke' '(Ljava/lang/Object;[Ljava/lang/Object;)Ljava/lang/Object;' in 'java/lang/reflect/Method')}
  0x0000020ceeb94158: 8b56 2049 | b808 5e36 | c70c 0200 | 0049 8380 | b801 0000 

  0x0000020ceeb9416c: ;   {metadata(method data for {method} {0x0000020c863dc098} 'isStatic' '(I)Z' in 'java/lang/reflect/Modifier')}
  0x0000020ceeb9416c: 0149 b8f8 | 2706 c70c | 0200 0041 | 8bb8 cc00 | 0000 83c7 | 0241 89b8 | cc00 0000 | 81e7 feff 
  0x0000020ceeb9418c: 1f00 85ff | 0f84 760f | 0000 4c8b | c241 83e0 | 0845 85c0 

  0x0000020ceeb941a0: ;   {metadata(method data for {method} {0x0000020c863dc098} 'isStatic' '(I)Z' in 'java/lang/reflect/Modifier')}
  0x0000020ceeb941a0: 49b8 f827 | 06c7 0c02 | 0000 48c7 | c710 0100 | 0074 0748 | c7c7 2001 | 0000 498b | 0438 488d 
  0x0000020ceeb941c0: 4001 4989 | 0438 0f84 | 1c00 0000 

  0x0000020ceeb941cc: ;   {metadata(method data for {method} {0x0000020c863dc098} 'isStatic' '(I)Z' in 'java/lang/reflect/Modifier')}
  0x0000020ceeb941cc: 49b8 f827 | 06c7 0c02 | 0000 41ff | 8030 0100 | 0041 b801 | 0000 00e9 | 0600 0000 | 41b8 0000 
  0x0000020ceeb941ec: 0000 4183 | e001 4585 

  0x0000020ceeb941f4: ;   {metadata(method data for {method} {0x0000020c86043cd8} 'invoke' '(Ljava/lang/Object;[Ljava/lang/Object;)Ljava/lang/Object;' in 'java/lang/reflect/Method')}
  0x0000020ceeb941f4: c049 b808 | 5e36 c70c | 0200 0048 | c7c7 c801 | 0000 7407 | 48c7 c7d8 | 0100 0049 | 8b04 3848 
  0x0000020ceeb94214: 8d40 0149 | 8904 380f | 8420 0000 

  0x0000020ceeb94220: ;   {metadata(method data for {method} {0x0000020c86043cd8} 'invoke' '(Ljava/lang/Object;[Ljava/lang/Object;)Ljava/lang/Object;' in 'java/lang/reflect/Method')}
  0x0000020ceeb94220: 0049 b808 | 5e36 c70c | 0200 0041 | ff80 e801 

  0x0000020ceeb94230: ;   {oop(nullptr)}
  0x0000020ceeb94230: 0000 48bf | 0000 0000 | 0000 0000 | e943 0000 | 0048 8b84 | 24c0 0000 | 0048 3b00 

  0x0000020ceeb9424c: ;   {metadata(method data for {method} {0x0000020c86043cd8} 'invoke' '(Ljava/lang/Object;[Ljava/lang/Object;)Ljava/lang/Object;' in 'java/lang/reflect/Method')}
  0x0000020ceeb9424c: 4c8b c048 | bf08 5e36 | c70c 0200 | 0048 8387 | 0002 0000 | 0144 8b40 | 0849 ba00 | 0000 860c 
  0x0000020ceeb9426c: 0200 004d | 03c2 4d8b | 4070 4d8b | 0049 8bf8 | 4889 8424 | c000 0000 

  0x0000020ceeb94284: ;   {metadata(method data for {method} {0x0000020c86043cd8} 'invoke' '(Ljava/lang/Object;[Ljava/lang/Object;)Ljava/lang/Object;' in 'java/lang/reflect/Method')}
  0x0000020ceeb94284: 4c8b c648 | b908 5e36 | c70c 0200 | 0048 8381 | 3802 0000 | 014c 8bc3 | 488b ce48 | 8bf2 488b 
  0x0000020ceeb942a4: d148 899c | 24f8 0000 

  0x0000020ceeb942ac: ;   {optimized virtual_call}
  0x0000020ceeb942ac: 0066 90e8 

  0x0000020ceeb942b0: ; ImmutableOopMap {[184]=Oop [192]=Oop [224]=Oop [232]=Oop [248]=Oop }
                      ;*invokevirtual checkAccess {reexecute=0 rethrow=0 return_oop=0}
                      ; - java.lang.reflect.Method::invoke@60
                      ; - org.eclipse.e4.core.internal.di.MethodRequestor::execute@77 (line 56)
  0x0000020ceeb942b0: cca7 0107 

  0x0000020ceeb942b4: ;   {other}
  0x0000020ceeb942b4: 0f1f 8400 | 2418 0009 | 488b b424 | e000 0000 | 8b56 4c48 | c1e2 0348 

  0x0000020ceeb942cc: ;   {metadata(method data for {method} {0x0000020c86043cd8} 'invoke' '(Ljava/lang/Object;[Ljava/lang/Object;)Ljava/lang/Object;' in 'java/lang/reflect/Method')}
  0x0000020ceeb942cc: 85d2 48bf | 085e 36c7 | 0c02 0000 | 48c7 c370 | 0200 0075 | 0748 c7c3 | 8002 0000 | 488b 041f 
  0x0000020ceeb942ec: 488d 4001 | 4889 041f | 0f85 2d00 | 0000 488b 

  0x0000020ceeb942fc: ;   {metadata(method data for {method} {0x0000020c86043cd8} 'invoke' '(Ljava/lang/Object;[Ljava/lang/Object;)Ljava/lang/Object;' in 'java/lang/reflect/Method')}
  0x0000020ceeb942fc: d648 bf08 | 5e36 c70c | 0200 0048 | 8387 9002 | 0000 0148 | 8bd6 0f1f 

  0x0000020ceeb94314: ;   {optimized virtual_call}
  0x0000020ceeb94314: 4400 00e8 

  0x0000020ceeb94318: ; ImmutableOopMap {[184]=Oop [192]=Oop [232]=Oop [248]=Oop }
                      ;*invokevirtual acquireMethodAccessor {reexecute=0 rethrow=0 return_oop=0}
                      ; - java.lang.reflect.Method::invoke@75
                      ; - org.eclipse.e4.core.internal.di.MethodRequestor::execute@77 (line 56)
  0x0000020ceeb94318: ba12 0000 

  0x0000020ceeb9431c: ;   {other}
  0x0000020ceeb9431c: 0f1f 8400 | 8c18 000a | 488b d08b | 8424 f000 | 0000 85c0 

  0x0000020ceeb94330: ;   {metadata(method data for {method} {0x0000020c86043cd8} 'invoke' '(Ljava/lang/Object;[Ljava/lang/Object;)Ljava/lang/Object;' in 'java/lang/reflect/Method')}
  0x0000020ceeb94330: 49b8 085e | 36c7 0c02 | 0000 49c7 | c1c8 0200 | 0074 0749 | c7c1 d802 | 0000 4b8b | 3c08 488d 
  0x0000020ceeb94350: 7f01 4b89 | 3c08 0f84 | e600 0000 | 488b 9c24 | f800 0000 

  0x0000020ceeb94364: ; implicit exception: dispatches to 0x0000020ceeb95132
  0x0000020ceeb94364: 483b 024c 

  0x0000020ceeb94368: ;   {metadata(method data for {method} {0x0000020c86043cd8} 'invoke' '(Ljava/lang/Object;[Ljava/lang/Object;)Ljava/lang/Object;' in 'java/lang/reflect/Method')}
  0x0000020ceeb94368: 8bc2 49b9 | 085e 36c7 | 0c02 0000 | 458b 4008 | 49ba 0000 | 0086 0c02 | 0000 4d03 | c24d 3b81 
  0x0000020ceeb94388: f802 0000 | 750d 4983 | 8100 0300 | 0001 e960 | 0000 004d | 3b81 0803 | 0000 750d | 4983 8110 
  0x0000020ceeb943a8: 0300 0001 | e94a 0000 | 0049 83b9 | f802 0000 | 0075 174d | 8981 f802 | 0000 49c7 | 8100 0300 
  0x0000020ceeb943c8: 0001 0000 | 00e9 2900 | 0000 4983 | b908 0300 | 0000 7517 | 4d89 8108 | 0300 0049 | c781 1003 
  0x0000020ceeb943e8: 0000 0100 | 0000 e908 | 0000 0049 | 8381 e802 | 0000 014c | 8b84 24c0 | 0000 004c | 8b8c 24e8 
  0x0000020ceeb94408: 0000 0048 | 8bfb 0f1f | 8000 0000 | 0048 b8ff | ffff ffff 

  0x0000020ceeb9441c: ;   {virtual_call}
  0x0000020ceeb9441c: ffff ffe8 

  0x0000020ceeb94420: ; ImmutableOopMap {[184]=Oop }
                      ;*invokeinterface invoke {reexecute=0 rethrow=0 return_oop=0}
                      ; - java.lang.reflect.Method::invoke@90
                      ; - org.eclipse.e4.core.internal.di.MethodRequestor::execute@77 (line 56)
  0x0000020ceeb94420: 5ca9 0107 

  0x0000020ceeb94424: ;   {other}
  0x0000020ceeb94424: 0f1f 8400 | 9419 000b 

  0x0000020ceeb9442c: ;   {metadata(method data for {method} {0x0000020c86043cd8} 'invoke' '(Ljava/lang/Object;[Ljava/lang/Object;)Ljava/lang/Object;' in 'java/lang/reflect/Method')}
  0x0000020ceeb9442c: 49b8 085e | 36c7 0c02 | 0000 41ff | 8020 0300 | 00e9 c200 | 0000 488b | bc24 e800 | 0000 483b 
  0x0000020ceeb9444c: 024c 8bc2 

  0x0000020ceeb94450: ;   {metadata(method data for {method} {0x0000020c86043cd8} 'invoke' '(Ljava/lang/Object;[Ljava/lang/Object;)Ljava/lang/Object;' in 'java/lang/reflect/Method')}
  0x0000020ceeb94450: 49b9 085e | 36c7 0c02 | 0000 458b | 4008 49ba | 0000 0086 | 0c02 0000 | 4d03 c24d | 3b81 4803 
  0x0000020ceeb94470: 0000 750d | 4983 8150 | 0300 0001 | e960 0000 | 004d 3b81 | 5803 0000 | 750d 4983 | 8160 0300 
  0x0000020ceeb94490: 0001 e94a | 0000 0049 | 83b9 4803 | 0000 0075 | 174d 8981 | 4803 0000 | 49c7 8150 | 0300 0001 
  0x0000020ceeb944b0: 0000 00e9 | 2900 0000 | 4983 b958 | 0300 0000 | 7517 4d89 | 8158 0300 | 0049 c781 | 6003 0000 
  0x0000020ceeb944d0: 0100 0000 | e908 0000 | 0049 8381 | 3803 0000 | 014c 8b84 | 24c0 0000 | 004c 8bcf | 9048 b8b8 
  0x0000020ceeb944f0: dc19 860c 

  0x0000020ceeb944f4: ;   {virtual_call}
  0x0000020ceeb944f4: 0200 00e8 

  0x0000020ceeb944f8: ; ImmutableOopMap {[184]=Oop }
                      ;*invokeinterface invoke {reexecute=0 rethrow=0 return_oop=0}
                      ; - java.lang.reflect.Method::invoke@102
                      ; - org.eclipse.e4.core.internal.di.MethodRequestor::execute@77 (line 56)
  0x0000020ceeb944f8: 640a e5ff 

  0x0000020ceeb944fc: ;   {other}
  0x0000020ceeb944fc: 0f1f 8400 | 6c1a 000c 

  0x0000020ceeb94504: ;   {metadata(method data for {method} {0x0000020cc8813608} 'execute' '()Ljava/lang/Object;' in 'org/eclipse/e4/core/internal/di/MethodRequestor')}
  0x0000020ceeb94504: 48ba 400f | 73c9 0c02 | 0000 ff82 | 5003 0000 | 8bbc 24d4 | 0000 0085 

  0x0000020ceeb9451c: ;   {metadata(method data for {method} {0x0000020cc8813608} 'execute' '()Ljava/lang/Object;' in 'org/eclipse/e4/core/internal/di/MethodRequestor')}
  0x0000020ceeb9451c: ff48 ba40 | 0f73 c90c | 0200 0048 | c7c6 1805 | 0000 7407 | 48c7 c628 | 0500 0048 | 8b3c 3248 
  0x0000020ceeb9453c: 8d7f 0148 | 893c 3248 | 8984 2400 | 0100 000f | 844b 0000 | 0048 8b94 | 24b8 0000 | 008b 7220 
  0x0000020ceeb9455c: 48c1 e603 

  0x0000020ceeb94560: ; implicit exception: dispatches to 0x0000020ceeb9513c
  0x0000020ceeb94560: 483b 0648 

  0x0000020ceeb94564: ;   {metadata(method data for {method} {0x0000020cc8813608} 'execute' '()Ljava/lang/Object;' in 'org/eclipse/e4/core/internal/di/MethodRequestor')}
  0x0000020ceeb94564: 8bfe 48bb | 400f 73c9 | 0c02 0000 

  0x0000020ceeb94570: ;   {metadata('org/eclipse/e4/core/internal/contexts/ContextObjectSupplier')}
  0x0000020ceeb94570: 49ba 70b8 | 3087 0c02 | 0000 4c89 | 9348 0500 | 0048 8383 | 5005 0000 | 0148 8bd6 

  0x0000020ceeb9458c: ;   {optimized virtual_call}
  0x0000020ceeb9458c: 6666 90e8 

  0x0000020ceeb94590: ; ImmutableOopMap {[184]=Oop [256]=Oop }
                      ;*invokevirtual resumeRecording {reexecute=0 rethrow=0 return_oop=0}
                      ; - org.eclipse.e4.core.internal.di.MethodRequestor::execute@167 (line 69)
  0x0000020ceeb94590: 6c1e edff 

  0x0000020ceeb94594: ;   {other}
  0x0000020ceeb94594: 0f1f 8400 | 041b 000d | 488b 9424 | b800 0000 

  0x0000020ceeb945a4: ;   {metadata(method data for {method} {0x0000020cc8813608} 'execute' '()Ljava/lang/Object;' in 'org/eclipse/e4/core/internal/di/MethodRequestor')}
  0x0000020ceeb945a4: 488b c248 | be40 0f73 | c90c 0200 | 008b 4008 | 49ba 0000 | 0086 0c02 | 0000 4903 | c248 3b86 
  0x0000020ceeb945c4: 8005 0000 | 750d 4883 | 8688 0500 | 0001 e960 | 0000 0048 | 3b86 9005 | 0000 750d | 4883 8698 
  0x0000020ceeb945e4: 0500 0001 | e94a 0000 | 0048 83be | 8005 0000 | 0075 1748 | 8986 8005 | 0000 48c7 | 8688 0500 
  0x0000020ceeb94604: 0001 0000 | 00e9 2900 | 0000 4883 | be90 0500 | 0000 7517 | 4889 8690 | 0500 0048 | c786 9805 
  0x0000020ceeb94624: 0000 0100 | 0000 e908 | 0000 0048 | 8386 7005 

  0x0000020ceeb94634: ;   {metadata(method data for {method} {0x0000020cc8812698} 'clearResolvedArgs' '()V' in 'org/eclipse/e4/core/internal/di/Requestor')}
  0x0000020ceeb94634: 0000 0148 | b8d0 0273 | c90c 0200 | 008b b0cc | 0000 0083 | c602 89b0 | cc00 0000 | 81e6 feff 
  0x0000020ceeb94654: 1f00 85f6 | 0f84 e30a | 0000 448b | 4228 49c1 | e003 4d85 

  0x0000020ceeb94668: ;   {metadata(method data for {method} {0x0000020cc8812698} 'clearResolvedArgs' '()V' in 'org/eclipse/e4/core/internal/di/Requestor')}
  0x0000020ceeb94668: c048 b8d0 | 0273 c90c | 0200 0048 | c7c6 1001 | 0000 7507 | 48c7 c620 | 0100 0048 | 8b3c 3048 
  0x0000020ceeb94688: 8d7f 0148 | 893c 300f | 852c 0200 | 00e9 7602 | 0000 488b | 9424 b800 | 0000 498b | 87f8 0400 
  0x0000020ceeb946a8: 004d 33d2 | 4d89 97f8 | 0400 004d | 33d2 4d89 | 9700 0500 | 0048 8bd8 

  0x0000020ceeb946c0: ;   {metadata(method data for {method} {0x0000020cc8813608} 'execute' '()Ljava/lang/Object;' in 'org/eclipse/e4/core/internal/di/MethodRequestor')}
  0x0000020ceeb946c0: 488b f348 | b840 0f73 | c90c 0200 

  0x0000020ceeb946cc: ;   {metadata('java/lang/reflect/InvocationTargetException')}
  0x0000020ceeb946cc: 0049 ba78 | 5304 870c | 0200 004c | 8990 8803 | 0000 4883 | 8090 0300 | 0001 448b | 4324 49c1 
  0x0000020ceeb946ec: e003 4d85 

  0x0000020ceeb946f0: ;   {metadata(method data for {method} {0x0000020cc8813608} 'execute' '()Ljava/lang/Object;' in 'org/eclipse/e4/core/internal/di/MethodRequestor')}
  0x0000020ceeb946f0: c075 1648 | b940 0f73 | c90c 0200 | 0080 89a9 | 0300 0001 | e9cf 0000 

  0x0000020ceeb94708: ;   {metadata('java/lang/Error')}
  0x0000020ceeb94708: 0049 b9c8 | 0701 860c | 0200 0041 | 8b48 0849 | ba00 0000 | 860c 0200 | 0049 03ca | 4c3b 4940 
  0x0000020ceeb94728: 0f85 8e00 

  0x0000020ceeb9472c: ;   {metadata(method data for {method} {0x0000020cc8813608} 'execute' '()Ljava/lang/Object;' in 'org/eclipse/e4/core/internal/di/MethodRequestor')}
  0x0000020ceeb9472c: 0000 48b9 | 400f 73c9 | 0c02 0000 | 458b 4808 | 49ba 0000 | 0086 0c02 | 0000 4d03 | ca4c 3b89 
  0x0000020ceeb9474c: c003 0000 | 750d 4883 | 81c8 0300 | 0001 e97e | 0000 004c | 3b89 d003 | 0000 750d | 4883 81d8 
  0x0000020ceeb9476c: 0300 0001 | e968 0000 | 0048 83b9 | c003 0000 | 0075 174c | 8989 c003 | 0000 48c7 | 81c8 0300 
  0x0000020ceeb9478c: 0001 0000 | 00e9 4700 | 0000 4883 | b9d0 0300 | 0000 7517 | 4c89 89d0 | 0300 0048 | c781 d803 
  0x0000020ceeb947ac: 0000 0100 | 0000 e926 | 0000 00e9 | 2100 0000 

  0x0000020ceeb947bc: ;   {metadata(method data for {method} {0x0000020cc8813608} 'execute' '()Ljava/lang/Object;' in 'org/eclipse/e4/core/internal/di/MethodRequestor')}
  0x0000020ceeb947bc: 48b9 400f | 73c9 0c02 | 0000 4883 | a9b0 0300 | 0001 e905 | 0000 00e9 | 0500 0000 | 4833 f6eb 
  0x0000020ceeb947dc: 0748 c7c6 | 0100 0000 

  0x0000020ceeb947e4: ;   {metadata(method data for {method} {0x0000020cc8813608} 'execute' '()Ljava/lang/Object;' in 'org/eclipse/e4/core/internal/di/MethodRequestor')}
  0x0000020ceeb947e4: 85f6 48be | 400f 73c9 | 0c02 0000 | 48c7 c0f8 | 0300 0075 | 0748 c7c0 | e803 0000 | 488b 0c06 
  0x0000020ceeb94804: 488d 4901 | 4889 0c06 | 89bc 24d4 | 0000 000f | 85b3 0100 | 000f 1f80 | 0000 0000 

  0x0000020ceeb94820: ;   {no_reloc}
  0x0000020ceeb94820: e94c 0900 | 0000 0000 | 0000 80ba | 2101 0000 | 040f 8549 | 0900 0049 | 8b87 b801 | 0000 488d 
  0x0000020ceeb94840: 7828 493b | bfc8 0100 | 000f 8731 | 0900 0049 | 89bf b801 | 0000 48c7 | 0001 0000 | 0048 8bca 
  0x0000020ceeb94860: 49ba 0000 | 0086 0c02 | 0000 492b | ca89 4808 | 4833 c989 | 480c 4833 | c948 8948 | 1048 8948 
  0x0000020ceeb94880: 1848 8948 | 204d 85c0 

  0x0000020ceeb94888: ;   {metadata(method data for {method} {0x0000020cc8813608} 'execute' '()Ljava/lang/Object;' in 'org/eclipse/e4/core/internal/di/MethodRequestor')}
  0x0000020ceeb94888: 48ba 400f | 73c9 0c02 | 0000 48c7 | c640 0400 | 0074 0748 | c7c6 5004 | 0000 488b | 3c32 488d 
  0x0000020ceeb948a8: 7f01 4889 | 3c32 488b | 9424 b800 | 0000 0f84 | c700 0000 | e9ad 0000 

  0x0000020ceeb948c0: ;   {metadata(method data for {method} {0x0000020cc8812698} 'clearResolvedArgs' '()V' in 'org/eclipse/e4/core/internal/di/Requestor')}
  0x0000020ceeb948c0: 0048 bed0 | 0273 c90c | 0200 0048 | 8386 3001 | 0000 0149 

  0x0000020ceeb948d4: ;   {oop(nullptr)}
  0x0000020ceeb948d4: 8bd0 49b8 | 0000 0000 | 0000 0000 | 0f1f 8000 

  0x0000020ceeb948e4: ;   {static_call}
  0x0000020ceeb948e4: 0000 00e8 

  0x0000020ceeb948e8: ; ImmutableOopMap {[184]=Oop [256]=Oop }
                      ;*invokestatic fill {reexecute=0 rethrow=0 return_oop=0}
                      ; - org.eclipse.e4.core.internal.di.Requestor::clearResolvedArgs@13 (line 195)
                      ; - org.eclipse.e4.core.internal.di.MethodRequestor::execute@171 (line 70)
  0x0000020ceeb948e8: d4c7 b300 

  0x0000020ceeb948ec: ;   {other}
  0x0000020ceeb948ec: 0f1f 8400 | 5c1e 000e | 410f be47 | 4085 c048 | 8b94 24b8 | 0000 000f | 8584 0800 | 00c7 4228 
  0x0000020ceeb9490c: 0000 0000 | 488b 8424 | 0001 0000 | 4881 c450 | 0100 005d 

  0x0000020ceeb94920: ;   {poll_return}
  0x0000020ceeb94920: 493b a748 | 0400 000f | 877f 0800 

  0x0000020ceeb9492c: ;   {oop(nullptr)}
  0x0000020ceeb9492c: 00c3 48b8 | 0000 0000 | 0000 0000 | 4881 c450 | 0100 005d 

  0x0000020ceeb94940: ;   {poll_return}
  0x0000020ceeb94940: 493b a748 | 0400 000f | 8775 0800 

  0x0000020ceeb9494c: ;   {oop(nullptr)}
  0x0000020ceeb9494c: 00c3 48b8 | 0000 0000 | 0000 0000 | 4881 c450 | 0100 005d 

  0x0000020ceeb94960: ;   {poll_return}
  0x0000020ceeb94960: 493b a748 | 0400 000f | 876b 0800 

  0x0000020ceeb9496c: ;   {metadata(method data for {method} {0x0000020cc8813608} 'execute' '()Ljava/lang/Object;' in 'org/eclipse/e4/core/internal/di/MethodRequestor')}
  0x0000020ceeb9496c: 00c3 48be | 400f 73c9 | 0c02 0000 | ff86 6004 | 0000 e903 | 0000 004c | 8bc3 488b 

  0x0000020ceeb94988: ;   {metadata(method data for {method} {0x0000020cc8813608} 'execute' '()Ljava/lang/Object;' in 'org/eclipse/e4/core/internal/di/MethodRequestor')}
  0x0000020ceeb94988: f048 bb40 | 0f73 c90c | 0200 0048 | 8383 7804 | 0000 0148 | 8bd0 4889 | 8424 0801 

  0x0000020ceeb949a4: ;   {optimized virtual_call}
  0x0000020ceeb949a4: 0000 90e8 

  0x0000020ceeb949a8: ; ImmutableOopMap {[184]=Oop [264]=Oop }
                      ;*invokespecial <init> {reexecute=0 rethrow=0 return_oop=0}
                      ; - org.eclipse.e4.core.internal.di.MethodRequestor::execute@135 (line 66)
  0x0000020ceeb949a8: d4a0 0107 

  0x0000020ceeb949ac: ;   {other}
  0x0000020ceeb949ac: 0f1f 8400 | 1c1f 000f | 488b 8424 

  0x0000020ceeb949b8: ; ImmutableOopMap {rax=Oop [184]=Oop }
                      ;*athrow {reexecute=1 rethrow=0 return_oop=0}
                      ; - (reexecute) org.eclipse.e4.core.internal.di.MethodRequestor::execute@138 (line 66)
  0x0000020ceeb949b8: 0801 0000 

  0x0000020ceeb949bc: ;   {section_word}
  0x0000020ceeb949bc: 48ba bc49 | b9ee 0c02 

  0x0000020ceeb949c4: ;   {runtime_call handle_exception_nofpu Runtime1 stub}
  0x0000020ceeb949c4: 0000 e8b5 | 290e 0790 | 4d85 c075 

  0x0000020ceeb949d0: ;   {metadata(method data for {method} {0x0000020cc8813608} 'execute' '()Ljava/lang/Object;' in 'org/eclipse/e4/core/internal/di/MethodRequestor')}
  0x0000020ceeb949d0: 1648 be40 | 0f73 c90c | 0200 0080 | 8e01 0400 | 0001 e9cf 

  0x0000020ceeb949e4: ;   {metadata('java/lang/Error')}
  0x0000020ceeb949e4: 0000 0048 | bfc8 0701 | 860c 0200 | 0041 8b70 | 0849 ba00 | 0000 860c | 0200 0049 | 03f2 483b 
  0x0000020ceeb94a04: 7e40 0f85 | 8e00 0000 

  0x0000020ceeb94a0c: ;   {metadata(method data for {method} {0x0000020cc8813608} 'execute' '()Ljava/lang/Object;' in 'org/eclipse/e4/core/internal/di/MethodRequestor')}
  0x0000020ceeb94a0c: 48be 400f | 73c9 0c02 | 0000 418b | 7808 49ba | 0000 0086 | 0c02 0000 | 4903 fa48 | 3bbe 1804 
  0x0000020ceeb94a2c: 0000 750d | 4883 8620 | 0400 0001 | e979 0000 | 0048 3bbe | 2804 0000 | 750d 4883 | 8630 0400 
  0x0000020ceeb94a4c: 0001 e963 | 0000 0048 | 83be 1804 | 0000 0075 | 1748 89be | 1804 0000 | 48c7 8620 | 0400 0001 
  0x0000020ceeb94a6c: 0000 00e9 | 4200 0000 | 4883 be28 | 0400 0000 | 7517 4889 | be28 0400 | 0048 c786 | 3004 0000 
  0x0000020ceeb94a8c: 0100 0000 | e921 0000 | 00e9 1c00 

  0x0000020ceeb94a98: ;   {metadata(method data for {method} {0x0000020cc8813608} 'execute' '()Ljava/lang/Object;' in 'org/eclipse/e4/core/internal/di/MethodRequestor')}
  0x0000020ceeb94a98: 0000 48be | 400f 73c9 | 0c02 0000 | 4883 ae08 | 0400 0001 | e93d 0700 | 00e9 0000 | 0000 498b 
  0x0000020ceeb94ab8: ; ImmutableOopMap {rax=Oop [184]=Oop }
                      ;*athrow {reexecute=1 rethrow=0 return_oop=0}
                      ; - (reexecute) org.eclipse.e4.core.internal.di.MethodRequestor::execute@118 (line 64)
  0x0000020ceeb94ab8: c048 3b00 

  0x0000020ceeb94abc: ;   {section_word}
  0x0000020ceeb94abc: 48ba bc4a | b9ee 0c02 

  0x0000020ceeb94ac4: ;   {runtime_call handle_exception_nofpu Runtime1 stub}
  0x0000020ceeb94ac4: 0000 e8b5 | 280e 0790 | 498b 87f8 | 0400 004d | 33d2 4d89 | 97f8 0400 | 004d 33d2 | 4d89 9700 
  0x0000020ceeb94ae4: 0500 004c | 8bc0 660f | 1f44 0000 

  0x0000020ceeb94af0: ;   {no_reloc}
  0x0000020ceeb94af0: e916 0700 | 0000 0000 | 0000 80ba | 2101 0000 | 040f 8513 | 0700 0049 | 8b87 b801 | 0000 488d 
  0x0000020ceeb94b10: 7828 493b | bfc8 0100 | 000f 87fb | 0600 0049 | 89bf b801 | 0000 48c7 | 0001 0000 | 0048 8bca 
  0x0000020ceeb94b30: 49ba 0000 | 0086 0c02 | 0000 492b | ca89 4808 | 4833 c989 | 480c 4833 | c948 8948 | 1048 8948 
  0x0000020ceeb94b50: 1848 8948 | 2048 8bd0 

  0x0000020ceeb94b58: ;   {metadata(method data for {method} {0x0000020cc8813608} 'execute' '()Ljava/lang/Object;' in 'org/eclipse/e4/core/internal/di/MethodRequestor')}
  0x0000020ceeb94b58: 48be 400f | 73c9 0c02 | 0000 4883 | 8668 0300 | 0001 488b | d048 8984 | 2410 0100 

  0x0000020ceeb94b74: ;   {optimized virtual_call}
  0x0000020ceeb94b74: 0066 90e8 

  0x0000020ceeb94b78: ; ImmutableOopMap {[184]=Oop [272]=Oop }
                      ;*invokespecial <init> {reexecute=0 rethrow=0 return_oop=0}
                      ; - org.eclipse.e4.core.internal.di.MethodRequestor::execute@92 (line 58)
  0x0000020ceeb94b78: 049f 0107 

  0x0000020ceeb94b7c: ;   {other}
  0x0000020ceeb94b7c: 0f1f 8400 | ec20 0012 | 488b 8424 

  0x0000020ceeb94b88: ; ImmutableOopMap {rax=Oop [184]=Oop }
                      ;*athrow {reexecute=1 rethrow=0 return_oop=0}
                      ; - (reexecute) org.eclipse.e4.core.internal.di.MethodRequestor::execute@95 (line 58)
  0x0000020ceeb94b88: 1001 0000 

  0x0000020ceeb94b8c: ;   {section_word}
  0x0000020ceeb94b8c: 48ba 8c4b | b9ee 0c02 

  0x0000020ceeb94b94: ;   {runtime_call handle_exception_nofpu Runtime1 stub}
  0x0000020ceeb94b94: 0000 e8e5 | 270e 0790 | 498b 87f8 | 0400 004d | 33d2 4d89 | 97f8 0400 | 004d 33d2 | 4d89 9700 
  0x0000020ceeb94bb4: 0500 0085 

  0x0000020ceeb94bb8: ;   {metadata(method data for {method} {0x0000020cc8813608} 'execute' '()Ljava/lang/Object;' in 'org/eclipse/e4/core/internal/di/MethodRequestor')}
  0x0000020ceeb94bb8: ff48 ba40 | 0f73 c90c | 0200 0048 | c7c6 8804 | 0000 7407 | 48c7 c698 | 0400 0048 | 8b3c 3248 
  0x0000020ceeb94bd8: 8d7f 0148 | 893c 3248 | 8984 2418 | 0100 000f | 844f 0000 | 0048 8b94 | 24b8 0000 | 008b 7220 
  0x0000020ceeb94bf8: 48c1 e603 

  0x0000020ceeb94bfc: ; implicit exception: dispatches to 0x0000020ceeb95227
  0x0000020ceeb94bfc: 483b 0648 

  0x0000020ceeb94c00: ;   {metadata(method data for {method} {0x0000020cc8813608} 'execute' '()Ljava/lang/Object;' in 'org/eclipse/e4/core/internal/di/MethodRequestor')}
  0x0000020ceeb94c00: 8bfe 48bb | 400f 73c9 | 0c02 0000 

  0x0000020ceeb94c0c: ;   {metadata('org/eclipse/e4/core/internal/contexts/ContextObjectSupplier')}
  0x0000020ceeb94c0c: 49ba 70b8 | 3087 0c02 | 0000 4c89 | 93b8 0400 | 0048 8383 | c004 0000 | 0148 8bd6 | 0f1f 8000 
  0x0000020ceeb94c2c: ;   {optimized virtual_call}
  0x0000020ceeb94c2c: 0000 00e8 

  0x0000020ceeb94c30: ; ImmutableOopMap {[184]=Oop [280]=Oop }
                      ;*invokevirtual resumeRecording {reexecute=0 rethrow=0 return_oop=0}
                      ; - org.eclipse.e4.core.internal.di.MethodRequestor::execute@149 (line 69)
  0x0000020ceeb94c30: 4c9e 0107 

  0x0000020ceeb94c34: ;   {other}
  0x0000020ceeb94c34: 0f1f 8400 | a421 0014 | 488b 9424 | b800 0000 

  0x0000020ceeb94c44: ;   {metadata(method data for {method} {0x0000020cc8813608} 'execute' '()Ljava/lang/Object;' in 'org/eclipse/e4/core/internal/di/MethodRequestor')}
  0x0000020ceeb94c44: 4c8b c248 | be40 0f73 | c90c 0200 | 0045 8b40 | 0849 ba00 | 0000 860c | 0200 004d | 03c2 4c3b 
  0x0000020ceeb94c64: 86f0 0400 | 0075 0d48 | 8386 f804 | 0000 01e9 | 6000 0000 | 4c3b 8600 | 0500 0075 | 0d48 8386 
  0x0000020ceeb94c84: 0805 0000 | 01e9 4a00 | 0000 4883 | bef0 0400 | 0000 7517 | 4c89 86f0 | 0400 0048 | c786 f804 
  0x0000020ceeb94ca4: 0000 0100 | 0000 e929 | 0000 0048 | 83be 0005 | 0000 0075 | 174c 8986 | 0005 0000 | 48c7 8608 
  0x0000020ceeb94cc4: 0500 0001 | 0000 00e9 | 0800 0000 | 4883 86e0 | 0400 0001 

  0x0000020ceeb94cd8: ;   {metadata(method data for {method} {0x0000020cc8812698} 'clearResolvedArgs' '()V' in 'org/eclipse/e4/core/internal/di/Requestor')}
  0x0000020ceeb94cd8: 49b8 d002 | 73c9 0c02 | 0000 418b | b0cc 0000 | 0083 c602 | 4189 b0cc | 0000 0081 | e6fe ff1f 
  0x0000020ceeb94cf8: 0085 f60f | 842b 0500 | 0044 8b42 | 2849 c1e0 | 034d 85c0 

  0x0000020ceeb94d0c: ;   {metadata(method data for {method} {0x0000020cc8812698} 'clearResolvedArgs' '()V' in 'org/eclipse/e4/core/internal/di/Requestor')}
  0x0000020ceeb94d0c: 48be d002 | 73c9 0c02 | 0000 48c7 | c720 0100 | 0074 0748 | c7c7 1001 | 0000 488b | 1c3e 488d 
  0x0000020ceeb94d2c: 5b01 4889 | 1c3e 0f84 | 4800 0000 

  0x0000020ceeb94d38: ;   {metadata(method data for {method} {0x0000020cc8812698} 'clearResolvedArgs' '()V' in 'org/eclipse/e4/core/internal/di/Requestor')}
  0x0000020ceeb94d38: 48be d002 | 73c9 0c02 | 0000 4883 | 8630 0100 | 0001 498b 

  0x0000020ceeb94d4c: ;   {oop(nullptr)}
  0x0000020ceeb94d4c: d049 b800 | 0000 0000 

  0x0000020ceeb94d54: ;   {static_call}
  0x0000020ceeb94d54: 0000 00e8 

  0x0000020ceeb94d58: ; ImmutableOopMap {[184]=Oop [280]=Oop }
                      ;*invokestatic fill {reexecute=0 rethrow=0 return_oop=0}
                      ; - org.eclipse.e4.core.internal.di.Requestor::clearResolvedArgs@13 (line 195)
                      ; - org.eclipse.e4.core.internal.di.MethodRequestor::execute@153 (line 70)
  0x0000020ceeb94d58: 24a3 0107 

  0x0000020ceeb94d5c: ;   {other}
  0x0000020ceeb94d5c: 0f1f 8400 | cc22 0015 | 410f be47 | 4085 c048 | 8bb4 24b8 | 0000 000f | 85d4 0400 | 00c7 4628 
  0x0000020ceeb94d7c: 0000 0000 | 488b 8424 | 1801 0000 | e93d 0700 | 0048 8bb4 | 24b8 0000 | 0049 8b87 | f804 0000 
  0x0000020ceeb94d9c: 4d33 d24d | 8997 f804 | 0000 4d33 | d24d 8997 | 0005 0000 | 488b d048 | 8d84 2430 | 0100 0048 
  0x0000020ceeb94dbc: 8b18 4885 | db0f 840f | 0000 0048 | 8b48 08f0 | 480f b119 | 0f85 9604 | 0000 49ff | 8f48 0500 
  0x0000020ceeb94ddc: ; ImmutableOopMap {rdi=Oop rsi=Oop rax=Oop [184]=Oop [296]=Oop }
                      ;*invokevirtual addElement {reexecute=0 rethrow=0 return_oop=0}
                      ; - java.util.Stack::push@2
                      ; - org.eclipse.e4.core.internal.contexts.ContextObjectSupplier::pauseRecording@6 (line 215)
                      ; - org.eclipse.e4.core.internal.di.MethodRequestor::execute@49 (line 51)
  0x0000020ceeb94ddc: 0048 8bc2 

  0x0000020ceeb94de0: ;   {section_word}
  0x0000020ceeb94de0: 48ba e04d | b9ee 0c02 

  0x0000020ceeb94de8: ;   {runtime_call handle_exception_nofpu Runtime1 stub}
  0x0000020ceeb94de8: 0000 e891 | 250e 0790 | 498b 87f8 | 0400 004d | 33d2 4d89 | 97f8 0400 | 004d 33d2 | 4d89 9700 
  0x0000020ceeb94e08: 0500 0048 | 8bf0 488d | 8424 2001 | 0000 488b | 3848 85ff | 0f84 0f00 | 0000 488b | 5808 f048 
  0x0000020ceeb94e28: 0fb1 3b0f | 8551 0400 | 0049 ff8f | 4805 0000 | 488b c6e9 | 8a06 0000 

  0x0000020ceeb94e40: ;   {metadata({method} {0x0000020cc8813608} 'execute' '()Ljava/lang/Object;' in 'org/eclipse/e4/core/internal/di/MethodRequestor')}
  0x0000020ceeb94e40: 49ba 0036 | 81c8 0c02 | 0000 4c89 | 5424 0848 | c704 24ff 

  0x0000020ceeb94e54: ;   {runtime_call counter_overflow Runtime1 stub}
  0x0000020ceeb94e54: ffff ffe8 

  0x0000020ceeb94e58: ; ImmutableOopMap {rdx=Oop [184]=Oop }
                      ;*synchronization entry
                      ; - org.eclipse.e4.core.internal.di.MethodRequestor::execute@-1 (line 41)
  0x0000020ceeb94e58: a468 0e07 | e90d e1ff | ff48 8934 

  0x0000020ceeb94e64: ;   {runtime_call throw_class_cast_exception Runtime1 stub}
  0x0000020ceeb94e64: 24e8 9636 

  0x0000020ceeb94e68: ; ImmutableOopMap {rdx=Oop [184]=Oop }
                      ;*checkcast {reexecute=0 rethrow=0 return_oop=0}
                      ; - org.eclipse.e4.core.internal.di.MethodRequestor::execute@11 (line 42)
                      ;   {runtime_call throw_null_pointer_exception Runtime1 stub}
  0x0000020ceeb94e68: 0e07 e891 

  0x0000020ceeb94e6c: ; ImmutableOopMap {rdx=Oop rsi=Oop [184]=Oop }
                      ;*invokevirtual getParameterTypes {reexecute=0 rethrow=0 return_oop=0}
                      ; - org.eclipse.e4.core.internal.di.MethodRequestor::execute@14 (line 42)
                      ;   {metadata({method} {0x0000020c86041d00} 'getParameterTypes' '()[Ljava/lang/Class;' in 'java/lang/reflect/Method')}
  0x0000020ceeb94e6c: 080e 0749 | baf8 1c04 | 860c 0200 | 004c 8954 | 2408 48c7 | 0424 ffff 

  0x0000020ceeb94e84: ;   {runtime_call counter_overflow Runtime1 stub}
  0x0000020ceeb94e84: ffff e875 

  0x0000020ceeb94e88: ; ImmutableOopMap {rdx=Oop rsi=Oop [184]=Oop }
                      ;*synchronization entry
                      ; - java.lang.reflect.Method::getParameterTypes@-1
                      ; - org.eclipse.e4.core.internal.di.MethodRequestor::execute@14 (line 42)
  0x0000020ceeb94e88: 680e 07e9 | 41e2 ffff 

  0x0000020ceeb94e90: ;   {runtime_call throw_null_pointer_exception Runtime1 stub}
  0x0000020ceeb94e90: e86b 080e 

  0x0000020ceeb94e94: ; ImmutableOopMap {rdx=Oop rsi=Oop [184]=Oop }
                      ;*invokevirtual clone {reexecute=0 rethrow=0 return_oop=0}
                      ; - java.lang.reflect.Method::getParameterTypes@4
                      ; - org.eclipse.e4.core.internal.di.MethodRequestor::execute@14 (line 42)
  0x0000020ceeb94e94: 0748 8904 

  0x0000020ceeb94e98: ;   {runtime_call throw_class_cast_exception Runtime1 stub}
  0x0000020ceeb94e98: 24e8 6236 

  0x0000020ceeb94e9c: ; ImmutableOopMap {[184]=Oop }
                      ;*checkcast {reexecute=0 rethrow=0 return_oop=0}
                      ; - java.lang.reflect.Method::getParameterTypes@7
                      ; - org.eclipse.e4.core.internal.di.MethodRequestor::execute@14 (line 42)
                      ;   {runtime_call throw_null_pointer_exception Runtime1 stub}
  0x0000020ceeb94e9c: 0e07 e85d 

  0x0000020ceeb94ea0: ; ImmutableOopMap {[184]=Oop }
                      ;*arraylength {reexecute=0 rethrow=0 return_oop=0}
                      ; - org.eclipse.e4.core.internal.di.MethodRequestor::execute@17 (line 42)
                      ;   {metadata({method} {0x0000020cc8811c98} 'getRequestingObject' '()Ljava/lang/Object;' in 'org/eclipse/e4/core/internal/di/Requestor')}
  0x0000020ceeb94ea0: 080e 0749 | ba90 1c81 | c80c 0200 | 004c 8954 | 2408 48c7 | 0424 ffff 

  0x0000020ceeb94eb8: ;   {runtime_call counter_overflow Runtime1 stub}
  0x0000020ceeb94eb8: ffff e841 

  0x0000020ceeb94ebc: ; ImmutableOopMap {rdx=Oop [184]=Oop }
                      ;*synchronization entry
                      ; - org.eclipse.e4.core.internal.di.Requestor::getRequestingObject@-1 (line 106)
                      ; - org.eclipse.e4.core.internal.di.MethodRequestor::execute@24 (line 45)
  0x0000020ceeb94ebc: 680e 07e9 | a6e4 ffff 

  0x0000020ceeb94ec4: ;   {runtime_call throw_null_pointer_exception Runtime1 stub}
  0x0000020ceeb94ec4: e837 080e 

  0x0000020ceeb94ec8: ; ImmutableOopMap {rsi=Oop [184]=Oop }
                      ;*invokevirtual get {reexecute=0 rethrow=0 return_oop=0}
                      ; - org.eclipse.e4.core.internal.di.Requestor::getRequestingObject@13 (line 108)
                      ; - org.eclipse.e4.core.internal.di.MethodRequestor::execute@24 (line 45)
                      ;   {runtime_call throw_null_pointer_exception Runtime1 stub}
  0x0000020ceeb94ec8: 07e8 3208 

  0x0000020ceeb94ecc: ; ImmutableOopMap {rdi=Oop [184]=Oop [192]=Oop }
                      ;*invokevirtual pauseRecording {reexecute=0 rethrow=0 return_oop=0}
                      ; - org.eclipse.e4.core.internal.di.MethodRequestor::execute@49 (line 51)
  0x0000020ceeb94ecc: 0e07 4889 | 7c24 0848 

  0x0000020ceeb94ed4: ;   {runtime_call monitorenter_nofpu Runtime1 stub}
  0x0000020ceeb94ed4: 891c 24e8 

  0x0000020ceeb94ed8: ; ImmutableOopMap {rdi=Oop [184]=Oop [192]=Oop [296]=Oop }
                      ;*synchronization entry
                      ; - org.eclipse.e4.core.internal.contexts.ContextObjectSupplier::pauseRecording@-1 (line 214)
                      ; - org.eclipse.e4.core.internal.di.MethodRequestor::execute@49 (line 51)
  0x0000020ceeb94ed8: 2447 0e07 | e977 e6ff 

  0x0000020ceeb94ee0: ;   {metadata({method} {0x0000020cc8804080} 'pauseRecording' '()V' in 'org/eclipse/e4/core/internal/contexts/ContextObjectSupplier')}
  0x0000020ceeb94ee0: ff49 ba78 | 4080 c80c | 0200 004c | 8954 2408 | 48c7 0424 | ffff ffff 

  0x0000020ceeb94ef8: ;   {runtime_call counter_overflow Runtime1 stub}
  0x0000020ceeb94ef8: e803 680e 

  0x0000020ceeb94efc: ; ImmutableOopMap {rdi=Oop [184]=Oop [192]=Oop [296]=Oop }
                      ;*synchronization entry
                      ; - org.eclipse.e4.core.internal.contexts.ContextObjectSupplier::pauseRecording@-1 (line 214)
                      ; - org.eclipse.e4.core.internal.di.MethodRequestor::execute@49 (line 51)
  0x0000020ceeb94efc: 07e9 7ce6 

  0x0000020ceeb94f00: ;   {metadata({method} {0x0000020cc87c74e0} 'getCalculatedComputations' '()Ljava/util/Stack;' in 'org/eclipse/e4/core/internal/contexts/EclipseContext')}
  0x0000020ceeb94f00: ffff 49ba | d874 7cc8 | 0c02 0000 | 4c89 5424 | 0848 c704 | 24ff ffff 

  0x0000020ceeb94f18: ;   {runtime_call counter_overflow Runtime1 stub}
  0x0000020ceeb94f18: ffe8 e267 

  0x0000020ceeb94f1c: ; ImmutableOopMap {[184]=Oop [192]=Oop [296]=Oop }
                      ;*synchronization entry
                      ; - org.eclipse.e4.core.internal.contexts.EclipseContext::getCalculatedComputations@-1 (line 734)
                      ; - org.eclipse.e4.core.internal.contexts.ContextObjectSupplier::pauseRecording@0 (line 214)
                      ; - org.eclipse.e4.core.internal.di.MethodRequestor::execute@49 (line 51)
  0x0000020ceeb94f1c: 0e07 e994 

  0x0000020ceeb94f20: ;   {runtime_call throw_null_pointer_exception Runtime1 stub}
  0x0000020ceeb94f20: e6ff ffe8 

  0x0000020ceeb94f24: ; ImmutableOopMap {rdi=Oop [184]=Oop [192]=Oop [296]=Oop }
                      ;*invokevirtual get {reexecute=0 rethrow=0 return_oop=0}
                      ; - org.eclipse.e4.core.internal.contexts.EclipseContext::getCalculatedComputations@3 (line 734)
                      ; - org.eclipse.e4.core.internal.contexts.ContextObjectSupplier::pauseRecording@0 (line 214)
                      ; - org.eclipse.e4.core.internal.di.MethodRequestor::execute@49 (line 51)
  0x0000020ceeb94f24: d807 0e07 | 4889 0424 

  0x0000020ceeb94f2c: ;   {runtime_call throw_class_cast_exception Runtime1 stub}
  0x0000020ceeb94f2c: e8cf 350e 

  0x0000020ceeb94f30: ; ImmutableOopMap {[184]=Oop [192]=Oop [296]=Oop }
                      ;*checkcast {reexecute=0 rethrow=0 return_oop=0}
                      ; - org.eclipse.e4.core.internal.contexts.EclipseContext::getCalculatedComputations@6 (line 734)
                      ; - org.eclipse.e4.core.internal.contexts.ContextObjectSupplier::pauseRecording@0 (line 214)
                      ; - org.eclipse.e4.core.internal.di.MethodRequestor::execute@49 (line 51)
  0x0000020ceeb94f30: 0748 8bd2 

  0x0000020ceeb94f34: ;   {runtime_call fast_new_instance Runtime1 stub}
  0x0000020ceeb94f34: e847 150e 

  0x0000020ceeb94f38: ; ImmutableOopMap {[184]=Oop [192]=Oop [296]=Oop }
                      ;*new {reexecute=0 rethrow=0 return_oop=0}
                      ; - org.eclipse.e4.core.internal.contexts.EclipseContext::getCalculatedComputations@14 (line 736)
                      ; - org.eclipse.e4.core.internal.contexts.ContextObjectSupplier::pauseRecording@0 (line 214)
                      ; - org.eclipse.e4.core.internal.di.MethodRequestor::execute@49 (line 51)
  0x0000020ceeb94f38: 07e9 abe8 

  0x0000020ceeb94f3c: ;   {metadata({method} {0x0000020cc7936738} '<init>' '()V' in 'java/util/Stack')}
  0x0000020ceeb94f3c: ffff 49ba | 3067 93c7 | 0c02 0000 | 4c89 5424 | 0848 c704 | 24ff ffff 

  0x0000020ceeb94f54: ;   {runtime_call counter_overflow Runtime1 stub}
  0x0000020ceeb94f54: ffe8 a667 

  0x0000020ceeb94f58: ; ImmutableOopMap {rax=Oop [184]=Oop [192]=Oop [296]=Oop }
                      ;*synchronization entry
                      ; - java.util.Stack::<init>@-1
                      ; - org.eclipse.e4.core.internal.contexts.EclipseContext::getCalculatedComputations@18 (line 736)
                      ; - org.eclipse.e4.core.internal.contexts.ContextObjectSupplier::pauseRecording@0 (line 214)
                      ; - org.eclipse.e4.core.internal.di.MethodRequestor::execute@49 (line 51)
  0x0000020ceeb94f58: 0e07 e9cb 

  0x0000020ceeb94f5c: ;   {metadata({method} {0x0000020cc71923e0} '<init>' '()V' in 'java/util/Vector')}
  0x0000020ceeb94f5c: e8ff ff49 | bad8 2319 | c70c 0200 | 004c 8954 | 2408 48c7 | 0424 ffff 

  0x0000020ceeb94f74: ;   {runtime_call counter_overflow Runtime1 stub}
  0x0000020ceeb94f74: ffff e885 

  0x0000020ceeb94f78: ; ImmutableOopMap {rax=Oop [184]=Oop [192]=Oop [296]=Oop }
                      ;*synchronization entry
                      ; - java.util.Vector::<init>@-1
                      ; - java.util.Stack::<init>@1
                      ; - org.eclipse.e4.core.internal.contexts.EclipseContext::getCalculatedComputations@18 (line 736)
                      ; - org.eclipse.e4.core.internal.contexts.ContextObjectSupplier::pauseRecording@0 (line 214)
                      ; - org.eclipse.e4.core.internal.di.MethodRequestor::execute@49 (line 51)
  0x0000020ceeb94f78: 670e 07e9 | ebe8 ffff 

  0x0000020ceeb94f80: ;   {metadata({method} {0x0000020cc7192348} '<init>' '(I)V' in 'java/util/Vector')}
  0x0000020ceeb94f80: 49ba 4023 | 19c7 0c02 | 0000 4c89 | 5424 0848 | c704 24ff 

  0x0000020ceeb94f94: ;   {runtime_call counter_overflow Runtime1 stub}
  0x0000020ceeb94f94: ffff ffe8 

  0x0000020ceeb94f98: ; ImmutableOopMap {rax=Oop [184]=Oop [192]=Oop [296]=Oop }
                      ;*synchronization entry
                      ; - java.util.Vector::<init>@-1
                      ; - java.util.Vector::<init>@3
                      ; - java.util.Stack::<init>@1
                      ; - org.eclipse.e4.core.internal.contexts.EclipseContext::getCalculatedComputations@18 (line 736)
                      ; - org.eclipse.e4.core.internal.contexts.ContextObjectSupplier::pauseRecording@0 (line 214)
                      ; - org.eclipse.e4.core.internal.di.MethodRequestor::execute@49 (line 51)
  0x0000020ceeb94f98: 6467 0e07 | e90b e9ff 

  0x0000020ceeb94fa0: ;   {runtime_call throw_null_pointer_exception Runtime1 stub}
  0x0000020ceeb94fa0: ffe8 5a07 

  0x0000020ceeb94fa4: ; ImmutableOopMap {rdx=Oop [184]=Oop [192]=Oop [200]=Oop [296]=Oop }
                      ;*invokevirtual set {reexecute=0 rethrow=0 return_oop=0}
                      ; - org.eclipse.e4.core.internal.contexts.EclipseContext::getCalculatedComputations@26 (line 737)
                      ; - org.eclipse.e4.core.internal.contexts.ContextObjectSupplier::pauseRecording@0 (line 214)
                      ; - org.eclipse.e4.core.internal.di.MethodRequestor::execute@49 (line 51)
                      ;   {runtime_call throw_null_pointer_exception Runtime1 stub}
  0x0000020ceeb94fa4: 0e07 e855 

  0x0000020ceeb94fa8: ; ImmutableOopMap {rdx=Oop [184]=Oop [192]=Oop [296]=Oop }
                      ;*invokevirtual push {reexecute=0 rethrow=0 return_oop=0}
                      ; - org.eclipse.e4.core.internal.contexts.ContextObjectSupplier::pauseRecording@6 (line 215)
                      ; - org.eclipse.e4.core.internal.di.MethodRequestor::execute@49 (line 51)
                      ;   {metadata({method} {0x0000020cc79367d8} 'push' '(Ljava/lang/Object;)Ljava/lang/Object;' in 'java/util/Stack')}
  0x0000020ceeb94fa8: 070e 0749 | bad0 6793 | c70c 0200 | 004c 8954 | 2408 48c7 | 0424 ffff 

  0x0000020ceeb94fc0: ;   {runtime_call counter_overflow Runtime1 stub}
  0x0000020ceeb94fc0: ffff e839 

  0x0000020ceeb94fc4: ; ImmutableOopMap {rdx=Oop [184]=Oop [192]=Oop [296]=Oop }
                      ;*synchronization entry
                      ; - java.util.Stack::push@-1
                      ; - org.eclipse.e4.core.internal.contexts.ContextObjectSupplier::pauseRecording@6 (line 215)
                      ; - org.eclipse.e4.core.internal.di.MethodRequestor::execute@49 (line 51)
  0x0000020ceeb94fc4: 670e 07e9 | 34ea ffff | 4889 5424 | 084c 8904 

  0x0000020ceeb94fd4: ;   {runtime_call monitorenter_nofpu Runtime1 stub}
  0x0000020ceeb94fd4: 24e8 2646 

  0x0000020ceeb94fd8: ; ImmutableOopMap {rdx=Oop [184]=Oop [192]=Oop [296]=Oop [312]=Oop }
                      ;*synchronization entry
                      ; - java.util.Vector::addElement@-1
                      ; - java.util.Stack::push@2
                      ; - org.eclipse.e4.core.internal.contexts.ContextObjectSupplier::pauseRecording@6 (line 215)
                      ; - org.eclipse.e4.core.internal.di.MethodRequestor::execute@49 (line 51)
  0x0000020ceeb94fd8: 0e07 e9ee 

  0x0000020ceeb94fdc: ;   {metadata({method} {0x0000020cc71935e0} 'addElement' '(Ljava/lang/Object;)V' in 'java/util/Vector')}
  0x0000020ceeb94fdc: eaff ff49 | bad8 3519 | c70c 0200 | 004c 8954 | 2408 48c7 | 0424 ffff 

  0x0000020ceeb94ff4: ;   {runtime_call counter_overflow Runtime1 stub}
  0x0000020ceeb94ff4: ffff e805 

  0x0000020ceeb94ff8: ; ImmutableOopMap {rdx=Oop [184]=Oop [192]=Oop [296]=Oop [312]=Oop }
                      ;*synchronization entry
                      ; - java.util.Vector::addElement@-1
                      ; - java.util.Stack::push@2
                      ; - org.eclipse.e4.core.internal.contexts.ContextObjectSupplier::pauseRecording@6 (line 215)
                      ; - org.eclipse.e4.core.internal.di.MethodRequestor::execute@49 (line 51)
  0x0000020ceeb94ff8: 670e 07e9 | f6ea ffff 

  0x0000020ceeb95000: ;   {metadata({method} {0x0000020cc7193d40} 'add' '(Ljava/lang/Object;[Ljava/lang/Object;I)V' in 'java/util/Vector')}
  0x0000020ceeb95000: 49ba 383d | 19c7 0c02 | 0000 4c89 | 5424 0848 | c704 24ff 

  0x0000020ceeb95014: ;   {runtime_call counter_overflow Runtime1 stub}
  0x0000020ceeb95014: ffff ffe8 

  0x0000020ceeb95018: ; ImmutableOopMap {rdx=Oop r8=Oop [184]=Oop [192]=Oop [296]=Oop [312]=Oop }
                      ;*synchronization entry
                      ; - java.util.Vector::add@-1
                      ; - java.util.Vector::addElement@20
                      ; - java.util.Stack::push@2
                      ; - org.eclipse.e4.core.internal.contexts.ContextObjectSupplier::pauseRecording@6 (line 215)
                      ; - org.eclipse.e4.core.internal.di.MethodRequestor::execute@49 (line 51)
  0x0000020ceeb95018: e466 0e07 | e927 ebff 

  0x0000020ceeb95020: ;   {runtime_call throw_null_pointer_exception Runtime1 stub}
  0x0000020ceeb95020: ffe8 da06 

  0x0000020ceeb95024: ; ImmutableOopMap {rdx=Oop r8=Oop [184]=Oop [192]=Oop [296]=Oop [312]=Oop }
                      ;*arraylength {reexecute=0 rethrow=0 return_oop=0}
                      ; - java.util.Vector::add@2
                      ; - java.util.Vector::addElement@20
                      ; - java.util.Stack::push@2
                      ; - org.eclipse.e4.core.internal.contexts.ContextObjectSupplier::pauseRecording@6 (line 215)
                      ; - org.eclipse.e4.core.internal.di.MethodRequestor::execute@49 (line 51)
                      ;   {metadata({method} {0x0000020cc7192878} 'grow' '()[Ljava/lang/Object;' in 'java/util/Vector')}
  0x0000020ceeb95024: 0e07 49ba | 7028 19c7 | 0c02 0000 | 4c89 5424 | 0848 c704 | 24ff ffff 

  0x0000020ceeb9503c: ;   {runtime_call counter_overflow Runtime1 stub}
  0x0000020ceeb9503c: ffe8 be66 

  0x0000020ceeb95040: ; ImmutableOopMap {rdx=Oop [184]=Oop [192]=Oop [296]=Oop [312]=Oop }
                      ;*synchronization entry
                      ; - java.util.Vector::grow@-1
                      ; - java.util.Vector::add@7
                      ; - java.util.Vector::addElement@20
                      ; - java.util.Stack::push@2
                      ; - org.eclipse.e4.core.internal.contexts.ContextObjectSupplier::pauseRecording@6 (line 215)
                      ; - org.eclipse.e4.core.internal.di.MethodRequestor::execute@49 (line 51)
  0x0000020ceeb95040: 0e07 e971 

  0x0000020ceeb95044: ;   {runtime_call throw_null_pointer_exception Runtime1 stub}
  0x0000020ceeb95044: ebff ffe8 

  0x0000020ceeb95048: ; ImmutableOopMap {r8=Oop rdx=Oop rax=Oop [184]=Oop [192]=Oop [296]=Oop [312]=Oop }
                      ;*aastore {reexecute=1 rethrow=0 return_oop=0}
                      ; - (reexecute) java.util.Vector::add@14
                      ; - java.util.Vector::addElement@20
                      ; - java.util.Stack::push@2
                      ; - org.eclipse.e4.core.internal.contexts.ContextObjectSupplier::pauseRecording@6 (line 215)
                      ; - org.eclipse.e4.core.internal.di.MethodRequestor::execute@49 (line 51)
  0x0000020ceeb95048: b406 0e07 

  0x0000020ceeb9504c: ;   {runtime_call throw_null_pointer_exception Runtime1 stub}
  0x0000020ceeb9504c: e8af 060e 

  0x0000020ceeb95050: ; ImmutableOopMap {r8=Oop rdx=Oop rax=Oop [184]=Oop [192]=Oop [296]=Oop [312]=Oop }
                      ;*aastore {reexecute=1 rethrow=0 return_oop=0}
                      ; - (reexecute) java.util.Vector::add@14
                      ; - java.util.Vector::addElement@20
                      ; - java.util.Stack::push@2
                      ; - org.eclipse.e4.core.internal.contexts.ContextObjectSupplier::pauseRecording@6 (line 215)
                      ; - org.eclipse.e4.core.internal.di.MethodRequestor::execute@49 (line 51)
  0x0000020ceeb95050: 0748 8934 | 244c 8944 

  0x0000020ceeb95058: ;   {runtime_call throw_range_check_failed Runtime1 stub}
  0x0000020ceeb95058: 2408 e8a1 

  0x0000020ceeb9505c: ; ImmutableOopMap {r8=Oop rdx=Oop rax=Oop [184]=Oop [192]=Oop [296]=Oop [312]=Oop }
                      ;*aastore {reexecute=1 rethrow=0 return_oop=0}
                      ; - (reexecute) java.util.Vector::add@14
                      ; - java.util.Vector::addElement@20
                      ; - java.util.Stack::push@2
                      ; - org.eclipse.e4.core.internal.contexts.ContextObjectSupplier::pauseRecording@6 (line 215)
                      ; - org.eclipse.e4.core.internal.di.MethodRequestor::execute@49 (line 51)
                      ;   {runtime_call throw_null_pointer_exception Runtime1 stub}
  0x0000020ceeb9505c: fd0d 07e8 

  0x0000020ceeb95060: ; ImmutableOopMap {r8=Oop rdx=Oop rax=Oop [184]=Oop [192]=Oop [296]=Oop [312]=Oop }
                      ;*aastore {reexecute=1 rethrow=0 return_oop=0}
                      ; - (reexecute) java.util.Vector::add@14
                      ; - java.util.Vector::addElement@20
                      ; - java.util.Stack::push@2
                      ; - org.eclipse.e4.core.internal.contexts.ContextObjectSupplier::pauseRecording@6 (line 215)
                      ; - org.eclipse.e4.core.internal.di.MethodRequestor::execute@49 (line 51)
  0x0000020ceeb95060: 9c06 0e07 | 4889 0424 

  0x0000020ceeb95068: ;   {runtime_call throw_array_store_exception Runtime1 stub}
  0x0000020ceeb95068: e893 310e 

  0x0000020ceeb9506c: ; ImmutableOopMap {r8=Oop rdx=Oop rax=Oop [184]=Oop [192]=Oop [296]=Oop [312]=Oop }
                      ;*aastore {reexecute=1 rethrow=0 return_oop=0}
                      ; - (reexecute) java.util.Vector::add@14
                      ; - java.util.Vector::addElement@20
                      ; - java.util.Stack::push@2
                      ; - org.eclipse.e4.core.internal.contexts.ContextObjectSupplier::pauseRecording@6 (line 215)
                      ; - org.eclipse.e4.core.internal.di.MethodRequestor::execute@49 (line 51)
  0x0000020ceeb9506c: 078b 1f48 | c1e3 0348 | 83fb 000f | 84ce ecff | ff48 891c 

  0x0000020ceeb95080: ;   {runtime_call g1_pre_barrier_slow}
  0x0000020ceeb95080: 24e8 7a6c | 0e07 e9c0 | ecff ff48 | 83f8 000f | 84d4 ecff | ff48 893c 

  0x0000020ceeb95098: ;   {runtime_call g1_post_barrier_slow}
  0x0000020ceeb95098: 24e8 626f | 0e07 e9c6 | ecff ff48 | 8d84 2430 | 0100 0048 

  0x0000020ceeb950ac: ;   {runtime_call monitorexit_nofpu Runtime1 stub}
  0x0000020ceeb950ac: 8904 24e8 | 4c4b 0e07 | e9df ecff | ff48 8d84 | 2420 0100 | 0048 8904 

  0x0000020ceeb950c4: ;   {runtime_call monitorexit_nofpu Runtime1 stub}
  0x0000020ceeb950c4: 24e8 364b | 0e07 e9f3 | ecff ff48 

  0x0000020ceeb950d0: ;   {runtime_call throw_class_cast_exception Runtime1 stub}
  0x0000020ceeb950d0: 8934 24e8 

  0x0000020ceeb950d4: ; ImmutableOopMap {rdx=Oop [184]=Oop [192]=Oop }
                      ;*checkcast {reexecute=0 rethrow=0 return_oop=0}
                      ; - org.eclipse.e4.core.internal.di.MethodRequestor::execute@58 (line 55)
  0x0000020ceeb950d4: 2834 0e07 

  0x0000020ceeb950d8: ;   {runtime_call throw_null_pointer_exception Runtime1 stub}
  0x0000020ceeb950d8: e823 060e 

  0x0000020ceeb950dc: ; ImmutableOopMap {rdx=Oop rsi=Oop [184]=Oop [192]=Oop }
                      ;*invokevirtual trySetAccessible {reexecute=0 rethrow=0 return_oop=0}
                      ; - org.eclipse.e4.core.internal.di.MethodRequestor::execute@61 (line 55)
  0x0000020ceeb950dc: 0748 8934 

  0x0000020ceeb950e0: ;   {runtime_call throw_class_cast_exception Runtime1 stub}
  0x0000020ceeb950e0: 24e8 1a34 

  0x0000020ceeb950e4: ; ImmutableOopMap {rdx=Oop [184]=Oop [192]=Oop }
                      ;*checkcast {reexecute=0 rethrow=0 return_oop=0}
                      ; - org.eclipse.e4.core.internal.di.MethodRequestor::execute@69 (line 56)
                      ;   {runtime_call throw_null_pointer_exception Runtime1 stub}
  0x0000020ceeb950e4: 0e07 e815 

  0x0000020ceeb950e8: ; ImmutableOopMap {rdx=Oop rsi=Oop rdi=Oop [184]=Oop [192]=Oop [224]=Oop }
                      ;*invokevirtual invoke {reexecute=0 rethrow=0 return_oop=0}
                      ; - org.eclipse.e4.core.internal.di.MethodRequestor::execute@77 (line 56)
                      ;   {metadata({method} {0x0000020c86043cd8} 'invoke' '(Ljava/lang/Object;[Ljava/lang/Object;)Ljava/lang/Object;' in 'java/lang/reflect/Method')}
  0x0000020ceeb950e8: 060e 0749 | bad0 3c04 | 860c 0200 | 004c 8954 | 2408 48c7 | 0424 ffff 

  0x0000020ceeb95100: ;   {runtime_call counter_overflow Runtime1 stub}
  0x0000020ceeb95100: ffff e8f9 

  0x0000020ceeb95104: ; ImmutableOopMap {rdx=Oop rsi=Oop rdi=Oop [184]=Oop [192]=Oop [224]=Oop }
                      ;*synchronization entry
                      ; - java.lang.reflect.Method::invoke@-1
                      ; - org.eclipse.e4.core.internal.di.MethodRequestor::execute@77 (line 56)
  0x0000020ceeb95104: 650e 07e9 | 23ef ffff 

  0x0000020ceeb9510c: ;   {metadata({method} {0x0000020c863dc098} 'isStatic' '(I)Z' in 'java/lang/reflect/Modifier')}
  0x0000020ceeb9510c: 49ba 90c0 | 3d86 0c02 | 0000 4c89 | 5424 0848 | c704 24ff 

  0x0000020ceeb95120: ;   {runtime_call counter_overflow Runtime1 stub}
  0x0000020ceeb95120: ffff ffe8 

  0x0000020ceeb95124: ; ImmutableOopMap {rbx=Oop rsi=Oop r9=Oop [184]=Oop [192]=Oop [224]=Oop [232]=Oop }
                      ;*synchronization entry
                      ; - java.lang.reflect.Modifier::isStatic@-1
                      ; - java.lang.reflect.Method::invoke@42
                      ; - org.eclipse.e4.core.internal.di.MethodRequestor::execute@77 (line 56)
  0x0000020ceeb95124: d865 0e07 | e969 f0ff 

  0x0000020ceeb9512c: ;   {runtime_call throw_null_pointer_exception Runtime1 stub}
  0x0000020ceeb9512c: ffe8 ce05 

  0x0000020ceeb95130: ; ImmutableOopMap {rbx=Oop rsi=Oop r9=Oop rax=Oop [184]=Oop [224]=Oop [232]=Oop }
                      ;*invokevirtual getClass {reexecute=0 rethrow=0 return_oop=0}
                      ; - java.lang.reflect.Method::invoke@53
                      ; - org.eclipse.e4.core.internal.di.MethodRequestor::execute@77 (line 56)
                      ;   {runtime_call throw_null_pointer_exception Runtime1 stub}
  0x0000020ceeb95130: 0e07 e8c9 

  0x0000020ceeb95134: ; ImmutableOopMap {rdx=Oop rbx=Oop [184]=Oop [192]=Oop [232]=Oop }
                      ;*invokeinterface invoke {reexecute=0 rethrow=0 return_oop=0}
                      ; - java.lang.reflect.Method::invoke@90
                      ; - org.eclipse.e4.core.internal.di.MethodRequestor::execute@77 (line 56)
                      ;   {runtime_call throw_null_pointer_exception Runtime1 stub}
  0x0000020ceeb95134: 050e 07e8 

  0x0000020ceeb95138: ; ImmutableOopMap {rdi=Oop rdx=Oop [184]=Oop [192]=Oop }
                      ;*invokeinterface invoke {reexecute=0 rethrow=0 return_oop=0}
                      ; - java.lang.reflect.Method::invoke@102
                      ; - org.eclipse.e4.core.internal.di.MethodRequestor::execute@77 (line 56)
  0x0000020ceeb95138: c405 0e07 

  0x0000020ceeb9513c: ;   {runtime_call throw_null_pointer_exception Runtime1 stub}
  0x0000020ceeb9513c: e8bf 050e 

  0x0000020ceeb95140: ; ImmutableOopMap {rdx=Oop rsi=Oop [184]=Oop [256]=Oop }
                      ;*invokevirtual resumeRecording {reexecute=0 rethrow=0 return_oop=0}
                      ; - org.eclipse.e4.core.internal.di.MethodRequestor::execute@167 (line 69)
                      ;   {metadata({method} {0x0000020cc8812698} 'clearResolvedArgs' '()V' in 'org/eclipse/e4/core/internal/di/Requestor')}
  0x0000020ceeb95140: 0749 ba90 | 2681 c80c | 0200 004c | 8954 2408 | 48c7 0424 | ffff ffff 

  0x0000020ceeb95158: ;   {runtime_call counter_overflow Runtime1 stub}
  0x0000020ceeb95158: e8a3 650e 

  0x0000020ceeb9515c: ; ImmutableOopMap {rdx=Oop [184]=Oop [256]=Oop }
                      ;*synchronization entry
                      ; - org.eclipse.e4.core.internal.di.Requestor::clearResolvedArgs@-1 (line 193)
                      ; - org.eclipse.e4.core.internal.di.MethodRequestor::execute@171 (line 70)
  0x0000020ceeb9515c: 07e9 fcf4 

  0x0000020ceeb95160: ;   {metadata(nullptr)}
  0x0000020ceeb95160: ffff 48ba | 0000 0000 | 0000 0000 | b800 0f05 

  0x0000020ceeb95170: ;   {runtime_call load_klass_patching Runtime1 stub}
  0x0000020ceeb95170: 0ae8 0a55 

  0x0000020ceeb95174: ; ImmutableOopMap {rbx=Oop r8=Oop [184]=Oop }
                      ;*new {reexecute=1 rethrow=0 return_oop=0}
                      ; - (reexecute) org.eclipse.e4.core.internal.di.MethodRequestor::execute@119 (line 66)
  0x0000020ceeb95174: 0e07 e9a5 

  0x0000020ceeb95178: ;   {runtime_call throw_null_pointer_exception Runtime1 stub}
  0x0000020ceeb95178: f6ff ffe8 

  0x0000020ceeb9517c: ; ImmutableOopMap {rbx=Oop r8=Oop [184]=Oop }
                      ;*new {reexecute=0 rethrow=0 return_oop=0}
                      ; - org.eclipse.e4.core.internal.di.MethodRequestor::execute@119 (line 66)
  0x0000020ceeb9517c: 8005 0e07 

  0x0000020ceeb95180: ;   {runtime_call fast_new_instance_init_check Runtime1 stub}
  0x0000020ceeb95180: 488b d2e8 

  0x0000020ceeb95184: ; ImmutableOopMap {rbx=Oop r8=Oop [184]=Oop }
                      ;*new {reexecute=0 rethrow=0 return_oop=0}
                      ; - org.eclipse.e4.core.internal.di.MethodRequestor::execute@119 (line 66)
  0x0000020ceeb95184: f815 0e07 | e9f8 f6ff | ff8b 4228 | 48c1 e003 | 4883 f800 | 0f84 6bf7 | ffff 4889 

  0x0000020ceeb951a0: ;   {runtime_call g1_pre_barrier_slow}
  0x0000020ceeb951a0: 0424 e859 | 6b0e 07e9 | 5df7 ffff 

  0x0000020ceeb951ac: ;   {internal_word}
  0x0000020ceeb951ac: 49ba 2049 | b9ee 0c02 | 0000 4d89 | 9760 0400 

  0x0000020ceeb951bc: ;   {runtime_call SafepointBlob}
  0x0000020ceeb951bc: 00e9 3e05 

  0x0000020ceeb951c0: ;   {internal_word}
  0x0000020ceeb951c0: 0207 49ba | 4049 b9ee | 0c02 0000 | 4d89 9760 

  0x0000020ceeb951d0: ;   {runtime_call SafepointBlob}
  0x0000020ceeb951d0: 0400 00e9 | 2805 0207 

  0x0000020ceeb951d8: ;   {internal_word}
  0x0000020ceeb951d8: 49ba 6049 | b9ee 0c02 | 0000 4d89 | 9760 0400 

  0x0000020ceeb951e8: ;   {runtime_call SafepointBlob}
  0x0000020ceeb951e8: 00e9 1205 | 0207 4c89 

  0x0000020ceeb951f0: ;   {runtime_call throw_class_cast_exception Runtime1 stub}
  0x0000020ceeb951f0: 0424 e809 

  0x0000020ceeb951f4: ; ImmutableOopMap {[184]=Oop }
                      ;*checkcast {reexecute=0 rethrow=0 return_oop=0}
                      ; - org.eclipse.e4.core.internal.di.MethodRequestor::execute@115 (line 64)
                      ;   {runtime_call throw_null_pointer_exception Runtime1 stub}
  0x0000020ceeb951f4: 330e 07e8 

  0x0000020ceeb951f8: ; ImmutableOopMap {rax=Oop [184]=Oop }
                      ;*athrow {reexecute=1 rethrow=0 return_oop=0}
                      ; - (reexecute) org.eclipse.e4.core.internal.di.MethodRequestor::execute@118 (line 64)
  0x0000020ceeb951f8: 0405 0e07 

  0x0000020ceeb951fc: ;   {metadata(nullptr)}
  0x0000020ceeb951fc: 48ba 0000 | 0000 0000 | 0000 b800 

  0x0000020ceeb95208: ;   {runtime_call load_klass_patching Runtime1 stub}
  0x0000020ceeb95208: 0f05 0ae8 

  0x0000020ceeb9520c: ; ImmutableOopMap {r8=Oop [184]=Oop }
                      ;*new {reexecute=1 rethrow=0 return_oop=0}
                      ; - (reexecute) org.eclipse.e4.core.internal.di.MethodRequestor::execute@86 (line 58)
  0x0000020ceeb9520c: 7054 0e07 | e9db f8ff 

  0x0000020ceeb95214: ;   {runtime_call throw_null_pointer_exception Runtime1 stub}
  0x0000020ceeb95214: ffe8 e604 

  0x0000020ceeb95218: ; ImmutableOopMap {r8=Oop [184]=Oop }
                      ;*new {reexecute=0 rethrow=0 return_oop=0}
                      ; - org.eclipse.e4.core.internal.di.MethodRequestor::execute@86 (line 58)
  0x0000020ceeb95218: 0e07 488b 

  0x0000020ceeb9521c: ;   {runtime_call fast_new_instance_init_check Runtime1 stub}
  0x0000020ceeb9521c: d2e8 5e15 

  0x0000020ceeb95220: ; ImmutableOopMap {r8=Oop [184]=Oop }
                      ;*new {reexecute=0 rethrow=0 return_oop=0}
                      ; - org.eclipse.e4.core.internal.di.MethodRequestor::execute@86 (line 58)
  0x0000020ceeb95220: 0e07 e92e 

  0x0000020ceeb95224: ;   {runtime_call throw_null_pointer_exception Runtime1 stub}
  0x0000020ceeb95224: f9ff ffe8 

  0x0000020ceeb95228: ; ImmutableOopMap {rdx=Oop rsi=Oop [184]=Oop [280]=Oop }
                      ;*invokevirtual resumeRecording {reexecute=0 rethrow=0 return_oop=0}
                      ; - org.eclipse.e4.core.internal.di.MethodRequestor::execute@149 (line 69)
  0x0000020ceeb95228: d404 0e07 

  0x0000020ceeb9522c: ;   {metadata({method} {0x0000020cc8812698} 'clearResolvedArgs' '()V' in 'org/eclipse/e4/core/internal/di/Requestor')}
  0x0000020ceeb9522c: 49ba 9026 | 81c8 0c02 | 0000 4c89 | 5424 0848 | c704 24ff 

  0x0000020ceeb95240: ;   {runtime_call counter_overflow Runtime1 stub}
  0x0000020ceeb95240: ffff ffe8 

  0x0000020ceeb95244: ; ImmutableOopMap {rdx=Oop [184]=Oop [280]=Oop }
                      ;*synchronization entry
                      ; - org.eclipse.e4.core.internal.di.Requestor::clearResolvedArgs@-1 (line 193)
                      ; - org.eclipse.e4.core.internal.di.MethodRequestor::execute@153 (line 70)
  0x0000020ceeb95244: b864 0e07 | e9b4 faff | ff8b 4628 | 48c1 e003 | 4883 f800 | 0f84 1bfb | ffff 4889 

  0x0000020ceeb95260: ;   {runtime_call g1_pre_barrier_slow}
  0x0000020ceeb95260: 0424 e899 | 6a0e 07e9 | 0dfb ffff | 488d 8424 | 3001 0000 | 4889 0424 

  0x0000020ceeb95278: ;   {runtime_call monitorexit_nofpu Runtime1 stub}
  0x0000020ceeb95278: e883 490e | 07e9 5bfb | ffff 488d | 8424 2001 | 0000 4889 

  0x0000020ceeb9528c: ;   {runtime_call monitorexit_nofpu Runtime1 stub}
  0x0000020ceeb9528c: 0424 e86d | 490e 07e9 | a0fb ffff | 488b bc24 | c000 0000 | e9e8 faff | ff8b bc24 | d400 0000 
  0x0000020ceeb952ac: e9e9 f3ff | ff8b bc24 | d400 0000 | e9df f8ff | ff8b bc24 | d400 0000 | e9d1 f3ff | ff8b bc24 
  0x0000020ceeb952cc: d400 0000 | e9c7 f8ff | ff8b bc24 | d400 0000 | e9b9 f3ff | ff8b bc24 | d400 0000 | e9af f8ff 
  0x0000020ceeb952ec: ff8b bc24 | d400 0000 | e9a1 f3ff | ff8b bc24 | d400 0000 | e997 f8ff | ff8b bc24 | d400 0000 
  0x0000020ceeb9530c: e989 f3ff | ff8b bc24 | d400 0000 | e97f f8ff | ff8b bc24 | d400 0000 | e971 f3ff | ff8b bc24 
  0x0000020ceeb9532c: d400 0000 | e967 f8ff | ff8b bc24 | d400 0000 | e959 f3ff | ff8b bc24 | d400 0000 | e94f f8ff 
  0x0000020ceeb9534c: ff8b bc24 | d400 0000 | e943 f8ff | ff8b bc24 | d400 0000 | e937 f8ff | ff8b bc24 | d400 0000 
  0x0000020ceeb9536c: e92b f8ff | ff8b bc24 | d400 0000 | e91f f8ff | ff8b bc24 | d400 0000 | e913 f8ff | ff48 8bbc 
  0x0000020ceeb9538c: ;   {no_reloc}
  0x0000020ceeb9538c: 24c0 0000 | 00e9 f7f9 | ffff 488b | bc24 c000 | 0000 e9ea | f9ff ff48 | 8bbc 24c0 | 0000 00e9 
  0x0000020ceeb953ac: ddf9 ffff | 488b bc24 | c000 0000 | e9d0 f9ff | ff8b bc24 | d400 0000 | e9d1 f2ff | ff8b bc24 
  0x0000020ceeb953cc: d400 0000 | e9c7 f7ff | ff8b bc24 | d400 0000 | e9b9 f2ff | ff8b bc24 | d400 0000 | e9af f7ff 
  0x0000020ceeb953ec: ff8b bc24 | d400 0000 | e9a1 f2ff | ff8b bc24 | d400 0000 | e997 f7ff | ff8b bc24 | d400 0000 
  0x0000020ceeb9540c: e989 f2ff | ff8b bc24 | d400 0000 | e97f f7ff | ff8b bc24 | d400 0000 | e971 f2ff | ff8b bc24 
  0x0000020ceeb9542c: d400 0000 | e967 f7ff | ff8b bc24 | d400 0000 | e959 f2ff | ff8b bc24 | d400 0000 | e94f f7ff 
  0x0000020ceeb9544c: ff8b bc24 | d400 0000 | e941 f2ff | ff8b bc24 | d400 0000 | e937 f7ff | ff8b bc24 | d400 0000 
  0x0000020ceeb9546c: e92b f7ff | ff8b bc24 | d400 0000 | e91f f7ff | ff8b bc24 | d400 0000 | e913 f7ff | ff8b bc24 
  0x0000020ceeb9548c: ;   {no_reloc}
  0x0000020ceeb9548c: d400 0000 | e907 f7ff | ff8b bc24 | d400 0000 | e9fb f6ff | ff8b bc24 | d400 0000 | e9ef f6ff 
  0x0000020ceeb954ac: ff49 8b87 | f804 0000 | 49c7 87f8 | 0400 0000 | 0000 0049 | c787 0005 | 0000 0000 | 0000 4881 
  0x0000020ceeb954cc: c450 0100 

  0x0000020ceeb954d0: ;   {runtime_call unwind_exception Runtime1 stub}
  0x0000020ceeb954d0: 005d e929 | f30d 07f4 
[Stub Code]
  0x0000020ceeb954d8: ;   {no_reloc}
  0x0000020ceeb954d8: 0f1f 4400 

  0x0000020ceeb954dc: ;   {static_stub}
  0x0000020ceeb954dc: 0048 bb00 | 0000 0000 

  0x0000020ceeb954e4: ;   {runtime_call nmethod}
  0x0000020ceeb954e4: 0000 00e9 | fbff ffff 

  0x0000020ceeb954ec: ;   {static_stub}
  0x0000020ceeb954ec: 9048 bb00 | 0000 0000 

  0x0000020ceeb954f4: ;   {runtime_call nmethod}
  0x0000020ceeb954f4: 0000 00e9 | fbff ffff 

  0x0000020ceeb954fc: ;   {static_stub}
  0x0000020ceeb954fc: 9048 bb00 | 0000 0000 

  0x0000020ceeb95504: ;   {runtime_call nmethod}
  0x0000020ceeb95504: 0000 00e9 | fbff ffff 

  0x0000020ceeb9550c: ;   {static_stub}
  0x0000020ceeb9550c: 9048 bb00 | 0000 0000 

  0x0000020ceeb95514: ;   {runtime_call nmethod}
  0x0000020ceeb95514: 0000 00e9 | fbff ffff 

  0x0000020ceeb9551c: ;   {static_stub}
  0x0000020ceeb9551c: 9048 bb00 | 0000 0000 

  0x0000020ceeb95524: ;   {runtime_call nmethod}
  0x0000020ceeb95524: 0000 00e9 | fbff ffff 

  0x0000020ceeb9552c: ;   {static_stub}
  0x0000020ceeb9552c: 9048 bb00 | 0000 0000 

  0x0000020ceeb95534: ;   {runtime_call nmethod}
  0x0000020ceeb95534: 0000 00e9 | fbff ffff 

  0x0000020ceeb9553c: ;   {static_stub}
  0x0000020ceeb9553c: 9048 bb00 | 0000 0000 

  0x0000020ceeb95544: ;   {runtime_call nmethod}
  0x0000020ceeb95544: 0000 00e9 | fbff ffff 

  0x0000020ceeb9554c: ;   {static_stub}
  0x0000020ceeb9554c: 9048 bb00 | 0000 0000 

  0x0000020ceeb95554: ;   {runtime_call nmethod}
  0x0000020ceeb95554: 0000 00e9 | fbff ffff 

  0x0000020ceeb9555c: ;   {static_stub}
  0x0000020ceeb9555c: 9048 bb00 | 0000 0000 

  0x0000020ceeb95564: ;   {runtime_call nmethod}
  0x0000020ceeb95564: 0000 00e9 | fbff ffff 

  0x0000020ceeb9556c: ;   {static_stub}
  0x0000020ceeb9556c: 9048 bb00 | 0000 0000 

  0x0000020ceeb95574: ;   {runtime_call nmethod}
  0x0000020ceeb95574: 0000 00e9 | fbff ffff 

  0x0000020ceeb9557c: ;   {static_stub}
  0x0000020ceeb9557c: 48bb 0000 | 0000 0000 

  0x0000020ceeb95584: ;   {runtime_call nmethod}
  0x0000020ceeb95584: 0000 e9fb 

  0x0000020ceeb95588: ;   {static_stub}
  0x0000020ceeb95588: ffff ff48 | bb00 0000 | 0000 0000 

  0x0000020ceeb95594: ;   {runtime_call nmethod}
  0x0000020ceeb95594: 00e9 fbff 

  0x0000020ceeb95598: ;   {static_stub}
  0x0000020ceeb95598: ffff 48bb | 0000 0000 | 0000 0000 

  0x0000020ceeb955a4: ;   {runtime_call nmethod}
  0x0000020ceeb955a4: e9fb ffff 

  0x0000020ceeb955a8: ;   {static_stub}
  0x0000020ceeb955a8: ff48 bb00 | 0000 0000 

  0x0000020ceeb955b0: ;   {runtime_call nmethod}
  0x0000020ceeb955b0: 0000 00e9 | fbff ffff 

  0x0000020ceeb955b8: ;   {static_stub}
  0x0000020ceeb955b8: 48bb 0000 | 0000 0000 

  0x0000020ceeb955c0: ;   {runtime_call nmethod}
  0x0000020ceeb955c0: 0000 e9fb 

  0x0000020ceeb955c4: ;   {static_stub}
  0x0000020ceeb955c4: ffff ff48 | bb00 0000 | 0000 0000 

  0x0000020ceeb955d0: ;   {runtime_call nmethod}
  0x0000020ceeb955d0: 00e9 fbff 

  0x0000020ceeb955d4: ;   {static_stub}
  0x0000020ceeb955d4: ffff 48bb | 4841 0486 | 0c02 0000 

  0x0000020ceeb955e0: ;   {runtime_call I2C/C2I adapters}
  0x0000020ceeb955e0: e97e de01 

  0x0000020ceeb955e4: ;   {static_stub}
  0x0000020ceeb955e4: 0748 bb00 | 0000 0000 

  0x0000020ceeb955ec: ;   {runtime_call nmethod}
  0x0000020ceeb955ec: 0000 00e9 | fbff ffff 
[Exception Handler]
  0x0000020ceeb955f4: ;   {runtime_call handle_exception_from_callee Runtime1 stub}
  0x0000020ceeb955f4: e807 290e 

  0x0000020ceeb955f8: ;   {external_word}
  0x0000020ceeb955f8: 0748 b990 | 7ff5 9df8 | 7f00 0048 

  0x0000020ceeb95604: ;   {runtime_call}
  0x0000020ceeb95604: 83e4 f048 | b8e0 44b8 | 9df8 7f00 | 00ff d0f4 
[Deopt Handler Code]
  0x0000020ceeb95614: ;   {section_word}
  0x0000020ceeb95614: 49ba 1456 | b9ee 0c02 | 0000 4152 

  0x0000020ceeb95620: ;   {runtime_call DeoptimizationBlob}
  0x0000020ceeb95620: e97b f301 | 07f4 f4f4 
[/MachCode]


Compiled method (c1) 13886 10154       3       org.eclipse.e4.core.internal.di.InjectorImpl::processAnnotated (417 bytes)
 total in heap  [0x0000020ceee70810,0x0000020ceee71f88] = 6008
 relocation     [0x0000020ceee70970,0x0000020ceee70b00] = 400
 main code      [0x0000020ceee70b00,0x0000020ceee717e0] = 3296
 stub code      [0x0000020ceee717e0,0x0000020ceee718f0] = 272
 oops           [0x0000020ceee718f0,0x0000020ceee718f8] = 8
 metadata       [0x0000020ceee718f8,0x0000020ceee71928] = 48
 scopes data    [0x0000020ceee71928,0x0000020ceee71d10] = 1000
 scopes pcs     [0x0000020ceee71d10,0x0000020ceee71f40] = 560
 dependencies   [0x0000020ceee71f40,0x0000020ceee71f48] = 8
 nul chk table  [0x0000020ceee71f48,0x0000020ceee71f88] = 64

[Constant Pool (empty)]

[MachCode]
[Entry Point]
  # {method} {0x0000020cc88102d0} 'processAnnotated' '(Lorg/eclipse/e4/core/internal/di/AnnotationLookup$AnnotationProxy;Ljava/lang/Object;Ljava/lang/Class;Lorg/eclipse/e4/core/di/suppliers/PrimaryObjectSupplier;Lorg/eclipse/e4/core/di/suppliers/PrimaryObjectSupplier;Ljava/util/List;)V' in 'org/eclipse/e4/core/internal/di/InjectorImpl'
  # this:     rdx:rdx   = 'org/eclipse/e4/core/internal/di/InjectorImpl'
  # parm0:    r8:r8     = 'org/eclipse/e4/core/internal/di/AnnotationLookup$AnnotationProxy'
  # parm1:    r9:r9     = 'java/lang/Object'
  # parm2:    rdi:rdi   = 'java/lang/Class'
  # parm3:    rsi:rsi   = 'org/eclipse/e4/core/di/suppliers/PrimaryObjectSupplier'
  # parm4:    rcx:rcx   = 'org/eclipse/e4/core/di/suppliers/PrimaryObjectSupplier'
  # parm5:    [sp+0xf0]   = 'java/util/List'  (sp of caller)
  0x0000020ceee70b00: 448b 5208 | 49bb 0000 | 0086 0c02 | 0000 4d03 | d34c 3bd0 

  0x0000020ceee70b14: ;   {runtime_call ic_miss_stub}
  0x0000020ceee70b14: 0f85 66dc | d306 660f | 1f44 0000 
[Verified Entry Point]
  0x0000020ceee70b20: 8984 2400 | 80ff ff55 | 4881 ece0 | 0000 0090 | 4181 7f20 | 0800 0000 

  0x0000020ceee70b38: ;   {runtime_call StubRoutines (final stubs)}
  0x0000020ceee70b38: 7405 e821 | 42d2 0648 | 8954 2470 | 4c89 4424 | 784c 898c | 2480 0000 | 0048 89b4 | 2488 0000 
  0x0000020ceee70b58: 0048 898c | 2490 0000 

  0x0000020ceee70b60: ;   {metadata(method data for {method} {0x0000020cc88102d0} 'processAnnotated' '(Lorg/eclipse/e4/core/internal/di/AnnotationLookup$AnnotationProxy;Ljava/lang/Object;Ljava/lang/Class;Lorg/eclipse/e4/core/di/suppliers/PrimaryObjectSupplier;Lorg/eclipse/e4/core/di/suppliers/PrimaryObjectSupplier;Ljava/util/List;)V' in 'org/eclipse/e4/core/internal/di/InjectorImpl')}
  0x0000020ceee70b60: 0048 bba0 | 1f73 c90c | 0200 008b | 83cc 0000 | 0083 c002 | 8983 cc00 | 0000 25fe | 0700 0085 
  0x0000020ceee70b80: c00f 84c2 | 0a00 0048 | 3b07 488b 

  0x0000020ceee70b8c: ;   {metadata(method data for {method} {0x0000020cc88102d0} 'processAnnotated' '(Lorg/eclipse/e4/core/internal/di/AnnotationLookup$AnnotationProxy;Ljava/lang/Object;Ljava/lang/Class;Lorg/eclipse/e4/core/di/suppliers/PrimaryObjectSupplier;Lorg/eclipse/e4/core/di/suppliers/PrimaryObjectSupplier;Ljava/util/List;)V' in 'org/eclipse/e4/core/internal/di/InjectorImpl')}
  0x0000020ceee70b8c: df48 b8a0 | 1f73 c90c | 0200 0048 | 8380 1001 | 0000 0148 | 8bd7 4889 

  0x0000020ceee70ba4: ;   {optimized virtual_call}
  0x0000020ceee70ba4: 7c24 68e8 

  0x0000020ceee70ba8: ; ImmutableOopMap {[104]=Oop [112]=Oop [120]=Oop [128]=Oop [136]=Oop [144]=Oop [240]=Oop }
                      ;*invokevirtual getSuperclass {reexecute=0 rethrow=0 return_oop=0}
                      ; - org.eclipse.e4.core.internal.di.InjectorImpl::processAnnotated@1 (line 936)
  0x0000020ceee70ba8: 341b 6e07 

  0x0000020ceee70bac: ;   {other}
  0x0000020ceee70bac: 0f1f 8400 | 9c03 0000 | 4889 8424 | 9800 0000 

  0x0000020ceee70bbc: ;   {metadata(method data for {method} {0x0000020cc88102d0} 'processAnnotated' '(Lorg/eclipse/e4/core/internal/di/AnnotationLookup$AnnotationProxy;Ljava/lang/Object;Ljava/lang/Class;Lorg/eclipse/e4/core/di/suppliers/PrimaryObjectSupplier;Lorg/eclipse/e4/core/di/suppliers/PrimaryObjectSupplier;Ljava/util/List;)V' in 'org/eclipse/e4/core/internal/di/InjectorImpl')}
  0x0000020ceee70bbc: 4885 c048 | baa0 1f73 | c90c 0200 | 0048 c7c6 | 4801 0000 | 7407 48c7 | c658 0100 | 0048 8b3c 
  0x0000020ceee70bdc: 3248 8d7f | 0148 893c | 320f 84f9 | 0200 0048 | 3b00 488b 

  0x0000020ceee70bf0: ;   {metadata(method data for {method} {0x0000020cc88102d0} 'processAnnotated' '(Lorg/eclipse/e4/core/internal/di/AnnotationLookup$AnnotationProxy;Ljava/lang/Object;Ljava/lang/Class;Lorg/eclipse/e4/core/di/suppliers/PrimaryObjectSupplier;Lorg/eclipse/e4/core/di/suppliers/PrimaryObjectSupplier;Ljava/util/List;)V' in 'org/eclipse/e4/core/internal/di/InjectorImpl')}
  0x0000020ceee70bf0: d048 bea0 | 1f73 c90c | 0200 0048 | 8386 6801 

  0x0000020ceee70c00: ;   {metadata(method data for {method} {0x0000020c86465ac0} 'getName' '()Ljava/lang/String;' in 'java/lang/Class')}
  0x0000020ceee70c00: 0000 0148 | bae0 a505 | c70c 0200 | 008b b2cc | 0000 0083 | c602 89b2 | cc00 0000 | 81e6 feff 
  0x0000020ceee70c20: 1f00 85f6 | 0f84 4a0a | 0000 8b50 | 2c48 c1e2 | 0348 85d2 

  0x0000020ceee70c34: ;   {metadata(method data for {method} {0x0000020c86465ac0} 'getName' '()Ljava/lang/String;' in 'java/lang/Class')}
  0x0000020ceee70c34: 48be e0a5 | 05c7 0c02 | 0000 48c7 | c710 0100 | 0074 0748 | c7c7 2001 | 0000 488b | 1c3e 488d 
  0x0000020ceee70c54: 5b01 4889 | 1c3e 0f84 | 1500 0000 

  0x0000020ceee70c60: ;   {metadata(method data for {method} {0x0000020c86465ac0} 'getName' '()Ljava/lang/String;' in 'java/lang/Class')}
  0x0000020ceee70c60: 48be e0a5 | 05c7 0c02 | 0000 ff86 | 3001 0000 | e92a 0000 | 0048 8bd0 

  0x0000020ceee70c78: ;   {metadata(method data for {method} {0x0000020c86465ac0} 'getName' '()Ljava/lang/String;' in 'java/lang/Class')}
  0x0000020ceee70c78: 48be e0a5 | 05c7 0c02 | 0000 4883 | 8648 0100 | 0001 488b 

  0x0000020ceee70c8c: ;   {optimized virtual_call}
  0x0000020ceee70c8c: d066 90e8 

  0x0000020ceee70c90: ; ImmutableOopMap {[104]=Oop [112]=Oop [120]=Oop [128]=Oop [136]=Oop [144]=Oop [152]=Oop [240]=Oop }
                      ;*invokevirtual initClassName {reexecute=0 rethrow=0 return_oop=0}
                      ; - java.lang.Class::getName@14
                      ; - org.eclipse.e4.core.internal.di.InjectorImpl::processAnnotated@13 (line 937)
  0x0000020ceee70c90: ecdd d306 

  0x0000020ceee70c94: ;   {other}
  0x0000020ceee70c94: 0f1f 8400 | 8404 0001 | 488b d048 | 3b02 4c8b 

  0x0000020ceee70ca4: ;   {metadata(method data for {method} {0x0000020cc88102d0} 'processAnnotated' '(Lorg/eclipse/e4/core/internal/di/AnnotationLookup$AnnotationProxy;Ljava/lang/Object;Ljava/lang/Class;Lorg/eclipse/e4/core/di/suppliers/PrimaryObjectSupplier;Lorg/eclipse/e4/core/di/suppliers/PrimaryObjectSupplier;Ljava/util/List;)V' in 'org/eclipse/e4/core/internal/di/InjectorImpl')}
  0x0000020ceee70ca4: c248 bea0 | 1f73 c90c | 0200 0048 | 8386 a001 

  0x0000020ceee70cb4: ;   {oop("java.lang.Object"{0x00000007403bda28})}
  0x0000020ceee70cb4: 0000 0149 | b828 da3b | 4007 0000 | 0066 0f1f 

  0x0000020ceee70cc4: ;   {optimized virtual_call}
  0x0000020ceee70cc4: 4400 00e8 

  0x0000020ceee70cc8: ; ImmutableOopMap {[104]=Oop [112]=Oop [120]=Oop [128]=Oop [136]=Oop [144]=Oop [152]=Oop [240]=Oop }
                      ;*invokevirtual equals {reexecute=0 rethrow=0 return_oop=0}
                      ; - org.eclipse.e4.core.internal.di.InjectorImpl::processAnnotated@18 (line 937)
  0x0000020ceee70cc8: 7492 4e07 

  0x0000020ceee70ccc: ;   {other}
  0x0000020ceee70ccc: 0f1f 8400 | bc04 0002 

  0x0000020ceee70cd4: ;   {metadata(method data for {method} {0x0000020cc88102d0} 'processAnnotated' '(Lorg/eclipse/e4/core/internal/di/AnnotationLookup$AnnotationProxy;Ljava/lang/Object;Ljava/lang/Class;Lorg/eclipse/e4/core/di/suppliers/PrimaryObjectSupplier;Lorg/eclipse/e4/core/di/suppliers/PrimaryObjectSupplier;Ljava/util/List;)V' in 'org/eclipse/e4/core/internal/di/InjectorImpl')}
  0x0000020ceee70cd4: 85c0 49b8 | a01f 73c9 | 0c02 0000 | 48c7 c2d8 | 0100 0075 | 0748 c7c2 | e801 0000 | 498b 3410 
  0x0000020ceee70cf4: 488d 7601 | 4989 3410 | 0f85 e201 | 0000 488b | b424 f000 | 0000 483b | 064c 8bc6 

  0x0000020ceee70d10: ;   {metadata(method data for {method} {0x0000020cc88102d0} 'processAnnotated' '(Lorg/eclipse/e4/core/internal/di/AnnotationLookup$AnnotationProxy;Ljava/lang/Object;Ljava/lang/Class;Lorg/eclipse/e4/core/di/suppliers/PrimaryObjectSupplier;Lorg/eclipse/e4/core/di/suppliers/PrimaryObjectSupplier;Ljava/util/List;)V' in 'org/eclipse/e4/core/internal/di/InjectorImpl')}
  0x0000020ceee70d10: 48ba a01f | 73c9 0c02 | 0000 458b | 4008 49ba | 0000 0086 | 0c02 0000 | 4d03 c24c | 3b82 0802 
  0x0000020ceee70d30: 0000 750d | 4883 8210 | 0200 0001 | e960 0000 | 004c 3b82 | 1802 0000 | 750d 4883 | 8220 0200 
  0x0000020ceee70d50: 0001 e94a | 0000 0048 | 83ba 0802 | 0000 0075 | 174c 8982 | 0802 0000 | 48c7 8210 | 0200 0001 
  0x0000020ceee70d70: 0000 00e9 | 2900 0000 | 4883 ba18 | 0200 0000 | 7517 4c89 | 8218 0200 | 0048 c782 | 2002 0000 
  0x0000020ceee70d90: 0100 0000 | e908 0000 | 0048 8382 | f801 0000 | 014c 8b44 | 2468 488b | d60f 1f40 | 0048 b8e0 
  0x0000020ceee70db0: a50b 860c 

  0x0000020ceee70db4: ;   {virtual_call}
  0x0000020ceee70db4: 0200 00e8 

  0x0000020ceee70db8: ; ImmutableOopMap {[104]=Oop [112]=Oop [120]=Oop [128]=Oop [136]=Oop [144]=Oop [152]=Oop [240]=Oop }
                      ;*invokeinterface add {reexecute=0 rethrow=0 return_oop=0}
                      ; - org.eclipse.e4.core.internal.di.InjectorImpl::processAnnotated@27 (line 938)
  0x0000020ceee70db8: a4c3 4b07 

  0x0000020ceee70dbc: ;   {other}
  0x0000020ceee70dbc: 0f1f 8400 | ac05 0003 | 488b 5424 

  0x0000020ceee70dc8: ;   {metadata(method data for {method} {0x0000020cc88102d0} 'processAnnotated' '(Lorg/eclipse/e4/core/internal/di/AnnotationLookup$AnnotationProxy;Ljava/lang/Object;Ljava/lang/Class;Lorg/eclipse/e4/core/di/suppliers/PrimaryObjectSupplier;Lorg/eclipse/e4/core/di/suppliers/PrimaryObjectSupplier;Ljava/util/List;)V' in 'org/eclipse/e4/core/internal/di/InjectorImpl')}
  0x0000020ceee70dc8: 7049 b8a0 | 1f73 c90c | 0200 0049 | 8380 3002 | 0000 014c | 8b44 2478 | 4c8b 8c24 | 8000 0000 
  0x0000020ceee70de8: 488b bc24 | 9800 0000 | 488b b424 | 8800 0000 | 488b 8c24 | 9000 0000 | 488b 9c24 | f000 0000 
  0x0000020ceee70e08: 4889 1c24 | 488b 5424 | 7066 0f1f 

  0x0000020ceee70e14: ;   {optimized virtual_call}
  0x0000020ceee70e14: 4400 00e8 

  0x0000020ceee70e18: ; ImmutableOopMap {[104]=Oop [112]=Oop [120]=Oop [128]=Oop [136]=Oop [144]=Oop [240]=Oop }
                      ;*invokevirtual processAnnotated {reexecute=0 rethrow=0 return_oop=0}
                      ; - org.eclipse.e4.core.internal.di.InjectorImpl::processAnnotated@44 (line 939)
  0x0000020ceee70e18: 04fd ffff 

  0x0000020ceee70e1c: ;   {other}
  0x0000020ceee70e1c: 0f1f 8400 | 0c06 0004 | 488b b424 | f000 0000 

  0x0000020ceee70e2c: ;   {metadata(method data for {method} {0x0000020cc88102d0} 'processAnnotated' '(Lorg/eclipse/e4/core/internal/di/AnnotationLookup$AnnotationProxy;Ljava/lang/Object;Ljava/lang/Class;Lorg/eclipse/e4/core/di/suppliers/PrimaryObjectSupplier;Lorg/eclipse/e4/core/di/suppliers/PrimaryObjectSupplier;Ljava/util/List;)V' in 'org/eclipse/e4/core/internal/di/InjectorImpl')}
  0x0000020ceee70e2c: 49b8 a01f | 73c9 0c02 | 0000 8b76 | 0849 ba00 | 0000 860c | 0200 0049 | 03f2 493b | b078 0200 
  0x0000020ceee70e4c: 0075 0d49 | 8380 8002 | 0000 01e9 | 6000 0000 | 493b b088 | 0200 0075 | 0d49 8380 | 9002 0000 
  0x0000020ceee70e6c: 01e9 4a00 | 0000 4983 | b878 0200 | 0000 7517 | 4989 b078 | 0200 0049 | c780 8002 | 0000 0100 
  0x0000020ceee70e8c: 0000 e929 | 0000 0049 | 83b8 8802 | 0000 0075 | 1749 89b0 | 8802 0000 | 49c7 8090 | 0200 0001 
  0x0000020ceee70eac: 0000 00e9 | 0800 0000 | 4983 8068 | 0200 0001 | 4c8b 4424 | 6848 8b94 | 24f0 0000 | 000f 1f40 
  0x0000020ceee70ecc: 0048 b8e0 | a50b 860c 

  0x0000020ceee70ed4: ;   {virtual_call}
  0x0000020ceee70ed4: 0200 00e8 

  0x0000020ceee70ed8: ; ImmutableOopMap {[104]=Oop [112]=Oop [120]=Oop [128]=Oop [136]=Oop [144]=Oop [240]=Oop }
                      ;*invokeinterface remove {reexecute=0 rethrow=0 return_oop=0}
                      ; - org.eclipse.e4.core.internal.di.InjectorImpl::processAnnotated@50 (line 940)
  0x0000020ceee70ed8: 64de 7807 

  0x0000020ceee70edc: ;   {other}
  0x0000020ceee70edc: 0f1f 8400 | cc06 0005 | 488b 7c24 | 6848 8b54 

  0x0000020ceee70eec: ;   {metadata(method data for {method} {0x0000020cc88102d0} 'processAnnotated' '(Lorg/eclipse/e4/core/internal/di/AnnotationLookup$AnnotationProxy;Ljava/lang/Object;Ljava/lang/Class;Lorg/eclipse/e4/core/di/suppliers/PrimaryObjectSupplier;Lorg/eclipse/e4/core/di/suppliers/PrimaryObjectSupplier;Ljava/util/List;)V' in 'org/eclipse/e4/core/internal/di/InjectorImpl')}
  0x0000020ceee70eec: 2470 49b8 | a01f 73c9 | 0c02 0000 | 4983 80a0 | 0200 0001 | 4c8b c748 | 8b54 2470 | 0f1f 8000 
  0x0000020ceee70f0c: ;   {optimized virtual_call}
  0x0000020ceee70f0c: 0000 00e8 

  0x0000020ceee70f10: ; ImmutableOopMap {[112]=Oop [120]=Oop [128]=Oop [136]=Oop [144]=Oop [240]=Oop }
                      ;*invokevirtual getDeclaredMethods {reexecute=0 rethrow=0 return_oop=0}
                      ; - org.eclipse.e4.core.internal.di.InjectorImpl::processAnnotated@58 (line 942)
  0x0000020ceee70f10: 4ca1 91ff 

  0x0000020ceee70f14: ;   {other}
  0x0000020ceee70f14: 0f1f 8400 | 0407 0006 | 4889 8424 | b000 0000 

  0x0000020ceee70f24: ; implicit exception: dispatches to 0x0000020ceee7169f
  0x0000020ceee70f24: 8b70 0c89 | b424 a400 

  0x0000020ceee70f2c: ;   {metadata(method data for {method} {0x0000020cc88102d0} 'processAnnotated' '(Lorg/eclipse/e4/core/internal/di/AnnotationLookup$AnnotationProxy;Ljava/lang/Object;Ljava/lang/Class;Lorg/eclipse/e4/core/di/suppliers/PrimaryObjectSupplier;Lorg/eclipse/e4/core/di/suppliers/PrimaryObjectSupplier;Ljava/util/List;)V' in 'org/eclipse/e4/core/internal/di/InjectorImpl')}
  0x0000020ceee70f2c: 0000 49b8 | a01f 73c9 | 0c02 0000 | 41ff 80d8 | 0200 00bf | 0000 0000 | 0f1f 4000 | 4c8b 4424 
  0x0000020ceee70f4c: 783b fe41 | bd02 0000 | 007c 0641 | bd00 0000 

  0x0000020ceee70f5c: ;   {metadata(method data for {method} {0x0000020cc88102d0} 'processAnnotated' '(Lorg/eclipse/e4/core/internal/di/AnnotationLookup$AnnotationProxy;Ljava/lang/Object;Ljava/lang/Class;Lorg/eclipse/e4/core/di/suppliers/PrimaryObjectSupplier;Lorg/eclipse/e4/core/di/suppliers/PrimaryObjectSupplier;Ljava/util/List;)V' in 'org/eclipse/e4/core/internal/di/InjectorImpl')}
  0x0000020ceee70f5c: 0049 bea0 | 1f73 c90c | 0200 0041 | 8b96 d000 | 0000 4103 | d541 8996 | d000 0000 | 4585 ed75 
  0x0000020ceee70f7c: 05ba 0200 | 0000 81e2 | fe3f 0000 | 85d2 0f84 | 1407 0000 | 4d8b 9750 

  0x0000020ceee70f94: ; ImmutableOopMap {rax=Oop r8=Oop [112]=Oop [120]=Oop [128]=Oop [136]=Oop [144]=Oop [176]=Oop [240]=Oop }
                      ;*if_icmplt {reexecute=1 rethrow=0 return_oop=0}
                      ; - (reexecute) org.eclipse.e4.core.internal.di.InjectorImpl::processAnnotated@413 (line 943)
                      ;   {poll}
  0x0000020ceee70f94: 0400 0041 | 8502 3bfe 

  0x0000020ceee70f9c: ;   {metadata(method data for {method} {0x0000020cc88102d0} 'processAnnotated' '(Lorg/eclipse/e4/core/internal/di/AnnotationLookup$AnnotationProxy;Ljava/lang/Object;Ljava/lang/Class;Lorg/eclipse/e4/core/di/suppliers/PrimaryObjectSupplier;Lorg/eclipse/e4/core/di/suppliers/PrimaryObjectSupplier;Ljava/util/List;)V' in 'org/eclipse/e4/core/internal/di/InjectorImpl')}
  0x0000020ceee70f9c: 48ba a01f | 73c9 0c02 | 0000 49c7 | c508 0c00 | 007d 0749 | c7c5 f80b | 0000 4e8b | 342a 4d8d 
  0x0000020ceee70fbc: 7601 4e89 | 342a 0f8d | 3905 0000 | 488b 5424 | 704c 63ef | 468b 6ca8 | 1049 c1e5 | 034c 8bf2 
  0x0000020ceee70fdc: 89bc 24a0 

  0x0000020ceee70fe0: ;   {metadata(method data for {method} {0x0000020cc88102d0} 'processAnnotated' '(Lorg/eclipse/e4/core/internal/di/AnnotationLookup$AnnotationProxy;Ljava/lang/Object;Ljava/lang/Class;Lorg/eclipse/e4/core/di/suppliers/PrimaryObjectSupplier;Lorg/eclipse/e4/core/di/suppliers/PrimaryObjectSupplier;Ljava/util/List;)V' in 'org/eclipse/e4/core/internal/di/InjectorImpl')}
  0x0000020ceee70fe0: 0000 0048 | bea0 1f73 | c90c 0200 | 0048 8386 | f002 0000 | 0149 8bf0 | 4d8b c54c | 8bce 4c8b 
  0x0000020ceee71000: f249 8bd6 | 4c89 ac24 | a800 0000 

  0x0000020ceee7100c: ;   {optimized virtual_call}
  0x0000020ceee7100c: 6666 90e8 

  0x0000020ceee71010: ; ImmutableOopMap {[112]=Oop [120]=Oop [128]=Oop [136]=Oop [144]=Oop [168]=Oop [176]=Oop [240]=Oop }
                      ;*invokevirtual isAnnotationPresent {reexecute=0 rethrow=0 return_oop=0}
                      ; - org.eclipse.e4.core.internal.di.InjectorImpl::processAnnotated@88 (line 944)
  0x0000020ceee71010: ec1a 5707 

  0x0000020ceee71014: ;   {other}
  0x0000020ceee71014: 0f1f 8400 | 0408 0008 

  0x0000020ceee7101c: ;   {metadata(method data for {method} {0x0000020cc88102d0} 'processAnnotated' '(Lorg/eclipse/e4/core/internal/di/AnnotationLookup$AnnotationProxy;Ljava/lang/Object;Ljava/lang/Class;Lorg/eclipse/e4/core/di/suppliers/PrimaryObjectSupplier;Lorg/eclipse/e4/core/di/suppliers/PrimaryObjectSupplier;Ljava/util/List;)V' in 'org/eclipse/e4/core/internal/di/InjectorImpl')}
  0x0000020ceee7101c: 85c0 49b8 | a01f 73c9 | 0c02 0000 | 49c7 c128 | 0300 0075 | 0749 c7c1 | 3803 0000 | 4b8b 1408 
  0x0000020ceee7103c: 488d 5201 | 4b89 1408 | 0f85 1600 

  0x0000020ceee71048: ;   {metadata(method data for {method} {0x0000020cc88102d0} 'processAnnotated' '(Lorg/eclipse/e4/core/internal/di/AnnotationLookup$AnnotationProxy;Ljava/lang/Object;Ljava/lang/Class;Lorg/eclipse/e4/core/di/suppliers/PrimaryObjectSupplier;Lorg/eclipse/e4/core/di/suppliers/PrimaryObjectSupplier;Ljava/util/List;)V' in 'org/eclipse/e4/core/internal/di/InjectorImpl')}
  0x0000020ceee71048: 0000 49b8 | a01f 73c9 | 0c02 0000 | 41ff 8048 | 0300 00e9 | 8404 0000 | 488b 5424 

  0x0000020ceee71064: ;   {metadata(method data for {method} {0x0000020cc88102d0} 'processAnnotated' '(Lorg/eclipse/e4/core/internal/di/AnnotationLookup$AnnotationProxy;Ljava/lang/Object;Ljava/lang/Class;Lorg/eclipse/e4/core/di/suppliers/PrimaryObjectSupplier;Lorg/eclipse/e4/core/di/suppliers/PrimaryObjectSupplier;Ljava/util/List;)V' in 'org/eclipse/e4/core/internal/di/InjectorImpl')}
  0x0000020ceee71064: 7049 b8a0 | 1f73 c90c | 0200 0049 | 8380 d009 | 0000 014c | 8b84 24a8 | 0000 004c | 8b8c 24f0 
  0x0000020ceee71084: 0000 0048 | 8b54 2470 

  0x0000020ceee7108c: ;   {optimized virtual_call}
  0x0000020ceee7108c: 6666 90e8 

  0x0000020ceee71090: ; ImmutableOopMap {[112]=Oop [120]=Oop [128]=Oop [136]=Oop [144]=Oop [168]=Oop [176]=Oop [240]=Oop }
                      ;*invokevirtual isOverridden {reexecute=0 rethrow=0 return_oop=0}
                      ; - org.eclipse.e4.core.internal.di.InjectorImpl::processAnnotated@314 (line 964)
  0x0000020ceee71090: 6ca6 5b07 

  0x0000020ceee71094: ;   {other}
  0x0000020ceee71094: 0f1f 8400 | 8408 0009 

  0x0000020ceee7109c: ;   {metadata(method data for {method} {0x0000020cc88102d0} 'processAnnotated' '(Lorg/eclipse/e4/core/internal/di/AnnotationLookup$AnnotationProxy;Ljava/lang/Object;Ljava/lang/Class;Lorg/eclipse/e4/core/di/suppliers/PrimaryObjectSupplier;Lorg/eclipse/e4/core/di/suppliers/PrimaryObjectSupplier;Ljava/util/List;)V' in 'org/eclipse/e4/core/internal/di/InjectorImpl')}
  0x0000020ceee7109c: 85c0 48ba | a01f 73c9 | 0c02 0000 | 48c7 c608 | 0a00 0074 | 0748 c7c6 | 180a 0000 | 488b 3c32 
  0x0000020ceee710bc: 488d 7f01 | 4889 3c32 | 0f84 1500 

  0x0000020ceee710c8: ;   {metadata(method data for {method} {0x0000020cc88102d0} 'processAnnotated' '(Lorg/eclipse/e4/core/internal/di/AnnotationLookup$AnnotationProxy;Ljava/lang/Object;Ljava/lang/Class;Lorg/eclipse/e4/core/di/suppliers/PrimaryObjectSupplier;Lorg/eclipse/e4/core/di/suppliers/PrimaryObjectSupplier;Ljava/util/List;)V' in 'org/eclipse/e4/core/internal/di/InjectorImpl')}
  0x0000020ceee710c8: 0000 48ba | a01f 73c9 | 0c02 0000 | ff82 280a | 0000 e905 

  0x0000020ceee710dc: ;   {metadata('org/eclipse/e4/core/internal/di/MethodRequestor')}
  0x0000020ceee710dc: 0400 0048 | bad0 f530 | 870c 0200 | 0049 8b87 | b801 0000 | 488d 7830 | 493b bfc8 | 0100 000f 
  0x0000020ceee710fc: 87c4 0500 | 0049 89bf | b801 0000 | 48c7 0001 | 0000 0048 | 8bca 49ba | 0000 0086 | 0c02 0000 
  0x0000020ceee7111c: 492b ca89 | 4808 4833 | c989 480c | 4833 c948 | 8948 1048 | 8948 1848 | 8948 2048 | 8948 2848 
  0x0000020ceee7113c: 8984 24b8 | 0000 004c 

  0x0000020ceee71144: ;   {metadata(method data for {method} {0x0000020cc88102d0} 'processAnnotated' '(Lorg/eclipse/e4/core/internal/di/AnnotationLookup$AnnotationProxy;Ljava/lang/Object;Ljava/lang/Class;Lorg/eclipse/e4/core/di/suppliers/PrimaryObjectSupplier;Lorg/eclipse/e4/core/di/suppliers/PrimaryObjectSupplier;Ljava/util/List;)V' in 'org/eclipse/e4/core/internal/di/InjectorImpl')}
  0x0000020ceee71144: 8bc0 49b9 | a01f 73c9 | 0c02 0000 | 4983 8140 | 0a00 0001 | 4c8b 8424 | a800 0000 | 4c8b 4c24 
  0x0000020ceee71164: 7048 8bbc | 2488 0000 | 0048 8bb4 | 2490 0000 | 0048 8b8c | 2480 0000 | 00c7 0424 | 0000 0000 
  0x0000020ceee71184: ;   {optimized virtual_call}
  0x0000020ceee71184: 488b d0e8 

  0x0000020ceee71188: ; ImmutableOopMap {[112]=Oop [120]=Oop [128]=Oop [136]=Oop [144]=Oop [168]=Oop [176]=Oop [184]=Oop [240]=Oop }
                      ;*invokespecial <init> {reexecute=0 rethrow=0 return_oop=0}
                      ; - org.eclipse.e4.core.internal.di.InjectorImpl::processAnnotated@336 (line 967)
  0x0000020ceee71188: 0107 0000 

  0x0000020ceee7118c: ;   {other}
  0x0000020ceee7118c: 0f1f 8400 | 7c09 000a | 488b 5424 

  0x0000020ceee71198: ;   {metadata(method data for {method} {0x0000020cc88102d0} 'processAnnotated' '(Lorg/eclipse/e4/core/internal/di/AnnotationLookup$AnnotationProxy;Ljava/lang/Object;Ljava/lang/Class;Lorg/eclipse/e4/core/di/suppliers/PrimaryObjectSupplier;Lorg/eclipse/e4/core/di/suppliers/PrimaryObjectSupplier;Ljava/util/List;)V' in 'org/eclipse/e4/core/internal/di/InjectorImpl')}
  0x0000020ceee71198: 7049 b8a0 | 1f73 c90c | 0200 0049 | 8380 500a | 0000 014c | 8b84 24b8 | 0000 004c | 8b8c 2488 
  0x0000020ceee711b8: 0000 0048 | 8bbc 2490 | 0000 00be | 0000 0000 | b900 0000 | 00c7 0424 | 0000 0000 | 488b 5424 
  0x0000020ceee711d8: 7066 0f1f 

  0x0000020ceee711dc: ;   {optimized virtual_call}
  0x0000020ceee711dc: 4400 00e8 

  0x0000020ceee711e0: ; ImmutableOopMap {[112]=Oop [120]=Oop [128]=Oop [136]=Oop [144]=Oop [168]=Oop [176]=Oop [184]=Oop [240]=Oop }
                      ;*invokevirtual resolveArgs {reexecute=0 rethrow=0 return_oop=0}
                      ; - org.eclipse.e4.core.internal.di.InjectorImpl::processAnnotated@351 (line 968)
  0x0000020ceee711e0: 1c23 b6ff 

  0x0000020ceee711e4: ;   {other}
  0x0000020ceee711e4: 0f1f 8400 | d409 000b | 4889 8424 | c000 0000 | 488b 5424 

  0x0000020ceee711f8: ;   {metadata(method data for {method} {0x0000020cc88102d0} 'processAnnotated' '(Lorg/eclipse/e4/core/internal/di/AnnotationLookup$AnnotationProxy;Ljava/lang/Object;Ljava/lang/Class;Lorg/eclipse/e4/core/di/suppliers/PrimaryObjectSupplier;Lorg/eclipse/e4/core/di/suppliers/PrimaryObjectSupplier;Ljava/util/List;)V' in 'org/eclipse/e4/core/internal/di/InjectorImpl')}
  0x0000020ceee711f8: 7049 b8a0 | 1f73 c90c | 0200 0049 | 8380 880a 

  0x0000020ceee71208: ;   {metadata(method data for {method} {0x0000020cc880b338} 'unresolved' '([Ljava/lang/Object;)I' in 'org/eclipse/e4/core/internal/di/InjectorImpl')}
  0x0000020ceee71208: 0000 0149 | b878 6f63 | c90c 0200 | 0045 8b88 | cc00 0000 | 4183 c102 | 4589 88cc | 0000 0041 
  0x0000020ceee71228: 81e1 feff | 1f00 4585 | c90f 849b 

  0x0000020ceee71234: ;   {metadata(method data for {method} {0x0000020cc880b338} 'unresolved' '([Ljava/lang/Object;)I' in 'org/eclipse/e4/core/internal/di/InjectorImpl')}
  0x0000020ceee71234: 0400 0049 | b878 6f63 | c90c 0200 | 0041 ff80 | 1001 0000 | 41b8 0000 | 0000 e94d | 0000 000f 
  0x0000020ceee71254: 1f44 0000 | 4d63 c846 | 8b4c 8810 | 49c1 e103 

  0x0000020ceee71264: ;   {oop(a 'java/lang/Object'{0x0000000740100fa0})}
  0x0000020ceee71264: 49ba a00f | 1040 0700 | 0000 4d3b 

  0x0000020ceee71270: ;   {metadata(method data for {method} {0x0000020cc880b338} 'unresolved' '([Ljava/lang/Object;)I' in 'org/eclipse/e4/core/internal/di/InjectorImpl')}
  0x0000020ceee71270: ca49 b978 | 6f63 c90c | 0200 0048 | c7c2 3801 | 0000 7407 | 48c7 c228 | 0100 0049 | 8b34 1148 
  0x0000020ceee71290: 8d76 0149 | 8934 110f | 8484 0000 | 0041 ffc0 

  0x0000020ceee712a0: ; implicit exception: dispatches to 0x0000020ceee716f3
  0x0000020ceee712a0: 448b 480c | 453b c1ba | 0200 0000 | 7c05 ba00 

  0x0000020ceee712b0: ;   {metadata(method data for {method} {0x0000020cc880b338} 'unresolved' '([Ljava/lang/Object;)I' in 'org/eclipse/e4/core/internal/di/InjectorImpl')}
  0x0000020ceee712b0: 0000 0048 | be78 6f63 | c90c 0200 | 008b bed0 | 0000 0003 | fa89 bed0 | 0000 0085 | d275 05bf 
  0x0000020ceee712d0: 0200 0000 | 81e7 fe3f | 0000 85ff | 0f84 1604 | 0000 4d8b | 9750 0400 

  0x0000020ceee712e8: ; ImmutableOopMap {rax=Oop [112]=Oop [120]=Oop [128]=Oop [136]=Oop [144]=Oop [168]=Oop [176]=Oop [184]=Oop [192]=Oop [240]=Oop }
                      ;*if_icmplt {reexecute=1 rethrow=0 return_oop=0}
                      ; - (reexecute) org.eclipse.e4.core.internal.di.InjectorImpl::unresolved@22 (line 625)
                      ; - org.eclipse.e4.core.internal.di.InjectorImpl::processAnnotated@359 (line 969)
                      ;   {poll}
  0x0000020ceee712e8: 0041 8502 

  0x0000020ceee712ec: ;   {metadata(method data for {method} {0x0000020cc880b338} 'unresolved' '([Ljava/lang/Object;)I' in 'org/eclipse/e4/core/internal/di/InjectorImpl')}
  0x0000020ceee712ec: 453b c149 | b978 6f63 | c90c 0200 | 0048 c7c2 | 4801 0000 | 7c07 48c7 | c258 0100 | 0049 8b34 
  0x0000020ceee7130c: 1148 8d76 | 0149 8934 | 110f 8c3d | ffff ff41 | b8ff ffff | ff41 83f8 

  0x0000020ceee71324: ;   {metadata(method data for {method} {0x0000020cc88102d0} 'processAnnotated' '(Lorg/eclipse/e4/core/internal/di/AnnotationLookup$AnnotationProxy;Ljava/lang/Object;Ljava/lang/Class;Lorg/eclipse/e4/core/di/suppliers/PrimaryObjectSupplier;Lorg/eclipse/e4/core/di/suppliers/PrimaryObjectSupplier;Ljava/util/List;)V' in 'org/eclipse/e4/core/internal/di/InjectorImpl')}
  0x0000020ceee71324: ff49 b9a0 | 1f73 c90c | 0200 0048 | c7c2 c00a | 0000 7407 | 48c7 c2d0 | 0a00 0049 | 8b34 1148 
  0x0000020ceee71344: 8d76 0149 | 8934 110f | 848e 0000 | 0044 8984 | 24c8 0000 | 004c 8bac | 24a8 0000 | 0048 8b54 
  0x0000020ceee71364: ;   {metadata(method data for {method} {0x0000020cc88102d0} 'processAnnotated' '(Lorg/eclipse/e4/core/internal/di/AnnotationLookup$AnnotationProxy;Ljava/lang/Object;Ljava/lang/Class;Lorg/eclipse/e4/core/di/suppliers/PrimaryObjectSupplier;Lorg/eclipse/e4/core/di/suppliers/PrimaryObjectSupplier;Ljava/util/List;)V' in 'org/eclipse/e4/core/internal/di/InjectorImpl')}
  0x0000020ceee71364: 2470 49b9 | a01f 73c9 | 0c02 0000 | 4983 81e0 | 0a00 0001 

  0x0000020ceee71378: ;   {oop(a 'org/eclipse/e4/core/internal/di/AnnotationLookup$AnnotationProxy'{0x0000000741a77190})}
  0x0000020ceee71378: 4d8b c549 | b990 71a7 | 4107 0000 | 0048 8b54 | 2470 0f1f 

  0x0000020ceee7138c: ;   {optimized virtual_call}
  0x0000020ceee7138c: 4400 00e8 

  0x0000020ceee71390: ; ImmutableOopMap {[112]=Oop [120]=Oop [128]=Oop [136]=Oop [144]=Oop [176]=Oop [184]=Oop [192]=Oop [240]=Oop }
                      ;*invokevirtual isAnnotationPresent {reexecute=0 rethrow=0 return_oop=0}
                      ; - org.eclipse.e4.core.internal.di.InjectorImpl::processAnnotated@376 (line 971)
  0x0000020ceee71390: ecd6 d306 

  0x0000020ceee71394: ;   {other}
  0x0000020ceee71394: 0f1f 8400 | 840b 000d 

  0x0000020ceee7139c: ;   {metadata(method data for {method} {0x0000020cc88102d0} 'processAnnotated' '(Lorg/eclipse/e4/core/internal/di/AnnotationLookup$AnnotationProxy;Ljava/lang/Object;Ljava/lang/Class;Lorg/eclipse/e4/core/di/suppliers/PrimaryObjectSupplier;Lorg/eclipse/e4/core/di/suppliers/PrimaryObjectSupplier;Ljava/util/List;)V' in 'org/eclipse/e4/core/internal/di/InjectorImpl')}
  0x0000020ceee7139c: 85c0 48ba | a01f 73c9 | 0c02 0000 | 48c7 c618 | 0b00 0074 | 0748 c7c6 | 280b 0000 | 488b 3c32 
  0x0000020ceee713bc: 488d 7f01 | 4889 3c32 | 0f84 4d01 

  0x0000020ceee713c8: ;   {metadata(method data for {method} {0x0000020cc88102d0} 'processAnnotated' '(Lorg/eclipse/e4/core/internal/di/AnnotationLookup$AnnotationProxy;Ljava/lang/Object;Ljava/lang/Class;Lorg/eclipse/e4/core/di/suppliers/PrimaryObjectSupplier;Lorg/eclipse/e4/core/di/suppliers/PrimaryObjectSupplier;Ljava/util/List;)V' in 'org/eclipse/e4/core/internal/di/InjectorImpl')}
  0x0000020ceee713c8: 0000 48ba | a01f 73c9 | 0c02 0000 | ff82 380b | 0000 e905 | 0100 0048 | 8bf0 488b | 8424 b800 
  0x0000020ceee713e8: 0000 488b 

  0x0000020ceee713ec: ;   {metadata(method data for {method} {0x0000020cc88102d0} 'processAnnotated' '(Lorg/eclipse/e4/core/internal/di/AnnotationLookup$AnnotationProxy;Ljava/lang/Object;Ljava/lang/Class;Lorg/eclipse/e4/core/di/suppliers/PrimaryObjectSupplier;Lorg/eclipse/e4/core/di/suppliers/PrimaryObjectSupplier;Ljava/util/List;)V' in 'org/eclipse/e4/core/internal/di/InjectorImpl')}
  0x0000020ceee713ec: d048 bfa0 | 1f73 c90c | 0200 008b | 5208 49ba | 0000 0086 | 0c02 0000 | 4903 d248 | 3b97 980b 
  0x0000020ceee7140c: 0000 750d | 4883 87a0 | 0b00 0001 | e960 0000 | 0048 3b97 | a80b 0000 | 750d 4883 | 87b0 0b00 
  0x0000020ceee7142c: 0001 e94a | 0000 0048 | 83bf 980b | 0000 0075 | 1748 8997 | 980b 0000 | 48c7 87a0 | 0b00 0001 
  0x0000020ceee7144c: 0000 00e9 | 2900 0000 | 4883 bfa8 | 0b00 0000 | 7517 4889 | 97a8 0b00 | 0048 c787 | b00b 0000 
  0x0000020ceee7146c: 0100 0000 | e908 0000 | 0048 8387 | 880b 0000 | 0141 0fbe | 5740 85d2 | 0f85 8f02 | 0000 4c8b 
  0x0000020ceee7148c: d649 c1ea | 0344 8950 | 2848 8bd0 | 4833 d648 | c1ea 1548 | 83fa 000f | 858f 0200 | 0048 8bd0 
  0x0000020ceee714ac: ;   {metadata(method data for {method} {0x0000020cc88102d0} 'processAnnotated' '(Lorg/eclipse/e4/core/internal/di/AnnotationLookup$AnnotationProxy;Ljava/lang/Object;Ljava/lang/Class;Lorg/eclipse/e4/core/di/suppliers/PrimaryObjectSupplier;Lorg/eclipse/e4/core/di/suppliers/PrimaryObjectSupplier;Ljava/util/List;)V' in 'org/eclipse/e4/core/internal/di/InjectorImpl')}
  0x0000020ceee714ac: 48be a01f | 73c9 0c02 

  0x0000020ceee714b4: ;   {metadata('org/eclipse/e4/core/internal/di/MethodRequestor')}
  0x0000020ceee714b4: 0000 49ba | d0f5 3087 | 0c02 0000 | 4c89 96d0 | 0b00 0048 | 8386 d80b | 0000 0148 | 8bd0 0f1f 
  0x0000020ceee714d4: ;   {optimized virtual_call}
  0x0000020ceee714d4: 4400 00e8 

  0x0000020ceee714d8: ; ImmutableOopMap {[112]=Oop [120]=Oop [128]=Oop [136]=Oop [144]=Oop [176]=Oop [240]=Oop }
                      ;*invokevirtual execute {reexecute=0 rethrow=0 return_oop=0}
                      ; - org.eclipse.e4.core.internal.di.InjectorImpl::processAnnotated@402 (line 977)
  0x0000020ceee714d8: 441a d2ff 

  0x0000020ceee714dc: ;   {other}
  0x0000020ceee714dc: 0f1f 8400 | cc0c 000e | 8bbc 24a0 | 0000 00ff | c78b b424 | a400 0000 | 488b 8424 | b000 0000 
  0x0000020ceee714fc: e947 faff | ff48 81c4 | e000 0000 

  0x0000020ceee71508: ;   {poll_return}
  0x0000020ceee71508: 5d49 3ba7 | 4804 0000 | 0f87 3a02 | 0000 c344 | 8b8c 24c8 | 0000 0048 | 8b84 24b8 | 0000 0048 
  0x0000020ceee71528: 8b54 2470 

  0x0000020ceee7152c: ;   {metadata(method data for {method} {0x0000020cc88102d0} 'processAnnotated' '(Lorg/eclipse/e4/core/internal/di/AnnotationLookup$AnnotationProxy;Ljava/lang/Object;Ljava/lang/Class;Lorg/eclipse/e4/core/di/suppliers/PrimaryObjectSupplier;Lorg/eclipse/e4/core/di/suppliers/PrimaryObjectSupplier;Ljava/util/List;)V' in 'org/eclipse/e4/core/internal/di/InjectorImpl')}
  0x0000020ceee7152c: 49b8 a01f | 73c9 0c02 | 0000 4983 | 8050 0b00 

  0x0000020ceee7153c: ;   {metadata(method data for {method} {0x0000020cc880a810} 'reportUnresolvedArgument' '(Lorg/eclipse/e4/core/internal/di/Requestor;I)V' in 'org/eclipse/e4/core/internal/di/InjectorImpl')}
  0x0000020ceee7153c: 0001 49b8 | 682e 73c9 | 0c02 0000 | 418b 90cc | 0000 0083 | c202 4189 | 90cc 0000 | 0081 e2fe 
  0x0000020ceee7155c: ff1f 0085 | d20f 84ff | 0100 0048 | 8b54 2470 

  0x0000020ceee7156c: ;   {metadata(method data for {method} {0x0000020cc880a810} 'reportUnresolvedArgument' '(Lorg/eclipse/e4/core/internal/di/Requestor;I)V' in 'org/eclipse/e4/core/internal/di/InjectorImpl')}
  0x0000020ceee7156c: 49b8 682e | 73c9 0c02 | 0000 4983 | 8010 0100 | 0001 4c8b | c048 8b54 

  0x0000020ceee71584: ;   {optimized virtual_call}
  0x0000020ceee71584: 2470 90e8 

  0x0000020ceee71588: ; ImmutableOopMap {[112]=Oop [120]=Oop [128]=Oop [136]=Oop [144]=Oop [176]=Oop [184]=Oop [192]=Oop [240]=Oop }
                      ;*invokevirtual resolutionError {reexecute=0 rethrow=0 return_oop=0}
                      ; - org.eclipse.e4.core.internal.di.InjectorImpl::reportUnresolvedArgument@3 (line 458)
                      ; - org.eclipse.e4.core.internal.di.InjectorImpl::processAnnotated@390 (line 974)
  0x0000020ceee71588: f4d4 d306 

  0x0000020ceee7158c: ;   {other}
  0x0000020ceee7158c: 0f1f 8400 | 7c0d 000f 

  0x0000020ceee71594: ;   {metadata(method data for {method} {0x0000020cc880a810} 'reportUnresolvedArgument' '(Lorg/eclipse/e4/core/internal/di/Requestor;I)V' in 'org/eclipse/e4/core/internal/di/InjectorImpl')}
  0x0000020ceee71594: 4c8b c048 | ba68 2e73 | c90c 0200 | 00ff 8248 | 0100 0090 

  0x0000020ceee715a8: ;   {no_reloc}
  0x0000020ceee715a8: e9e9 0100 | 0000 0000 | 0000 80ba | 2101 0000 | 040f 85e6 | 0100 0049 | 8b87 b801 | 0000 488d 
  0x0000020ceee715c8: 7828 493b | bfc8 0100 | 000f 87ce | 0100 0049 | 89bf b801 | 0000 48c7 | 0001 0000 | 0048 8bca 
  0x0000020ceee715e8: 49ba 0000 | 0086 0c02 | 0000 492b | ca89 4808 | 4833 c989 | 480c 4833 | c948 8948 | 1048 8948 
  0x0000020ceee71608: 1848 8948 | 2048 8bd0 

  0x0000020ceee71610: ;   {metadata(method data for {method} {0x0000020cc880a810} 'reportUnresolvedArgument' '(Lorg/eclipse/e4/core/internal/di/Requestor;I)V' in 'org/eclipse/e4/core/internal/di/InjectorImpl')}
  0x0000020ceee71610: 48be 682e | 73c9 0c02 | 0000 4883 | 8678 0100 | 0001 488b | d048 8984 | 24d0 0000 

  0x0000020ceee7162c: ;   {optimized virtual_call}
  0x0000020ceee7162c: 0066 90e8 

  0x0000020ceee71630: ; ImmutableOopMap {[112]=Oop [120]=Oop [128]=Oop [136]=Oop [144]=Oop [176]=Oop [184]=Oop [192]=Oop [208]=Oop [240]=Oop }
                      ;*invokespecial <init> {reexecute=0 rethrow=0 return_oop=0}
                      ; - org.eclipse.e4.core.internal.di.InjectorImpl::reportUnresolvedArgument@23 (line 462)
                      ; - org.eclipse.e4.core.internal.di.InjectorImpl::processAnnotated@390 (line 974)
  0x0000020ceee71630: 4cd4 d306 

  0x0000020ceee71634: ;   {other}
  0x0000020ceee71634: 0f1f 8400 | 240e 0010 | 488b 8424 | d000 0000 | e986 0100 

  0x0000020ceee71648: ;   {metadata({method} {0x0000020cc88102d0} 'processAnnotated' '(Lorg/eclipse/e4/core/internal/di/AnnotationLookup$AnnotationProxy;Ljava/lang/Object;Ljava/lang/Class;Lorg/eclipse/e4/core/di/suppliers/PrimaryObjectSupplier;Lorg/eclipse/e4/core/di/suppliers/PrimaryObjectSupplier;Ljava/util/List;)V' in 'org/eclipse/e4/core/internal/di/InjectorImpl')}
  0x0000020ceee71648: 0049 bac8 | 0281 c80c | 0200 004c | 8954 2408 | 48c7 0424 | ffff ffff 

  0x0000020ceee71660: ;   {runtime_call counter_overflow Runtime1 stub}
  0x0000020ceee71660: e89b a0e0 

  0x0000020ceee71664: ; ImmutableOopMap {rdx=Oop r8=Oop r9=Oop rdi=Oop rsi=Oop rcx=Oop [112]=Oop [120]=Oop [128]=Oop [136]=Oop [144]=Oop [240]=Oop }
                      ;*synchronization entry
                      ; - org.eclipse.e4.core.internal.di.InjectorImpl::processAnnotated@-1 (line 936)
  0x0000020ceee71664: 06e9 1df5 

  0x0000020ceee71668: ;   {runtime_call throw_null_pointer_exception Runtime1 stub}
  0x0000020ceee71668: ffff e891 

  0x0000020ceee7166c: ; ImmutableOopMap {rdi=Oop [112]=Oop [120]=Oop [128]=Oop [136]=Oop [144]=Oop [240]=Oop }
                      ;*invokevirtual getSuperclass {reexecute=0 rethrow=0 return_oop=0}
                      ; - org.eclipse.e4.core.internal.di.InjectorImpl::processAnnotated@1 (line 936)
                      ;   {runtime_call throw_null_pointer_exception Runtime1 stub}
  0x0000020ceee7166c: 40e0 06e8 

  0x0000020ceee71670: ; ImmutableOopMap {rax=Oop [104]=Oop [112]=Oop [120]=Oop [128]=Oop [136]=Oop [144]=Oop [152]=Oop [240]=Oop }
                      ;*invokevirtual getName {reexecute=0 rethrow=0 return_oop=0}
                      ; - org.eclipse.e4.core.internal.di.InjectorImpl::processAnnotated@13 (line 937)
  0x0000020ceee71670: 8c40 e006 

  0x0000020ceee71674: ;   {metadata({method} {0x0000020c86465ac0} 'getName' '()Ljava/lang/String;' in 'java/lang/Class')}
  0x0000020ceee71674: 49ba b85a | 4686 0c02 | 0000 4c89 | 5424 0848 | c704 24ff 

  0x0000020ceee71688: ;   {runtime_call counter_overflow Runtime1 stub}
  0x0000020ceee71688: ffff ffe8 

  0x0000020ceee7168c: ; ImmutableOopMap {rax=Oop [104]=Oop [112]=Oop [120]=Oop [128]=Oop [136]=Oop [144]=Oop [152]=Oop [240]=Oop }
                      ;*synchronization entry
                      ; - java.lang.Class::getName@-1
                      ; - org.eclipse.e4.core.internal.di.InjectorImpl::processAnnotated@13 (line 937)
  0x0000020ceee7168c: 70a0 e006 | e995 f5ff 

  0x0000020ceee71694: ;   {runtime_call throw_null_pointer_exception Runtime1 stub}
  0x0000020ceee71694: ffe8 6640 

  0x0000020ceee71698: ; ImmutableOopMap {rdx=Oop [104]=Oop [112]=Oop [120]=Oop [128]=Oop [136]=Oop [144]=Oop [152]=Oop [240]=Oop }
                      ;*invokevirtual equals {reexecute=0 rethrow=0 return_oop=0}
                      ; - org.eclipse.e4.core.internal.di.InjectorImpl::processAnnotated@18 (line 937)
                      ;   {runtime_call throw_null_pointer_exception Runtime1 stub}
  0x0000020ceee71698: e006 e861 

  0x0000020ceee7169c: ; ImmutableOopMap {rsi=Oop [104]=Oop [112]=Oop [120]=Oop [128]=Oop [136]=Oop [144]=Oop [152]=Oop [240]=Oop }
                      ;*invokeinterface add {reexecute=0 rethrow=0 return_oop=0}
                      ; - org.eclipse.e4.core.internal.di.InjectorImpl::processAnnotated@27 (line 938)
                      ;   {runtime_call throw_null_pointer_exception Runtime1 stub}
  0x0000020ceee7169c: 40e0 06e8 

  0x0000020ceee716a0: ; ImmutableOopMap {rax=Oop [112]=Oop [120]=Oop [128]=Oop [136]=Oop [144]=Oop [176]=Oop [240]=Oop }
                      ;*arraylength {reexecute=0 rethrow=0 return_oop=0}
                      ; - org.eclipse.e4.core.internal.di.InjectorImpl::processAnnotated@68 (line 943)
  0x0000020ceee716a0: 5c40 e006 

  0x0000020ceee716a4: ;   {metadata({method} {0x0000020cc88102d0} 'processAnnotated' '(Lorg/eclipse/e4/core/internal/di/AnnotationLookup$AnnotationProxy;Ljava/lang/Object;Ljava/lang/Class;Lorg/eclipse/e4/core/di/suppliers/PrimaryObjectSupplier;Lorg/eclipse/e4/core/di/suppliers/PrimaryObjectSupplier;Ljava/util/List;)V' in 'org/eclipse/e4/core/internal/di/InjectorImpl')}
  0x0000020ceee716a4: 49ba c802 | 81c8 0c02 | 0000 4c89 | 5424 0848 | c704 249d 

  0x0000020ceee716b8: ;   {runtime_call counter_overflow Runtime1 stub}
  0x0000020ceee716b8: 0100 00e8 

  0x0000020ceee716bc: ; ImmutableOopMap {rax=Oop r8=Oop [112]=Oop [120]=Oop [128]=Oop [136]=Oop [144]=Oop [176]=Oop [240]=Oop }
                      ;*if_icmplt {reexecute=1 rethrow=0 return_oop=0}
                      ; - (reexecute) org.eclipse.e4.core.internal.di.InjectorImpl::processAnnotated@413 (line 943)
  0x0000020ceee716bc: 40a0 e006 | e9cb f8ff | ff48 8bd2 

  0x0000020ceee716c8: ;   {runtime_call fast_new_instance Runtime1 stub}
  0x0000020ceee716c8: e8b3 4de0 

  0x0000020ceee716cc: ; ImmutableOopMap {[112]=Oop [120]=Oop [128]=Oop [136]=Oop [144]=Oop [168]=Oop [176]=Oop [240]=Oop }
                      ;*new {reexecute=0 rethrow=0 return_oop=0}
                      ; - org.eclipse.e4.core.internal.di.InjectorImpl::processAnnotated@323 (line 967)
  0x0000020ceee716cc: 06e9 69fa 

  0x0000020ceee716d0: ;   {metadata({method} {0x0000020cc880b338} 'unresolved' '([Ljava/lang/Object;)I' in 'org/eclipse/e4/core/internal/di/InjectorImpl')}
  0x0000020ceee716d0: ffff 49ba | 30b3 80c8 | 0c02 0000 | 4c89 5424 | 0848 c704 | 24ff ffff 

  0x0000020ceee716e8: ;   {runtime_call counter_overflow Runtime1 stub}
  0x0000020ceee716e8: ffe8 12a0 

  0x0000020ceee716ec: ; ImmutableOopMap {rax=Oop [112]=Oop [120]=Oop [128]=Oop [136]=Oop [144]=Oop [168]=Oop [176]=Oop [184]=Oop [192]=Oop [240]=Oop }
                      ;*synchronization entry
                      ; - org.eclipse.e4.core.internal.di.InjectorImpl::unresolved@-1 (line 625)
                      ; - org.eclipse.e4.core.internal.di.InjectorImpl::processAnnotated@359 (line 969)
  0x0000020ceee716ec: e006 e944 

  0x0000020ceee716f0: ;   {runtime_call throw_null_pointer_exception Runtime1 stub}
  0x0000020ceee716f0: fbff ffe8 

  0x0000020ceee716f4: ; ImmutableOopMap {rax=Oop [112]=Oop [120]=Oop [128]=Oop [136]=Oop [144]=Oop [168]=Oop [176]=Oop [184]=Oop [192]=Oop [240]=Oop }
                      ;*arraylength {reexecute=0 rethrow=0 return_oop=0}
                      ; - org.eclipse.e4.core.internal.di.InjectorImpl::unresolved@21 (line 625)
                      ; - org.eclipse.e4.core.internal.di.InjectorImpl::processAnnotated@359 (line 969)
  0x0000020ceee716f4: 0840 e006 

  0x0000020ceee716f8: ;   {metadata({method} {0x0000020cc880b338} 'unresolved' '([Ljava/lang/Object;)I' in 'org/eclipse/e4/core/internal/di/InjectorImpl')}
  0x0000020ceee716f8: 49ba 30b3 | 80c8 0c02 | 0000 4c89 | 5424 0848 | c704 2416 

  0x0000020ceee7170c: ;   {runtime_call counter_overflow Runtime1 stub}
  0x0000020ceee7170c: 0000 00e8 

  0x0000020ceee71710: ; ImmutableOopMap {rax=Oop [112]=Oop [120]=Oop [128]=Oop [136]=Oop [144]=Oop [168]=Oop [176]=Oop [184]=Oop [192]=Oop [240]=Oop }
                      ;*if_icmplt {reexecute=1 rethrow=0 return_oop=0}
                      ; - (reexecute) org.eclipse.e4.core.internal.di.InjectorImpl::unresolved@22 (line 625)
                      ; - org.eclipse.e4.core.internal.di.InjectorImpl::processAnnotated@359 (line 969)
  0x0000020ceee71710: ec9f e006 | e9c9 fbff | ff8b 5028 | 48c1 e203 | 4883 fa00 | 0f84 60fd | ffff 4889 

  0x0000020ceee7172c: ;   {runtime_call g1_pre_barrier_slow}
  0x0000020ceee7172c: 1424 e8cd | a5e0 06e9 | 52fd ffff | 4883 fe00 | 0f84 67fd | ffff 4889 

  0x0000020ceee71744: ;   {runtime_call g1_post_barrier_slow}
  0x0000020ceee71744: 0424 e8b5 | a8e0 06e9 | 59fd ffff 

  0x0000020ceee71750: ;   {internal_word}
  0x0000020ceee71750: 49ba 0915 | e7ee 0c02 | 0000 4d89 | 9760 0400 

  0x0000020ceee71760: ;   {runtime_call SafepointBlob}
  0x0000020ceee71760: 00e9 9a3f 

  0x0000020ceee71764: ;   {metadata({method} {0x0000020cc880a810} 'reportUnresolvedArgument' '(Lorg/eclipse/e4/core/internal/di/Requestor;I)V' in 'org/eclipse/e4/core/internal/di/InjectorImpl')}
  0x0000020ceee71764: d406 49ba | 08a8 80c8 | 0c02 0000 | 4c89 5424 | 0848 c704 | 24ff ffff 

  0x0000020ceee7177c: ;   {runtime_call counter_overflow Runtime1 stub}
  0x0000020ceee7177c: ffe8 7e9f 

  0x0000020ceee71780: ; ImmutableOopMap {rax=Oop [112]=Oop [120]=Oop [128]=Oop [136]=Oop [144]=Oop [176]=Oop [184]=Oop [192]=Oop [240]=Oop }
                      ;*synchronization entry
                      ; - org.eclipse.e4.core.internal.di.InjectorImpl::reportUnresolvedArgument@-1 (line 458)
                      ; - org.eclipse.e4.core.internal.di.InjectorImpl::processAnnotated@390 (line 974)
  0x0000020ceee71780: e006 e9e0 

  0x0000020ceee71784: ;   {metadata(nullptr)}
  0x0000020ceee71784: fdff ff48 | ba00 0000 | 0000 0000 | 00b8 000f 

  0x0000020ceee71794: ;   {runtime_call load_klass_patching Runtime1 stub}
  0x0000020ceee71794: 050a e8e5 

  0x0000020ceee71798: ; ImmutableOopMap {r8=Oop [112]=Oop [120]=Oop [128]=Oop [136]=Oop [144]=Oop [176]=Oop [184]=Oop [192]=Oop [240]=Oop }
                      ;*new {reexecute=1 rethrow=0 return_oop=0}
                      ; - (reexecute) org.eclipse.e4.core.internal.di.InjectorImpl::reportUnresolvedArgument@18 (line 462)
                      ; - org.eclipse.e4.core.internal.di.InjectorImpl::processAnnotated@390 (line 974)
  0x0000020ceee71798: 8ee0 06e9 | 08fe ffff 

  0x0000020ceee717a0: ;   {runtime_call throw_null_pointer_exception Runtime1 stub}
  0x0000020ceee717a0: e85b 3fe0 

  0x0000020ceee717a4: ; ImmutableOopMap {r8=Oop [112]=Oop [120]=Oop [128]=Oop [136]=Oop [144]=Oop [176]=Oop [184]=Oop [192]=Oop [240]=Oop }
                      ;*new {reexecute=0 rethrow=0 return_oop=0}
                      ; - org.eclipse.e4.core.internal.di.InjectorImpl::reportUnresolvedArgument@18 (line 462)
                      ; - org.eclipse.e4.core.internal.di.InjectorImpl::processAnnotated@390 (line 974)
  0x0000020ceee717a4: 0648 8bd2 

  0x0000020ceee717a8: ;   {runtime_call fast_new_instance_init_check Runtime1 stub}
  0x0000020ceee717a8: e8d3 4fe0 

  0x0000020ceee717ac: ; ImmutableOopMap {r8=Oop [112]=Oop [120]=Oop [128]=Oop [136]=Oop [144]=Oop [176]=Oop [184]=Oop [192]=Oop [240]=Oop }
                      ;*new {reexecute=0 rethrow=0 return_oop=0}
                      ; - org.eclipse.e4.core.internal.di.InjectorImpl::reportUnresolvedArgument@18 (line 462)
                      ; - org.eclipse.e4.core.internal.di.InjectorImpl::processAnnotated@390 (line 974)
  0x0000020ceee717ac: 06e9 5bfe | ffff 498b | 87f8 0400 | 0049 c787 | f804 0000 | 0000 0000 | 49c7 8700 | 0500 0000 
  0x0000020ceee717cc: 0000 0048 | 81c4 e000 

  0x0000020ceee717d4: ;   {runtime_call unwind_exception Runtime1 stub}
  0x0000020ceee717d4: 0000 5de9 | 2430 e006 | f4f4 f4f4 
[Stub Code]
  0x0000020ceee717e0: ;   {no_reloc}
  0x0000020ceee717e0: 0f1f 4400 

  0x0000020ceee717e4: ;   {static_stub}
  0x0000020ceee717e4: 0048 bb00 | 0000 0000 

  0x0000020ceee717ec: ;   {runtime_call nmethod}
  0x0000020ceee717ec: 0000 00e9 | fbff ffff 

  0x0000020ceee717f4: ;   {static_stub}
  0x0000020ceee717f4: 9048 bb00 | 0000 0000 

  0x0000020ceee717fc: ;   {runtime_call nmethod}
  0x0000020ceee717fc: 0000 00e9 | fbff ffff 

  0x0000020ceee71804: ;   {static_stub}
  0x0000020ceee71804: 9048 bb00 | 0000 0000 

  0x0000020ceee7180c: ;   {runtime_call nmethod}
  0x0000020ceee7180c: 0000 00e9 | fbff ffff 

  0x0000020ceee71814: ;   {static_stub}
  0x0000020ceee71814: 9048 bb00 | 0000 0000 

  0x0000020ceee7181c: ;   {runtime_call nmethod}
  0x0000020ceee7181c: 0000 00e9 | fbff ffff 

  0x0000020ceee71824: ;   {static_stub}
  0x0000020ceee71824: 48bb 0000 | 0000 0000 

  0x0000020ceee7182c: ;   {runtime_call nmethod}
  0x0000020ceee7182c: 0000 e9fb 

  0x0000020ceee71830: ;   {static_stub}
  0x0000020ceee71830: ffff ff48 | bb00 0000 | 0000 0000 

  0x0000020ceee7183c: ;   {runtime_call nmethod}
  0x0000020ceee7183c: 00e9 fbff 

  0x0000020ceee71840: ;   {static_stub}
  0x0000020ceee71840: ffff 48bb | 0000 0000 | 0000 0000 

  0x0000020ceee7184c: ;   {runtime_call nmethod}
  0x0000020ceee7184c: e9fb ffff 

  0x0000020ceee71850: ;   {static_stub}
  0x0000020ceee71850: ff48 bb00 | 0000 0000 

  0x0000020ceee71858: ;   {runtime_call nmethod}
  0x0000020ceee71858: 0000 00e9 | fbff ffff 

  0x0000020ceee71860: ;   {static_stub}
  0x0000020ceee71860: 48bb 0000 | 0000 0000 

  0x0000020ceee71868: ;   {runtime_call nmethod}
  0x0000020ceee71868: 0000 e9fb 

  0x0000020ceee7186c: ;   {static_stub}
  0x0000020ceee7186c: ffff ff48 | bb00 0000 | 0000 0000 

  0x0000020ceee71878: ;   {runtime_call nmethod}
  0x0000020ceee71878: 00e9 fbff 

  0x0000020ceee7187c: ;   {static_stub}
  0x0000020ceee7187c: ffff 48bb | 0000 0000 | 0000 0000 

  0x0000020ceee71888: ;   {runtime_call nmethod}
  0x0000020ceee71888: e9fb ffff 

  0x0000020ceee7188c: ;   {static_stub}
  0x0000020ceee7188c: ff48 bb18 | 3481 c80c 

  0x0000020ceee71894: ;   {runtime_call I2C/C2I adapters}
  0x0000020ceee71894: 0200 00e9 | 68b8 f306 

  0x0000020ceee7189c: ;   {static_stub}
  0x0000020ceee7189c: 48bb 0000 | 0000 0000 

  0x0000020ceee718a4: ;   {runtime_call nmethod}
  0x0000020ceee718a4: 0000 e9fb 

  0x0000020ceee718a8: ;   {static_stub}
  0x0000020ceee718a8: ffff ff48 | bb00 0000 | 0000 0000 

  0x0000020ceee718b4: ;   {runtime_call nmethod}
  0x0000020ceee718b4: 00e9 fbff 

  0x0000020ceee718b8: ;   {runtime_call handle_exception_from_callee Runtime1 stub}
  0x0000020ceee718b8: ffff e841 

  0x0000020ceee718bc: ;   {external_word}
  0x0000020ceee718bc: 66e0 0648 | b990 7ff5 | 9df8 7f00 | 0048 83e4 

  0x0000020ceee718cc: ;   {runtime_call}
  0x0000020ceee718cc: f048 b8e0 | 44b8 9df8 | 7f00 00ff 

  0x0000020ceee718d8: ;   {section_word}
  0x0000020ceee718d8: d0f4 49ba | da18 e7ee | 0c02 0000 

  0x0000020ceee718e4: ;   {runtime_call DeoptimizationBlob}
  0x0000020ceee718e4: 4152 e9b5 | 30d4 06f4 | f4f4 f4f4 
[/MachCode]


---------------  P R O C E S S  ---------------

Threads class SMR info:
_java_thread_list=0x0000020cdbf104c0, length=43, elements={
0x0000020ceb53d760, 0x0000020c85837690, 0x0000020c858380e0, 0x0000020c858396a0,
0x0000020c8583a0f0, 0x0000020c8583ac70, 0x0000020c8583c6d0, 0x0000020c8584a510,
0x0000020c8585cfd0, 0x0000020c85861e70, 0x0000020cff6a77c0, 0x0000020c85b460c0,
0x0000020cce15adb0, 0x0000020ccd0920f0, 0x0000020ccda45ba0, 0x0000020ccd226040,
0x0000020ccdfcae20, 0x0000020cce1a9650, 0x0000020cd01e8910, 0x0000020cd01e8fa0,
0x0000020cd01e9630, 0x0000020cd01eb700, 0x0000020cd01ebd90, 0x0000020cd01ea9e0,
0x0000020cd01ea350, 0x0000020ccda99840, 0x0000020ccda9a560, 0x0000020ccda991b0,
0x0000020ccda9e070, 0x0000020ccda9b280, 0x0000020ccda9d9e0, 0x0000020ccda9d350,
0x0000020ccda9abf0, 0x0000020ccda9c630, 0x0000020ccda9e700, 0x0000020ccda9ed90,
0x0000020ccda9bfa0, 0x0000020ccda9fab0, 0x0000020ccda9f420, 0x0000020cdb1a43e0,
0x0000020cdb1a21d0, 0x0000020cdb1a5f20, 0x0000020ccd1adfb0
}

Java Threads: ( => current thread )
=>0x0000020ceb53d760 JavaThread "main"                              [_thread_in_native, id=38712, stack(0x0000005ff3490000,0x0000005ff3590000) (1024K)]
  0x0000020c85837690 JavaThread "Reference Handler"          daemon [_thread_blocked, id=35344, stack(0x0000005ff4200000,0x0000005ff4300000) (1024K)]
  0x0000020c858380e0 JavaThread "Finalizer"                  daemon [_thread_blocked, id=39240, stack(0x0000005ff4300000,0x0000005ff4400000) (1024K)]
  0x0000020c858396a0 JavaThread "Signal Dispatcher"          daemon [_thread_blocked, id=39340, stack(0x0000005ff4400000,0x0000005ff4500000) (1024K)]
  0x0000020c8583a0f0 JavaThread "Attach Listener"            daemon [_thread_blocked, id=38648, stack(0x0000005ff4500000,0x0000005ff4600000) (1024K)]
  0x0000020c8583ac70 JavaThread "Service Thread"             daemon [_thread_blocked, id=36316, stack(0x0000005ff4600000,0x0000005ff4700000) (1024K)]
  0x0000020c8583c6d0 JavaThread "Monitor Deflation Thread"   daemon [_thread_blocked, id=8704, stack(0x0000005ff4700000,0x0000005ff4800000) (1024K)]
  0x0000020c8584a510 JavaThread "C2 CompilerThread0"         daemon [_thread_blocked, id=10060, stack(0x0000005ff4800000,0x0000005ff4900000) (1024K)]
  0x0000020c8585cfd0 JavaThread "C1 CompilerThread0"         daemon [_thread_blocked, id=41220, stack(0x0000005ff4900000,0x0000005ff4a00000) (1024K)]
  0x0000020c85861e70 JavaThread "StringDedupThread"          daemon [_thread_blocked, id=40380, stack(0x0000005ff4a00000,0x0000005ff4b00000) (1024K)]
  0x0000020cff6a77c0 JavaThread "Common-Cleaner"             daemon [_thread_blocked, id=35876, stack(0x0000005ff4d00000,0x0000005ff4e00000) (1024K)]
  0x0000020c85b460c0 JavaThread "Notification Thread"        daemon [_thread_blocked, id=40660, stack(0x0000005ff4f00000,0x0000005ff5000000) (1024K)]
  0x0000020cce15adb0 JavaThread "Active Thread: Equinox Container: f9543a75-daa5-4c95-9b12-d646ba03ba78"        [_thread_blocked, id=41172, stack(0x0000005ff6c00000,0x0000005ff6d00000) (1024K)]
  0x0000020ccd0920f0 JavaThread "Framework Event Dispatcher: Equinox Container: f9543a75-daa5-4c95-9b12-d646ba03ba78" daemon [_thread_blocked, id=10764, stack(0x0000005ff6d00000,0x0000005ff6e00000) (1024K)]
  0x0000020ccda45ba0 JavaThread "Start Level: Equinox Container: f9543a75-daa5-4c95-9b12-d646ba03ba78" daemon [_thread_blocked, id=39844, stack(0x0000005ff6e00000,0x0000005ff6f00000) (1024K)]
  0x0000020ccd226040 JavaThread "Bundle File Closer"         daemon [_thread_blocked, id=36268, stack(0x0000005ff7100000,0x0000005ff7200000) (1024K)]
  0x0000020ccdfcae20 JavaThread "SCR Component Actor"        daemon [_thread_blocked, id=41704, stack(0x0000005ff7200000,0x0000005ff7300000) (1024K)]
  0x0000020cce1a9650 JavaThread "SCR Component Registry"     daemon [_thread_blocked, id=29456, stack(0x0000005ff7300000,0x0000005ff7400000) (1024K)]
  0x0000020cd01e8910 JavaThread "EMF Reference Cleaner"      daemon [_thread_blocked, id=25280, stack(0x0000005ff7400000,0x0000005ff7500000) (1024K)]
  0x0000020cd01e8fa0 JavaThread "Gogo shell"                        [_thread_blocked, id=37724, stack(0x0000005ff7500000,0x0000005ff7600000) (1024K)]
  0x0000020cd01e9630 JavaThread "Worker-JM"                         [_thread_blocked, id=20552, stack(0x0000005ff7600000,0x0000005ff7700000) (1024K)]
  0x0000020cd01eb700 JavaThread "FileSystemWatchService"     daemon [_thread_in_native, id=41376, stack(0x0000005ff7b00000,0x0000005ff7c00000) (1024K)]
  0x0000020cd01ebd90 JavaThread "Thread-3"                          [_thread_blocked, id=36696, stack(0x0000005ff7c00000,0x0000005ff7d00000) (1024K)]
  0x0000020cd01ea9e0 JavaThread "Worker-0"                          [_thread_blocked, id=8944, stack(0x0000005ff7e00000,0x0000005ff7f00000) (1024K)]
  0x0000020cd01ea350 JavaThread "Java2D Disposer"            daemon [_thread_blocked, id=9228, stack(0x0000005ff5900000,0x0000005ff5a00000) (1024K)]
  0x0000020ccda99840 JavaThread "StandaloneQueueProcessor"   daemon [_thread_blocked, id=14664, stack(0x0000005ff5500000,0x0000005ff5600000) (1024K)]
  0x0000020ccda9a560 JavaThread "AWT-Windows"                daemon [_thread_in_native, id=40888, stack(0x0000005ff5800000,0x0000005ff5900000) (1024K)]
  0x0000020ccda991b0 JavaThread "Worker-1"                          [_thread_blocked, id=23612, stack(0x0000005ff5600000,0x0000005ff5700000) (1024K)]
  0x0000020ccda9e070 JavaThread "EventAdmin Async Event Dispatcher Thread" daemon [_thread_blocked, id=40112, stack(0x0000005ff6b00000,0x0000005ff6c00000) (1024K)]
  0x0000020ccda9b280 JavaThread "Worker-2"                          [_thread_blocked, id=34316, stack(0x0000005ff7f00000,0x0000005ff8000000) (1024K)]
  0x0000020ccda9d9e0 JavaThread "pool-2-thread-1"                   [_thread_blocked, id=33364, stack(0x0000005ff8000000,0x0000005ff8100000) (1024K)]
  0x0000020ccda9d350 JavaThread "pool-3-thread-1"                   [_thread_blocked, id=37328, stack(0x0000005ff8100000,0x0000005ff8200000) (1024K)]
  0x0000020ccda9abf0 JavaThread "JNA Cleaner"                daemon [_thread_blocked, id=36528, stack(0x0000005ff5700000,0x0000005ff5800000) (1024K)]
  0x0000020ccda9c630 JavaThread "Worker-3"                          [_thread_blocked, id=6764, stack(0x0000005ff8400000,0x0000005ff8500000) (1024K)]
  0x0000020ccda9e700 JavaThread "Worker-4"                          [_thread_blocked, id=27480, stack(0x0000005ff8500000,0x0000005ff8600000) (1024K)]
  0x0000020ccda9ed90 JavaThread "Worker-5"                          [_thread_blocked, id=38932, stack(0x0000005ff8600000,0x0000005ff8700000) (1024K)]
  0x0000020ccda9bfa0 JavaThread "Worker-6"                          [_thread_blocked, id=38248, stack(0x0000005ff8200000,0x0000005ff8300000) (1024K)]
  0x0000020ccda9fab0 JavaThread "Worker-7"                          [_thread_blocked, id=38556, stack(0x0000005ff8300000,0x0000005ff8400000) (1024K)]
  0x0000020ccda9f420 JavaThread "Keep-Alive-Timer"           daemon [_thread_blocked, id=38000, stack(0x0000005ff9000000,0x0000005ff9100000) (1024K)]
  0x0000020cdb1a43e0 JavaThread "C2 CompilerThread1"         daemon [_thread_blocked, id=41008, stack(0x0000005ff4b00000,0x0000005ff4c00000) (1024K)]
  0x0000020cdb1a21d0 JavaThread "C1 CompilerThread1"         daemon [_thread_blocked, id=41348, stack(0x0000005ff4c00000,0x0000005ff4d00000) (1024K)]
  0x0000020cdb1a5f20 JavaThread "C2 CompilerThread2"         daemon [_thread_blocked, id=36616, stack(0x0000005ff4e00000,0x0000005ff4f00000) (1024K)]
  0x0000020ccd1adfb0 JavaThread "chromium-EDT"               daemon [_thread_blocked, id=20456, stack(0x0000005ff8c00000,0x0000005ff8d00000) (1024K)]
Total: 43

Other Threads:
  0x0000020cff6ba860 VMThread "VM Thread"                           [id=7268, stack(0x0000005ff4100000,0x0000005ff4200000) (1024K)]
  0x0000020c857f0fa0 WatcherThread "VM Periodic Task Thread"        [id=39776, stack(0x0000005ff4000000,0x0000005ff4100000) (1024K)]
  0x0000020ceb58f8a0 WorkerThread "GC Thread#0"                     [id=38916, stack(0x0000005ff3b00000,0x0000005ff3c00000) (1024K)]
  0x0000020ccb693560 WorkerThread "GC Thread#1"                     [id=38676, stack(0x0000005ff5a00000,0x0000005ff5b00000) (1024K)]
  0x0000020ccc448f60 WorkerThread "GC Thread#2"                     [id=5556, stack(0x0000005ff5b00000,0x0000005ff5c00000) (1024K)]
  0x0000020ccc53db70 WorkerThread "GC Thread#3"                     [id=12172, stack(0x0000005ff5c00000,0x0000005ff5d00000) (1024K)]
  0x0000020ccc5eeb50 WorkerThread "GC Thread#4"                     [id=41188, stack(0x0000005ff5d00000,0x0000005ff5e00000) (1024K)]
  0x0000020ccc5eeef0 WorkerThread "GC Thread#5"                     [id=41308, stack(0x0000005ff5e00000,0x0000005ff5f00000) (1024K)]
  0x0000020ccb7e6e40 WorkerThread "GC Thread#6"                     [id=39184, stack(0x0000005ff5f00000,0x0000005ff6000000) (1024K)]
  0x0000020ccb7e71e0 WorkerThread "GC Thread#7"                     [id=40096, stack(0x0000005ff6000000,0x0000005ff6100000) (1024K)]
  0x0000020ccb7e6aa0 WorkerThread "GC Thread#8"                     [id=5280, stack(0x0000005ff6100000,0x0000005ff6200000) (1024K)]
  0x0000020ccb7e8400 WorkerThread "GC Thread#9"                     [id=39244, stack(0x0000005ff6200000,0x0000005ff6300000) (1024K)]
  0x0000020ccb7e7580 WorkerThread "GC Thread#10"                    [id=40780, stack(0x0000005ff6300000,0x0000005ff6400000) (1024K)]
  0x0000020ccb7e7920 WorkerThread "GC Thread#11"                    [id=37964, stack(0x0000005ff6400000,0x0000005ff6500000) (1024K)]
  0x0000020ccb7e7cc0 WorkerThread "GC Thread#12"                    [id=37632, stack(0x0000005ff6500000,0x0000005ff6600000) (1024K)]
  0x0000020ccb7e8060 WorkerThread "GC Thread#13"                    [id=37972, stack(0x0000005ff6600000,0x0000005ff6700000) (1024K)]
  0x0000020ccc76ed90 WorkerThread "GC Thread#14"                    [id=41120, stack(0x0000005ff6700000,0x0000005ff6800000) (1024K)]
  0x0000020ccc76ffb0 WorkerThread "GC Thread#15"                    [id=41496, stack(0x0000005ff6800000,0x0000005ff6900000) (1024K)]
  0x0000020ccc7706f0 WorkerThread "GC Thread#16"                    [id=22584, stack(0x0000005ff6900000,0x0000005ff6a00000) (1024K)]
  0x0000020ccc771910 WorkerThread "GC Thread#17"                    [id=39836, stack(0x0000005ff6a00000,0x0000005ff6b00000) (1024K)]
  0x0000020ceb59c880 ConcurrentGCThread "G1 Main Marker"            [id=36896, stack(0x0000005ff3c00000,0x0000005ff3d00000) (1024K)]
  0x0000020ceb59e200 WorkerThread "G1 Conc#0"                       [id=18520, stack(0x0000005ff3d00000,0x0000005ff3e00000) (1024K)]
  0x0000020ccc76f4d0 WorkerThread "G1 Conc#1"                       [id=19572, stack(0x0000005ff7700000,0x0000005ff7800000) (1024K)]
  0x0000020ccc771570 WorkerThread "G1 Conc#2"                       [id=37160, stack(0x0000005ff7800000,0x0000005ff7900000) (1024K)]
  0x0000020ccc7723f0 WorkerThread "G1 Conc#3"                       [id=41204, stack(0x0000005ff7900000,0x0000005ff7a00000) (1024K)]
  0x0000020ccc76f130 WorkerThread "G1 Conc#4"                       [id=40468, stack(0x0000005ff7a00000,0x0000005ff7b00000) (1024K)]
  0x0000020cff5fb600 ConcurrentGCThread "G1 Refine#0"               [id=25244, stack(0x0000005ff3e00000,0x0000005ff3f00000) (1024K)]
  0x0000020cff5fbc20 ConcurrentGCThread "G1 Service"                [id=41700, stack(0x0000005ff3f00000,0x0000005ff4000000) (1024K)]
Total: 28

Threads with active compile tasks:
Total: 0

VM state: not at safepoint (normal execution)

VM Mutex/Monitor currently owned by a thread: None

Heap address: 0x0000000740000000, size: 3072 MB, Compressed Oops mode: Zero based, Oop shift amount: 3

CDS archive(s) mapped at: [0x0000020c86000000-0x0000020c86ba0000-0x0000020c86ba0000), size 12189696, SharedBaseAddress: 0x0000020c86000000, ArchiveRelocationMode: 1.
Compressed class space mapped at: 0x0000020c87000000-0x0000020cc7000000, reserved size: 1073741824
Narrow klass base: 0x0000020c86000000, Narrow klass shift: 0, Narrow klass range: 0x100000000

GC Precious Log:
 CardTable entry size: 512
 Card Set container configuration: InlinePtr #cards 4 size 8 Array Of Cards #cards 16 size 48 Howl #buckets 8 coarsen threshold 3686 Howl Bitmap #cards 512 size 80 coarsen threshold 460 Card regions per heap region 1 cards per card region 4096
 CPUs: 24 total, 24 available
 Memory: 16115M
 Large Page Support: Disabled
 NUMA Support: Disabled
 Compressed Oops: Enabled (Zero based)
 Heap Region Size: 2M
 Heap Min Capacity: 512M
 Heap Initial Capacity: 512M
 Heap Max Capacity: 3G
 Pre-touch: Disabled
 Parallel Workers: 18
 Concurrent Workers: 5
 Concurrent Refinement Workers: 18
 Periodic GC: Disabled
 String Deduplication is enabled

Heap:
 garbage-first heap   total 966656K, used 548595K [0x0000000740000000, 0x0000000800000000)
  region size 2048K, 57 young (116736K), 8 survivors (16384K)
 Metaspace       used 76200K, committed 78720K, reserved 1179648K
  class space    used 8720K, committed 9664K, reserved 1048576K

Heap Regions: E=young(eden), S=young(survivor), O=old, HS=humongous(starts), HC=humongous(continues), CS=collection set, F=free, TAMS=top-at-mark-start, PB=parsable bottom
|   0|0x0000000740000000, 0x0000000740200000, 0x0000000740200000|100%| O|  |TAMS 0x0000000740000000| PB 0x0000000740000000| Untracked 
|   1|0x0000000740200000, 0x0000000740400000, 0x0000000740400000|100%| O|  |TAMS 0x0000000740200000| PB 0x0000000740200000| Untracked 
|   2|0x0000000740400000, 0x0000000740600000, 0x0000000740600000|100%| O|  |TAMS 0x0000000740400000| PB 0x0000000740400000| Untracked 
|   3|0x0000000740600000, 0x0000000740800000, 0x0000000740800000|100%| O|  |TAMS 0x0000000740600000| PB 0x0000000740600000| Untracked 
|   4|0x0000000740800000, 0x0000000740a00000, 0x0000000740a00000|100%| O|  |TAMS 0x0000000740800000| PB 0x0000000740800000| Untracked 
|   5|0x0000000740a00000, 0x0000000740c00000, 0x0000000740c00000|100%| O|  |TAMS 0x0000000740a00000| PB 0x0000000740a00000| Untracked 
|   6|0x0000000740c00000, 0x0000000740e00000, 0x0000000740e00000|100%| O|  |TAMS 0x0000000740c00000| PB 0x0000000740c00000| Untracked 
|   7|0x0000000740e00000, 0x0000000741000000, 0x0000000741000000|100%| O|  |TAMS 0x0000000740e00000| PB 0x0000000740e00000| Untracked 
|   8|0x0000000741000000, 0x0000000741200000, 0x0000000741200000|100%| O|  |TAMS 0x0000000741000000| PB 0x0000000741000000| Untracked 
|   9|0x0000000741200000, 0x0000000741400000, 0x0000000741400000|100%| O|  |TAMS 0x0000000741200000| PB 0x0000000741200000| Untracked 
|  10|0x0000000741400000, 0x0000000741600000, 0x0000000741600000|100%| O|  |TAMS 0x0000000741400000| PB 0x0000000741400000| Untracked 
|  11|0x0000000741600000, 0x0000000741800000, 0x0000000741800000|100%| O|  |TAMS 0x0000000741600000| PB 0x0000000741600000| Untracked 
|  12|0x0000000741800000, 0x0000000741a00000, 0x0000000741a00000|100%| O|  |TAMS 0x0000000741800000| PB 0x0000000741800000| Untracked 
|  13|0x0000000741a00000, 0x0000000741c00000, 0x0000000741c00000|100%| O|  |TAMS 0x0000000741a00000| PB 0x0000000741a00000| Untracked 
|  14|0x0000000741c00000, 0x0000000741e00000, 0x0000000741e00000|100%| O|  |TAMS 0x0000000741c00000| PB 0x0000000741c00000| Untracked 
|  15|0x0000000741e00000, 0x0000000742000000, 0x0000000742000000|100%| O|  |TAMS 0x0000000741e00000| PB 0x0000000741e00000| Untracked 
|  16|0x0000000742000000, 0x0000000742200000, 0x0000000742200000|100%| O|  |TAMS 0x0000000742000000| PB 0x0000000742000000| Untracked 
|  17|0x0000000742200000, 0x0000000742400000, 0x0000000742400000|100%| O|  |TAMS 0x0000000742200000| PB 0x0000000742200000| Untracked 
|  18|0x0000000742400000, 0x0000000742600000, 0x0000000742600000|100%| O|  |TAMS 0x0000000742400000| PB 0x0000000742400000| Untracked 
|  19|0x0000000742600000, 0x0000000742800000, 0x0000000742800000|100%| O|  |TAMS 0x0000000742600000| PB 0x0000000742600000| Untracked 
|  20|0x0000000742800000, 0x0000000742a00000, 0x0000000742a00000|100%| O|  |TAMS 0x0000000742800000| PB 0x0000000742800000| Untracked 
|  21|0x0000000742a00000, 0x0000000742c00000, 0x0000000742c00000|100%| O|  |TAMS 0x0000000742a00000| PB 0x0000000742a00000| Untracked 
|  22|0x0000000742c00000, 0x0000000742e00000, 0x0000000742e00000|100%| O|  |TAMS 0x0000000742c00000| PB 0x0000000742c00000| Untracked 
|  23|0x0000000742e00000, 0x0000000743000000, 0x0000000743000000|100%| O|  |TAMS 0x0000000742e00000| PB 0x0000000742e00000| Untracked 
|  24|0x0000000743000000, 0x0000000743200000, 0x0000000743200000|100%| O|  |TAMS 0x0000000743000000| PB 0x0000000743000000| Untracked 
|  25|0x0000000743200000, 0x0000000743400000, 0x0000000743400000|100%| O|  |TAMS 0x0000000743200000| PB 0x0000000743200000| Untracked 
|  26|0x0000000743400000, 0x0000000743600000, 0x0000000743600000|100%| O|  |TAMS 0x0000000743400000| PB 0x0000000743400000| Untracked 
|  27|0x0000000743600000, 0x0000000743800000, 0x0000000743800000|100%| O|  |TAMS 0x0000000743600000| PB 0x0000000743600000| Untracked 
|  28|0x0000000743800000, 0x0000000743a00000, 0x0000000743a00000|100%| O|  |TAMS 0x0000000743800000| PB 0x0000000743800000| Untracked 
|  29|0x0000000743a00000, 0x0000000743c00000, 0x0000000743c00000|100%| O|  |TAMS 0x0000000743a00000| PB 0x0000000743a00000| Untracked 
|  30|0x0000000743c00000, 0x0000000743e00000, 0x0000000743e00000|100%| O|  |TAMS 0x0000000743c00000| PB 0x0000000743c00000| Untracked 
|  31|0x0000000743e00000, 0x0000000744000000, 0x0000000744000000|100%| O|  |TAMS 0x0000000743e00000| PB 0x0000000743e00000| Untracked 
|  32|0x0000000744000000, 0x0000000744200000, 0x0000000744200000|100%| O|  |TAMS 0x0000000744000000| PB 0x0000000744000000| Untracked 
|  33|0x0000000744200000, 0x0000000744400000, 0x0000000744400000|100%| O|  |TAMS 0x0000000744200000| PB 0x0000000744200000| Untracked 
|  34|0x0000000744400000, 0x0000000744600000, 0x0000000744600000|100%| O|  |TAMS 0x0000000744400000| PB 0x0000000744400000| Untracked 
|  35|0x0000000744600000, 0x0000000744800000, 0x0000000744800000|100%| O|  |TAMS 0x0000000744600000| PB 0x0000000744600000| Untracked 
|  36|0x0000000744800000, 0x0000000744a00000, 0x0000000744a00000|100%| O|  |TAMS 0x0000000744800000| PB 0x0000000744800000| Untracked 
|  37|0x0000000744a00000, 0x0000000744c00000, 0x0000000744c00000|100%| O|  |TAMS 0x0000000744a00000| PB 0x0000000744a00000| Untracked 
|  38|0x0000000744c00000, 0x0000000744e00000, 0x0000000744e00000|100%| O|  |TAMS 0x0000000744c00000| PB 0x0000000744c00000| Untracked 
|  39|0x0000000744e00000, 0x0000000745000000, 0x0000000745000000|100%| O|  |TAMS 0x0000000744e00000| PB 0x0000000744e00000| Untracked 
|  40|0x0000000745000000, 0x0000000745200000, 0x0000000745200000|100%| O|  |TAMS 0x0000000745000000| PB 0x0000000745000000| Untracked 
|  41|0x0000000745200000, 0x0000000745400000, 0x0000000745400000|100%| O|  |TAMS 0x0000000745200000| PB 0x0000000745200000| Untracked 
|  42|0x0000000745400000, 0x0000000745600000, 0x0000000745600000|100%| O|  |TAMS 0x0000000745400000| PB 0x0000000745400000| Untracked 
|  43|0x0000000745600000, 0x0000000745800000, 0x0000000745800000|100%| O|  |TAMS 0x0000000745600000| PB 0x0000000745600000| Untracked 
|  44|0x0000000745800000, 0x0000000745a00000, 0x0000000745a00000|100%| O|  |TAMS 0x0000000745800000| PB 0x0000000745800000| Untracked 
|  45|0x0000000745a00000, 0x0000000745c00000, 0x0000000745c00000|100%| O|  |TAMS 0x0000000745a00000| PB 0x0000000745a00000| Untracked 
|  46|0x0000000745c00000, 0x0000000745e00000, 0x0000000745e00000|100%| O|  |TAMS 0x0000000745c00000| PB 0x0000000745c00000| Untracked 
|  47|0x0000000745e00000, 0x0000000745e00000, 0x0000000746000000|  0%| F|  |TAMS 0x0000000745e00000| PB 0x0000000745e00000| Untracked 
|  48|0x0000000746000000, 0x0000000746200000, 0x0000000746200000|100%| O|  |TAMS 0x0000000746000000| PB 0x0000000746000000| Untracked 
|  49|0x0000000746200000, 0x0000000746400000, 0x0000000746400000|100%| O|  |TAMS 0x0000000746200000| PB 0x0000000746200000| Untracked 
|  50|0x0000000746400000, 0x0000000746600000, 0x0000000746600000|100%| O|  |TAMS 0x0000000746400000| PB 0x0000000746400000| Untracked 
|  51|0x0000000746600000, 0x0000000746800000, 0x0000000746800000|100%| O|  |TAMS 0x0000000746600000| PB 0x0000000746600000| Untracked 
|  52|0x0000000746800000, 0x0000000746800000, 0x0000000746a00000|  0%| F|  |TAMS 0x0000000746800000| PB 0x0000000746800000| Untracked 
|  53|0x0000000746a00000, 0x0000000746c00000, 0x0000000746c00000|100%| O|  |TAMS 0x0000000746a00000| PB 0x0000000746a00000| Untracked 
|  54|0x0000000746c00000, 0x0000000746e00000, 0x0000000746e00000|100%| O|  |TAMS 0x0000000746c00000| PB 0x0000000746c00000| Untracked 
|  55|0x0000000746e00000, 0x0000000747000000, 0x0000000747000000|100%| O|  |TAMS 0x0000000746e00000| PB 0x0000000746e00000| Untracked 
|  56|0x0000000747000000, 0x0000000747200000, 0x0000000747200000|100%| O|  |TAMS 0x0000000747000000| PB 0x0000000747000000| Untracked 
|  57|0x0000000747200000, 0x0000000747400000, 0x0000000747400000|100%| O|  |TAMS 0x0000000747200000| PB 0x0000000747200000| Untracked 
|  58|0x0000000747400000, 0x0000000747400000, 0x0000000747600000|  0%| F|  |TAMS 0x0000000747400000| PB 0x0000000747400000| Untracked 
|  59|0x0000000747600000, 0x0000000747600000, 0x0000000747800000|  0%| F|  |TAMS 0x0000000747600000| PB 0x0000000747600000| Untracked 
|  60|0x0000000747800000, 0x0000000747800000, 0x0000000747a00000|  0%| F|  |TAMS 0x0000000747800000| PB 0x0000000747800000| Untracked 
|  61|0x0000000747a00000, 0x0000000747a00000, 0x0000000747c00000|  0%| F|  |TAMS 0x0000000747a00000| PB 0x0000000747a00000| Untracked 
|  62|0x0000000747c00000, 0x0000000747c00000, 0x0000000747e00000|  0%| F|  |TAMS 0x0000000747c00000| PB 0x0000000747c00000| Untracked 
|  63|0x0000000747e00000, 0x0000000748000000, 0x0000000748000000|100%| O|  |TAMS 0x0000000747e00000| PB 0x0000000747e00000| Untracked 
|  64|0x0000000748000000, 0x0000000748200000, 0x0000000748200000|100%| O|  |TAMS 0x0000000748000000| PB 0x0000000748000000| Untracked 
|  65|0x0000000748200000, 0x0000000748400000, 0x0000000748400000|100%| O|  |TAMS 0x0000000748200000| PB 0x0000000748200000| Untracked 
|  66|0x0000000748400000, 0x0000000748600000, 0x0000000748600000|100%| O|  |TAMS 0x0000000748400000| PB 0x0000000748400000| Untracked 
|  67|0x0000000748600000, 0x0000000748800000, 0x0000000748800000|100%| O|  |TAMS 0x0000000748600000| PB 0x0000000748600000| Untracked 
|  68|0x0000000748800000, 0x0000000748a00000, 0x0000000748a00000|100%| O|  |TAMS 0x0000000748800000| PB 0x0000000748800000| Untracked 
|  69|0x0000000748a00000, 0x0000000748c00000, 0x0000000748c00000|100%| O|  |TAMS 0x0000000748a00000| PB 0x0000000748a00000| Untracked 
|  70|0x0000000748c00000, 0x0000000748e00000, 0x0000000748e00000|100%| O|  |TAMS 0x0000000748c00000| PB 0x0000000748c00000| Untracked 
|  71|0x0000000748e00000, 0x0000000749000000, 0x0000000749000000|100%| O|  |TAMS 0x0000000748e00000| PB 0x0000000748e00000| Untracked 
|  72|0x0000000749000000, 0x0000000749200000, 0x0000000749200000|100%| O|  |TAMS 0x0000000749000000| PB 0x0000000749000000| Untracked 
|  73|0x0000000749200000, 0x0000000749400000, 0x0000000749400000|100%| O|  |TAMS 0x0000000749200000| PB 0x0000000749200000| Untracked 
|  74|0x0000000749400000, 0x0000000749600000, 0x0000000749600000|100%| O|  |TAMS 0x0000000749400000| PB 0x0000000749400000| Untracked 
|  75|0x0000000749600000, 0x0000000749800000, 0x0000000749800000|100%| O|  |TAMS 0x0000000749600000| PB 0x0000000749600000| Untracked 
|  76|0x0000000749800000, 0x0000000749a00000, 0x0000000749a00000|100%| O|  |TAMS 0x0000000749800000| PB 0x0000000749800000| Untracked 
|  77|0x0000000749a00000, 0x0000000749c00000, 0x0000000749c00000|100%| O|  |TAMS 0x0000000749a00000| PB 0x0000000749a00000| Untracked 
|  78|0x0000000749c00000, 0x0000000749e00000, 0x0000000749e00000|100%| O|  |TAMS 0x0000000749c00000| PB 0x0000000749c00000| Untracked 
|  79|0x0000000749e00000, 0x000000074a000000, 0x000000074a000000|100%| O|  |TAMS 0x0000000749e00000| PB 0x0000000749e00000| Untracked 
|  80|0x000000074a000000, 0x000000074a200000, 0x000000074a200000|100%| O|Cm|TAMS 0x000000074a000000| PB 0x000000074a000000| Complete 
|  81|0x000000074a200000, 0x000000074a400000, 0x000000074a400000|100%| O|  |TAMS 0x000000074a200000| PB 0x000000074a200000| Untracked 
|  82|0x000000074a400000, 0x000000074a600000, 0x000000074a600000|100%| O|  |TAMS 0x000000074a400000| PB 0x000000074a400000| Untracked 
|  83|0x000000074a600000, 0x000000074a800000, 0x000000074a800000|100%| O|  |TAMS 0x000000074a600000| PB 0x000000074a600000| Untracked 
|  84|0x000000074a800000, 0x000000074aa00000, 0x000000074aa00000|100%| O|  |TAMS 0x000000074a800000| PB 0x000000074a800000| Untracked 
|  85|0x000000074aa00000, 0x000000074ac00000, 0x000000074ac00000|100%| O|  |TAMS 0x000000074aa00000| PB 0x000000074aa00000| Untracked 
|  86|0x000000074ac00000, 0x000000074ae00000, 0x000000074ae00000|100%| O|  |TAMS 0x000000074ac00000| PB 0x000000074ac00000| Untracked 
|  87|0x000000074ae00000, 0x000000074b000000, 0x000000074b000000|100%| O|  |TAMS 0x000000074ae00000| PB 0x000000074ae00000| Untracked 
|  88|0x000000074b000000, 0x000000074b200000, 0x000000074b200000|100%| O|  |TAMS 0x000000074b000000| PB 0x000000074b000000| Untracked 
|  89|0x000000074b200000, 0x000000074b400000, 0x000000074b400000|100%| O|  |TAMS 0x000000074b200000| PB 0x000000074b200000| Untracked 
|  90|0x000000074b400000, 0x000000074b600000, 0x000000074b600000|100%| O|  |TAMS 0x000000074b400000| PB 0x000000074b400000| Untracked 
|  91|0x000000074b600000, 0x000000074b800000, 0x000000074b800000|100%| O|  |TAMS 0x000000074b600000| PB 0x000000074b600000| Untracked 
|  92|0x000000074b800000, 0x000000074ba00000, 0x000000074ba00000|100%| O|  |TAMS 0x000000074b800000| PB 0x000000074b800000| Untracked 
|  93|0x000000074ba00000, 0x000000074bc00000, 0x000000074bc00000|100%| O|  |TAMS 0x000000074ba00000| PB 0x000000074ba00000| Untracked 
|  94|0x000000074bc00000, 0x000000074be00000, 0x000000074be00000|100%| O|  |TAMS 0x000000074bc00000| PB 0x000000074bc00000| Untracked 
|  95|0x000000074be00000, 0x000000074c000000, 0x000000074c000000|100%| O|  |TAMS 0x000000074be00000| PB 0x000000074be00000| Untracked 
|  96|0x000000074c000000, 0x000000074c200000, 0x000000074c200000|100%| O|Cm|TAMS 0x000000074c000000| PB 0x000000074c000000| Complete 
|  97|0x000000074c200000, 0x000000074c400000, 0x000000074c400000|100%| O|Cm|TAMS 0x000000074c200000| PB 0x000000074c200000| Complete 
|  98|0x000000074c400000, 0x000000074c400000, 0x000000074c600000|  0%| F|  |TAMS 0x000000074c400000| PB 0x000000074c400000| Untracked 
|  99|0x000000074c600000, 0x000000074c600000, 0x000000074c800000|  0%| F|  |TAMS 0x000000074c600000| PB 0x000000074c600000| Untracked 
| 100|0x000000074c800000, 0x000000074ca00000, 0x000000074ca00000|100%| O|  |TAMS 0x000000074c800000| PB 0x000000074c800000| Untracked 
| 101|0x000000074ca00000, 0x000000074ca00000, 0x000000074cc00000|  0%| F|  |TAMS 0x000000074ca00000| PB 0x000000074ca00000| Untracked 
| 102|0x000000074cc00000, 0x000000074cc00000, 0x000000074ce00000|  0%| F|  |TAMS 0x000000074cc00000| PB 0x000000074cc00000| Untracked 
| 103|0x000000074ce00000, 0x000000074d000000, 0x000000074d000000|100%| O|  |TAMS 0x000000074ce00000| PB 0x000000074ce00000| Untracked 
| 104|0x000000074d000000, 0x000000074d000000, 0x000000074d200000|  0%| F|  |TAMS 0x000000074d000000| PB 0x000000074d000000| Untracked 
| 105|0x000000074d200000, 0x000000074d400000, 0x000000074d400000|100%| O|  |TAMS 0x000000074d200000| PB 0x000000074d200000| Untracked 
| 106|0x000000074d400000, 0x000000074d600000, 0x000000074d600000|100%| O|  |TAMS 0x000000074d400000| PB 0x000000074d400000| Untracked 
| 107|0x000000074d600000, 0x000000074d800000, 0x000000074d800000|100%| O|  |TAMS 0x000000074d600000| PB 0x000000074d600000| Untracked 
| 108|0x000000074d800000, 0x000000074da00000, 0x000000074da00000|100%| O|  |TAMS 0x000000074d800000| PB 0x000000074d800000| Untracked 
| 109|0x000000074da00000, 0x000000074dc00000, 0x000000074dc00000|100%| O|  |TAMS 0x000000074da00000| PB 0x000000074da00000| Untracked 
| 110|0x000000074dc00000, 0x000000074de00000, 0x000000074de00000|100%| O|  |TAMS 0x000000074dc00000| PB 0x000000074dc00000| Untracked 
| 111|0x000000074de00000, 0x000000074e000000, 0x000000074e000000|100%| O|  |TAMS 0x000000074de00000| PB 0x000000074de00000| Untracked 
| 112|0x000000074e000000, 0x000000074e200000, 0x000000074e200000|100%| O|  |TAMS 0x000000074e000000| PB 0x000000074e000000| Untracked 
| 113|0x000000074e200000, 0x000000074e400000, 0x000000074e400000|100%| O|  |TAMS 0x000000074e200000| PB 0x000000074e200000| Untracked 
| 114|0x000000074e400000, 0x000000074e600000, 0x000000074e600000|100%| O|  |TAMS 0x000000074e400000| PB 0x000000074e400000| Untracked 
| 115|0x000000074e600000, 0x000000074e600000, 0x000000074e800000|  0%| F|  |TAMS 0x000000074e600000| PB 0x000000074e600000| Untracked 
| 116|0x000000074e800000, 0x000000074e800000, 0x000000074ea00000|  0%| F|  |TAMS 0x000000074e800000| PB 0x000000074e800000| Untracked 
| 117|0x000000074ea00000, 0x000000074ec00000, 0x000000074ec00000|100%| O|Cm|TAMS 0x000000074ea00000| PB 0x000000074ea00000| Complete 
| 118|0x000000074ec00000, 0x000000074ee00000, 0x000000074ee00000|100%| O|  |TAMS 0x000000074ec00000| PB 0x000000074ec00000| Untracked 
| 119|0x000000074ee00000, 0x000000074ee00000, 0x000000074f000000|  0%| F|  |TAMS 0x000000074ee00000| PB 0x000000074ee00000| Untracked 
| 120|0x000000074f000000, 0x000000074f200000, 0x000000074f200000|100%| O|  |TAMS 0x000000074f000000| PB 0x000000074f000000| Untracked 
| 121|0x000000074f200000, 0x000000074f400000, 0x000000074f400000|100%| O|Cm|TAMS 0x000000074f200000| PB 0x000000074f200000| Complete 
| 122|0x000000074f400000, 0x000000074f600000, 0x000000074f600000|100%| O|  |TAMS 0x000000074f400000| PB 0x000000074f400000| Untracked 
| 123|0x000000074f600000, 0x000000074f800000, 0x000000074f800000|100%| O|Cm|TAMS 0x000000074f600000| PB 0x000000074f600000| Complete 
| 124|0x000000074f800000, 0x000000074fa00000, 0x000000074fa00000|100%| O|  |TAMS 0x000000074f800000| PB 0x000000074f800000| Untracked 
| 125|0x000000074fa00000, 0x000000074fc00000, 0x000000074fc00000|100%| O|  |TAMS 0x000000074fa00000| PB 0x000000074fa00000| Untracked 
| 126|0x000000074fc00000, 0x000000074fe00000, 0x000000074fe00000|100%| O|  |TAMS 0x000000074fc00000| PB 0x000000074fc00000| Untracked 
| 127|0x000000074fe00000, 0x0000000750000000, 0x0000000750000000|100%| O|  |TAMS 0x000000074fe00000| PB 0x000000074fe00000| Untracked 
| 128|0x0000000750000000, 0x0000000750000000, 0x0000000750200000|  0%| F|  |TAMS 0x0000000750000000| PB 0x0000000750000000| Untracked 
| 129|0x0000000750200000, 0x0000000750400000, 0x0000000750400000|100%| O|Cm|TAMS 0x0000000750200000| PB 0x0000000750200000| Complete 
| 130|0x0000000750400000, 0x0000000750400000, 0x0000000750600000|  0%| F|  |TAMS 0x0000000750400000| PB 0x0000000750400000| Untracked 
| 131|0x0000000750600000, 0x0000000750600000, 0x0000000750800000|  0%| F|  |TAMS 0x0000000750600000| PB 0x0000000750600000| Untracked 
| 132|0x0000000750800000, 0x0000000750800000, 0x0000000750a00000|  0%| F|  |TAMS 0x0000000750800000| PB 0x0000000750800000| Untracked 
| 133|0x0000000750a00000, 0x0000000750a00000, 0x0000000750c00000|  0%| F|  |TAMS 0x0000000750a00000| PB 0x0000000750a00000| Untracked 
| 134|0x0000000750c00000, 0x0000000750c00000, 0x0000000750e00000|  0%| F|  |TAMS 0x0000000750c00000| PB 0x0000000750c00000| Untracked 
| 135|0x0000000750e00000, 0x0000000751000000, 0x0000000751000000|100%| O|  |TAMS 0x0000000750e00000| PB 0x0000000750e00000| Untracked 
| 136|0x0000000751000000, 0x0000000751200000, 0x0000000751200000|100%| O|  |TAMS 0x0000000751000000| PB 0x0000000751000000| Untracked 
| 137|0x0000000751200000, 0x0000000751400000, 0x0000000751400000|100%| O|  |TAMS 0x0000000751200000| PB 0x0000000751200000| Untracked 
| 138|0x0000000751400000, 0x0000000751600000, 0x0000000751600000|100%| O|  |TAMS 0x0000000751400000| PB 0x0000000751400000| Untracked 
| 139|0x0000000751600000, 0x0000000751800000, 0x0000000751800000|100%| O|  |TAMS 0x0000000751600000| PB 0x0000000751600000| Untracked 
| 140|0x0000000751800000, 0x0000000751a00000, 0x0000000751a00000|100%| O|  |TAMS 0x0000000751800000| PB 0x0000000751800000| Untracked 
| 141|0x0000000751a00000, 0x0000000751c00000, 0x0000000751c00000|100%| O|  |TAMS 0x0000000751a00000| PB 0x0000000751a00000| Untracked 
| 142|0x0000000751c00000, 0x0000000751e00000, 0x0000000751e00000|100%| O|  |TAMS 0x0000000751c00000| PB 0x0000000751c00000| Untracked 
| 143|0x0000000751e00000, 0x0000000752000000, 0x0000000752000000|100%| O|  |TAMS 0x0000000751e00000| PB 0x0000000751e00000| Untracked 
| 144|0x0000000752000000, 0x0000000752200000, 0x0000000752200000|100%| O|  |TAMS 0x0000000752000000| PB 0x0000000752000000| Untracked 
| 145|0x0000000752200000, 0x0000000752400000, 0x0000000752400000|100%| O|  |TAMS 0x0000000752200000| PB 0x0000000752200000| Untracked 
| 146|0x0000000752400000, 0x0000000752600000, 0x0000000752600000|100%| O|  |TAMS 0x0000000752400000| PB 0x0000000752400000| Untracked 
| 147|0x0000000752600000, 0x0000000752800000, 0x0000000752800000|100%| O|  |TAMS 0x0000000752600000| PB 0x0000000752600000| Untracked 
| 148|0x0000000752800000, 0x0000000752a00000, 0x0000000752a00000|100%| O|  |TAMS 0x0000000752800000| PB 0x0000000752800000| Untracked 
| 149|0x0000000752a00000, 0x0000000752c00000, 0x0000000752c00000|100%| O|  |TAMS 0x0000000752a00000| PB 0x0000000752a00000| Untracked 
| 150|0x0000000752c00000, 0x0000000752e00000, 0x0000000752e00000|100%| O|  |TAMS 0x0000000752c00000| PB 0x0000000752c00000| Untracked 
| 151|0x0000000752e00000, 0x0000000753000000, 0x0000000753000000|100%| O|  |TAMS 0x0000000752e00000| PB 0x0000000752e00000| Untracked 
| 152|0x0000000753000000, 0x0000000753200000, 0x0000000753200000|100%| O|  |TAMS 0x0000000753000000| PB 0x0000000753000000| Untracked 
| 153|0x0000000753200000, 0x0000000753200000, 0x0000000753400000|  0%| F|  |TAMS 0x0000000753200000| PB 0x0000000753200000| Untracked 
| 154|0x0000000753400000, 0x0000000753400000, 0x0000000753600000|  0%| F|  |TAMS 0x0000000753400000| PB 0x0000000753400000| Untracked 
| 155|0x0000000753600000, 0x0000000753800000, 0x0000000753800000|100%| O|  |TAMS 0x0000000753600000| PB 0x0000000753600000| Untracked 
| 156|0x0000000753800000, 0x0000000753a00000, 0x0000000753a00000|100%| O|  |TAMS 0x0000000753800000| PB 0x0000000753800000| Untracked 
| 157|0x0000000753a00000, 0x0000000753c00000, 0x0000000753c00000|100%| O|  |TAMS 0x0000000753a00000| PB 0x0000000753a00000| Untracked 
| 158|0x0000000753c00000, 0x0000000753e00000, 0x0000000753e00000|100%| O|  |TAMS 0x0000000753c00000| PB 0x0000000753c00000| Untracked 
| 159|0x0000000753e00000, 0x0000000754000000, 0x0000000754000000|100%| O|  |TAMS 0x0000000753e00000| PB 0x0000000753e00000| Untracked 
| 160|0x0000000754000000, 0x0000000754000000, 0x0000000754200000|  0%| F|  |TAMS 0x0000000754000000| PB 0x0000000754000000| Untracked 
| 161|0x0000000754200000, 0x0000000754400000, 0x0000000754400000|100%| O|  |TAMS 0x0000000754200000| PB 0x0000000754200000| Untracked 
| 162|0x0000000754400000, 0x0000000754600000, 0x0000000754600000|100%| O|  |TAMS 0x0000000754400000| PB 0x0000000754400000| Untracked 
| 163|0x0000000754600000, 0x0000000754800000, 0x0000000754800000|100%| O|  |TAMS 0x0000000754600000| PB 0x0000000754600000| Untracked 
| 164|0x0000000754800000, 0x0000000754a00000, 0x0000000754a00000|100%| O|  |TAMS 0x0000000754800000| PB 0x0000000754800000| Untracked 
| 165|0x0000000754a00000, 0x0000000754a00000, 0x0000000754c00000|  0%| F|  |TAMS 0x0000000754a00000| PB 0x0000000754a00000| Untracked 
| 166|0x0000000754c00000, 0x0000000754c00000, 0x0000000754e00000|  0%| F|  |TAMS 0x0000000754c00000| PB 0x0000000754c00000| Untracked 
| 167|0x0000000754e00000, 0x0000000754e00000, 0x0000000755000000|  0%| F|  |TAMS 0x0000000754e00000| PB 0x0000000754e00000| Untracked 
| 168|0x0000000755000000, 0x0000000755000000, 0x0000000755200000|  0%| F|  |TAMS 0x0000000755000000| PB 0x0000000755000000| Untracked 
| 169|0x0000000755200000, 0x0000000755200000, 0x0000000755400000|  0%| F|  |TAMS 0x0000000755200000| PB 0x0000000755200000| Untracked 
| 170|0x0000000755400000, 0x0000000755600000, 0x0000000755600000|100%| O|  |TAMS 0x0000000755400000| PB 0x0000000755400000| Untracked 
| 171|0x0000000755600000, 0x0000000755800000, 0x0000000755800000|100%| O|  |TAMS 0x0000000755600000| PB 0x0000000755600000| Untracked 
| 172|0x0000000755800000, 0x0000000755a00000, 0x0000000755a00000|100%| O|  |TAMS 0x0000000755800000| PB 0x0000000755800000| Untracked 
| 173|0x0000000755a00000, 0x0000000755c00000, 0x0000000755c00000|100%| O|  |TAMS 0x0000000755a00000| PB 0x0000000755a00000| Untracked 
| 174|0x0000000755c00000, 0x0000000755e00000, 0x0000000755e00000|100%| O|  |TAMS 0x0000000755c00000| PB 0x0000000755c00000| Untracked 
| 175|0x0000000755e00000, 0x0000000756000000, 0x0000000756000000|100%| O|  |TAMS 0x0000000755e00000| PB 0x0000000755e00000| Untracked 
| 176|0x0000000756000000, 0x0000000756200000, 0x0000000756200000|100%| O|  |TAMS 0x0000000756000000| PB 0x0000000756000000| Untracked 
| 177|0x0000000756200000, 0x0000000756400000, 0x0000000756400000|100%| O|  |TAMS 0x0000000756200000| PB 0x0000000756200000| Untracked 
| 178|0x0000000756400000, 0x0000000756600000, 0x0000000756600000|100%| O|  |TAMS 0x0000000756400000| PB 0x0000000756400000| Untracked 
| 179|0x0000000756600000, 0x0000000756800000, 0x0000000756800000|100%| O|  |TAMS 0x0000000756600000| PB 0x0000000756600000| Untracked 
| 180|0x0000000756800000, 0x0000000756a00000, 0x0000000756a00000|100%| O|  |TAMS 0x0000000756800000| PB 0x0000000756800000| Untracked 
| 181|0x0000000756a00000, 0x0000000756c00000, 0x0000000756c00000|100%| O|  |TAMS 0x0000000756a00000| PB 0x0000000756a00000| Untracked 
| 182|0x0000000756c00000, 0x0000000756e00000, 0x0000000756e00000|100%| O|  |TAMS 0x0000000756c00000| PB 0x0000000756c00000| Untracked 
| 183|0x0000000756e00000, 0x0000000757000000, 0x0000000757000000|100%| O|  |TAMS 0x0000000756e00000| PB 0x0000000756e00000| Untracked 
| 184|0x0000000757000000, 0x0000000757200000, 0x0000000757200000|100%| O|  |TAMS 0x0000000757000000| PB 0x0000000757000000| Untracked 
| 185|0x0000000757200000, 0x0000000757400000, 0x0000000757400000|100%| O|  |TAMS 0x0000000757200000| PB 0x0000000757200000| Untracked 
| 186|0x0000000757400000, 0x0000000757600000, 0x0000000757600000|100%| O|  |TAMS 0x0000000757400000| PB 0x0000000757400000| Untracked 
| 187|0x0000000757600000, 0x0000000757800000, 0x0000000757800000|100%| O|  |TAMS 0x0000000757600000| PB 0x0000000757600000| Untracked 
| 188|0x0000000757800000, 0x0000000757a00000, 0x0000000757a00000|100%| O|  |TAMS 0x0000000757800000| PB 0x0000000757800000| Untracked 
| 189|0x0000000757a00000, 0x0000000757c00000, 0x0000000757c00000|100%| O|  |TAMS 0x0000000757a00000| PB 0x0000000757a00000| Untracked 
| 190|0x0000000757c00000, 0x0000000757e00000, 0x0000000757e00000|100%| O|  |TAMS 0x0000000757c00000| PB 0x0000000757c00000| Untracked 
| 191|0x0000000757e00000, 0x0000000758000000, 0x0000000758000000|100%| O|  |TAMS 0x0000000757e00000| PB 0x0000000757e00000| Untracked 
| 192|0x0000000758000000, 0x0000000758200000, 0x0000000758200000|100%| O|  |TAMS 0x0000000758000000| PB 0x0000000758000000| Untracked 
| 193|0x0000000758200000, 0x0000000758400000, 0x0000000758400000|100%| O|  |TAMS 0x0000000758200000| PB 0x0000000758200000| Untracked 
| 194|0x0000000758400000, 0x0000000758600000, 0x0000000758600000|100%| O|  |TAMS 0x0000000758400000| PB 0x0000000758400000| Untracked 
| 195|0x0000000758600000, 0x0000000758800000, 0x0000000758800000|100%| O|  |TAMS 0x0000000758600000| PB 0x0000000758600000| Untracked 
| 196|0x0000000758800000, 0x0000000758a00000, 0x0000000758a00000|100%| O|  |TAMS 0x0000000758800000| PB 0x0000000758800000| Untracked 
| 197|0x0000000758a00000, 0x0000000758c00000, 0x0000000758c00000|100%| O|  |TAMS 0x0000000758a00000| PB 0x0000000758a00000| Untracked 
| 198|0x0000000758c00000, 0x0000000758e00000, 0x0000000758e00000|100%| O|  |TAMS 0x0000000758c00000| PB 0x0000000758c00000| Untracked 
| 199|0x0000000758e00000, 0x0000000759000000, 0x0000000759000000|100%| O|  |TAMS 0x0000000758e00000| PB 0x0000000758e00000| Untracked 
| 200|0x0000000759000000, 0x0000000759200000, 0x0000000759200000|100%| O|  |TAMS 0x0000000759000000| PB 0x0000000759000000| Untracked 
| 201|0x0000000759200000, 0x0000000759400000, 0x0000000759400000|100%| O|  |TAMS 0x0000000759200000| PB 0x0000000759200000| Untracked 
| 202|0x0000000759400000, 0x0000000759600000, 0x0000000759600000|100%| O|  |TAMS 0x0000000759400000| PB 0x0000000759400000| Untracked 
| 203|0x0000000759600000, 0x0000000759800000, 0x0000000759800000|100%| O|  |TAMS 0x0000000759600000| PB 0x0000000759600000| Untracked 
| 204|0x0000000759800000, 0x0000000759a00000, 0x0000000759a00000|100%| O|  |TAMS 0x0000000759800000| PB 0x0000000759800000| Untracked 
| 205|0x0000000759a00000, 0x0000000759c00000, 0x0000000759c00000|100%| O|  |TAMS 0x0000000759a00000| PB 0x0000000759a00000| Untracked 
| 206|0x0000000759c00000, 0x0000000759e00000, 0x0000000759e00000|100%| O|  |TAMS 0x0000000759c00000| PB 0x0000000759c00000| Untracked 
| 207|0x0000000759e00000, 0x000000075a000000, 0x000000075a000000|100%| O|  |TAMS 0x0000000759e00000| PB 0x0000000759e00000| Untracked 
| 208|0x000000075a000000, 0x000000075a200000, 0x000000075a200000|100%| O|  |TAMS 0x000000075a000000| PB 0x000000075a000000| Untracked 
| 209|0x000000075a200000, 0x000000075a400000, 0x000000075a400000|100%| O|  |TAMS 0x000000075a200000| PB 0x000000075a200000| Untracked 
| 210|0x000000075a400000, 0x000000075a600000, 0x000000075a600000|100%| O|  |TAMS 0x000000075a400000| PB 0x000000075a400000| Untracked 
| 211|0x000000075a600000, 0x000000075a800000, 0x000000075a800000|100%| O|  |TAMS 0x000000075a600000| PB 0x000000075a600000| Untracked 
| 212|0x000000075a800000, 0x000000075aa00000, 0x000000075aa00000|100%| O|  |TAMS 0x000000075a800000| PB 0x000000075a800000| Untracked 
| 213|0x000000075aa00000, 0x000000075ac00000, 0x000000075ac00000|100%| O|  |TAMS 0x000000075aa00000| PB 0x000000075aa00000| Untracked 
| 214|0x000000075ac00000, 0x000000075ae00000, 0x000000075ae00000|100%| O|  |TAMS 0x000000075ac00000| PB 0x000000075ac00000| Untracked 
| 215|0x000000075ae00000, 0x000000075b000000, 0x000000075b000000|100%| O|  |TAMS 0x000000075ae00000| PB 0x000000075ae00000| Untracked 
| 216|0x000000075b000000, 0x000000075b200000, 0x000000075b200000|100%| O|  |TAMS 0x000000075b000000| PB 0x000000075b000000| Untracked 
| 217|0x000000075b200000, 0x000000075b400000, 0x000000075b400000|100%| O|  |TAMS 0x000000075b200000| PB 0x000000075b200000| Untracked 
| 218|0x000000075b400000, 0x000000075b600000, 0x000000075b600000|100%| O|  |TAMS 0x000000075b400000| PB 0x000000075b400000| Untracked 
| 219|0x000000075b600000, 0x000000075b800000, 0x000000075b800000|100%| O|  |TAMS 0x000000075b600000| PB 0x000000075b600000| Untracked 
| 220|0x000000075b800000, 0x000000075ba00000, 0x000000075ba00000|100%| O|  |TAMS 0x000000075b800000| PB 0x000000075b800000| Untracked 
| 221|0x000000075ba00000, 0x000000075bc00000, 0x000000075bc00000|100%| O|  |TAMS 0x000000075ba00000| PB 0x000000075ba00000| Untracked 
| 222|0x000000075bc00000, 0x000000075be00000, 0x000000075be00000|100%| O|  |TAMS 0x000000075bc00000| PB 0x000000075bc00000| Untracked 
| 223|0x000000075be00000, 0x000000075c000000, 0x000000075c000000|100%| O|  |TAMS 0x000000075be00000| PB 0x000000075be00000| Untracked 
| 224|0x000000075c000000, 0x000000075c200000, 0x000000075c200000|100%| O|  |TAMS 0x000000075c000000| PB 0x000000075c000000| Untracked 
| 225|0x000000075c200000, 0x000000075c400000, 0x000000075c400000|100%| O|  |TAMS 0x000000075c200000| PB 0x000000075c200000| Untracked 
| 226|0x000000075c400000, 0x000000075c600000, 0x000000075c600000|100%| O|  |TAMS 0x000000075c400000| PB 0x000000075c400000| Untracked 
| 227|0x000000075c600000, 0x000000075c800000, 0x000000075c800000|100%| O|  |TAMS 0x000000075c600000| PB 0x000000075c600000| Untracked 
| 228|0x000000075c800000, 0x000000075ca00000, 0x000000075ca00000|100%| O|  |TAMS 0x000000075c800000| PB 0x000000075c800000| Untracked 
| 229|0x000000075ca00000, 0x000000075cc00000, 0x000000075cc00000|100%| O|  |TAMS 0x000000075ca00000| PB 0x000000075ca00000| Untracked 
| 230|0x000000075cc00000, 0x000000075ce00000, 0x000000075ce00000|100%| O|  |TAMS 0x000000075cc00000| PB 0x000000075cc00000| Untracked 
| 231|0x000000075ce00000, 0x000000075d000000, 0x000000075d000000|100%| O|  |TAMS 0x000000075ce00000| PB 0x000000075ce00000| Untracked 
| 232|0x000000075d000000, 0x000000075d200000, 0x000000075d200000|100%| O|  |TAMS 0x000000075d000000| PB 0x000000075d000000| Untracked 
| 233|0x000000075d200000, 0x000000075d400000, 0x000000075d400000|100%| O|  |TAMS 0x000000075d200000| PB 0x000000075d200000| Untracked 
| 234|0x000000075d400000, 0x000000075d600000, 0x000000075d600000|100%| O|  |TAMS 0x000000075d400000| PB 0x000000075d400000| Untracked 
| 235|0x000000075d600000, 0x000000075d800000, 0x000000075d800000|100%| O|  |TAMS 0x000000075d600000| PB 0x000000075d600000| Untracked 
| 236|0x000000075d800000, 0x000000075da00000, 0x000000075da00000|100%| O|  |TAMS 0x000000075d800000| PB 0x000000075d800000| Untracked 
| 237|0x000000075da00000, 0x000000075dc00000, 0x000000075dc00000|100%| O|  |TAMS 0x000000075da00000| PB 0x000000075da00000| Untracked 
| 238|0x000000075dc00000, 0x000000075de00000, 0x000000075de00000|100%| O|  |TAMS 0x000000075dc00000| PB 0x000000075dc00000| Untracked 
| 239|0x000000075de00000, 0x000000075e000000, 0x000000075e000000|100%| O|  |TAMS 0x000000075de00000| PB 0x000000075de00000| Untracked 
| 240|0x000000075e000000, 0x000000075e1bcda0, 0x000000075e200000| 86%| O|  |TAMS 0x000000075e000000| PB 0x000000075e000000| Untracked 
| 241|0x000000075e200000, 0x000000075e200000, 0x000000075e400000|  0%| F|  |TAMS 0x000000075e200000| PB 0x000000075e200000| Untracked 
| 242|0x000000075e400000, 0x000000075e400000, 0x000000075e600000|  0%| F|  |TAMS 0x000000075e400000| PB 0x000000075e400000| Untracked 
| 243|0x000000075e600000, 0x000000075e600000, 0x000000075e800000|  0%| F|  |TAMS 0x000000075e600000| PB 0x000000075e600000| Untracked 
| 244|0x000000075e800000, 0x000000075e800000, 0x000000075ea00000|  0%| F|  |TAMS 0x000000075e800000| PB 0x000000075e800000| Untracked 
| 245|0x000000075ea00000, 0x000000075ea00000, 0x000000075ec00000|  0%| F|  |TAMS 0x000000075ea00000| PB 0x000000075ea00000| Untracked 
| 246|0x000000075ec00000, 0x000000075ec00000, 0x000000075ee00000|  0%| F|  |TAMS 0x000000075ec00000| PB 0x000000075ec00000| Untracked 
| 247|0x000000075ee00000, 0x000000075ee00000, 0x000000075f000000|  0%| F|  |TAMS 0x000000075ee00000| PB 0x000000075ee00000| Untracked 
| 248|0x000000075f000000, 0x000000075f000000, 0x000000075f200000|  0%| F|  |TAMS 0x000000075f000000| PB 0x000000075f000000| Untracked 
| 249|0x000000075f200000, 0x000000075f200000, 0x000000075f400000|  0%| F|  |TAMS 0x000000075f200000| PB 0x000000075f200000| Untracked 
| 250|0x000000075f400000, 0x000000075f400000, 0x000000075f600000|  0%| F|  |TAMS 0x000000075f400000| PB 0x000000075f400000| Untracked 
| 251|0x000000075f600000, 0x000000075f600000, 0x000000075f800000|  0%| F|  |TAMS 0x000000075f600000| PB 0x000000075f600000| Untracked 
| 252|0x000000075f800000, 0x000000075fa00000, 0x000000075fa00000|100%| S|CS|TAMS 0x000000075f800000| PB 0x000000075f800000| Complete 
| 253|0x000000075fa00000, 0x000000075fc00000, 0x000000075fc00000|100%| S|CS|TAMS 0x000000075fa00000| PB 0x000000075fa00000| Complete 
| 254|0x000000075fc00000, 0x000000075fe00000, 0x000000075fe00000|100%| S|CS|TAMS 0x000000075fc00000| PB 0x000000075fc00000| Complete 
| 255|0x000000075fe00000, 0x0000000760000000, 0x0000000760000000|100%| S|CS|TAMS 0x000000075fe00000| PB 0x000000075fe00000| Complete 
| 256|0x0000000760000000, 0x0000000760200000, 0x0000000760200000|100%| S|CS|TAMS 0x0000000760000000| PB 0x0000000760000000| Complete 
| 257|0x0000000760200000, 0x0000000760400000, 0x0000000760400000|100%| S|CS|TAMS 0x0000000760200000| PB 0x0000000760200000| Complete 
| 258|0x0000000760400000, 0x0000000760600000, 0x0000000760600000|100%| S|CS|TAMS 0x0000000760400000| PB 0x0000000760400000| Complete 
| 259|0x0000000760600000, 0x0000000760800000, 0x0000000760800000|100%| S|CS|TAMS 0x0000000760600000| PB 0x0000000760600000| Complete 
| 260|0x0000000760800000, 0x0000000760800000, 0x0000000760a00000|  0%| F|  |TAMS 0x0000000760800000| PB 0x0000000760800000| Untracked 
| 261|0x0000000760a00000, 0x0000000760a00000, 0x0000000760c00000|  0%| F|  |TAMS 0x0000000760a00000| PB 0x0000000760a00000| Untracked 
| 262|0x0000000760c00000, 0x0000000760c00000, 0x0000000760e00000|  0%| F|  |TAMS 0x0000000760c00000| PB 0x0000000760c00000| Untracked 
| 263|0x0000000760e00000, 0x0000000760e00000, 0x0000000761000000|  0%| F|  |TAMS 0x0000000760e00000| PB 0x0000000760e00000| Untracked 
| 264|0x0000000761000000, 0x0000000761000000, 0x0000000761200000|  0%| F|  |TAMS 0x0000000761000000| PB 0x0000000761000000| Untracked 
| 265|0x0000000761200000, 0x0000000761200000, 0x0000000761400000|  0%| F|  |TAMS 0x0000000761200000| PB 0x0000000761200000| Untracked 
| 266|0x0000000761400000, 0x0000000761400000, 0x0000000761600000|  0%| F|  |TAMS 0x0000000761400000| PB 0x0000000761400000| Untracked 
| 267|0x0000000761600000, 0x0000000761600000, 0x0000000761800000|  0%| F|  |TAMS 0x0000000761600000| PB 0x0000000761600000| Untracked 
| 268|0x0000000761800000, 0x0000000761800000, 0x0000000761a00000|  0%| F|  |TAMS 0x0000000761800000| PB 0x0000000761800000| Untracked 
| 269|0x0000000761a00000, 0x0000000761a00000, 0x0000000761c00000|  0%| F|  |TAMS 0x0000000761a00000| PB 0x0000000761a00000| Untracked 
| 270|0x0000000761c00000, 0x0000000761c00000, 0x0000000761e00000|  0%| F|  |TAMS 0x0000000761c00000| PB 0x0000000761c00000| Untracked 
| 271|0x0000000761e00000, 0x0000000761e00000, 0x0000000762000000|  0%| F|  |TAMS 0x0000000761e00000| PB 0x0000000761e00000| Untracked 
| 272|0x0000000762000000, 0x0000000762000000, 0x0000000762200000|  0%| F|  |TAMS 0x0000000762000000| PB 0x0000000762000000| Untracked 
| 273|0x0000000762200000, 0x0000000762200000, 0x0000000762400000|  0%| F|  |TAMS 0x0000000762200000| PB 0x0000000762200000| Untracked 
| 274|0x0000000762400000, 0x0000000762400000, 0x0000000762600000|  0%| F|  |TAMS 0x0000000762400000| PB 0x0000000762400000| Untracked 
| 275|0x0000000762600000, 0x0000000762600000, 0x0000000762800000|  0%| F|  |TAMS 0x0000000762600000| PB 0x0000000762600000| Untracked 
| 276|0x0000000762800000, 0x0000000762800000, 0x0000000762a00000|  0%| F|  |TAMS 0x0000000762800000| PB 0x0000000762800000| Untracked 
| 277|0x0000000762a00000, 0x0000000762a00000, 0x0000000762c00000|  0%| F|  |TAMS 0x0000000762a00000| PB 0x0000000762a00000| Untracked 
| 278|0x0000000762c00000, 0x0000000762c00000, 0x0000000762e00000|  0%| F|  |TAMS 0x0000000762c00000| PB 0x0000000762c00000| Untracked 
| 279|0x0000000762e00000, 0x0000000762e00000, 0x0000000763000000|  0%| F|  |TAMS 0x0000000762e00000| PB 0x0000000762e00000| Untracked 
| 280|0x0000000763000000, 0x0000000763000000, 0x0000000763200000|  0%| F|  |TAMS 0x0000000763000000| PB 0x0000000763000000| Untracked 
| 281|0x0000000763200000, 0x0000000763200000, 0x0000000763400000|  0%| F|  |TAMS 0x0000000763200000| PB 0x0000000763200000| Untracked 
| 282|0x0000000763400000, 0x0000000763400000, 0x0000000763600000|  0%| F|  |TAMS 0x0000000763400000| PB 0x0000000763400000| Untracked 
| 283|0x0000000763600000, 0x0000000763600000, 0x0000000763800000|  0%| F|  |TAMS 0x0000000763600000| PB 0x0000000763600000| Untracked 
| 284|0x0000000763800000, 0x0000000763800000, 0x0000000763a00000|  0%| F|  |TAMS 0x0000000763800000| PB 0x0000000763800000| Untracked 
| 285|0x0000000763a00000, 0x0000000763a00000, 0x0000000763c00000|  0%| F|  |TAMS 0x0000000763a00000| PB 0x0000000763a00000| Untracked 
| 286|0x0000000763c00000, 0x0000000763c00000, 0x0000000763e00000|  0%| F|  |TAMS 0x0000000763c00000| PB 0x0000000763c00000| Untracked 
| 287|0x0000000763e00000, 0x0000000763e00000, 0x0000000764000000|  0%| F|  |TAMS 0x0000000763e00000| PB 0x0000000763e00000| Untracked 
| 288|0x0000000764000000, 0x0000000764000000, 0x0000000764200000|  0%| F|  |TAMS 0x0000000764000000| PB 0x0000000764000000| Untracked 
| 289|0x0000000764200000, 0x0000000764200000, 0x0000000764400000|  0%| F|  |TAMS 0x0000000764200000| PB 0x0000000764200000| Untracked 
| 290|0x0000000764400000, 0x0000000764400000, 0x0000000764600000|  0%| F|  |TAMS 0x0000000764400000| PB 0x0000000764400000| Untracked 
| 291|0x0000000764600000, 0x0000000764600000, 0x0000000764800000|  0%| F|  |TAMS 0x0000000764600000| PB 0x0000000764600000| Untracked 
| 292|0x0000000764800000, 0x0000000764800000, 0x0000000764a00000|  0%| F|  |TAMS 0x0000000764800000| PB 0x0000000764800000| Untracked 
| 293|0x0000000764a00000, 0x0000000764a00000, 0x0000000764c00000|  0%| F|  |TAMS 0x0000000764a00000| PB 0x0000000764a00000| Untracked 
| 294|0x0000000764c00000, 0x0000000764c00000, 0x0000000764e00000|  0%| F|  |TAMS 0x0000000764c00000| PB 0x0000000764c00000| Untracked 
| 295|0x0000000764e00000, 0x0000000764e00000, 0x0000000765000000|  0%| F|  |TAMS 0x0000000764e00000| PB 0x0000000764e00000| Untracked 
| 296|0x0000000765000000, 0x0000000765000000, 0x0000000765200000|  0%| F|  |TAMS 0x0000000765000000| PB 0x0000000765000000| Untracked 
| 297|0x0000000765200000, 0x0000000765200000, 0x0000000765400000|  0%| F|  |TAMS 0x0000000765200000| PB 0x0000000765200000| Untracked 
| 298|0x0000000765400000, 0x0000000765400000, 0x0000000765600000|  0%| F|  |TAMS 0x0000000765400000| PB 0x0000000765400000| Untracked 
| 299|0x0000000765600000, 0x0000000765600000, 0x0000000765800000|  0%| F|  |TAMS 0x0000000765600000| PB 0x0000000765600000| Untracked 
| 300|0x0000000765800000, 0x0000000765800000, 0x0000000765a00000|  0%| F|  |TAMS 0x0000000765800000| PB 0x0000000765800000| Untracked 
| 301|0x0000000765a00000, 0x0000000765a00000, 0x0000000765c00000|  0%| F|  |TAMS 0x0000000765a00000| PB 0x0000000765a00000| Untracked 
| 302|0x0000000765c00000, 0x0000000765c00000, 0x0000000765e00000|  0%| F|  |TAMS 0x0000000765c00000| PB 0x0000000765c00000| Untracked 
| 303|0x0000000765e00000, 0x0000000765e00000, 0x0000000766000000|  0%| F|  |TAMS 0x0000000765e00000| PB 0x0000000765e00000| Untracked 
| 304|0x0000000766000000, 0x0000000766000000, 0x0000000766200000|  0%| F|  |TAMS 0x0000000766000000| PB 0x0000000766000000| Untracked 
| 305|0x0000000766200000, 0x0000000766200000, 0x0000000766400000|  0%| F|  |TAMS 0x0000000766200000| PB 0x0000000766200000| Untracked 
| 306|0x0000000766400000, 0x0000000766400000, 0x0000000766600000|  0%| F|  |TAMS 0x0000000766400000| PB 0x0000000766400000| Untracked 
| 307|0x0000000766600000, 0x0000000766600000, 0x0000000766800000|  0%| F|  |TAMS 0x0000000766600000| PB 0x0000000766600000| Untracked 
| 308|0x0000000766800000, 0x0000000766800000, 0x0000000766a00000|  0%| F|  |TAMS 0x0000000766800000| PB 0x0000000766800000| Untracked 
| 309|0x0000000766a00000, 0x0000000766a00000, 0x0000000766c00000|  0%| F|  |TAMS 0x0000000766a00000| PB 0x0000000766a00000| Untracked 
| 310|0x0000000766c00000, 0x0000000766c00000, 0x0000000766e00000|  0%| F|  |TAMS 0x0000000766c00000| PB 0x0000000766c00000| Untracked 
| 311|0x0000000766e00000, 0x0000000766e00000, 0x0000000767000000|  0%| F|  |TAMS 0x0000000766e00000| PB 0x0000000766e00000| Untracked 
| 312|0x0000000767000000, 0x0000000767000000, 0x0000000767200000|  0%| F|  |TAMS 0x0000000767000000| PB 0x0000000767000000| Untracked 
| 313|0x0000000767200000, 0x0000000767200000, 0x0000000767400000|  0%| F|  |TAMS 0x0000000767200000| PB 0x0000000767200000| Untracked 
| 314|0x0000000767400000, 0x0000000767400000, 0x0000000767600000|  0%| F|  |TAMS 0x0000000767400000| PB 0x0000000767400000| Untracked 
| 315|0x0000000767600000, 0x0000000767600000, 0x0000000767800000|  0%| F|  |TAMS 0x0000000767600000| PB 0x0000000767600000| Untracked 
| 316|0x0000000767800000, 0x0000000767800000, 0x0000000767a00000|  0%| F|  |TAMS 0x0000000767800000| PB 0x0000000767800000| Untracked 
| 317|0x0000000767a00000, 0x0000000767a00000, 0x0000000767c00000|  0%| F|  |TAMS 0x0000000767a00000| PB 0x0000000767a00000| Untracked 
| 318|0x0000000767c00000, 0x0000000767c00000, 0x0000000767e00000|  0%| F|  |TAMS 0x0000000767c00000| PB 0x0000000767c00000| Untracked 
| 319|0x0000000767e00000, 0x0000000767e00000, 0x0000000768000000|  0%| F|  |TAMS 0x0000000767e00000| PB 0x0000000767e00000| Untracked 
| 320|0x0000000768000000, 0x0000000768000000, 0x0000000768200000|  0%| F|  |TAMS 0x0000000768000000| PB 0x0000000768000000| Untracked 
| 321|0x0000000768200000, 0x0000000768200000, 0x0000000768400000|  0%| F|  |TAMS 0x0000000768200000| PB 0x0000000768200000| Untracked 
| 322|0x0000000768400000, 0x0000000768400000, 0x0000000768600000|  0%| F|  |TAMS 0x0000000768400000| PB 0x0000000768400000| Untracked 
| 323|0x0000000768600000, 0x0000000768600000, 0x0000000768800000|  0%| F|  |TAMS 0x0000000768600000| PB 0x0000000768600000| Untracked 
| 324|0x0000000768800000, 0x0000000768800000, 0x0000000768a00000|  0%| F|  |TAMS 0x0000000768800000| PB 0x0000000768800000| Untracked 
| 325|0x0000000768a00000, 0x0000000768a00000, 0x0000000768c00000|  0%| F|  |TAMS 0x0000000768a00000| PB 0x0000000768a00000| Untracked 
| 326|0x0000000768c00000, 0x0000000768c00000, 0x0000000768e00000|  0%| F|  |TAMS 0x0000000768c00000| PB 0x0000000768c00000| Untracked 
| 327|0x0000000768e00000, 0x0000000768e00000, 0x0000000769000000|  0%| F|  |TAMS 0x0000000768e00000| PB 0x0000000768e00000| Untracked 
| 328|0x0000000769000000, 0x0000000769000000, 0x0000000769200000|  0%| F|  |TAMS 0x0000000769000000| PB 0x0000000769000000| Untracked 
| 329|0x0000000769200000, 0x0000000769200000, 0x0000000769400000|  0%| F|  |TAMS 0x0000000769200000| PB 0x0000000769200000| Untracked 
| 330|0x0000000769400000, 0x0000000769400000, 0x0000000769600000|  0%| F|  |TAMS 0x0000000769400000| PB 0x0000000769400000| Untracked 
| 331|0x0000000769600000, 0x0000000769600000, 0x0000000769800000|  0%| F|  |TAMS 0x0000000769600000| PB 0x0000000769600000| Untracked 
| 332|0x0000000769800000, 0x0000000769800000, 0x0000000769a00000|  0%| F|  |TAMS 0x0000000769800000| PB 0x0000000769800000| Untracked 
| 333|0x0000000769a00000, 0x0000000769a00000, 0x0000000769c00000|  0%| F|  |TAMS 0x0000000769a00000| PB 0x0000000769a00000| Untracked 
| 334|0x0000000769c00000, 0x0000000769c00000, 0x0000000769e00000|  0%| F|  |TAMS 0x0000000769c00000| PB 0x0000000769c00000| Untracked 
| 335|0x0000000769e00000, 0x0000000769e00000, 0x000000076a000000|  0%| F|  |TAMS 0x0000000769e00000| PB 0x0000000769e00000| Untracked 
| 336|0x000000076a000000, 0x000000076a000000, 0x000000076a200000|  0%| F|  |TAMS 0x000000076a000000| PB 0x000000076a000000| Untracked 
| 337|0x000000076a200000, 0x000000076a200000, 0x000000076a400000|  0%| F|  |TAMS 0x000000076a200000| PB 0x000000076a200000| Untracked 
| 338|0x000000076a400000, 0x000000076a400000, 0x000000076a600000|  0%| F|  |TAMS 0x000000076a400000| PB 0x000000076a400000| Untracked 
| 339|0x000000076a600000, 0x000000076a600000, 0x000000076a800000|  0%| F|  |TAMS 0x000000076a600000| PB 0x000000076a600000| Untracked 
| 340|0x000000076a800000, 0x000000076a800000, 0x000000076aa00000|  0%| F|  |TAMS 0x000000076a800000| PB 0x000000076a800000| Untracked 
| 341|0x000000076aa00000, 0x000000076aa00000, 0x000000076ac00000|  0%| F|  |TAMS 0x000000076aa00000| PB 0x000000076aa00000| Untracked 
| 342|0x000000076ac00000, 0x000000076ac00000, 0x000000076ae00000|  0%| F|  |TAMS 0x000000076ac00000| PB 0x000000076ac00000| Untracked 
| 343|0x000000076ae00000, 0x000000076ae00000, 0x000000076b000000|  0%| F|  |TAMS 0x000000076ae00000| PB 0x000000076ae00000| Untracked 
| 344|0x000000076b000000, 0x000000076b000000, 0x000000076b200000|  0%| F|  |TAMS 0x000000076b000000| PB 0x000000076b000000| Untracked 
| 345|0x000000076b200000, 0x000000076b200000, 0x000000076b400000|  0%| F|  |TAMS 0x000000076b200000| PB 0x000000076b200000| Untracked 
| 346|0x000000076b400000, 0x000000076b400000, 0x000000076b600000|  0%| F|  |TAMS 0x000000076b400000| PB 0x000000076b400000| Untracked 
| 347|0x000000076b600000, 0x000000076b600000, 0x000000076b800000|  0%| F|  |TAMS 0x000000076b600000| PB 0x000000076b600000| Untracked 
| 348|0x000000076b800000, 0x000000076b800000, 0x000000076ba00000|  0%| F|  |TAMS 0x000000076b800000| PB 0x000000076b800000| Untracked 
| 349|0x000000076ba00000, 0x000000076ba00000, 0x000000076bc00000|  0%| F|  |TAMS 0x000000076ba00000| PB 0x000000076ba00000| Untracked 
| 350|0x000000076bc00000, 0x000000076bc00000, 0x000000076be00000|  0%| F|  |TAMS 0x000000076bc00000| PB 0x000000076bc00000| Untracked 
| 351|0x000000076be00000, 0x000000076be00000, 0x000000076c000000|  0%| F|  |TAMS 0x000000076be00000| PB 0x000000076be00000| Untracked 
| 352|0x000000076c000000, 0x000000076c000000, 0x000000076c200000|  0%| F|  |TAMS 0x000000076c000000| PB 0x000000076c000000| Untracked 
| 353|0x000000076c200000, 0x000000076c200000, 0x000000076c400000|  0%| F|  |TAMS 0x000000076c200000| PB 0x000000076c200000| Untracked 
| 354|0x000000076c400000, 0x000000076c400000, 0x000000076c600000|  0%| F|  |TAMS 0x000000076c400000| PB 0x000000076c400000| Untracked 
| 355|0x000000076c600000, 0x000000076c600000, 0x000000076c800000|  0%| F|  |TAMS 0x000000076c600000| PB 0x000000076c600000| Untracked 
| 356|0x000000076c800000, 0x000000076c800000, 0x000000076ca00000|  0%| F|  |TAMS 0x000000076c800000| PB 0x000000076c800000| Untracked 
| 357|0x000000076ca00000, 0x000000076ca00000, 0x000000076cc00000|  0%| F|  |TAMS 0x000000076ca00000| PB 0x000000076ca00000| Untracked 
| 358|0x000000076cc00000, 0x000000076cc00000, 0x000000076ce00000|  0%| F|  |TAMS 0x000000076cc00000| PB 0x000000076cc00000| Untracked 
| 359|0x000000076ce00000, 0x000000076ce00000, 0x000000076d000000|  0%| F|  |TAMS 0x000000076ce00000| PB 0x000000076ce00000| Untracked 
| 360|0x000000076d000000, 0x000000076d000000, 0x000000076d200000|  0%| F|  |TAMS 0x000000076d000000| PB 0x000000076d000000| Untracked 
| 361|0x000000076d200000, 0x000000076d200000, 0x000000076d400000|  0%| F|  |TAMS 0x000000076d200000| PB 0x000000076d200000| Untracked 
| 362|0x000000076d400000, 0x000000076d400000, 0x000000076d600000|  0%| F|  |TAMS 0x000000076d400000| PB 0x000000076d400000| Untracked 
| 363|0x000000076d600000, 0x000000076d600000, 0x000000076d800000|  0%| F|  |TAMS 0x000000076d600000| PB 0x000000076d600000| Untracked 
| 364|0x000000076d800000, 0x000000076d800000, 0x000000076da00000|  0%| F|  |TAMS 0x000000076d800000| PB 0x000000076d800000| Untracked 
| 365|0x000000076da00000, 0x000000076da00000, 0x000000076dc00000|  0%| F|  |TAMS 0x000000076da00000| PB 0x000000076da00000| Untracked 
| 366|0x000000076dc00000, 0x000000076dc00000, 0x000000076de00000|  0%| F|  |TAMS 0x000000076dc00000| PB 0x000000076dc00000| Untracked 
| 367|0x000000076de00000, 0x000000076de00000, 0x000000076e000000|  0%| F|  |TAMS 0x000000076de00000| PB 0x000000076de00000| Untracked 
| 368|0x000000076e000000, 0x000000076e000000, 0x000000076e200000|  0%| F|  |TAMS 0x000000076e000000| PB 0x000000076e000000| Untracked 
| 369|0x000000076e200000, 0x000000076e200000, 0x000000076e400000|  0%| F|  |TAMS 0x000000076e200000| PB 0x000000076e200000| Untracked 
| 370|0x000000076e400000, 0x000000076e400000, 0x000000076e600000|  0%| F|  |TAMS 0x000000076e400000| PB 0x000000076e400000| Untracked 
| 371|0x000000076e600000, 0x000000076e600000, 0x000000076e800000|  0%| F|  |TAMS 0x000000076e600000| PB 0x000000076e600000| Untracked 
| 372|0x000000076e800000, 0x000000076e800000, 0x000000076ea00000|  0%| F|  |TAMS 0x000000076e800000| PB 0x000000076e800000| Untracked 
| 373|0x000000076ea00000, 0x000000076ea00000, 0x000000076ec00000|  0%| F|  |TAMS 0x000000076ea00000| PB 0x000000076ea00000| Untracked 
| 374|0x000000076ec00000, 0x000000076ec00000, 0x000000076ee00000|  0%| F|  |TAMS 0x000000076ec00000| PB 0x000000076ec00000| Untracked 
| 375|0x000000076ee00000, 0x000000076ee00000, 0x000000076f000000|  0%| F|  |TAMS 0x000000076ee00000| PB 0x000000076ee00000| Untracked 
| 376|0x000000076f000000, 0x000000076f000000, 0x000000076f200000|  0%| F|  |TAMS 0x000000076f000000| PB 0x000000076f000000| Untracked 
| 377|0x000000076f200000, 0x000000076f200000, 0x000000076f400000|  0%| F|  |TAMS 0x000000076f200000| PB 0x000000076f200000| Untracked 
| 378|0x000000076f400000, 0x000000076f400000, 0x000000076f600000|  0%| F|  |TAMS 0x000000076f400000| PB 0x000000076f400000| Untracked 
| 379|0x000000076f600000, 0x000000076f600000, 0x000000076f800000|  0%| F|  |TAMS 0x000000076f600000| PB 0x000000076f600000| Untracked 
| 380|0x000000076f800000, 0x000000076f800000, 0x000000076fa00000|  0%| F|  |TAMS 0x000000076f800000| PB 0x000000076f800000| Untracked 
| 381|0x000000076fa00000, 0x000000076fa00000, 0x000000076fc00000|  0%| F|  |TAMS 0x000000076fa00000| PB 0x000000076fa00000| Untracked 
| 382|0x000000076fc00000, 0x000000076fc00000, 0x000000076fe00000|  0%| F|  |TAMS 0x000000076fc00000| PB 0x000000076fc00000| Untracked 
| 383|0x000000076fe00000, 0x000000076fe00000, 0x0000000770000000|  0%| F|  |TAMS 0x000000076fe00000| PB 0x000000076fe00000| Untracked 
| 384|0x0000000770000000, 0x0000000770000000, 0x0000000770200000|  0%| F|  |TAMS 0x0000000770000000| PB 0x0000000770000000| Untracked 
| 385|0x0000000770200000, 0x0000000770200000, 0x0000000770400000|  0%| F|  |TAMS 0x0000000770200000| PB 0x0000000770200000| Untracked 
| 386|0x0000000770400000, 0x0000000770400000, 0x0000000770600000|  0%| F|  |TAMS 0x0000000770400000| PB 0x0000000770400000| Untracked 
| 387|0x0000000770600000, 0x0000000770600000, 0x0000000770800000|  0%| F|  |TAMS 0x0000000770600000| PB 0x0000000770600000| Untracked 
| 388|0x0000000770800000, 0x0000000770800000, 0x0000000770a00000|  0%| F|  |TAMS 0x0000000770800000| PB 0x0000000770800000| Untracked 
| 389|0x0000000770a00000, 0x0000000770a00000, 0x0000000770c00000|  0%| F|  |TAMS 0x0000000770a00000| PB 0x0000000770a00000| Untracked 
| 390|0x0000000770c00000, 0x0000000770c00000, 0x0000000770e00000|  0%| F|  |TAMS 0x0000000770c00000| PB 0x0000000770c00000| Untracked 
| 391|0x0000000770e00000, 0x0000000770e00000, 0x0000000771000000|  0%| F|  |TAMS 0x0000000770e00000| PB 0x0000000770e00000| Untracked 
| 392|0x0000000771000000, 0x0000000771000000, 0x0000000771200000|  0%| F|  |TAMS 0x0000000771000000| PB 0x0000000771000000| Untracked 
| 393|0x0000000771200000, 0x0000000771200000, 0x0000000771400000|  0%| F|  |TAMS 0x0000000771200000| PB 0x0000000771200000| Untracked 
| 394|0x0000000771400000, 0x0000000771400000, 0x0000000771600000|  0%| F|  |TAMS 0x0000000771400000| PB 0x0000000771400000| Untracked 
| 395|0x0000000771600000, 0x0000000771600000, 0x0000000771800000|  0%| F|  |TAMS 0x0000000771600000| PB 0x0000000771600000| Untracked 
| 396|0x0000000771800000, 0x0000000771800000, 0x0000000771a00000|  0%| F|  |TAMS 0x0000000771800000| PB 0x0000000771800000| Untracked 
| 397|0x0000000771a00000, 0x0000000771a00000, 0x0000000771c00000|  0%| F|  |TAMS 0x0000000771a00000| PB 0x0000000771a00000| Untracked 
| 398|0x0000000771c00000, 0x0000000771c00000, 0x0000000771e00000|  0%| F|  |TAMS 0x0000000771c00000| PB 0x0000000771c00000| Untracked 
| 399|0x0000000771e00000, 0x0000000771e00000, 0x0000000772000000|  0%| F|  |TAMS 0x0000000771e00000| PB 0x0000000771e00000| Untracked 
| 400|0x0000000772000000, 0x0000000772000000, 0x0000000772200000|  0%| F|  |TAMS 0x0000000772000000| PB 0x0000000772000000| Untracked 
| 401|0x0000000772200000, 0x0000000772200000, 0x0000000772400000|  0%| F|  |TAMS 0x0000000772200000| PB 0x0000000772200000| Untracked 
| 402|0x0000000772400000, 0x0000000772400000, 0x0000000772600000|  0%| F|  |TAMS 0x0000000772400000| PB 0x0000000772400000| Untracked 
| 403|0x0000000772600000, 0x0000000772600000, 0x0000000772800000|  0%| F|  |TAMS 0x0000000772600000| PB 0x0000000772600000| Untracked 
| 404|0x0000000772800000, 0x0000000772800000, 0x0000000772a00000|  0%| F|  |TAMS 0x0000000772800000| PB 0x0000000772800000| Untracked 
| 405|0x0000000772a00000, 0x0000000772a00000, 0x0000000772c00000|  0%| F|  |TAMS 0x0000000772a00000| PB 0x0000000772a00000| Untracked 
| 406|0x0000000772c00000, 0x0000000772c00000, 0x0000000772e00000|  0%| F|  |TAMS 0x0000000772c00000| PB 0x0000000772c00000| Untracked 
| 407|0x0000000772e00000, 0x0000000772e00000, 0x0000000773000000|  0%| F|  |TAMS 0x0000000772e00000| PB 0x0000000772e00000| Untracked 
| 408|0x0000000773000000, 0x0000000773000000, 0x0000000773200000|  0%| F|  |TAMS 0x0000000773000000| PB 0x0000000773000000| Untracked 
| 409|0x0000000773200000, 0x0000000773200000, 0x0000000773400000|  0%| F|  |TAMS 0x0000000773200000| PB 0x0000000773200000| Untracked 
| 410|0x0000000773400000, 0x0000000773400000, 0x0000000773600000|  0%| F|  |TAMS 0x0000000773400000| PB 0x0000000773400000| Untracked 
| 411|0x0000000773600000, 0x0000000773600000, 0x0000000773800000|  0%| F|  |TAMS 0x0000000773600000| PB 0x0000000773600000| Untracked 
| 412|0x0000000773800000, 0x0000000773800000, 0x0000000773a00000|  0%| F|  |TAMS 0x0000000773800000| PB 0x0000000773800000| Untracked 
| 413|0x0000000773a00000, 0x0000000773a00000, 0x0000000773c00000|  0%| F|  |TAMS 0x0000000773a00000| PB 0x0000000773a00000| Untracked 
| 414|0x0000000773c00000, 0x0000000773c00000, 0x0000000773e00000|  0%| F|  |TAMS 0x0000000773c00000| PB 0x0000000773c00000| Untracked 
| 415|0x0000000773e00000, 0x0000000773e00000, 0x0000000774000000|  0%| F|  |TAMS 0x0000000773e00000| PB 0x0000000773e00000| Untracked 
| 416|0x0000000774000000, 0x0000000774000000, 0x0000000774200000|  0%| F|  |TAMS 0x0000000774000000| PB 0x0000000774000000| Untracked 
| 417|0x0000000774200000, 0x0000000774200000, 0x0000000774400000|  0%| F|  |TAMS 0x0000000774200000| PB 0x0000000774200000| Untracked 
| 418|0x0000000774400000, 0x0000000774400000, 0x0000000774600000|  0%| F|  |TAMS 0x0000000774400000| PB 0x0000000774400000| Untracked 
| 419|0x0000000774600000, 0x0000000774600000, 0x0000000774800000|  0%| F|  |TAMS 0x0000000774600000| PB 0x0000000774600000| Untracked 
| 420|0x0000000774800000, 0x0000000774800000, 0x0000000774a00000|  0%| F|  |TAMS 0x0000000774800000| PB 0x0000000774800000| Untracked 
| 421|0x0000000774a00000, 0x0000000774a00000, 0x0000000774c00000|  0%| F|  |TAMS 0x0000000774a00000| PB 0x0000000774a00000| Untracked 
| 422|0x0000000774c00000, 0x0000000774c00000, 0x0000000774e00000|  0%| F|  |TAMS 0x0000000774c00000| PB 0x0000000774c00000| Untracked 
| 423|0x0000000774e00000, 0x0000000774f00000, 0x0000000775000000| 50%| E|  |TAMS 0x0000000774e00000| PB 0x0000000774e00000| Complete 
| 424|0x0000000775000000, 0x0000000775200000, 0x0000000775200000|100%| E|CS|TAMS 0x0000000775000000| PB 0x0000000775000000| Complete 
| 425|0x0000000775200000, 0x0000000775400000, 0x0000000775400000|100%| E|CS|TAMS 0x0000000775200000| PB 0x0000000775200000| Complete 
| 426|0x0000000775400000, 0x0000000775600000, 0x0000000775600000|100%| E|CS|TAMS 0x0000000775400000| PB 0x0000000775400000| Complete 
| 427|0x0000000775600000, 0x0000000775800000, 0x0000000775800000|100%| E|CS|TAMS 0x0000000775600000| PB 0x0000000775600000| Complete 
| 428|0x0000000775800000, 0x0000000775a00000, 0x0000000775a00000|100%| E|CS|TAMS 0x0000000775800000| PB 0x0000000775800000| Complete 
| 429|0x0000000775a00000, 0x0000000775c00000, 0x0000000775c00000|100%| E|CS|TAMS 0x0000000775a00000| PB 0x0000000775a00000| Complete 
| 430|0x0000000775c00000, 0x0000000775e00000, 0x0000000775e00000|100%| E|CS|TAMS 0x0000000775c00000| PB 0x0000000775c00000| Complete 
| 431|0x0000000775e00000, 0x0000000776000000, 0x0000000776000000|100%| E|CS|TAMS 0x0000000775e00000| PB 0x0000000775e00000| Complete 
| 432|0x0000000776000000, 0x0000000776200000, 0x0000000776200000|100%| E|CS|TAMS 0x0000000776000000| PB 0x0000000776000000| Complete 
| 433|0x0000000776200000, 0x0000000776400000, 0x0000000776400000|100%| E|CS|TAMS 0x0000000776200000| PB 0x0000000776200000| Complete 
| 434|0x0000000776400000, 0x0000000776600000, 0x0000000776600000|100%| E|CS|TAMS 0x0000000776400000| PB 0x0000000776400000| Complete 
| 435|0x0000000776600000, 0x0000000776800000, 0x0000000776800000|100%| E|CS|TAMS 0x0000000776600000| PB 0x0000000776600000| Complete 
| 436|0x0000000776800000, 0x0000000776a00000, 0x0000000776a00000|100%| E|CS|TAMS 0x0000000776800000| PB 0x0000000776800000| Complete 
| 437|0x0000000776a00000, 0x0000000776c00000, 0x0000000776c00000|100%| E|CS|TAMS 0x0000000776a00000| PB 0x0000000776a00000| Complete 
| 438|0x0000000776c00000, 0x0000000776e00000, 0x0000000776e00000|100%| E|CS|TAMS 0x0000000776c00000| PB 0x0000000776c00000| Complete 
| 439|0x0000000776e00000, 0x0000000777000000, 0x0000000777000000|100%| E|CS|TAMS 0x0000000776e00000| PB 0x0000000776e00000| Complete 
| 440|0x0000000777000000, 0x0000000777200000, 0x0000000777200000|100%| E|CS|TAMS 0x0000000777000000| PB 0x0000000777000000| Complete 
| 441|0x0000000777200000, 0x0000000777400000, 0x0000000777400000|100%| E|CS|TAMS 0x0000000777200000| PB 0x0000000777200000| Complete 
| 442|0x0000000777400000, 0x0000000777600000, 0x0000000777600000|100%| E|CS|TAMS 0x0000000777400000| PB 0x0000000777400000| Complete 
| 443|0x0000000777600000, 0x0000000777800000, 0x0000000777800000|100%| E|CS|TAMS 0x0000000777600000| PB 0x0000000777600000| Complete 
| 444|0x0000000777800000, 0x0000000777a00000, 0x0000000777a00000|100%| E|CS|TAMS 0x0000000777800000| PB 0x0000000777800000| Complete 
| 445|0x0000000777a00000, 0x0000000777c00000, 0x0000000777c00000|100%| E|CS|TAMS 0x0000000777a00000| PB 0x0000000777a00000| Complete 
| 446|0x0000000777c00000, 0x0000000777e00000, 0x0000000777e00000|100%| E|CS|TAMS 0x0000000777c00000| PB 0x0000000777c00000| Complete 
| 447|0x0000000777e00000, 0x0000000778000000, 0x0000000778000000|100%| E|CS|TAMS 0x0000000777e00000| PB 0x0000000777e00000| Complete 
| 448|0x0000000778000000, 0x0000000778200000, 0x0000000778200000|100%| E|CS|TAMS 0x0000000778000000| PB 0x0000000778000000| Complete 
| 449|0x0000000778200000, 0x0000000778400000, 0x0000000778400000|100%| E|CS|TAMS 0x0000000778200000| PB 0x0000000778200000| Complete 
| 450|0x0000000778400000, 0x0000000778600000, 0x0000000778600000|100%| E|CS|TAMS 0x0000000778400000| PB 0x0000000778400000| Complete 
| 451|0x0000000778600000, 0x0000000778800000, 0x0000000778800000|100%| E|CS|TAMS 0x0000000778600000| PB 0x0000000778600000| Complete 
| 452|0x0000000778800000, 0x0000000778a00000, 0x0000000778a00000|100%| E|CS|TAMS 0x0000000778800000| PB 0x0000000778800000| Complete 
| 453|0x0000000778a00000, 0x0000000778c00000, 0x0000000778c00000|100%| E|CS|TAMS 0x0000000778a00000| PB 0x0000000778a00000| Complete 
| 454|0x0000000778c00000, 0x0000000778e00000, 0x0000000778e00000|100%| E|CS|TAMS 0x0000000778c00000| PB 0x0000000778c00000| Complete 
| 455|0x0000000778e00000, 0x0000000779000000, 0x0000000779000000|100%| E|CS|TAMS 0x0000000778e00000| PB 0x0000000778e00000| Complete 
| 456|0x0000000779000000, 0x0000000779200000, 0x0000000779200000|100%| E|CS|TAMS 0x0000000779000000| PB 0x0000000779000000| Complete 
| 457|0x0000000779200000, 0x0000000779400000, 0x0000000779400000|100%| E|CS|TAMS 0x0000000779200000| PB 0x0000000779200000| Complete 
| 458|0x0000000779400000, 0x0000000779600000, 0x0000000779600000|100%| E|CS|TAMS 0x0000000779400000| PB 0x0000000779400000| Complete 
| 459|0x0000000779600000, 0x0000000779800000, 0x0000000779800000|100%| E|CS|TAMS 0x0000000779600000| PB 0x0000000779600000| Complete 
| 460|0x0000000779800000, 0x0000000779a00000, 0x0000000779a00000|100%| E|CS|TAMS 0x0000000779800000| PB 0x0000000779800000| Complete 
| 461|0x0000000779a00000, 0x0000000779c00000, 0x0000000779c00000|100%| E|CS|TAMS 0x0000000779a00000| PB 0x0000000779a00000| Complete 
| 462|0x0000000779c00000, 0x0000000779e00000, 0x0000000779e00000|100%| E|CS|TAMS 0x0000000779c00000| PB 0x0000000779c00000| Complete 
| 463|0x0000000779e00000, 0x000000077a000000, 0x000000077a000000|100%| E|CS|TAMS 0x0000000779e00000| PB 0x0000000779e00000| Complete 
| 464|0x000000077a000000, 0x000000077a200000, 0x000000077a200000|100%| E|CS|TAMS 0x000000077a000000| PB 0x000000077a000000| Complete 
| 465|0x000000077a200000, 0x000000077a400000, 0x000000077a400000|100%| E|CS|TAMS 0x000000077a200000| PB 0x000000077a200000| Complete 
| 466|0x000000077a400000, 0x000000077a600000, 0x000000077a600000|100%| E|CS|TAMS 0x000000077a400000| PB 0x000000077a400000| Complete 
| 467|0x000000077a600000, 0x000000077a800000, 0x000000077a800000|100%| E|CS|TAMS 0x000000077a600000| PB 0x000000077a600000| Complete 
|1532|0x00000007ff800000, 0x00000007ffa00000, 0x00000007ffa00000|100%| E|CS|TAMS 0x00000007ff800000| PB 0x00000007ff800000| Complete 
|1533|0x00000007ffa00000, 0x00000007ffc00000, 0x00000007ffc00000|100%| E|CS|TAMS 0x00000007ffa00000| PB 0x00000007ffa00000| Complete 
|1534|0x00000007ffc00000, 0x00000007ffe00000, 0x00000007ffe00000|100%| E|CS|TAMS 0x00000007ffc00000| PB 0x00000007ffc00000| Complete 
|1535|0x00000007ffe00000, 0x0000000800000000, 0x0000000800000000|100%| E|CS|TAMS 0x00000007ffe00000| PB 0x00000007ffe00000| Complete 

Card table byte_map: [0x0000020cfeae0000,0x0000020cff0e0000] _byte_map_base: 0x0000020cfb0e0000

Marking Bits: (CMBitMap*) 0x0000020ceb58ffa0
 Bits: [0x0000020c80000000, 0x0000020c83000000)

Polling page: 0x0000020ce93f0000

Metaspace:

Usage:
  Non-class:     65.90 MB used.
      Class:      8.52 MB used.
       Both:     74.41 MB used.

Virtual space:
  Non-class space:      128.00 MB reserved,      67.44 MB ( 53%) committed,  2 nodes.
      Class space:        1.00 GB reserved,       9.44 MB ( <1%) committed,  1 nodes.
             Both:        1.12 GB reserved,      76.88 MB (  7%) committed. 

Chunk freelists:
   Non-Class:  12.05 MB
       Class:  6.38 MB
        Both:  18.43 MB

MaxMetaspaceSize: unlimited
CompressedClassSpaceSize: 1.00 GB
Initial GC threshold: 21.00 MB
Current GC threshold: 115.75 MB
CDS: on
 - commit_granule_bytes: 65536.
 - commit_granule_words: 8192.
 - virtual_space_node_default_size: 8388608.
 - enlarge_chunks_in_place: 1.
 - use_allocation_guard: 0.


Internal statistics:

num_allocs_failed_limit: 15.
num_arena_births: 1776.
num_arena_deaths: 0.
num_vsnodes_births: 3.
num_vsnodes_deaths: 0.
num_space_committed: 1229.
num_space_uncommitted: 0.
num_chunks_returned_to_freelist: 15.
num_chunks_taken_from_freelist: 5100.
num_chunk_merges: 9.
num_chunk_splits: 3247.
num_chunks_enlarged: 1896.
num_inconsistent_stats: 0.

CodeHeap 'non-profiled nmethods': size=119168Kb used=11265Kb max_used=11265Kb free=107902Kb
 bounds [0x0000020cf62b0000, 0x0000020cf6dd0000, 0x0000020cfd710000]
CodeHeap 'profiled nmethods': size=119104Kb used=24960Kb max_used=26653Kb free=94144Kb
 bounds [0x0000020cee710000, 0x0000020cf0120000, 0x0000020cf5b60000]
CodeHeap 'non-nmethods': size=7488Kb used=2760Kb max_used=3859Kb free=4727Kb
 bounds [0x0000020cf5b60000, 0x0000020cf5f30000, 0x0000020cf62b0000]
 total_blobs=13287 nmethods=12155 adapters=1034
 compilation: enabled
              stopped_count=0, restarted_count=0
 full_count=0

Compilation events (20 events):
Event: 13.309 Thread 0x0000020cdb1a21d0 nmethod 14948 0x0000020cf6b28d10 code [0x0000020cf6b28ea0, 0x0000020cf6b28f70]
Event: 13.309 Thread 0x0000020cdb1a21d0 14949       1       java.nio.file.FileTreeWalker$DirectoryNode::iterator (5 bytes)
Event: 13.309 Thread 0x0000020cdb1a21d0 nmethod 14949 0x0000020cf6b28910 code [0x0000020cf6b28aa0, 0x0000020cf6b28b70]
Event: 13.309 Thread 0x0000020cdb1a21d0 14950       1       java.nio.file.FileTreeWalker$Event::attributes (5 bytes)
Event: 13.309 Thread 0x0000020cdb1a21d0 nmethod 14950 0x0000020cf6b4a610 code [0x0000020cf6b4a7a0, 0x0000020cf6b4a870]
Event: 13.309 Thread 0x0000020cdb1a21d0 14951       1       java.nio.file.FileTreeWalker$Event::ioeException (5 bytes)
Event: 13.309 Thread 0x0000020c8585cfd0 nmethod 14945 0x0000020ceefa8d10 code [0x0000020ceefa8fc0, 0x0000020ceefa9af8]
Event: 13.309 Thread 0x0000020cdb1a21d0 nmethod 14951 0x0000020cf6b4a310 code [0x0000020cf6b4a4a0, 0x0000020cf6b4a570]
Event: 13.336 Thread 0x0000020c8585cfd0 14952       3       java.util.logging.LogManager$LoggerContext::requiresDefaultLoggers (29 bytes)
Event: 13.336 Thread 0x0000020c8585cfd0 nmethod 14952 0x0000020ceed0c990 code [0x0000020ceed0cb40, 0x0000020ceed0cd48]
Event: 13.337 Thread 0x0000020c8585cfd0 14954       3       java.lang.StringUTF16::indexOf (44 bytes)
Event: 13.338 Thread 0x0000020cdb1a21d0 14955       3       java.lang.StringUTF16::indexOfChar (14 bytes)
Event: 13.338 Thread 0x0000020cdb1a21d0 nmethod 14955 0x0000020cef67f810 code [0x0000020cef67fa00, 0x0000020cef67fea0]
Event: 13.338 Thread 0x0000020c8585cfd0 nmethod 14954 0x0000020cee760c90 code [0x0000020cee760ec0, 0x0000020cee7615e8]
Event: 13.367 Thread 0x0000020c8584a510 nmethod 14893 0x0000020cf6dac210 code [0x0000020cf6dacfa0, 0x0000020cf6db66a0]
Event: 13.378 Thread 0x0000020cdb1a4ab0 nmethod 14936 0x0000020cf6dbbc90 code [0x0000020cf6dbc580, 0x0000020cf6dc3c88]
Event: 13.520 Thread 0x0000020c8585cfd0 14956       3       org.cef.CefApp$6::accept (31 bytes)
Event: 13.521 Thread 0x0000020c8585cfd0 nmethod 14956 0x0000020cee760710 code [0x0000020cee7608e0, 0x0000020cee760b68]
Event: 13.533 Thread 0x0000020cdb1a5f20 14957       4       org.cef.CefApp$6::accept (31 bytes)
Event: 13.535 Thread 0x0000020cdb1a5f20 nmethod 14957 0x0000020cf6b49910 code [0x0000020cf6b49ae0, 0x0000020cf6b49cf8]

GC Heap History (20 events):
Event: 4.562 GC heap before
{Heap before GC invocations=8 (full 0):
 garbage-first heap   total 524288K, used 185971K [0x0000000740000000, 0x0000000800000000)
  region size 2048K, 59 young (120832K), 12 survivors (24576K)
 Metaspace       used 34648K, committed 35968K, reserved 1114112K
  class space    used 3724K, committed 4288K, reserved 1048576K
}
Event: 4.570 GC heap after
{Heap after GC invocations=9 (full 0):
 garbage-first heap   total 524288K, used 69515K [0x0000000740000000, 0x0000000800000000)
  region size 2048K, 19 young (38912K), 19 survivors (38912K)
 Metaspace       used 34648K, committed 35968K, reserved 1114112K
  class space    used 3724K, committed 4288K, reserved 1048576K
}
Event: 6.961 GC heap before
{Heap before GC invocations=10 (full 0):
 garbage-first heap   total 524288K, used 208779K [0x0000000740000000, 0x0000000800000000)
  region size 2048K, 89 young (182272K), 19 survivors (38912K)
 Metaspace       used 58200K, committed 60096K, reserved 1114112K
  class space    used 6524K, committed 7296K, reserved 1048576K
}
Event: 6.972 GC heap after
{Heap after GC invocations=11 (full 0):
 garbage-first heap   total 524288K, used 82377K [0x0000000740000000, 0x0000000800000000)
  region size 2048K, 9 young (18432K), 9 survivors (18432K)
 Metaspace       used 58200K, committed 60096K, reserved 1114112K
  class space    used 6524K, committed 7296K, reserved 1048576K
}
Event: 6.994 GC heap before
{Heap before GC invocations=11 (full 0):
 garbage-first heap   total 524288K, used 86473K [0x0000000740000000, 0x0000000800000000)
  region size 2048K, 12 young (24576K), 9 survivors (18432K)
 Metaspace       used 58564K, committed 60416K, reserved 1114112K
  class space    used 6587K, committed 7360K, reserved 1048576K
}
Event: 6.999 GC heap after
{Heap after GC invocations=12 (full 0):
 garbage-first heap   total 524288K, used 81128K [0x0000000740000000, 0x0000000800000000)
  region size 2048K, 7 young (14336K), 7 survivors (14336K)
 Metaspace       used 58564K, committed 60416K, reserved 1114112K
  class space    used 6587K, committed 7360K, reserved 1048576K
}
Event: 7.015 GC heap before
{Heap before GC invocations=12 (full 0):
 garbage-first heap   total 524288K, used 83176K [0x0000000740000000, 0x0000000800000000)
  region size 2048K, 9 young (18432K), 7 survivors (14336K)
 Metaspace       used 58876K, committed 60736K, reserved 1114112K
  class space    used 6632K, committed 7360K, reserved 1048576K
}
Event: 7.020 GC heap after
{Heap after GC invocations=13 (full 0):
 garbage-first heap   total 524288K, used 81533K [0x0000000740000000, 0x0000000800000000)
  region size 2048K, 8 young (16384K), 8 survivors (16384K)
 Metaspace       used 58876K, committed 60736K, reserved 1114112K
  class space    used 6632K, committed 7360K, reserved 1048576K
}
Event: 10.692 GC heap before
{Heap before GC invocations=14 (full 0):
 garbage-first heap   total 524288K, used 376445K [0x0000000740000000, 0x0000000800000000)
  region size 2048K, 153 young (313344K), 8 survivors (16384K)
 Metaspace       used 68831K, committed 70976K, reserved 1114112K
  class space    used 7862K, committed 8704K, reserved 1048576K
}
Event: 10.723 GC heap after
{Heap after GC invocations=15 (full 0):
 garbage-first heap   total 524288K, used 170791K [0x0000000740000000, 0x0000000800000000)
  region size 2048K, 20 young (40960K), 20 survivors (40960K)
 Metaspace       used 68831K, committed 70976K, reserved 1114112K
  class space    used 7862K, committed 8704K, reserved 1048576K
}
Event: 11.424 GC heap before
{Heap before GC invocations=15 (full 0):
 garbage-first heap   total 524288K, used 385831K [0x0000000740000000, 0x0000000800000000)
  region size 2048K, 125 young (256000K), 20 survivors (40960K)
 Metaspace       used 68851K, committed 71104K, reserved 1114112K
  class space    used 7862K, committed 8704K, reserved 1048576K
}
Event: 11.449 GC heap after
{Heap after GC invocations=16 (full 0):
 garbage-first heap   total 532480K, used 274432K [0x0000000740000000, 0x0000000800000000)
  region size 2048K, 16 young (32768K), 16 survivors (32768K)
 Metaspace       used 68851K, committed 71104K, reserved 1114112K
  class space    used 7862K, committed 8704K, reserved 1048576K
}
Event: 11.870 GC heap before
{Heap before GC invocations=16 (full 0):
 garbage-first heap   total 532480K, used 409600K [0x0000000740000000, 0x0000000800000000)
  region size 2048K, 82 young (167936K), 16 survivors (32768K)
 Metaspace       used 68851K, committed 71104K, reserved 1114112K
  class space    used 7862K, committed 8704K, reserved 1048576K
}
Event: 11.888 GC heap after
{Heap after GC invocations=17 (full 0):
 garbage-first heap   total 532480K, used 343977K [0x0000000740000000, 0x0000000800000000)
  region size 2048K, 11 young (22528K), 11 survivors (22528K)
 Metaspace       used 68851K, committed 71104K, reserved 1114112K
  class space    used 7862K, committed 8704K, reserved 1048576K
}
Event: 12.155 GC heap before
{Heap before GC invocations=17 (full 0):
 garbage-first heap   total 532480K, used 436137K [0x0000000740000000, 0x0000000800000000)
  region size 2048K, 56 young (114688K), 11 survivors (22528K)
 Metaspace       used 68851K, committed 71104K, reserved 1114112K
  class space    used 7862K, committed 8704K, reserved 1048576K
}
Event: 12.168 GC heap after
{Heap after GC invocations=18 (full 0):
 garbage-first heap   total 532480K, used 395264K [0x0000000740000000, 0x0000000800000000)
  region size 2048K, 7 young (14336K), 7 survivors (14336K)
 Metaspace       used 68851K, committed 71104K, reserved 1114112K
  class space    used 7862K, committed 8704K, reserved 1048576K
}
Event: 12.404 GC heap before
{Heap before GC invocations=19 (full 0):
 garbage-first heap   total 659456K, used 458752K [0x0000000740000000, 0x0000000800000000)
  region size 2048K, 38 young (77824K), 7 survivors (14336K)
 Metaspace       used 68851K, committed 71104K, reserved 1114112K
  class space    used 7862K, committed 8704K, reserved 1048576K
}
Event: 12.413 GC heap after
{Heap after GC invocations=20 (full 0):
 garbage-first heap   total 659456K, used 428701K [0x0000000740000000, 0x0000000800000000)
  region size 2048K, 5 young (10240K), 5 survivors (10240K)
 Metaspace       used 68851K, committed 71104K, reserved 1114112K
  class space    used 7862K, committed 8704K, reserved 1048576K
}
Event: 12.918 GC heap before
{Heap before GC invocations=20 (full 0):
 garbage-first heap   total 659456K, used 537245K [0x0000000740000000, 0x0000000800000000)
  region size 2048K, 58 young (118784K), 5 survivors (10240K)
 Metaspace       used 74989K, committed 77568K, reserved 1179648K
  class space    used 8583K, committed 9536K, reserved 1048576K
}
Event: 12.932 GC heap after
{Heap after GC invocations=21 (full 0):
 garbage-first heap   total 966656K, used 450291K [0x0000000740000000, 0x0000000800000000)
  region size 2048K, 8 young (16384K), 8 survivors (16384K)
 Metaspace       used 74989K, committed 77568K, reserved 1179648K
  class space    used 8583K, committed 9536K, reserved 1048576K
}

Dll operation events (19 events):
Event: 0.005 Loaded shared library E:\Software\Renesas\RA\sc_v2025-12_fsp_v6.4.0\eclipse\plugins\org.eclipse.justj.openjdk.hotspot.jre.full.stripped.win32.x86_64_21.0.7.v20250502-0916\jre\bin\java.dll
Event: 0.019 Loaded shared library E:\Software\Renesas\RA\sc_v2025-12_fsp_v6.4.0\eclipse\plugins\org.eclipse.justj.openjdk.hotspot.jre.full.stripped.win32.x86_64_21.0.7.v20250502-0916\jre\bin\zip.dll
Event: 0.045 Loaded shared library E:\Software\Renesas\RA\sc_v2025-12_fsp_v6.4.0\eclipse\plugins\org.eclipse.justj.openjdk.hotspot.jre.full.stripped.win32.x86_64_21.0.7.v20250502-0916\jre\bin\net.dll
Event: 0.046 Loaded shared library E:\Software\Renesas\RA\sc_v2025-12_fsp_v6.4.0\eclipse\plugins\org.eclipse.justj.openjdk.hotspot.jre.full.stripped.win32.x86_64_21.0.7.v20250502-0916\jre\bin\nio.dll
Event: 0.047 Loaded shared library E:\Software\Renesas\RA\sc_v2025-12_fsp_v6.4.0\eclipse\plugins\org.eclipse.justj.openjdk.hotspot.jre.full.stripped.win32.x86_64_21.0.7.v20250502-0916\jre\bin\zip.dll
Event: 0.066 Loaded shared library E:\Software\Renesas\RA\sc_v2025-12_fsp_v6.4.0\eclipse\plugins\org.eclipse.justj.openjdk.hotspot.jre.full.stripped.win32.x86_64_21.0.7.v20250502-0916\jre\bin\jimage.dll
Event: 0.977 Loaded shared library E:\Software\Renesas\RA\sc_v2025-12_fsp_v6.4.0\eclipse\plugins\org.eclipse.justj.openjdk.hotspot.jre.full.stripped.win32.x86_64_21.0.7.v20250502-0916\jre\bin\verify.dll
Event: 3.922 Loaded shared library E:\Software\Renesas\RA\sc_v2025-12_fsp_v6.4.0\eclipse\configuration\org.eclipse.osgi\366\0\.cp\swt-osversion-win32-4969r18.dll
Event: 3.931 Loaded shared library E:\Software\Renesas\RA\sc_v2025-12_fsp_v6.4.0\eclipse\configuration\org.eclipse.osgi\366\0\.cp\swt-win32-4969r18.dll
Event: 3.975 Loaded shared library E:\Software\Renesas\RA\sc_v2025-12_fsp_v6.4.0\eclipse\configuration\org.eclipse.osgi\366\0\.cp\swt-gdip-win32-4969r18.dll
Event: 4.843 Loaded shared library E:\Software\Renesas\RA\sc_v2025-12_fsp_v6.4.0\eclipse\plugins\org.eclipse.justj.openjdk.hotspot.jre.full.stripped.win32.x86_64_21.0.7.v20250502-0916\jre\bin\awt.dll
Event: 5.619 Loaded shared library E:\Software\Renesas\RA\sc_v2025-12_fsp_v6.4.0\eclipse\plugins\org.eclipse.justj.openjdk.hotspot.jre.full.stripped.win32.x86_64_21.0.7.v20250502-0916\jre\bin\mlib_image.dll
Event: 6.675 Loaded shared library C:\Users\31634\AppData\Local\Temp\jna-48612857\jna14067769275077872187.dll
Event: 6.979 Loaded shared library E:\Software\Renesas\RA\sc_v2025-12_fsp_v6.4.0\eclipse\plugins\org.eclipse.justj.openjdk.hotspot.jre.full.stripped.win32.x86_64_21.0.7.v20250502-0916\jre\bin\sunmscapi.dll
Event: 8.769 Loaded shared library E:\Software\Renesas\RA\sc_v2025-12_fsp_v6.4.0\eclipse\plugins\org.eclipse.justj.openjdk.hotspot.jre.full.stripped.win32.x86_64_21.0.7.v20250502-0916\jre\bin\extnet.dll
Event: 9.718 Loaded shared library E:\Software\Renesas\RA\sc_v2025-12_fsp_v6.4.0\eclipse\configuration\org.eclipse.osgi\105\0\.cp\jnicrypt64.dll
Event: 13.323 Loaded shared library E:\Software\Renesas\RA\sc_v2025-12_fsp_v6.4.0\eclipse\plugins\com.equo.chromium.cef.win32.win32.x86_64_128.0.20\chromium-6613\chrome_elf.dll
Event: 13.330 Loaded shared library E:\Software\Renesas\RA\sc_v2025-12_fsp_v6.4.0\eclipse\plugins\com.equo.chromium.cef.win32.win32.x86_64_128.0.20\chromium-6613\libcef.dll
Event: 13.335 Loaded shared library E:\Software\Renesas\RA\sc_v2025-12_fsp_v6.4.0\eclipse\plugins\com.equo.chromium.cef.win32.win32.x86_64_128.0.20\chromium-6613\equochro.dll

Deoptimization events (20 events):
Event: 13.285 Thread 0x0000020ceb53d760 Uncommon trap: trap_request=0xffffffc6 fr.pc=0x0000020cf6a26cf0 relative=0x0000000000000a70
Event: 13.285 Thread 0x0000020ceb53d760 Uncommon trap: reason=bimorphic_or_optimized_type_check action=maybe_recompile pc=0x0000020cf6a26cf0 method=org.apache.felix.resolver.util.OpenHashMap.getOrCompute(Ljava/lang/Object;)Ljava/lang/Object; @ 122 c2
Event: 13.285 Thread 0x0000020ceb53d760 DEOPT PACKING pc=0x0000020cf6a26cf0 sp=0x0000005ff358a3e0
Event: 13.285 Thread 0x0000020ceb53d760 DEOPT UNPACKING pc=0x0000020cf5bb46a2 sp=0x0000005ff358a390 mode 2
Event: 13.285 Thread 0x0000020ceb53d760 Uncommon trap: trap_request=0xffffffc6 fr.pc=0x0000020cf6a26cf0 relative=0x0000000000000a70
Event: 13.285 Thread 0x0000020ceb53d760 Uncommon trap: reason=bimorphic_or_optimized_type_check action=maybe_recompile pc=0x0000020cf6a26cf0 method=org.apache.felix.resolver.util.OpenHashMap.getOrCompute(Ljava/lang/Object;)Ljava/lang/Object; @ 122 c2
Event: 13.285 Thread 0x0000020ceb53d760 DEOPT PACKING pc=0x0000020cf6a26cf0 sp=0x0000005ff358a3e0
Event: 13.285 Thread 0x0000020ceb53d760 DEOPT UNPACKING pc=0x0000020cf5bb46a2 sp=0x0000005ff358a390 mode 2
Event: 13.285 Thread 0x0000020ceb53d760 Uncommon trap: trap_request=0xffffffc6 fr.pc=0x0000020cf6a26cf0 relative=0x0000000000000a70
Event: 13.285 Thread 0x0000020ceb53d760 Uncommon trap: reason=bimorphic_or_optimized_type_check action=maybe_recompile pc=0x0000020cf6a26cf0 method=org.apache.felix.resolver.util.OpenHashMap.getOrCompute(Ljava/lang/Object;)Ljava/lang/Object; @ 122 c2
Event: 13.285 Thread 0x0000020ceb53d760 DEOPT PACKING pc=0x0000020cf6a26cf0 sp=0x0000005ff358a3e0
Event: 13.285 Thread 0x0000020ceb53d760 DEOPT UNPACKING pc=0x0000020cf5bb46a2 sp=0x0000005ff358a390 mode 2
Event: 13.563 Thread 0x0000020ceb53d760 Uncommon trap: trap_request=0xffffff45 fr.pc=0x0000020cf6cf1a94 relative=0x0000000000000654
Event: 13.563 Thread 0x0000020ceb53d760 Uncommon trap: reason=unstable_if action=reinterpret pc=0x0000020cf6cf1a94 method=java.io.WinNTFileSystem.prefixLength(Ljava/lang/String;)I @ 11 c2
Event: 13.563 Thread 0x0000020ceb53d760 DEOPT PACKING pc=0x0000020cf6cf1a94 sp=0x0000005ff358b420
Event: 13.563 Thread 0x0000020ceb53d760 DEOPT UNPACKING pc=0x0000020cf5bb46a2 sp=0x0000005ff358b380 mode 2
Event: 13.563 Thread 0x0000020ceb53d760 Uncommon trap: trap_request=0xffffff45 fr.pc=0x0000020cf6915d78 relative=0x0000000000000298
Event: 13.563 Thread 0x0000020ceb53d760 Uncommon trap: reason=unstable_if action=reinterpret pc=0x0000020cf6915d78 method=java.io.WinNTFileSystem.prefixLength(Ljava/lang/String;)I @ 11 c2
Event: 13.563 Thread 0x0000020ceb53d760 DEOPT PACKING pc=0x0000020cf6915d78 sp=0x0000005ff358b3e0
Event: 13.563 Thread 0x0000020ceb53d760 DEOPT UNPACKING pc=0x0000020cf5bb46a2 sp=0x0000005ff358b380 mode 2

Classes loaded (20 events):
Event: 12.715 Loading class java/io/IOError
Event: 12.715 Loading class java/io/IOError done
Event: 12.728 Loading class java/util/LinkedList$DescendingIterator
Event: 12.729 Loading class java/util/LinkedList$DescendingIterator done
Event: 12.746 Loading class java/lang/VerifyError
Event: 12.746 Loading class java/lang/VerifyError done
Event: 12.754 Loading class java/util/Collections$UnmodifiableList$1
Event: 12.754 Loading class java/util/Collections$UnmodifiableList$1 done
Event: 13.306 Loading class java/nio/file/SimpleFileVisitor
Event: 13.306 Loading class java/nio/file/SimpleFileVisitor done
Event: 13.306 Loading class java/nio/file/Files$3
Event: 13.306 Loading class java/nio/file/Files$3 done
Event: 13.307 Loading class java/nio/file/FileVisitResult
Event: 13.307 Loading class java/nio/file/FileVisitResult done
Event: 13.307 Loading class java/nio/file/FileAlreadyExistsException
Event: 13.307 Loading class java/nio/file/FileAlreadyExistsException done
Event: 13.308 Loading class sun/nio/fs/WindowsFileCopy
Event: 13.309 Loading class sun/nio/fs/WindowsFileCopy done
Event: 13.309 Loading class sun/nio/fs/WindowsPath$1
Event: 13.309 Loading class sun/nio/fs/WindowsPath$1 done

Classes unloaded (0 events):
No events

Classes redefined (0 events):
No events

Internal exceptions (20 events):
Event: 12.714 Thread 0x0000020ceb53d760 Exception <a 'java/lang/NoSuchMethodError'{0x0000000762e1f648}: 'java.lang.Object java.lang.invoke.DirectMethodHandle$Holder.newInvokeSpecial(java.lang.Object, java.lang.Object, int, java.lang.Object, java.lang.Object, java.lang.Object)'> (0x0000000762e1f648) 
thrown [s\src\hotspot\share\interpreter\linkResolver.cpp, line 773]
Event: 12.714 Thread 0x0000020ceb53d760 Exception <a 'java/lang/NoSuchMethodError'{0x0000000762e23cd8}: 'java.lang.Object java.lang.invoke.DirectMethodHandle$Holder.invokeSpecial(java.lang.Object, java.lang.Object, java.lang.Object, int, java.lang.Object, java.lang.Object, java.lang.Object)'> (0x0000000762e23cd8) 
thrown [s\src\hotspot\share\interpreter\linkResolver.cpp, line 773]
Event: 12.741 Thread 0x0000020ceb53d760 Exception <a 'java/lang/NoSuchMethodError'{0x0000000762cd64f8}: 'java.lang.Class sun.misc.Unsafe.defineAnonymousClass(java.lang.Class, byte[], java.lang.Object[])'> (0x0000000762cd64f8) 
thrown [s\src\hotspot\share\interpreter\linkResolver.cpp, line 773]
Event: 12.751 Thread 0x0000020ceb53d760 Exception <a 'java/lang/NoSuchMethodError'{0x0000000762a349a0}: 'java.lang.Object java.lang.invoke.Invokers$Holder.linkToTargetMethod(int, java.lang.Object, int, java.lang.Object)'> (0x0000000762a349a0) 
thrown [s\src\hotspot\share\interpreter\linkResolver.cpp, line 773]
Event: 12.767 Thread 0x0000020ceb53d760 Exception <a 'java/lang/NoSuchMethodError'{0x0000000762b7b018}: 'java.lang.Object java.lang.invoke.DirectMethodHandle$Holder.invokeStatic(java.lang.Object, java.lang.Object, int, java.lang.Object)'> (0x0000000762b7b018) 
thrown [s\src\hotspot\share\interpreter\linkResolver.cpp, line 773]
Event: 12.767 Thread 0x0000020ceb53d760 Exception <a 'java/lang/NoSuchMethodError'{0x0000000762b7efe8}: 'java.lang.Object java.lang.invoke.DirectMethodHandle$Holder.invokeStaticInit(java.lang.Object, java.lang.Object, int, java.lang.Object)'> (0x0000000762b7efe8) 
thrown [s\src\hotspot\share\interpreter\linkResolver.cpp, line 773]
Event: 12.771 Thread 0x0000020ceb53d760 Implicit null exception at 0x0000020cf673eaf5 to 0x0000020cf673fbcc
Event: 12.773 Thread 0x0000020ceb53d760 Implicit null exception at 0x0000020cf65a6286 to 0x0000020cf65a63c0
Event: 12.773 Thread 0x0000020ceb53d760 Exception <a 'java/lang/NoSuchMethodError'{0x0000000762bf2d48}: 'java.lang.Object java.lang.invoke.Invokers$Holder.invoke_MT(java.lang.Object, java.lang.Object, java.lang.Object, java.lang.Object, java.lang.Object, java.lang.Object)'> (0x0000000762bf2d48) 
thrown [s\src\hotspot\share\interpreter\linkResolver.cpp, line 773]
Event: 12.773 Thread 0x0000020ceb53d760 Exception <a 'java/lang/NoSuchMethodError'{0x0000000762bf6cc8}: 'java.lang.Object java.lang.invoke.DelegatingMethodHandle$Holder.reinvoke_L(java.lang.Object, java.lang.Object, java.lang.Object, java.lang.Object, int)'> (0x0000000762bf6cc8) 
thrown [s\src\hotspot\share\interpreter\linkResolver.cpp, line 773]
Event: 12.773 Thread 0x0000020ceb53d760 Exception <a 'java/lang/NoSuchMethodError'{0x0000000762801df8}: 'void java.lang.invoke.Invokers$Holder.exactInvoker(java.lang.Object, java.lang.Object, java.lang.Object, java.lang.Object)'> (0x0000000762801df8) 
thrown [s\src\hotspot\share\interpreter\linkResolver.cpp, line 773]
Event: 12.773 Thread 0x0000020ceb53d760 Exception <a 'java/lang/NoSuchMethodError'{0x00000007628099e8}: 'void java.lang.invoke.Invokers$Holder.linkToCallSite(java.lang.Object, java.lang.Object, java.lang.Object)'> (0x00000007628099e8) 
thrown [s\src\hotspot\share\interpreter\linkResolver.cpp, line 773]
Event: 12.775 Thread 0x0000020ceb53d760 Implicit null exception at 0x0000020cf635081c to 0x0000020cf6350c20
Event: 13.136 Thread 0x0000020ceb53d760 Implicit null exception at 0x0000020cf6c66aef to 0x0000020cf6c66b74
Event: 13.199 Thread 0x0000020ceb53d760 Implicit null exception at 0x0000020cf68a9cb5 to 0x0000020cf68aa5e0
Event: 13.247 Thread 0x0000020ceb53d760 Implicit null exception at 0x0000020cf6d125c0 to 0x0000020cf6d14278
Event: 13.280 Thread 0x0000020ceb53d760 Exception <a 'java/io/FileNotFoundException'{0x00000007757ecf48}> (0x00000007757ecf48) 
thrown [s\src\hotspot\share\prims\jni.cpp, line 520]
Event: 13.293 Thread 0x0000020ceb53d760 Exception <a 'sun/nio/fs/WindowsException'{0x0000000775345848}> (0x0000000775345848) 
thrown [s\src\hotspot\share\prims\jni.cpp, line 520]
Event: 13.312 Thread 0x0000020ceb53d760 Exception <a 'sun/nio/fs/WindowsException'{0x000000077502e508}> (0x000000077502e508) 
thrown [s\src\hotspot\share\prims\jni.cpp, line 520]
Event: 13.314 Thread 0x0000020ceb53d760 Exception <a 'java/lang/NoSuchMethodError'{0x0000000775047608}: 'int java.lang.invoke.DelegatingMethodHandle$Holder.reinvoke_L(java.lang.Object)'> (0x0000000775047608) 
thrown [s\src\hotspot\share\interpreter\linkResolver.cpp, line 773]

ZGC Phase Switch (0 events):
No events

VM Operations (20 events):
Event: 12.280 Executing VM operation: G1PauseCleanup
Event: 12.280 Executing VM operation: G1PauseCleanup done
Event: 12.404 Executing VM operation: G1CollectForAllocation (G1 Evacuation Pause)
Event: 12.413 Executing VM operation: G1CollectForAllocation (G1 Evacuation Pause) done
Event: 12.625 Executing VM operation: HandshakeAllThreads (Deoptimize)
Event: 12.625 Executing VM operation: HandshakeAllThreads (Deoptimize) done
Event: 12.673 Executing VM operation: HandshakeAllThreads (Deoptimize)
Event: 12.673 Executing VM operation: HandshakeAllThreads (Deoptimize) done
Event: 12.835 Executing VM operation: ICBufferFull
Event: 12.835 Executing VM operation: ICBufferFull done
Event: 12.918 Executing VM operation: G1CollectForAllocation (G1 Evacuation Pause)
Event: 12.932 Executing VM operation: G1CollectForAllocation (G1 Evacuation Pause) done
Event: 13.244 Executing VM operation: HandshakeAllThreads (Deoptimize)
Event: 13.244 Executing VM operation: HandshakeAllThreads (Deoptimize) done
Event: 13.280 Executing VM operation: ICBufferFull
Event: 13.280 Executing VM operation: ICBufferFull done
Event: 13.284 Executing VM operation: HandshakeAllThreads (Deoptimize)
Event: 13.284 Executing VM operation: HandshakeAllThreads (Deoptimize) done
Event: 13.295 Executing VM operation: HandshakeAllThreads (Deoptimize)
Event: 13.295 Executing VM operation: HandshakeAllThreads (Deoptimize) done

Memory protections (0 events):
No events

Nmethod flushes (20 events):
Event: 12.211 Thread 0x0000020cff6ba860 flushing  nmethod 0x0000020cf6489b10
Event: 12.211 Thread 0x0000020cff6ba860 flushing  nmethod 0x0000020cf64e7210
Event: 12.211 Thread 0x0000020cff6ba860 flushing  nmethod 0x0000020cf6a76910
Event: 12.211 Thread 0x0000020cff6ba860 flushing  nmethod 0x0000020cf6a7c110
Event: 12.211 Thread 0x0000020cff6ba860 flushing  nmethod 0x0000020cee7c5a90
Event: 12.211 Thread 0x0000020cff6ba860 flushing  nmethod 0x0000020cee7c8210
Event: 12.211 Thread 0x0000020cff6ba860 flushing  nmethod 0x0000020cee7ddf10
Event: 12.211 Thread 0x0000020cff6ba860 flushing  nmethod 0x0000020cee7e5710
Event: 12.211 Thread 0x0000020cff6ba860 flushing  nmethod 0x0000020cee7e5f90
Event: 12.211 Thread 0x0000020cff6ba860 flushing  nmethod 0x0000020cee803a90
Event: 12.211 Thread 0x0000020cff6ba860 flushing  nmethod 0x0000020ceeb24a90
Event: 12.211 Thread 0x0000020cff6ba860 flushing  nmethod 0x0000020ceeb25490
Event: 12.211 Thread 0x0000020cff6ba860 flushing  nmethod 0x0000020ceeb6a890
Event: 12.211 Thread 0x0000020cff6ba860 flushing  nmethod 0x0000020ceebd7b90
Event: 12.211 Thread 0x0000020cff6ba860 flushing  nmethod 0x0000020ceee50510
Event: 12.211 Thread 0x0000020cff6ba860 flushing  nmethod 0x0000020cef798490
Event: 12.211 Thread 0x0000020cff6ba860 flushing  nmethod 0x0000020cefd20610
Event: 12.211 Thread 0x0000020cff6ba860 flushing  nmethod 0x0000020cf0065490
Event: 12.211 Thread 0x0000020cff6ba860 flushing  nmethod 0x0000020cf0068010
Event: 12.211 Thread 0x0000020cff6ba860 flushing  nmethod 0x0000020cf00a3d90

Events (20 events):
Event: 10.017 Thread 0x0000020c85927150 Thread added: 0x0000020cdb1a3640
Event: 10.017 Thread 0x0000020c85927150 Thread added: 0x0000020cdb1a21d0
Event: 10.196 Thread 0x0000020ccda9c630 Thread added: 0x0000020ccda9f420
Event: 10.740 Thread 0x0000020cdb1a21d0 Thread exited: 0x0000020cdb1a21d0
Event: 11.278 Thread 0x0000020cdb1a3640 Thread exited: 0x0000020cdb1a3640
Event: 11.400 Thread 0x0000020cd0aca570 Thread exited: 0x0000020cd0aca570
Event: 11.472 Thread 0x0000020c85927150 Thread exited: 0x0000020c85927150
Event: 11.472 Thread 0x0000020cd0acd520 Thread exited: 0x0000020cd0acd520
Event: 11.609 Thread 0x0000020c85926ab0 Thread exited: 0x0000020c85926ab0
Event: 11.985 Thread 0x0000020cd0acce50 Thread exited: 0x0000020cd0acce50
Event: 12.017 Thread 0x0000020cd0acc780 Thread exited: 0x0000020cd0acc780
Event: 12.017 Thread 0x0000020cd0ac9ea0 Thread exited: 0x0000020cd0ac9ea0
Event: 12.594 Thread 0x0000020c8585cfd0 Thread added: 0x0000020cdb1a43e0
Event: 12.620 Thread 0x0000020c8585cfd0 Thread added: 0x0000020cdb1a21d0
Event: 12.777 Thread 0x0000020cdb1a21d0 Thread added: 0x0000020cdb1a5f20
Event: 12.878 Thread 0x0000020cdb1a21d0 Thread added: 0x0000020cdb1a28a0
Event: 12.893 Thread 0x0000020c8585cfd0 Thread added: 0x0000020cdb1a4ab0
Event: 13.520 Thread 0x0000020cdb1a4ab0 Thread exited: 0x0000020cdb1a4ab0
Event: 13.520 Thread 0x0000020cdb1a28a0 Thread exited: 0x0000020cdb1a28a0
Event: 13.756 Thread 0x0000020ceb53d760 Thread added: 0x0000020ccd1adfb0


Dynamic libraries:
0x00007ff6fdaa0000 - 0x00007ff6fdb29000 	E:\Software\Renesas\RA\sc_v2025-12_fsp_v6.4.0\eclipse\rasc.exe
0x00007ffa70d20000 - 0x00007ffa70f88000 	C:\WINDOWS\SYSTEM32\ntdll.dll
0x00007ffa6eda0000 - 0x00007ffa6ee69000 	C:\WINDOWS\System32\KERNEL32.DLL
0x00007ffa6e160000 - 0x00007ffa6e551000 	C:\WINDOWS\System32\KERNELBASE.dll
0x00007ffa69420000 - 0x00007ffa694be000 	C:\WINDOWS\SYSTEM32\apphelp.dll
0x00007ffa6fb50000 - 0x00007ffa6fd16000 	C:\WINDOWS\System32\USER32.dll
0x00007ffa6dfb0000 - 0x00007ffa6dfd7000 	C:\WINDOWS\System32\win32u.dll
0x00007ffa6ff70000 - 0x00007ffa6ff9b000 	C:\WINDOWS\System32\GDI32.dll
0x00007ffa6e760000 - 0x00007ffa6e88b000 	C:\WINDOWS\System32\gdi32full.dll
0x00007ffa6e6b0000 - 0x00007ffa6e753000 	C:\WINDOWS\System32\msvcp_win.dll
0x00007ffa6e560000 - 0x00007ffa6e6ab000 	C:\WINDOWS\System32\ucrtbase.dll
0x00007ffa48840000 - 0x00007ffa48ad3000 	C:\WINDOWS\WinSxS\amd64_microsoft.windows.common-controls_6595b64144ccf1df_6.0.26100.7824_none_3e0870b2e3345462\COMCTL32.dll
0x00007ffa701a0000 - 0x00007ffa70249000 	C:\WINDOWS\System32\msvcrt.dll
0x00007ffa70430000 - 0x00007ffa70461000 	C:\WINDOWS\System32\IMM32.DLL
0x00007ffa35360000 - 0x00007ffa353a5000 	E:\Software\Renesas\RA\sc_v2025-12_fsp_v6.4.0\eclipse\plugins\org.eclipse.equinox.launcher.win32.win32.x86_64_1.2.1300.v20250331-1702\eclipse_11911.dll
0x00007ffa6eef0000 - 0x00007ffa6efa4000 	C:\WINDOWS\System32\ADVAPI32.dll
0x00007ffa6f610000 - 0x00007ffa6f6b6000 	C:\WINDOWS\System32\sechost.dll
0x00007ffa6fe00000 - 0x00007ffa6ff18000 	C:\WINDOWS\System32\RPCRT4.dll
0x00007ffa6efb0000 - 0x00007ffa6f147000 	C:\WINDOWS\System32\ole32.dll
0x00007ffa6f7c0000 - 0x00007ffa6fb46000 	C:\WINDOWS\System32\combase.dll
0x00007ffa65680000 - 0x00007ffa6568b000 	C:\WINDOWS\SYSTEM32\VERSION.dll
0x00007ff89d560000 - 0x00007ff89e2f0000 	E:\Software\Renesas\RA\sc_v2025-12_fsp_v6.4.0\eclipse\plugins\org.eclipse.justj.openjdk.hotspot.jre.full.stripped.win32.x86_64_21.0.7.v20250502-0916\jre\bin\server\jvm.dll
0x00007ffa70120000 - 0x00007ffa70194000 	C:\WINDOWS\System32\WS2_32.dll
0x00007ffa6c1f0000 - 0x00007ffa6c24e000 	C:\WINDOWS\SYSTEM32\POWRPROF.dll
0x00007ffa5b510000 - 0x00007ffa5b52e000 	C:\WINDOWS\SYSTEM32\VCRUNTIME140.dll
0x00007ffa5c350000 - 0x00007ffa5c35c000 	C:\WINDOWS\SYSTEM32\VCRUNTIME140_1.dll
0x00007ffa61de0000 - 0x00007ffa61e15000 	C:\WINDOWS\SYSTEM32\WINMM.dll
0x00007ffa6c1d0000 - 0x00007ffa6c1e4000 	C:\WINDOWS\SYSTEM32\UMPDC.dll
0x00007ffa58a00000 - 0x00007ffa58a0a000 	E:\Software\Renesas\RA\sc_v2025-12_fsp_v6.4.0\eclipse\plugins\org.eclipse.justj.openjdk.hotspot.jre.full.stripped.win32.x86_64_21.0.7.v20250502-0916\jre\bin\jimage.dll
0x00007ffa6af90000 - 0x00007ffa6b1d2000 	C:\WINDOWS\SYSTEM32\DBGHELP.DLL
0x00007ffa6fd20000 - 0x00007ffa6fdf7000 	C:\WINDOWS\System32\OLEAUT32.dll
0x00007ffa47690000 - 0x00007ffa476cb000 	C:\WINDOWS\SYSTEM32\dbgcore.DLL
0x00007ffa6df00000 - 0x00007ffa6dfa5000 	C:\WINDOWS\System32\bcryptPrimitives.dll
0x00007ffa58230000 - 0x00007ffa5824f000 	E:\Software\Renesas\RA\sc_v2025-12_fsp_v6.4.0\eclipse\plugins\org.eclipse.justj.openjdk.hotspot.jre.full.stripped.win32.x86_64_21.0.7.v20250502-0916\jre\bin\java.dll
0x00007ffa6c480000 - 0x00007ffa6c49b000 	C:\WINDOWS\SYSTEM32\kernel.appcore.dll
0x00007ffa70580000 - 0x00007ffa70cd2000 	C:\WINDOWS\System32\SHELL32.dll
0x00007ffa6e890000 - 0x00007ffa6e9fa000 	C:\WINDOWS\System32\wintypes.dll
0x00007ffa6d690000 - 0x00007ffa6def3000 	C:\WINDOWS\System32\windows.storage.dll
0x00007ffa70480000 - 0x00007ffa70576000 	C:\WINDOWS\System32\SHCORE.dll
0x00007ffa6f750000 - 0x00007ffa6f7b7000 	C:\WINDOWS\System32\shlwapi.dll
0x00007ffa6d4e0000 - 0x00007ffa6d509000 	C:\WINDOWS\SYSTEM32\profapi.dll
0x00007ffa58210000 - 0x00007ffa58228000 	E:\Software\Renesas\RA\sc_v2025-12_fsp_v6.4.0\eclipse\plugins\org.eclipse.justj.openjdk.hotspot.jre.full.stripped.win32.x86_64_21.0.7.v20250502-0916\jre\bin\zip.dll
0x00007ffa58940000 - 0x00007ffa58950000 	E:\Software\Renesas\RA\sc_v2025-12_fsp_v6.4.0\eclipse\plugins\org.eclipse.justj.openjdk.hotspot.jre.full.stripped.win32.x86_64_21.0.7.v20250502-0916\jre\bin\net.dll
0x00007ffa66cf0000 - 0x00007ffa66e17000 	C:\WINDOWS\SYSTEM32\WINHTTP.dll
0x00007ffa6c9f0000 - 0x00007ffa6ca5b000 	C:\WINDOWS\system32\mswsock.dll
0x00007ffa37d80000 - 0x00007ffa37d96000 	E:\Software\Renesas\RA\sc_v2025-12_fsp_v6.4.0\eclipse\plugins\org.eclipse.justj.openjdk.hotspot.jre.full.stripped.win32.x86_64_21.0.7.v20250502-0916\jre\bin\nio.dll
0x00007ffa69fb0000 - 0x00007ffa6a05b000 	C:\WINDOWS\system32\uxtheme.dll
0x00007ffa02590000 - 0x00007ffa026c3000 	C:\ProgramData\A-Volute\A-Volute.Nahimic\Modules\Scheduled\x64\AudioDevProps2.dll
0x00007ffa6ffb0000 - 0x00007ffa7010f000 	C:\WINDOWS\System32\MSCTF.dll
0x00007ffa6ece0000 - 0x00007ffa6ed90000 	C:\WINDOWS\System32\clbcatq.dll
0x00007ffa43dc0000 - 0x00007ffa43f09000 	C:\WINDOWS\SYSTEM32\textinputframework.dll
0x00007ffa68a30000 - 0x00007ffa68b57000 	C:\WINDOWS\SYSTEM32\CoreMessaging.dll
0x00007ffa63af0000 - 0x00007ffa63dd2000 	C:\WINDOWS\SYSTEM32\CoreUIComponents.dll
0x00007ffa6cce0000 - 0x00007ffa6ccec000 	C:\WINDOWS\SYSTEM32\CRYPTBASE.DLL
0x00007ffa2de20000 - 0x00007ffa2e241000 	C:\Windows\System32\uiautomationcore.dll
0x00007ffa4aba0000 - 0x00007ffa4ac19000 	C:\Windows\System32\OLEACC.dll
0x00007ffa32710000 - 0x00007ffa32726000 	C:\Windows\System32\threadpoolwinrt.dll
0x00007ffa581a0000 - 0x00007ffa581b0000 	E:\Software\Renesas\RA\sc_v2025-12_fsp_v6.4.0\eclipse\plugins\org.eclipse.justj.openjdk.hotspot.jre.full.stripped.win32.x86_64_21.0.7.v20250502-0916\jre\bin\verify.dll
0x00007ffa35a90000 - 0x00007ffa35ab1000 	E:\Software\Renesas\RA\sc_v2025-12_fsp_v6.4.0\eclipse\configuration\org.eclipse.osgi\366\0\.cp\swt-osversion-win32-4969r18.dll
0x00007ffa05800000 - 0x00007ffa058ca000 	E:\Software\Renesas\RA\sc_v2025-12_fsp_v6.4.0\eclipse\configuration\org.eclipse.osgi\366\0\.cp\swt-win32-4969r18.dll
0x00007ffa6ebe0000 - 0x00007ffa6eccf000 	C:\WINDOWS\System32\COMDLG32.dll
0x00007ffa4ae10000 - 0x00007ffa4aec0000 	C:\WINDOWS\SYSTEM32\WINSPOOL.DRV
0x00007ffa41950000 - 0x00007ffa41bd8000 	C:\WINDOWS\SYSTEM32\WININET.dll
0x00007ffa696d0000 - 0x00007ffa697d3000 	C:\WINDOWS\SYSTEM32\PROPSYS.dll
0x00007ffa4ac20000 - 0x00007ffa4ae00000 	C:\WINDOWS\SYSTEM32\urlmon.dll
0x00007ffa4eb00000 - 0x00007ffa4eb08000 	C:\WINDOWS\SYSTEM32\MSIMG32.dll
0x00007ffa6a280000 - 0x00007ffa6a2b1000 	C:\WINDOWS\SYSTEM32\dwmapi.dll
0x00007ffa4eb10000 - 0x00007ffa4eb29000 	C:\WINDOWS\SYSTEM32\USP10.dll
0x00007ffa6d250000 - 0x00007ffa6d2a7000 	C:\WINDOWS\SYSTEM32\cfgmgr32.dll
0x00007ffa491a0000 - 0x00007ffa49465000 	C:\WINDOWS\SYSTEM32\iertutil.dll
0x00007ffa48e30000 - 0x00007ffa48e59000 	C:\WINDOWS\SYSTEM32\srvcli.dll
0x00007ffa6bdd0000 - 0x00007ffa6bddd000 	C:\WINDOWS\SYSTEM32\netutils.dll
0x00007ffa354d0000 - 0x00007ffa354fc000 	E:\Software\Renesas\RA\sc_v2025-12_fsp_v6.4.0\eclipse\configuration\org.eclipse.osgi\366\0\.cp\swt-gdip-win32-4969r18.dll
0x00007ffa48e60000 - 0x00007ffa49038000 	C:\WINDOWS\WinSxS\amd64_microsoft.windows.gdiplus_6595b64144ccf1df_1.1.26100.7824_none_6ef363983dc6ce30\gdiplus.dll
0x00007ffa68160000 - 0x00007ffa6838f000 	C:\WINDOWS\SYSTEM32\WindowsCodecs.dll
0x00007ffa6ccc0000 - 0x00007ffa6ccdb000 	C:\WINDOWS\SYSTEM32\CRYPTSP.dll
0x00007ffa6c3e0000 - 0x00007ffa6c419000 	C:\WINDOWS\system32\rsaenh.dll
0x00007ffa6caa0000 - 0x00007ffa6cacb000 	C:\WINDOWS\SYSTEM32\USERENV.dll
0x00007ffa6d4b0000 - 0x00007ffa6d4da000 	C:\WINDOWS\SYSTEM32\bcrypt.dll
0x00007ffa6be60000 - 0x00007ffa6be94000 	C:\WINDOWS\SYSTEM32\IPHLPAPI.DLL
0x00007ffa6eb40000 - 0x00007ffa6eb4a000 	C:\WINDOWS\System32\NSI.dll
0x00007ffa26c60000 - 0x00007ffa26d13000 	C:\WINDOWS\SYSTEM32\TextShaping.dll
0x00007ff8cc500000 - 0x00007ff8cc68e000 	E:\Software\Renesas\RA\sc_v2025-12_fsp_v6.4.0\eclipse\plugins\org.eclipse.justj.openjdk.hotspot.jre.full.stripped.win32.x86_64_21.0.7.v20250502-0916\jre\bin\awt.dll
0x00007ffa53b80000 - 0x00007ffa53c09000 	C:\WINDOWS\SYSTEM32\MSVCP140.dll
0x00007ffa352d0000 - 0x00007ffa35352000 	E:\Software\Renesas\RA\sc_v2025-12_fsp_v6.4.0\eclipse\plugins\org.eclipse.justj.openjdk.hotspot.jre.full.stripped.win32.x86_64_21.0.7.v20250502-0916\jre\bin\mlib_image.dll
0x00007ffa6a9c0000 - 0x00007ffa6ac27000 	C:\WINDOWS\SYSTEM32\DWrite.dll
0x00007ffa1eb80000 - 0x00007ffa1ebc9000 	C:\Users\31634\AppData\Local\Temp\jna-48612857\jna14067769275077872187.dll
0x00007ffa6eb50000 - 0x00007ffa6eb58000 	C:\WINDOWS\System32\PSAPI.DLL
0x00007ffa6dfe0000 - 0x00007ffa6e157000 	C:\WINDOWS\System32\Crypt32.dll
0x00007ffa6d2d0000 - 0x00007ffa6d2da000 	C:\WINDOWS\System32\DPAPI.dll
0x00007ffa55130000 - 0x00007ffa5513e000 	E:\Software\Renesas\RA\sc_v2025-12_fsp_v6.4.0\eclipse\plugins\org.eclipse.justj.openjdk.hotspot.jre.full.stripped.win32.x86_64_21.0.7.v20250502-0916\jre\bin\sunmscapi.dll
0x00007ffa6cee0000 - 0x00007ffa6cf10000 	C:\WINDOWS\SYSTEM32\ncrypt.dll
0x00007ffa6ce90000 - 0x00007ffa6cecf000 	C:\WINDOWS\SYSTEM32\NTASN1.dll
0x00007ffa6bf00000 - 0x00007ffa6c02c000 	C:\WINDOWS\SYSTEM32\DNSAPI.dll
0x000000006a0a0000 - 0x000000006a0ab000 	C:\Program Files\National Instruments\Shared\mDNS Responder\nimdnsNSP.dll
0x000000006a080000 - 0x000000006a091000 	C:\WINDOWS\SYSTEM32\nimdnsResponder.dll
0x00007ffa67350000 - 0x00007ffa6735b000 	C:\Windows\System32\rasadhlp.dll
0x00007ff983820000 - 0x00007ff9838e6000 	C:\WINDOWS\system32\msctfuimanager.dll
0x00007ff983660000 - 0x00007ff98380e000 	C:\WINDOWS\system32\DUI70.dll
0x00007ffa2c250000 - 0x00007ffa2c2f3000 	C:\WINDOWS\system32\DUser.dll
0x00007ffa6d3e0000 - 0x00007ffa6d482000 	C:\WINDOWS\SYSTEM32\sxs.dll
0x00007ffa5b660000 - 0x00007ffa5b6b4000 	C:\WINDOWS\System32\UIAnimation.dll
0x00007ffa679b0000 - 0x00007ffa67a36000 	C:\WINDOWS\System32\fwpuclnt.dll
0x00007ffa44d50000 - 0x00007ffa44d59000 	E:\Software\Renesas\RA\sc_v2025-12_fsp_v6.4.0\eclipse\plugins\org.eclipse.justj.openjdk.hotspot.jre.full.stripped.win32.x86_64_21.0.7.v20250502-0916\jre\bin\extnet.dll
0x00007ffa05790000 - 0x00007ffa057fa000 	E:\Software\Renesas\RA\sc_v2025-12_fsp_v6.4.0\eclipse\configuration\org.eclipse.osgi\105\0\.cp\jnicrypt64.dll
0x00007ffa65810000 - 0x00007ffa65854000 	C:\WINDOWS\system32\mlang.dll
0x00007ff8cc390000 - 0x00007ff8cc4f1000 	E:\Software\Renesas\RA\sc_v2025-12_fsp_v6.4.0\eclipse\plugins\com.equo.chromium.cef.win32.win32.x86_64_128.0.20\chromium-6613\chrome_elf.dll
0x00007ff86e120000 - 0x00007ff87c937000 	E:\Software\Renesas\RA\sc_v2025-12_fsp_v6.4.0\eclipse\plugins\com.equo.chromium.cef.win32.win32.x86_64_128.0.20\chromium-6613\libcef.dll
0x00007ffa6d600000 - 0x00007ffa6d682000 	C:\WINDOWS\System32\WINTRUST.dll
0x00007ffa694d0000 - 0x00007ffa694dd000 	C:\WINDOWS\SYSTEM32\Secur32.dll
0x00007ffa67820000 - 0x00007ffa67843000 	C:\WINDOWS\SYSTEM32\dhcpcsvc.DLL
0x00007ffa6c720000 - 0x00007ffa6c769000 	C:\WINDOWS\SYSTEM32\SSPICLI.DLL
0x00007ffa6cd30000 - 0x00007ffa6cd43000 	C:\WINDOWS\SYSTEM32\MSASN1.dll
0x00007ff8cc0c0000 - 0x00007ff8cc388000 	E:\Software\Renesas\RA\sc_v2025-12_fsp_v6.4.0\eclipse\plugins\com.equo.chromium.cef.win32.win32.x86_64_128.0.20\chromium-6613\equochro.dll
0x00007ffa6c5a0000 - 0x00007ffa6c5d6000 	C:\WINDOWS\system32\ntmarta.dll

dbghelp: loaded successfully - version: 4.0.5 - missing functions: none
symbol engine: initialized successfully - sym options: 0x614 - pdb path: .;E:\Software\Renesas\RA\sc_v2025-12_fsp_v6.4.0\eclipse;C:\WINDOWS\SYSTEM32;C:\WINDOWS\WinSxS\amd64_microsoft.windows.common-controls_6595b64144ccf1df_6.0.26100.7824_none_3e0870b2e3345462;E:\Software\Renesas\RA\sc_v2025-12_fsp_v6.4.0\eclipse\plugins\org.eclipse.equinox.launcher.win32.win32.x86_64_1.2.1300.v20250331-1702;E:\Software\Renesas\RA\sc_v2025-12_fsp_v6.4.0\eclipse\plugins\org.eclipse.justj.openjdk.hotspot.jre.full.stripped.win32.x86_64_21.0.7.v20250502-0916\jre\bin\server;E:\Software\Renesas\RA\sc_v2025-12_fsp_v6.4.0\eclipse\plugins\org.eclipse.justj.openjdk.hotspot.jre.full.stripped.win32.x86_64_21.0.7.v20250502-0916\jre\bin;C:\ProgramData\A-Volute\A-Volute.Nahimic\Modules\Scheduled\x64;E:\Software\Renesas\RA\sc_v2025-12_fsp_v6.4.0\eclipse\configuration\org.eclipse.osgi\366\0\.cp;C:\WINDOWS\WinSxS\amd64_microsoft.windows.gdiplus_6595b64144ccf1df_1.1.26100.7824_none_6ef363983dc6ce30;C:\Users\31634\AppData\Local\Temp\jna-48612857;C:\Program Files\National Instruments\Shared\mDNS Responder;E:\Software\Renesas\RA\sc_v2025-12_fsp_v6.4.0\eclipse\configuration\org.eclipse.osgi\105\0\.cp;E:\Software\Renesas\RA\sc_v2025-12_fsp_v6.4.0\eclipse\plugins\com.equo.chromium.cef.win32.win32.x86_64_128.0.20\chromium-6613

VM Arguments:
jvm_args: -Declipse.p2.max.threads=10 -Dosgi.requiredJavaVersion=17 -Dorg.slf4j.simpleLogger.defaultLogLevel=off -XX:+UseG1GC -XX:+UseStringDeduplication -Xms512m -Xmx3g --add-modules=ALL-SYSTEM -Dcom.renesas.cdt.core.ui.menus.RenesasViewsMenuFactory.hide=true -Dswt.autoScale=quarter -Dswt.autoScale.method=smooth 
java_command: <unknown>
java_class_path (initial): E:\Software\Renesas\RA\sc_v2025-12_fsp_v6.4.0\eclipse\\plugins/org.eclipse.equinox.launcher_1.7.0.v20250717-1148.jar
Launcher Type: generic

[Global flags]
     intx CICompilerCount                          = 12                                        {product} {ergonomic}
     uint ConcGCThreads                            = 5                                         {product} {ergonomic}
     uint G1ConcRefinementThreads                  = 18                                        {product} {ergonomic}
   size_t G1HeapRegionSize                         = 2097152                                   {product} {ergonomic}
    uintx GCDrainStackTargetSize                   = 64                                        {product} {ergonomic}
   size_t InitialHeapSize                          = 536870912                                 {product} {command line}
   size_t MarkStackSize                            = 4194304                                   {product} {ergonomic}
   size_t MaxHeapSize                              = 3221225472                                {product} {command line}
   size_t MaxNewSize                               = 1931476992                                {product} {ergonomic}
   size_t MinHeapDeltaBytes                        = 2097152                                   {product} {ergonomic}
   size_t MinHeapSize                              = 536870912                                 {product} {command line}
    uintx NonNMethodCodeHeapSize                   = 7602480                                {pd product} {ergonomic}
    uintx NonProfiledCodeHeapSize                  = 122027880                              {pd product} {ergonomic}
    uintx ProfiledCodeHeapSize                     = 122027880                              {pd product} {ergonomic}
    uintx ReservedCodeCacheSize                    = 251658240                              {pd product} {ergonomic}
     bool SegmentedCodeCache                       = true                                      {product} {ergonomic}
   size_t SoftMaxHeapSize                          = 3221225472                             {manageable} {ergonomic}
     bool UseCompressedOops                        = true                           {product lp64_product} {ergonomic}
     bool UseG1GC                                  = true                                      {product} {command line}
     bool UseLargePagesIndividualAllocation        = false                                  {pd product} {ergonomic}
     bool UseStringDeduplication                   = true                                      {product} {command line}

Logging:
Log output configuration:
 #0: stdout all=warning uptime,level,tags foldmultilines=false
 #1: stderr all=off uptime,level,tags foldmultilines=false

Environment Variables:
CLASSPATH=D:\software\LINGO64_18\Lingo18.jar
PATH=E:\Software\KEIL543\ARM\ARMCLANG\Bin;C:\Program Files\Common Files\Oracle\Java\javapath;C:\Program Files (x86)\STMicroelectronics\stlink_server;D:\software\cubeCLT\STM32CubeCLT_1.18.0;D:\software\cubeCLT\STM32CubeCLT_1.18.0\CMake\bin;D:\software\cubeCLT\STM32CubeCLT_1.18.0\Ninja\bin;D:\software\cubeCLT\STM32CubeCLT_1.18.0\GNU-tools-for-STM32\bin;D:\software\cubeCLT\STM32CubeCLT_1.18.0\STLink-gdb-server\bin;D:\software\cubeCLT\STM32CubeCLT_1.18.0\STM32CubeProgrammer\bin;C:\WINDOWS\system32;C:\WINDOWS;C:\WINDOWS\System32\Wbem;C:\WINDOWS\System32\WindowsPowerShell\v1.0\;C:\WINDOWS\System32\OpenSSH\;C:\Program Files\dotnet\;C:\Program Files (x86)\NVIDIA Corporation\PhysX\Common;C:\Program Files\NVIDIA Corporation\NVIDIA NvDLISR;C:\Program Files (x86)\Windows Kits\10\Windows Performance Toolkit\;D:\matlab\runtime\win64;D:\matlab\bin;C:\Program Files (x86)\Microsoft SQL Server\160\Tools\Binn\;C:\Program Files\Microsoft SQL Server\160\Tools\Binn\;C:\Program Files\Microsoft SQL Server\Client SDK\ODBC\170\Tools\Binn\;C:\Program Files\Microsoft SQL Server\160\DTS\Binn\;C:\Program Files (x86)\Windows Kits\8.1\Windows Performance Toolkit\;D:\software\Visual Studio Code2025\VScode\Microsoft VS Code\bin;D:\software\git\Git\cmd;D:\software\LINGO64_18\;D:\texlive\2025\bin\windows;D:\pandoc\;C:\Users\31634\AppData\Local\Muse Hub\lib;D:\software\cursor\cursor\resources\app\bin;D:\python\Pythonn\Scripts\;D:\python\Pythonn\;C:\Users\31634\AppData\Local\Programs\Python\Launcher\;C:\Users\31634\AppData\Local\Microsoft\WindowsApps;C:\Users\31634\Desktop\缂栫▼\CodeBlocks\MinGW\bin;;C:\WINDOWS\System32\Wbem;D:\python\PyCharm 2024.1.3\bin;;D:\software\clion\CLion 2025.1.3\bin;;D:\DevEnv\DevEnv\DevEnv\GNU-tools-for-STM32\bin;C:\Users\31634\AppData\Roaming\Programs\Zero Install;C:\Users\31634\AppData\Local\Muse Hub\lib;D:\FPGA\FPGA_Software\ModelSim\win64;D:\FPGA\FPGA_Software\ModelSim2020.4\win64
USERNAME=31634
OS=Windows_NT
PROCESSOR_IDENTIFIER=Intel64 Family 6 Model 183 Stepping 1, GenuineIntel
TMP=C:\Users\31634\AppData\Local\Temp
TEMP=C:\Users\31634\AppData\Local\Temp




Periodic native trim disabled

---------------  S Y S T E M  ---------------

OS:
 Windows 11 , 64 bit Build 26100 (10.0.26100.7705)
OS uptime: 0 days 3:43 hours

CPU: total 24 (initial active 24) (12 cores per cpu, 2 threads per core) family 6 model 183 stepping 1 microcode 0x120, cx8, cmov, fxsr, ht, mmx, 3dnowpref, sse, sse2, sse3, ssse3, sse4.1, sse4.2, popcnt, lzcnt, tsc, tscinvbit, avx, avx2, aes, erms, clmul, bmi1, bmi2, adx, sha, fma, vzeroupper, clflush, clflushopt, clwb, serialize, rdtscp, rdpid, fsrm, f16c, pku, cet_ibt, cet_ss
Processor Information for processor 0
  Max Mhz: 2200, Current Mhz: 2200, Mhz Limit: 2200
Processor Information for processor 1
  Max Mhz: 2200, Current Mhz: 2200, Mhz Limit: 2200
Processor Information for processor 2
  Max Mhz: 2200, Current Mhz: 2200, Mhz Limit: 2200
Processor Information for processor 3
  Max Mhz: 2200, Current Mhz: 1466, Mhz Limit: 2200
Processor Information for processor 4
  Max Mhz: 2200, Current Mhz: 2200, Mhz Limit: 2200
Processor Information for processor 5
  Max Mhz: 2200, Current Mhz: 2200, Mhz Limit: 2200
Processor Information for processor 6
  Max Mhz: 2200, Current Mhz: 1466, Mhz Limit: 2200
Processor Information for processor 7
  Max Mhz: 2200, Current Mhz: 2200, Mhz Limit: 2200
Processor Information for processor 8
  Max Mhz: 2200, Current Mhz: 2200, Mhz Limit: 2200
Processor Information for processor 9
  Max Mhz: 2200, Current Mhz: 2200, Mhz Limit: 2200
Processor Information for processor 10
  Max Mhz: 2200, Current Mhz: 2200, Mhz Limit: 2200
Processor Information for processor 11
  Max Mhz: 2200, Current Mhz: 2200, Mhz Limit: 2200
Processor Information for processor 12
  Max Mhz: 2200, Current Mhz: 2200, Mhz Limit: 2200
Processor Information for processor 13
  Max Mhz: 2200, Current Mhz: 2200, Mhz Limit: 2200
Processor Information for processor 14
  Max Mhz: 2200, Current Mhz: 2200, Mhz Limit: 2200
Processor Information for processor 15
  Max Mhz: 2200, Current Mhz: 2200, Mhz Limit: 2200
Processor Information for processor 16
  Max Mhz: 2200, Current Mhz: 1500, Mhz Limit: 1584
Processor Information for processor 17
  Max Mhz: 2200, Current Mhz: 1600, Mhz Limit: 1584
Processor Information for processor 18
  Max Mhz: 2200, Current Mhz: 1600, Mhz Limit: 1584
Processor Information for processor 19
  Max Mhz: 2200, Current Mhz: 1600, Mhz Limit: 1584
Processor Information for processor 20
  Max Mhz: 2200, Current Mhz: 1500, Mhz Limit: 1584
Processor Information for processor 21
  Max Mhz: 2200, Current Mhz: 1500, Mhz Limit: 1584
Processor Information for processor 22
  Max Mhz: 2200, Current Mhz: 1500, Mhz Limit: 1584
Processor Information for processor 23
  Max Mhz: 2200, Current Mhz: 1600, Mhz Limit: 1584

Memory: 4k page, system-wide physical 16115M (1490M free)
TotalPageFile size 32230M (AvailPageFile size 1189M)
current process WorkingSet (physical memory assigned to process): 1085M, peak: 1085M
current process commit charge ("private bytes"): 1335M, peak: 1337M

vm_info: OpenJDK 64-Bit Server VM (21.0.7+6-LTS) for windows-amd64 JRE (21.0.7+6-LTS), built on 2025-04-15T00:00:00Z by "admin" with MS VC++ 17.7 (VS2022)

END.
