#
# A fatal error has been detected by the Java Runtime Environment:
#
#  EXCEPTION_ACCESS_VIOLATION (0xc0000005) at pc=0x00007ffd57e87fff, pid=67056, tid=63452
#
# JRE version: OpenJDK Runtime Environment Temurin-21.0.7+6 (21.0.7+6) (build 21.0.7+6-LTS)
# Java VM: OpenJDK 64-Bit Server VM Temurin-21.0.7+6 (21.0.7+6-LTS, mixed mode, sharing, tiered, compressed oops, compressed class ptrs, g1 gc, windows-amd64)
# Problematic frame:
# C  [libcef.dll+0x4717fff]
#
# No core dump will be written. Minidumps are not enabled by default on client versions of Windows
#
# If you would like to submit a bug report, please visit:
#   https://github.com/adoptium/adoptium-support/issues
# The crash happened outside the Java Virtual Machine in native code.
# See problematic frame for where to report the bug.
#

---------------  S U M M A R Y ------------

Command Line: -Declipse.p2.max.threads=10 -Dosgi.requiredJavaVersion=17 -Dorg.slf4j.simpleLogger.defaultLogLevel=off -XX:+UseG1GC -XX:+UseStringDeduplication -Xms512m -Xmx3g --add-modules=ALL-SYSTEM -Dcom.renesas.cdt.core.ui.menus.RenesasViewsMenuFactory.hide=true -Dswt.autoScale=quarter -Dswt.autoScale.method=smooth 

Host: Intel(R) Core(TM) i7-14650HX, 24 cores, 15G,  Windows 11 , 64 bit Build 26100 (10.0.26100.7705)
Time: Fri Mar 13 20:13:39 2026  Windows 11 , 64 bit Build 26100 (10.0.26100.7705) elapsed time: 11.294769 seconds (0d 0h 0m 11s)

---------------  T H R E A D  ---------------

Current thread (0x000001f432914a30):  JavaThread "main"             [_thread_in_native, id=63452, stack(0x000000309f0d0000,0x000000309f1d0000) (1024K)]

Stack: [0x000000309f0d0000,0x000000309f1d0000],  sp=0x000000309f1cb290,  free space=1004k
Native frames: (J=compiled Java code, j=interpreted, Vv=VM code, C=native code)
C  [libcef.dll+0x4717fff]

Java frames: (J=compiled Java code, j=interpreted, Vv=VM code)
j  org.cef.CefApp.N_Initialize(Lorg/cef/handler/CefAppHandler;Lorg/cef/CefSettings;)Z+0
j  org.cef.CefApp.access$5(Lorg/cef/CefApp;Lorg/cef/handler/CefAppHandler;Lorg/cef/CefSettings;)Z+3
j  org.cef.CefApp$2.run()V+264
j  org.cef.CefApp.initialize()V+21
j  org.cef.CefApp.createClient()Lorg/cef/CefClient;+43
j  com.equo.chromium.internal.Engine.createClient()Lorg/cef/CefClient;+3
j  com.equo.chromium.swt.internal.Chromium.createClienthandler()V+0
j  com.equo.chromium.swt.internal.Chromium.getClientHandler()Lorg/cef/CefClientSwt;+15
j  com.equo.chromium.swt.internal.Chromium.prepareBrowser()V+38
j  com.equo.chromium.swt.internal.Chromium.createBrowser()V+1
j  com.equo.chromium.swt.internal.Chromium.create(Lorg/eclipse/swt/widgets/Composite;I)V+87
j  com.equo.chromium.swt.Browser.<init>(Lorg/eclipse/swt/widgets/Composite;I)V+129
j  org.eclipse.swt.browser.Browser.<init>(Lorg/eclipse/swt/widgets/Composite;I)V+6
j  com.renesas.cdt.ddsc.settingseditor.pages.PageSummary.createContents(Lorg/eclipse/swt/widgets/Composite;)Lorg/eclipse/swt/widgets/Control;+216
j  com.renesas.cdt.ddsc.settingseditor.pages.ConfigPageCompositeWrapper.createContents(Lorg/eclipse/swt/widgets/Composite;)Lorg/eclipse/swt/widgets/Control;+18
j  com.renesas.cdt.ddsc.settingseditor.pages.ConfigPageCompositeWrapper.createFormContent(Lorg/eclipse/ui/forms/IManagedForm;)V+70
j  org.eclipse.ui.forms.editor.FormPage.lambda$0()V+5
j  org.eclipse.ui.forms.editor.FormPage$$Lambda+0x000001f44e7ff9a8.run()V+4
j  org.eclipse.swt.custom.BusyIndicator.showWhile(Lorg/eclipse/swt/widgets/Display;Ljava/lang/Runnable;)V+33
j  org.eclipse.ui.forms.editor.FormPage.createPartControl(Lorg/eclipse/swt/widgets/Composite;)V+35
j  org.eclipse.ui.part.MultiPageEditorPart.addPage(ILorg/eclipse/ui/IEditorPart;Lorg/eclipse/ui/IEditorInput;)V+49
j  org.eclipse.ui.forms.editor.FormEditor.addPage(ILorg/eclipse/ui/IEditorPart;Lorg/eclipse/ui/IEditorInput;)V+4
j  org.eclipse.ui.part.MultiPageEditorPart.addPage(Lorg/eclipse/ui/IEditorPart;Lorg/eclipse/ui/IEditorInput;)I+9
j  org.eclipse.ui.forms.editor.FormEditor.addPage(Lorg/eclipse/ui/IEditorPart;Lorg/eclipse/ui/IEditorInput;)I+3
j  com.renesas.cdt.ddsc.settingseditor.internal.editors.DDSCSettingsEditor.addConfigurationPages()V+335
j  com.renesas.cdt.ddsc.settingseditor.internal.editors.DDSCSettingsEditor.createPages()V+53
j  org.eclipse.ui.part.MultiPageEditorPart.createPartControl(Lorg/eclipse/swt/widgets/Composite;)V+16
j  org.eclipse.ui.internal.e4.compatibility.CompatibilityPart.createPartControl(Lorg/eclipse/ui/IWorkbenchPart;Lorg/eclipse/swt/widgets/Composite;)Z+65
j  org.eclipse.ui.internal.e4.compatibility.CompatibilityEditor.createPartControl(Lorg/eclipse/ui/IWorkbenchPart;Lorg/eclipse/swt/widgets/Composite;)Z+3
j  org.eclipse.ui.internal.e4.compatibility.CompatibilityPart.create()V+145
j  java.lang.invoke.LambdaForm$DMH+0x000001f44e017400.invokeVirtual(Ljava/lang/Object;Ljava/lang/Object;)V+10 java.base@21.0.7
j  java.lang.invoke.LambdaForm$MH+0x000001f44e10a400.invoke(Ljava/lang/Object;Ljava/lang/Object;)Ljava/lang/Object;+31 java.base@21.0.7
J 1607 c1 jdk.internal.reflect.DirectMethodHandleAccessor.invoke(Ljava/lang/Object;[Ljava/lang/Object;)Ljava/lang/Object; java.base@21.0.7 (92 bytes) @ 0x000001f435dd66fc [0x000001f435dd4ae0+0x0000000000001c1c]
J 9852 c1 org.eclipse.e4.core.internal.di.MethodRequestor.execute()Ljava/lang/Object; (176 bytes) @ 0x000001f435cec9fc [0x000001f435ceb400+0x00000000000015fc]
J 9858 c1 org.eclipse.e4.core.internal.di.InjectorImpl.processAnnotated(Lorg/eclipse/e4/core/internal/di/AnnotationLookup$AnnotationProxy;Ljava/lang/Object;Ljava/lang/Class;Lorg/eclipse/e4/core/di/suppliers/PrimaryObjectSupplier;Lorg/eclipse/e4/core/di/suppliers/PrimaryObjectSupplier;Ljava/util/List;)V (417 bytes) @ 0x000001f43615385c [0x000001f436152e80+0x00000000000009dc]
J 9858 c1 org.eclipse.e4.core.internal.di.InjectorImpl.processAnnotated(Lorg/eclipse/e4/core/internal/di/AnnotationLookup$AnnotationProxy;Ljava/lang/Object;Ljava/lang/Class;Lorg/eclipse/e4/core/di/suppliers/PrimaryObjectSupplier;Lorg/eclipse/e4/core/di/suppliers/PrimaryObjectSupplier;Ljava/util/List;)V (417 bytes) @ 0x000001f43615319c [0x000001f436152e80+0x000000000000031c]
j  org.eclipse.e4.core.internal.di.InjectorImpl.internalInject(Ljava/lang/Object;Lorg/eclipse/e4/core/di/suppliers/PrimaryObjectSupplier;Lorg/eclipse/e4/core/di/suppliers/PrimaryObjectSupplier;)V+175
j  org.eclipse.e4.core.internal.di.InjectorImpl.internalMake(Ljava/lang/Class;Lorg/eclipse/e4/core/di/suppliers/PrimaryObjectSupplier;Lorg/eclipse/e4/core/di/suppliers/PrimaryObjectSupplier;)Ljava/lang/Object;+310
j  org.eclipse.e4.core.internal.di.InjectorImpl.make(Ljava/lang/Class;Lorg/eclipse/e4/core/di/suppliers/PrimaryObjectSupplier;)Ljava/lang/Object;+11
j  org.eclipse.e4.core.contexts.ContextInjectionFactory.make(Ljava/lang/Class;Lorg/eclipse/e4/core/contexts/IEclipseContext;)Ljava/lang/Object;+13
j  org.eclipse.e4.ui.internal.workbench.ReflectionContributionFactory.createFromBundle(Lorg/osgi/framework/Bundle;Lorg/eclipse/e4/core/contexts/IEclipseContext;Lorg/eclipse/e4/core/contexts/IEclipseContext;Lorg/eclipse/emf/common/util/URI;)Ljava/lang/Object;+158
j  org.eclipse.e4.ui.internal.workbench.ReflectionContributionFactory.doCreate(Ljava/lang/String;Lorg/eclipse/e4/core/contexts/IEclipseContext;Lorg/eclipse/e4/core/contexts/IEclipseContext;)Ljava/lang/Object;+78
j  org.eclipse.e4.ui.internal.workbench.ReflectionContributionFactory.create(Ljava/lang/String;Lorg/eclipse/e4/core/contexts/IEclipseContext;)Ljava/lang/Object;+4
j  org.eclipse.ui.internal.WorkbenchContributionFactory.create(Ljava/lang/String;Lorg/eclipse/e4/core/contexts/IEclipseContext;)Ljava/lang/Object;+6
j  org.eclipse.e4.ui.workbench.renderers.swt.ContributedPartRenderer.createWidget(Lorg/eclipse/e4/ui/model/application/ui/MUIElement;Ljava/lang/Object;)Ljava/lang/Object;+132
j  org.eclipse.e4.ui.internal.workbench.swt.PartRenderingEngine.createWidget(Lorg/eclipse/e4/ui/model/application/ui/MUIElement;Ljava/lang/Object;)Ljava/lang/Object;+21
j  org.eclipse.e4.ui.internal.workbench.swt.PartRenderingEngine.safeCreateGui(Lorg/eclipse/e4/ui/model/application/ui/MUIElement;Ljava/lang/Object;Lorg/eclipse/e4/core/contexts/IEclipseContext;)Ljava/lang/Object;+563
j  org.eclipse.e4.ui.internal.workbench.swt.PartRenderingEngine.safeCreateGui(Lorg/eclipse/e4/ui/model/application/ui/MUIElement;)Ljava/lang/Object;+168
j  org.eclipse.e4.ui.internal.workbench.swt.PartRenderingEngine$2.run()V+13
J 8372 c1 org.eclipse.core.runtime.SafeRunner.run(Lorg/eclipse/core/runtime/ISafeRunnable;)V (20 bytes) @ 0x000001f436f466bc [0x000001f436f46520+0x000000000000019c]
j  org.eclipse.e4.ui.internal.workbench.swt.PartRenderingEngine.createGui(Lorg/eclipse/e4/ui/model/application/ui/MUIElement;)Ljava/lang/Object;+15
j  org.eclipse.e4.ui.internal.workbench.PartServiceImpl.lambda$0(Lorg/osgi/service/event/Event;)V+183
j  org.eclipse.e4.ui.internal.workbench.PartServiceImpl$$Lambda+0x000001f44e425cf0.handleEvent(Lorg/osgi/service/event/Event;)V+5
J 9888 c1 org.eclipse.e4.ui.services.internal.events.UIEventHandler$$Lambda+0x000001f44e3dda80.run()V (12 bytes) @ 0x000001f43631692c [0x000001f4363167c0+0x000000000000016c]
J 9813 c1 org.eclipse.swt.widgets.Synchronizer.syncExec(Ljava/lang/Runnable;)V (312 bytes) @ 0x000001f4362f7d94 [0x000001f4362f73c0+0x00000000000009d4]
J 9811 c1 org.eclipse.ui.internal.UISynchronizer.syncExec(Ljava/lang/Runnable;)V (144 bytes) @ 0x000001f4362fb07c [0x000001f4362fa1c0+0x0000000000000ebc]
J 9810 c1 org.eclipse.swt.widgets.Display.syncExec(Ljava/lang/Runnable;)V (37 bytes) @ 0x000001f435b48d04 [0x000001f435b48980+0x0000000000000384]
J 9886 c1 org.eclipse.e4.ui.services.internal.events.UIEventHandler.handleEvent(Lorg/osgi/service/event/Event;)V (35 bytes) @ 0x000001f435f1fe44 [0x000001f435f1f860+0x00000000000005e4]
J 9801 c1 org.eclipse.equinox.internal.event.EventHandlerWrapper.handleEvent(Lorg/osgi/service/event/Event;Ljava/security/Permission;)V (135 bytes) @ 0x000001f435b4a584 [0x000001f435b49f60+0x0000000000000624]
J 9799 c1 org.eclipse.equinox.internal.event.EventHandlerTracker.dispatchEvent(Ljava/lang/Object;Ljava/lang/Object;ILjava/lang/Object;)V (19 bytes) @ 0x000001f436167784 [0x000001f4361673e0+0x00000000000003a4]
J 11247 c2 org.eclipse.osgi.framework.eventmgr.ListenerQueue.dispatchEventSynchronous(ILjava/lang/Object;)V (81 bytes) @ 0x000001f43dea26ac [0x000001f43dea2280+0x000000000000042c]
J 9255 c1 org.eclipse.equinox.internal.event.EventAdminImpl.dispatchEvent(Lorg/osgi/service/event/Event;Z)V (228 bytes) @ 0x000001f4361ebcbc [0x000001f4361eadc0+0x0000000000000efc]
J 10064 c1 org.eclipse.equinox.internal.event.EventComponent.sendEvent(Lorg/osgi/service/event/Event;)V (9 bytes) @ 0x000001f437042e24 [0x000001f437042d40+0x00000000000000e4]
J 9610 c1 org.eclipse.e4.ui.internal.workbench.UIEventPublisher.notifyChanged(Lorg/eclipse/emf/common/notify/Notification;)V (61 bytes) @ 0x000001f4361a864c [0x000001f4361a7ae0+0x0000000000000b6c]
J 7640 c1 org.eclipse.emf.common.notify.impl.BasicNotifierImpl.eNotify(Lorg/eclipse/emf/common/notify/Notification;)V (44 bytes) @ 0x000001f436d6ee9c [0x000001f436d6eb80+0x000000000000031c]
j  org.eclipse.e4.ui.model.application.ui.impl.ElementContainerImpl.setSelectedElementGen(Lorg/eclipse/e4/ui/model/application/ui/MUIElement;)V+34
j  org.eclipse.e4.ui.model.application.ui.impl.ElementContainerImpl.setSelectedElement(Lorg/eclipse/e4/ui/model/application/ui/MUIElement;)V+63
j  org.eclipse.e4.ui.internal.workbench.ModelServiceImpl.showElementInWindow(Lorg/eclipse/e4/ui/model/application/ui/basic/MWindow;Lorg/eclipse/e4/ui/model/application/ui/MUIElement;)V+121
j  org.eclipse.e4.ui.internal.workbench.ModelServiceImpl.bringToTop(Lorg/eclipse/e4/ui/model/application/ui/MUIElement;)V+53
j  org.eclipse.e4.ui.internal.workbench.PartServiceImpl.delegateBringToTop(Lorg/eclipse/e4/ui/model/application/ui/basic/MPart;)V+5
j  org.eclipse.e4.ui.internal.workbench.PartServiceImpl.bringToTop(Lorg/eclipse/e4/ui/model/application/ui/basic/MPart;)V+140
j  org.eclipse.e4.ui.internal.workbench.PartServiceImpl.showPart(Lorg/eclipse/e4/ui/model/application/ui/basic/MPart;Lorg/eclipse/e4/ui/workbench/modeling/EPartService$PartState;)Lorg/eclipse/e4/ui/model/application/ui/basic/MPart;+133
j  org.eclipse.ui.internal.WorkbenchPage.busyOpenEditor(Lorg/eclipse/ui/IEditorInput;Ljava/lang/String;ZILorg/eclipse/ui/IMemento;Z)Lorg/eclipse/ui/IEditorPart;+540
j  org.eclipse.ui.internal.WorkbenchPage.lambda$11([Lorg/eclipse/ui/IEditorPart;Lorg/eclipse/ui/IEditorInput;Ljava/lang/String;ZILorg/eclipse/ui/IMemento;Z[Lorg/eclipse/ui/PartInitException;)V+13
j  org.eclipse.ui.internal.WorkbenchPage$$Lambda+0x000001f44e69d180.run()V+36
j  org.eclipse.swt.custom.BusyIndicator.showWhile(Lorg/eclipse/swt/widgets/Display;Ljava/lang/Runnable;)V+33
j  org.eclipse.ui.internal.WorkbenchPage.openEditor(Lorg/eclipse/ui/IEditorInput;Ljava/lang/String;ZILorg/eclipse/ui/IMemento;Z)Lorg/eclipse/ui/IEditorPart;+59
j  org.eclipse.ui.internal.WorkbenchPage.openEditor(Lorg/eclipse/ui/IEditorInput;Ljava/lang/String;ZI)Lorg/eclipse/ui/IEditorPart;+8
j  org.eclipse.ui.internal.WorkbenchPage.openEditor(Lorg/eclipse/ui/IEditorInput;Ljava/lang/String;)Lorg/eclipse/ui/IEditorPart;+5
j  com.renesas.cdt.ddsc.standalone.internal.StandaloneApplication.runConfiguratorFlow(Lorg/eclipse/ui/IWorkbenchWindow;Lcom/renesas/cdt/ddsc/standalone/internal/StandaloneApplication$StandaloneOperation;)V+56
j  com.renesas.cdt.ddsc.standalone.internal.StandaloneApplication.performWorkbenchOperation(Lcom/renesas/cdt/ddsc/standalone/internal/StandaloneApplication$StandaloneOperation;Lorg/eclipse/ui/IWorkbenchWindow;)V+47
j  com.renesas.cdt.ddsc.standalone.internal.StandaloneApplication$4.run()V+35
j  org.eclipse.swt.widgets.RunnableLock.run(Lorg/eclipse/swt/widgets/Display;)V+11
j  org.eclipse.swt.widgets.Synchronizer.runAsyncMessages(Z)Z+41
j  org.eclipse.swt.widgets.Display.runAsyncMessages(Z)Z+5
j  org.eclipse.swt.widgets.Display.readAndDispatch()Z+84
j  org.eclipse.e4.ui.internal.workbench.swt.PartRenderingEngine$5.run()V+564
j  org.eclipse.core.databinding.observable.Realm.runWithDefault(Lorg/eclipse/core/databinding/observable/Realm;Ljava/lang/Runnable;)V+12
j  org.eclipse.e4.ui.internal.workbench.swt.PartRenderingEngine.run(Lorg/eclipse/e4/ui/model/application/MApplicationElement;Lorg/eclipse/e4/core/contexts/IEclipseContext;)Ljava/lang/Object;+57
j  org.eclipse.e4.ui.internal.workbench.E4Workbench.createAndRunUI(Lorg/eclipse/e4/ui/model/application/MApplicationElement;)V+20
j  org.eclipse.ui.internal.Workbench.lambda$3(Lorg/eclipse/swt/widgets/Display;Lorg/eclipse/ui/application/WorkbenchAdvisor;[I)V+334
j  org.eclipse.ui.internal.Workbench$$Lambda+0x000001f44e2b0a58.run()V+12
j  org.eclipse.core.databinding.observable.Realm.runWithDefault(Lorg/eclipse/core/databinding/observable/Realm;Ljava/lang/Runnable;)V+12
j  org.eclipse.ui.internal.Workbench.createAndRunWorkbench(Lorg/eclipse/swt/widgets/Display;Lorg/eclipse/ui/application/WorkbenchAdvisor;)I+16
j  org.eclipse.ui.PlatformUI.createAndRunWorkbench(Lorg/eclipse/swt/widgets/Display;Lorg/eclipse/ui/application/WorkbenchAdvisor;)I+2
j  com.renesas.cdt.ddsc.standalone.internal.StandaloneApplication.runWorkbench()Ljava/lang/Object;+23
j  com.renesas.cdt.ddsc.standalone.internal.StandaloneApplication.queueWorkbenchOperation(Lcom/renesas/cdt/ddsc/standalone/internal/StandaloneApplication$StandaloneOperation;)V+49
j  com.renesas.cdt.ddsc.standalone.internal.StandaloneApplication.doRcpEdit(Lcom/renesas/cdt/ddsc/standalone/internal/options/IEditOptions;)Ljava/lang/Object;+39
j  com.renesas.cdt.ddsc.standalone.internal.StandaloneApplication.start(Lorg/eclipse/equinox/app/IApplicationContext;)Ljava/lang/Object;+150
j  org.eclipse.equinox.internal.app.EclipseAppHandle.run(Ljava/lang/Object;)Ljava/lang/Object;+138
j  org.eclipse.core.runtime.internal.adaptor.EclipseAppLauncher.runApplication(Ljava/lang/Object;)Ljava/lang/Object;+85
j  org.eclipse.core.runtime.internal.adaptor.EclipseAppLauncher.start(Ljava/lang/Object;)Ljava/lang/Object;+79
j  org.eclipse.core.runtime.adaptor.EclipseStarter.run(Ljava/lang/Object;)Ljava/lang/Object;+99
j  org.eclipse.core.runtime.adaptor.EclipseStarter.run([Ljava/lang/String;Ljava/lang/Runnable;)Ljava/lang/Object;+132
J 426 c1 java.lang.invoke.DirectMethodHandle$Holder.invokeStatic(Ljava/lang/Object;Ljava/lang/Object;Ljava/lang/Object;)Ljava/lang/Object; java.base@21.0.7 (15 bytes) @ 0x000001f435b85154 [0x000001f435b84d60+0x00000000000003f4]
j  java.lang.invoke.LambdaForm$MH+0x000001f44e01c800.invoke(Ljava/lang/Object;Ljava/lang/Object;Ljava/lang/Object;Ljava/lang/Object;)Ljava/lang/Object;+54 java.base@21.0.7
j  java.lang.invoke.LambdaForm$MH+0x000001f44e01cc00.invokeExact_MT(Ljava/lang/Object;Ljava/lang/Object;Ljava/lang/Object;Ljava/lang/Object;Ljava/lang/Object;)Ljava/lang/Object;+22 java.base@21.0.7
j  jdk.internal.reflect.DirectMethodHandleAccessor.invokeImpl(Ljava/lang/Object;[Ljava/lang/Object;)Ljava/lang/Object;+72 java.base@21.0.7
j  jdk.internal.reflect.DirectMethodHandleAccessor.invoke(Ljava/lang/Object;[Ljava/lang/Object;)Ljava/lang/Object;+23 java.base@21.0.7
j  java.lang.reflect.Method.invoke(Ljava/lang/Object;[Ljava/lang/Object;)Ljava/lang/Object;+102 java.base@21.0.7
j  org.eclipse.equinox.launcher.Main.invokeFramework([Ljava/lang/String;[Ljava/net/URL;)V+155
j  org.eclipse.equinox.launcher.Main.basicRun([Ljava/lang/String;)V+310
j  org.eclipse.equinox.launcher.Main.run([Ljava/lang/String;)I+4
v  ~StubRoutines::call_stub 0x000001f43cf5100d

siginfo: EXCEPTION_ACCESS_VIOLATION (0xc0000005), reading address 0xffffffffffffffff


Registers:
RAX=0x00060a00e8250000, RBX=0x000000309f1cb2c0, RCX=0x000025e8000a0300, RDX=0x000000309f1cb250
RSP=0x000000309f1cb290, RBP=0x000000309f1cb6e0, RSI=0x000025e80006c0e0, RDI=0x000025e80005c0f0
R8 =0x000000309f1cb250, R9 =0x0000000000000000, R10=0x0000000000000000, R11=0x0000000000000246
R12=0x000025e800018500, R13=0x0000000000000000, R14=0x0000000000000000, R15=0x000000309f1cb618
RIP=0x00007ffd57e87fff, EFLAGS=0x0000000000010206

XMM[0]=0x0000000000000000 0x0000000000000000
XMM[1]=0x0000000000000000 0x0000000000000000
XMM[2]=0x0000000000000000 0x0000000000000000
XMM[3]=0x0000000000000000 0x0000000000000000
XMM[4]=0x0000000000000000 0x0000000000000000
XMM[5]=0x0000000000000000 0x0000000000000000
XMM[6]=0x0000000000000000 0xaf633f92e69b3021
XMM[7]=0x0000000000000000 0x592856ef513bda7e
XMM[8]=0x0000000000000000 0xadf9a5f47d8dcbb6
XMM[9]=0x0000000000000000 0x941786f131186232
XMM[10]=0x0000000000000000 0x000000009d00db41
XMM[11]=0x0000000000000000 0xfbf399ad2d0bfbdf
XMM[12]=0x0000000000000000 0x0000000031186232
XMM[13]=0x0000000000000000 0x00000000c695f4be
XMM[14]=0x0000000000000000 0x646131f5924665ff
XMM[15]=0x0000000000000000 0x000000002de5340a
  MXCSR=0x00001fa2


Register to memory mapping:

RAX=0x00060a00e8250000 is an unknown value
RBX=0x000000309f1cb2c0 is pointing into the stack for thread: 0x000001f432914a30
RCX=0x000025e8000a0300 points into unknown readable memory: 0x00060a00e8250000 | 00 00 25 e8 00 0a 06 00
RDX=0x000000309f1cb250 is pointing into the stack for thread: 0x000001f432914a30
RSP=0x000000309f1cb290 is pointing into the stack for thread: 0x000001f432914a30
RBP=0x000000309f1cb6e0 is pointing into the stack for thread: 0x000001f432914a30
RSI=0x000025e80006c0e0 points into unknown readable memory: 0x00007ffd603f5520 | 20 55 3f 60 fd 7f 00 00
RDI=0x000025e80005c0f0 points into unknown readable memory: 0x0000000000000000 | 00 00 00 00 00 00 00 00
R8 =0x000000309f1cb250 is pointing into the stack for thread: 0x000001f432914a30
R9 =0x0 is null
R10=0x0 is null
R11=0x0000000000000246 is an unknown value
R12=0x000025e800018500 points into unknown readable memory: 0x00000018e8250101 | 01 01 25 e8 18 00 00 00
R13=0x0 is null
R14=0x0 is null
R15=0x000000309f1cb618 is pointing into the stack for thread: 0x000001f432914a30

Top of Stack: (sp=0x000000309f1cb290)
0x000000309f1cb290:   000025e8000a0390 000025e8000a0368
0x000000309f1cb2a0:   000025e800001500 00007ffd585c3aa1
0x000000309f1cb2b0:   00007ffd6003df31 0000000000000004
0x000000309f1cb2c0:   0000000000000000 0000000000000000
0x000000309f1cb2d0:   0000000000000000 00005309ce331c30
0x000000309f1cb2e0:   000025e800018500 0000000000000001
0x000000309f1cb2f0:   000025e80006c0e0 00007ffd57e86ae7
0x000000309f1cb300:   000025e80005cd20 000025e800018500
0x000000309f1cb310:   000000309f1cb6e0 000025e800018500
0x000000309f1cb320:   000025e8000500d0 0000000000000001
0x000000309f1cb330:   000025e80006c0e0 00007ffd57e88120
0x000000309f1cb340:   000025e8000c8320 000025e800018500
0x000000309f1cb350:   000000309f1cb6e0 aaaaaaaaaaaa0000
0x000000309f1cb360:   aaaaaaaaaaaaaaaa 000025e8000b4060
0x000000309f1cb370:   000025e800018500 00007ffd53815257
0x000000309f1cb380:   8000000000000088 00005309ce331c20
0x000000309f1cb390:   000000309f1cb450 000000309f1cb401
0x000000309f1cb3a0:   000025e80004c250 000025e800018500
0x000000309f1cb3b0:   000000309f1cb401 000025e80004c250
0x000000309f1cb3c0:   0000000000000000 00007ffd53814bdb
0x000000309f1cb3d0:   000000309f1cb708 000000309f1cb458
0x000000309f1cb3e0:   000001f49b9abdc0 00007ffd53774f65
0x000000309f1cb3f0:   0000000000000000 000001f49b9abdc0
0x000000309f1cb400:   000000309f1cb458 0000000000000000
0x000000309f1cb410:   00007ffd5fc76040 000025e80004c250
0x000000309f1cb420:   000025e80004c240 00007ffd53771308
0x000000309f1cb430:   0000000000000030 00007fff7d85cde4
0x000000309f1cb440:   000001f430220000 0000000000000000
0x000000309f1cb450:   00007ffd5fc76040 00000000000001b8
0x000000309f1cb460:   0000000000000001 000025e8000a4280
0x000000309f1cb470:   0000000000000091 0000000000000000
0x000000309f1cb480:   0000000000000000 0000000000000000 

Instructions: (pc=0x00007ffd57e87fff)
0x00007ffd57e87eff:   00 00 00 48 85 c9 74 0b f0 ff 49 08 75 05 e8 0e
0x00007ffd57e87f0f:   21 1f fc e8 79 02 c0 fe e9 47 fa ff ff 0f b6 c8
0x00007ffd57e87f1f:   48 8d 05 a4 d6 56 08 48 89 84 24 a0 00 00 00 48
0x00007ffd57e87f2f:   8d 05 43 bf e1 07 48 89 44 24 20 c7 44 24 30 08
0x00007ffd57e87f3f:   00 00 00 c6 44 24 28 49 48 8d 94 24 88 00 00 00
0x00007ffd57e87f4f:   4c 8d 84 24 a0 00 00 00 41 b9 03 00 00 00 e8 be
0x00007ffd57e87f5f:   e7 a2 fb e9 c9 f9 ff ff cc cc cc cc cc cc cc cc
0x00007ffd57e87f6f:   cc 56 57 53 48 83 ec 50 48 89 ce 48 8b 05 bf e8
0x00007ffd57e87f7f:   74 09 48 31 e0 48 89 44 24 48 48 8b 79 18 48 c7
0x00007ffd57e87f8f:   41 18 00 00 00 00 48 85 ff 74 10 48 89 f9 e8 fe
0x00007ffd57e87f9f:   e5 ff ff 48 89 f9 e8 46 d2 d7 07 e8 d1 33 72 00
0x00007ffd57e87faf:   48 89 c7 48 b8 aa aa aa aa aa aa aa aa 48 89 44
0x00007ffd57e87fbf:   24 40 0f 28 05 68 e0 de 07 0f 29 44 24 30 48 8d
0x00007ffd57e87fcf:   0d 5d 5f 1b 08 48 89 4c 24 20 e8 c2 75 db 07 48
0x00007ffd57e87fdf:   89 44 24 28 48 8d 5c 24 30 4c 8d 44 24 20 48 89
0x00007ffd57e87fef:   f9 48 89 da e8 b8 3c 72 00 48 8b 4e 28 48 8b 01
0x00007ffd57e87fff:   48 8b 40 28 48 89 da ff 15 9c e1 67 09 e8 8f cd
0x00007ffd57e8800f:   ad fe 48 8b 7e 30 48 c7 46 30 00 00 00 00 48 85
0x00007ffd57e8801f:   ff 74 10 48 89 f9 e8 06 af 72 00 48 89 f9 e8 be
0x00007ffd57e8802f:   d1 d7 07 48 8b 4e 28 48 b8 00 00 00 00 fc ff ff
0x00007ffd57e8803f:   ff 48 21 c8 48 3b 05 7e 33 73 09 75 05 e8 0f c4
0x00007ffd57e8804f:   72 00 48 c7 46 28 00 00 00 00 c6 46 21 01 80 7c
0x00007ffd57e8805f:   24 47 00 79 0a 48 8b 4c 24 30 e8 82 d1 d7 07 48
0x00007ffd57e8806f:   8b 4c 24 48 48 31 e1 e8 f5 d3 d7 07 90 48 83 c4
0x00007ffd57e8807f:   50 5b 5f 5e c3 cc cc cc cc cc cc cc cc cc cc cc
0x00007ffd57e8808f:   cc 48 89 c8 48 8b 49 10 48 c7 40 10 00 00 00 00
0x00007ffd57e8809f:   48 85 c9 74 15 48 8b 01 48 8b 00 4c 8b 05 f7 e0
0x00007ffd57e880af:   67 09 ba 01 00 00 00 49 ff e0 c3 cc cc cc cc cc
0x00007ffd57e880bf:   cc 56 48 83 ec 20 48 89 ce b9 70 00 00 00 e8 8e
0x00007ffd57e880cf:   d0 d7 07 48 8d 0d 47 d4 56 08 48 89 08 c6 40 08
0x00007ffd57e880df:   00 c6 40 68 00 0f 57 c0 0f 11 40 10 c7 40 1f 00
0x00007ffd57e880ef:   00 00 00 0f 11 40 28 c6 40 38 00 48 89 06 48 89 


Stack slot to memory mapping:

stack at sp + 0 slots: 0x000025e8000a0390 points into unknown readable memory: 0x00007ffd5fc96fe0 | e0 6f c9 5f fd 7f 00 00
stack at sp + 1 slots: 0x000025e8000a0368 points into unknown readable memory: 0x00007ffd5fc761e0 | e0 61 c7 5f fd 7f 00 00
stack at sp + 2 slots: 0x000025e800001500 points into unknown readable memory: 0x000025e8000a0300 | 00 03 0a 00 e8 25 00 00
stack at sp + 3 slots: 0x00007ffd585c3aa1 libcef.dll
stack at sp + 4 slots: 0x00007ffd6003df31 libcef.dll
stack at sp + 5 slots: 0x0000000000000004 is an unknown value
stack at sp + 6 slots: 0x0 is null
stack at sp + 7 slots: 0x0 is null


Compiled method (c1) 11341 1607   !   3       jdk.internal.reflect.DirectMethodHandleAccessor::invoke (92 bytes)
 total in heap  [0x000001f435dd4610,0x000001f435dd88d0] = 17088
 relocation     [0x000001f435dd4770,0x000001f435dd4ae0] = 880
 main code      [0x000001f435dd4ae0,0x000001f435dd7348] = 10344
 stub code      [0x000001f435dd7348,0x000001f435dd7488] = 320
 oops           [0x000001f435dd7488,0x000001f435dd74b8] = 48
 metadata       [0x000001f435dd74b8,0x000001f435dd7530] = 120
 scopes data    [0x000001f435dd7530,0x000001f435dd7a10] = 1248
 scopes pcs     [0x000001f435dd7a10,0x000001f435dd7ff0] = 1504
 dependencies   [0x000001f435dd7ff0,0x000001f435dd7ff8] = 8
 handler table  [0x000001f435dd7ff8,0x000001f435dd8808] = 2064
 nul chk table  [0x000001f435dd8808,0x000001f435dd88d0] = 200

[Constant Pool (empty)]

[MachCode]
[Entry Point]
  # {method} {0x000001f44d19def0} 'invoke' '(Ljava/lang/Object;[Ljava/lang/Object;)Ljava/lang/Object;' in 'jdk/internal/reflect/DirectMethodHandleAccessor'
  # this:     rdx:rdx   = 'jdk/internal/reflect/DirectMethodHandleAccessor'
  # parm0:    r8:r8     = 'java/lang/Object'
  # parm1:    r9:r9     = '[Ljava/lang/Object;'
  #           [sp+0x170]  (sp of caller)
  0x000001f435dd4ae0: 448b 5208 | 49bb 0000 | 004d f401 | 0000 4d03 | d34c 3bd0 

  0x000001f435dd4af4: ;   {runtime_call ic_miss_stub}
  0x000001f435dd4af4: 0f85 869c | 1c07 660f | 1f44 0000 
[Verified Entry Point]
  0x000001f435dd4b00: 8984 2400 | 80ff ff55 | 4881 ec60 | 0100 0090 | 4181 7f20 | 0900 0000 

  0x000001f435dd4b18: ;   {runtime_call StubRoutines (final stubs)}
  0x000001f435dd4b18: 7405 e841 | 021b 0748 | 8994 24b0 | 0000 004c | 8984 24c0 | 0000 004c | 898c 24b8 

  0x000001f435dd4b34: ;   {metadata(method data for {method} {0x000001f44d19def0} 'invoke' '(Ljava/lang/Object;[Ljava/lang/Object;)Ljava/lang/Object;' in 'jdk/internal/reflect/DirectMethodHandleAccessor')}
  0x000001f435dd4b34: 0000 0048 | be70 d336 | 8ef4 0100 | 008b becc | 0000 0083 | c702 89be | cc00 0000 | 81e7 fe07 
  0x000001f435dd4b54: 0000 85ff | 0f84 9b22 | 0000 488b 

  0x000001f435dd4b60: ;   {metadata(method data for {method} {0x000001f44d19def0} 'invoke' '(Ljava/lang/Object;[Ljava/lang/Object;)Ljava/lang/Object;' in 'jdk/internal/reflect/DirectMethodHandleAccessor')}
  0x000001f435dd4b60: f248 bf70 | d336 8ef4 | 0100 0048 | 8387 1001 

  0x000001f435dd4b70: ;   {metadata(method data for {method} {0x000001f44d3c4948} 'isStatic' '()Z' in 'jdk/internal/reflect/DirectMethodHandleAccessor')}
  0x000001f435dd4b70: 0000 0148 | be18 cf36 | 8ef4 0100 | 008b becc | 0000 0083 | c702 89be | cc00 0000 | 81e7 feff 
  0x000001f435dd4b90: 1f00 85ff | 0f84 8022 | 0000 8b72 | 1081 e600 | 0200 0081 | fe00 0200 

  0x000001f435dd4ba8: ;   {metadata(method data for {method} {0x000001f44d3c4948} 'isStatic' '()Z' in 'jdk/internal/reflect/DirectMethodHandleAccessor')}
  0x000001f435dd4ba8: 0048 be18 | cf36 8ef4 | 0100 0048 | c7c7 1001 | 0000 7507 | 48c7 c720 | 0100 0048 | 8b1c 3e48 
  0x000001f435dd4bc8: 8d5b 0148 | 891c 3e0f | 851a 0000 

  0x000001f435dd4bd4: ;   {metadata(method data for {method} {0x000001f44d3c4948} 'isStatic' '()Z' in 'jdk/internal/reflect/DirectMethodHandleAccessor')}
  0x000001f435dd4bd4: 0048 be18 | cf36 8ef4 | 0100 00ff | 8630 0100 | 00be 0100 | 0000 e905 | 0000 00be | 0000 0000 
  0x000001f435dd4bf4: 83e6 0185 

  0x000001f435dd4bf8: ;   {metadata(method data for {method} {0x000001f44d19def0} 'invoke' '(Ljava/lang/Object;[Ljava/lang/Object;)Ljava/lang/Object;' in 'jdk/internal/reflect/DirectMethodHandleAccessor')}
  0x000001f435dd4bf8: f648 be70 | d336 8ef4 | 0100 0048 | c7c7 4801 | 0000 7507 | 48c7 c758 | 0100 0048 | 8b1c 3e48 
  0x000001f435dd4c18: 8d5b 0148 | 891c 3e0f | 85d5 0000 | 0048 8bf2 

  0x000001f435dd4c28: ;   {metadata(method data for {method} {0x000001f44d19def0} 'invoke' '(Ljava/lang/Object;[Ljava/lang/Object;)Ljava/lang/Object;' in 'jdk/internal/reflect/DirectMethodHandleAccessor')}
  0x000001f435dd4c28: 48bf 70d3 | 368e f401 | 0000 4883 | 8768 0100 

  0x000001f435dd4c38: ;   {metadata(method data for {method} {0x000001f44d3c4898} 'checkReceiver' '(Ljava/lang/Object;)V' in 'jdk/internal/reflect/DirectMethodHandleAccessor')}
  0x000001f435dd4c38: 0001 48be | c0da 368e | f401 0000 | 8bbe cc00 | 0000 83c7 | 0289 becc | 0000 0081 | e7fe ff1f 
  0x000001f435dd4c58: 0085 ff0f | 84da 2100 | 008b 7214 | 48c1 e603 

  0x000001f435dd4c68: ; implicit exception: dispatches to 0x000001f435dd6e5c
  0x000001f435dd4c68: 493b 0049 

  0x000001f435dd4c6c: ;   {metadata(method data for {method} {0x000001f44d3c4898} 'checkReceiver' '(Ljava/lang/Object;)V' in 'jdk/internal/reflect/DirectMethodHandleAccessor')}
  0x000001f435dd4c6c: 8bf8 48bb | c0da 368e | f401 0000 | 4883 8310 | 0100 0001 | 418b 7808 | 49ba 0000 | 004d f401 
  0x000001f435dd4c8c: 0000 4903 | fa48 8b7f | 7048 8b3f 

  0x000001f435dd4c98: ; implicit exception: dispatches to 0x000001f435dd6e61
  0x000001f435dd4c98: 483b 0648 

  0x000001f435dd4c9c: ;   {metadata(method data for {method} {0x000001f44d3c4898} 'checkReceiver' '(Ljava/lang/Object;)V' in 'jdk/internal/reflect/DirectMethodHandleAccessor')}
  0x000001f435dd4c9c: 8bde 48b8 | c0da 368e | f401 0000 | 4883 8048 | 0100 0001 | 4c8b c748 

  0x000001f435dd4cb4: ;   {optimized virtual_call}
  0x000001f435dd4cb4: 8bd6 90e8 

  0x000001f435dd4cb8: ; ImmutableOopMap {[176]=Oop [184]=Oop [192]=Oop }
                      ;*invokevirtual isAssignableFrom {reexecute=0 rethrow=0 return_oop=0}
                      ; - jdk.internal.reflect.DirectMethodHandleAccessor::checkReceiver@8
                      ; - jdk.internal.reflect.DirectMethodHandleAccessor::invoke@9
  0x000001f435dd4cb8: 8404 8e07 

  0x000001f435dd4cbc: ;   {other}
  0x000001f435dd4cbc: 0f1f 8400 | ac06 0000 

  0x000001f435dd4cc4: ;   {metadata(method data for {method} {0x000001f44d3c4898} 'checkReceiver' '(Ljava/lang/Object;)V' in 'jdk/internal/reflect/DirectMethodHandleAccessor')}
  0x000001f435dd4cc4: 85c0 48ba | c0da 368e | f401 0000 | 49c7 c090 | 0100 0074 | 0749 c7c0 | 8001 0000 | 4a8b 3402 
  0x000001f435dd4ce4: 488d 7601 | 4a89 3402 | 0f84 9f1f | 0000 488b | 9424 b000 | 0000 448b 

  0x000001f435dd4cfc: ;   {metadata(method data for {method} {0x000001f44d19def0} 'invoke' '(Ljava/lang/Object;[Ljava/lang/Object;)Ljava/lang/Object;' in 'jdk/internal/reflect/DirectMethodHandleAccessor')}
  0x000001f435dd4cfc: 420c 48be | 70d3 368e | f401 0000 | 4883 86a0 | 0100 0001 | 498b d04c | 8b84 24b8 | 0000 000f 
  0x000001f435dd4d1c: ;   {static_call}
  0x000001f435dd4d1c: 1f40 00e8 

  0x000001f435dd4d20: ; ImmutableOopMap {[176]=Oop [184]=Oop [192]=Oop }
                      ;*invokestatic checkArgumentCount {reexecute=0 rethrow=0 return_oop=0}
                      ; - jdk.internal.reflect.DirectMethodHandleAccessor::invoke@17
  0x000001f435dd4d20: dc94 ffff 

  0x000001f435dd4d24: ;   {other}
  0x000001f435dd4d24: 0f1f 8400 | 1407 0001 | 488b 9424 | b000 0000 

  0x000001f435dd4d34: ;   {metadata(method data for {method} {0x000001f44d19def0} 'invoke' '(Ljava/lang/Object;[Ljava/lang/Object;)Ljava/lang/Object;' in 'jdk/internal/reflect/DirectMethodHandleAccessor')}
  0x000001f435dd4d34: 4c8b c249 | b970 d336 | 8ef4 0100 | 0049 8381 | b001 0000 

  0x000001f435dd4d48: ;   {metadata(method data for {method} {0x000001f44d3c46e0} 'invokeImpl' '(Ljava/lang/Object;[Ljava/lang/Object;)Ljava/lang/Object;' in 'jdk/internal/reflect/DirectMethodHandleAccessor')}
  0x000001f435dd4d48: 0149 b8a8 | d636 8ef4 | 0100 0045 | 8b88 cc00 | 0000 4183 | c102 4589 | 88cc 0000 | 0041 81e1 
  0x000001f435dd4d68: feff 1f00 | 4585 c90f | 84f1 2000 | 0044 8b42 

  0x000001f435dd4d78: ;   {metadata(method data for {method} {0x000001f44d3c46e0} 'invokeImpl' '(Ljava/lang/Object;[Ljava/lang/Object;)Ljava/lang/Object;' in 'jdk/internal/reflect/DirectMethodHandleAccessor')}
  0x000001f435dd4d78: 0c49 b9a8 | d636 8ef4 | 0100 0048 | c7c7 1801 | 0000 4585 | c048 8bf7 | 48c7 c728 | 0100 0048 
  0x000001f435dd4d98: 0f45 fe41 | 83f8 0148 | 8bf7 48c7 | c738 0100 | 0048 0f45 | fe41 83f8 | 0248 8bf7 | 48c7 c748 
  0x000001f435dd4db8: 0100 0048 | 0f45 fe41 | 83f8 0348 | 8bf7 48c7 | c758 0100 | 0048 0f45 | fe49 8b34 | 3949 c7c2 
  0x000001f435dd4dd8: 0100 0000 | 4903 f249 | 8934 3945 | 85c0 0f84 | 2616 0000 | 4183 f801 | 0f84 b40f | 0000 4183 
  0x000001f435dd4df8: f802 0f84 | 0a09 0000 | 4183 f803 | 0f84 1802 | 0000 4c8b | 8c24 b800 | 0000 4c8b | 8424 c000 
  0x000001f435dd4e18: 0000 8b72 | 1848 c1e6 | 030f 1f80 | 0000 0000 

  0x000001f435dd4e28: ;   {oop(a 'java/lang/invoke/MethodType'{0x000000074023a038} = (Ljava/lang/Object;[Ljava/lang/Object;)Ljava/lang/Object;)}
  0x000001f435dd4e28: 48bf 38a0 | 2340 0700 | 0000 483b 

  0x000001f435dd4e34: ;   {metadata(method data for {method} {0x000001f44d3c46e0} 'invokeImpl' '(Ljava/lang/Object;[Ljava/lang/Object;)Ljava/lang/Object;' in 'jdk/internal/reflect/DirectMethodHandleAccessor')}
  0x000001f435dd4e34: 0648 bba8 | d636 8ef4 | 0100 0048 | 8d9b 9803 | 0000 4d85 | c075 0ef6 | 4308 0175 | 50f0 4883 
  0x000001f435dd4e54: 4b08 01eb | 4841 8b40 | 0849 ba00 | 0000 4df4 | 0100 0049 | 03c2 4c8b | d048 3343 | 0848 a9fc 
  0x000001f435dd4e74: ffff ff74 | 28a8 0275 | 2448 f743 | 08fe ffff | ff74 1649 | 8bc2 4833 | 4308 48a9 | fcff ffff 
  0x000001f435dd4e94: 740b 4883 | 4b08 02eb | 0448 8943 | 084d 85c9 | 750e f643 | 1801 7550 | f048 834b | 1801 eb48 
  0x000001f435dd4eb4: 418b 4108 | 49ba 0000 | 004d f401 | 0000 4903 | c24c 8bd0 | 4833 4318 | 48a9 fcff | ffff 7428 
  0x000001f435dd4ed4: a802 7524 | 48f7 4318 | feff ffff | 7416 498b | c248 3343 | 1848 a9fc | ffff ff74 | 0b48 834b 
  0x000001f435dd4ef4: 1802 eb04 | 4889 4318 

  0x000001f435dd4efc: ;   {metadata(method data for {method} {0x000001f44d3c46e0} 'invokeImpl' '(Ljava/lang/Object;[Ljava/lang/Object;)Ljava/lang/Object;' in 'jdk/internal/reflect/DirectMethodHandleAccessor')}
  0x000001f435dd4efc: 488b de48 | b8a8 d636 | 8ef4 0100 | 008b 5b08 | 49ba 0000 | 004d f401 | 0000 4903 | da48 3b98 
  0x000001f435dd4f1c: 7003 0000 | 750d 4883 | 8078 0300 | 0001 e960 | 0000 0048 | 3b98 8003 | 0000 750d | 4883 8088 
  0x000001f435dd4f3c: 0300 0001 | e94a 0000 | 0048 83b8 | 7003 0000 | 0075 1748 | 8998 7003 | 0000 48c7 | 8078 0300 
  0x000001f435dd4f5c: 0001 0000 | 00e9 2900 | 0000 4883 | b880 0300 | 0000 7517 | 4889 9880 | 0300 0048 | c780 8803 
  0x000001f435dd4f7c: 0000 0100 | 0000 e908 | 0000 0048 | 8380 6003 | 0000 0148 | 8bd6 0f1f 

  0x000001f435dd4f94: ;   {optimized virtual_call}
  0x000001f435dd4f94: 4400 00e8 

  0x000001f435dd4f98: ; ImmutableOopMap {[176]=Oop }
                      ;*invokevirtual invokeExact {reexecute=0 rethrow=0 return_oop=0}
                      ; - jdk.internal.reflect.DirectMethodHandleAccessor::invokeImpl@104
                      ; - jdk.internal.reflect.DirectMethodHandleAccessor::invoke@23
  0x000001f435dd4f98: b123 0000 

  0x000001f435dd4f9c: ;   {other}
  0x000001f435dd4f9c: 0f1f 8400 | 8c09 0002 

  0x000001f435dd4fa4: ;   {metadata(method data for {method} {0x000001f44d3c46e0} 'invokeImpl' '(Ljava/lang/Object;[Ljava/lang/Object;)Ljava/lang/Object;' in 'jdk/internal/reflect/DirectMethodHandleAccessor')}
  0x000001f435dd4fa4: 48ba a8d6 | 368e f401 | 0000 488d | 92b8 0300 | 0048 85c0 | 750c f602 | 0175 4df0 | 4883 0a01 
  0x000001f435dd4fc4: eb46 8b70 | 0849 ba00 | 0000 4df4 | 0100 0049 | 03f2 4c8b | d648 3332 | 48f7 c6fc | ffff ff74 
  0x000001f435dd4fe4: 2740 f6c6 | 0275 2148 | f702 feff | ffff 7415 | 498b f248 | 3332 48f7 | c6fc ffff | ff74 0948 
  0x000001f435dd5004: 830a 02eb | 0348 8932 | 4881 c460 | 0100 005d 

  0x000001f435dd5014: ;   {poll_return}
  0x000001f435dd5014: 493b a748 | 0400 000f | 8784 1e00 | 00c3 4c8b | 8c24 b800 | 0000 4c8b | 8424 c000 | 0000 8b72 
  0x000001f435dd5034: 1848 c1e6 | 0348 89b4 | 24d0 0000 | 0041 8379 | 0c00 0f86 | 791e 0000 | 418b 7910 | 48c1 e703 
  0x000001f435dd5054: 4889 bc24 | c800 0000 | 4183 790c | 010f 8670 | 1e00 0041 | 8b59 1448 | c1e3 0348 | 899c 24d8 
  0x000001f435dd5074: 0000 0041 | 8379 0c02 | 0f86 671e | 0000 418b | 4118 48c1 | e003 4889 | 8424 e000 

  0x000001f435dd5090: ;   {metadata(method data for {method} {0x000001f44d3c46e0} 'invokeImpl' '(Ljava/lang/Object;[Ljava/lang/Object;)Ljava/lang/Object;' in 'jdk/internal/reflect/DirectMethodHandleAccessor')}
  0x000001f435dd5090: 0000 48b9 | a8d6 368e | f401 0000 | 488d 8918 | 0300 004d | 85c0 750e | f641 0801 | 7554 f048 
  0x000001f435dd50b0: 8349 0801 | eb4c 458b | 4808 49ba | 0000 004d | f401 0000 | 4d03 ca4d | 8bd1 4c33 | 4908 49f7 
  0x000001f435dd50d0: c1fc ffff | ff74 2b41 | f6c1 0275 | 2548 f741 | 08fe ffff | ff74 174d | 8bca 4c33 | 4908 49f7 
  0x000001f435dd50f0: c1fc ffff | ff74 0b48 | 8349 0802 | eb04 4c89 

  0x000001f435dd5100: ;   {metadata(method data for {method} {0x000001f48e42b6b8} 'invokeExact_MT' '(Ljava/lang/Object;Ljava/lang/Object;Ljava/lang/Object;Ljava/lang/Object;Ljava/lang/Object;Ljava/lang/Object;)Ljava/lang/Object;' in 'java/lang/invoke/LambdaForm$MH+0x000001f44e00f400')}
  0x000001f435dd5100: 4908 48b9 | 0028 5e8e | f401 0000 | 488d 89c8 | 0200 0048 | 85f6 750c | f601 0175 | 4ef0 4883 
  0x000001f435dd5120: 0901 eb47 | 448b 4e08 | 49ba 0000 | 004d f401 | 0000 4d03 | ca4d 8bd1 | 4c33 0949 | f7c1 fcff 
  0x000001f435dd5140: ffff 7427 | 41f6 c102 | 7521 48f7 | 01fe ffff | ff74 154d | 8bca 4c33 | 0949 f7c1 | fcff ffff 
  0x000001f435dd5160: 7409 4883 | 0902 eb03 | 4c89 094d | 85c0 750e | f641 1001 | 7554 f048 | 8349 1001 | eb4c 458b 
  0x000001f435dd5180: 4808 49ba | 0000 004d | f401 0000 | 4d03 ca4d | 8bd1 4c33 | 4910 49f7 | c1fc ffff | ff74 2b41 
  0x000001f435dd51a0: f6c1 0275 | 2548 f741 | 10fe ffff | ff74 174d | 8bca 4c33 | 4910 49f7 | c1fc ffff | ff74 0b48 
  0x000001f435dd51c0: 8349 1002 | eb04 4c89 

  0x000001f435dd51c8: ;   {metadata(method data for {method} {0x000001f44d3c46e0} 'invokeImpl' '(Ljava/lang/Object;[Ljava/lang/Object;)Ljava/lang/Object;' in 'jdk/internal/reflect/DirectMethodHandleAccessor')}
  0x000001f435dd51c8: 4910 48b9 | a8d6 368e | f401 0000 | 4883 81e0 | 0200 0001 

  0x000001f435dd51dc: ;   {metadata(method data for {method} {0x000001f48e42b6b8} 'invokeExact_MT' '(Ljava/lang/Object;Ljava/lang/Object;Ljava/lang/Object;Ljava/lang/Object;Ljava/lang/Object;Ljava/lang/Object;)Ljava/lang/Object;' in 'java/lang/invoke/LambdaForm$MH+0x000001f44e00f400')}
  0x000001f435dd51dc: 48b9 0028 | 5e8e f401 | 0000 448b | 89cc 0000 | 0041 83c1 | 0244 8989 | cc00 0000 | 4181 e1fe 
  0x000001f435dd51fc: ff1f 0045 | 85c9 0f84 | f31c 0000 

  0x000001f435dd5208: ;   {metadata(method data for {method} {0x000001f48e42b6b8} 'invokeExact_MT' '(Ljava/lang/Object;Ljava/lang/Object;Ljava/lang/Object;Ljava/lang/Object;Ljava/lang/Object;Ljava/lang/Object;)Ljava/lang/Object;' in 'java/lang/invoke/LambdaForm$MH+0x000001f44e00f400')}
  0x000001f435dd5208: 48b9 0028 | 5e8e f401 | 0000 488d | 8990 0100 | 0048 85f6 | 750e f641 | 0801 7554 | f048 8349 
  0x000001f435dd5228: 0801 eb4c | 448b 4e08 | 49ba 0000 | 004d f401 | 0000 4d03 | ca4d 8bd1 | 4c33 4908 | 49f7 c1fc 
  0x000001f435dd5248: ffff ff74 | 2b41 f6c1 | 0275 2548 | f741 08fe | ffff ff74 | 174d 8bca | 4c33 4908 | 49f7 c1fc 
  0x000001f435dd5268: ffff ff74 | 0b48 8349 | 0802 eb04 | 4c89 4908 

  0x000001f435dd5278: ;   {oop(a 'java/lang/invoke/MethodType'{0x000000074023a100} = (Ljava/lang/Object;Ljava/lang/Object;Ljava/lang/Object;Ljava/lang/Object;)Ljava/lang/Object;)}
  0x000001f435dd5278: 49b9 00a1 | 2340 0700 | 0000 4d85 | c975 0cf6 | 4118 0175 | 06f0 4883 

  0x000001f435dd5290: ;   {metadata(method data for {method} {0x000001f48e42b6b8} 'invokeExact_MT' '(Ljava/lang/Object;Ljava/lang/Object;Ljava/lang/Object;Ljava/lang/Object;Ljava/lang/Object;Ljava/lang/Object;)Ljava/lang/Object;' in 'java/lang/invoke/LambdaForm$MH+0x000001f44e00f400')}
  0x000001f435dd5290: 4918 0148 | b900 285e | 8ef4 0100 | 0048 8381 | 8001 0000 

  0x000001f435dd52a4: ;   {metadata(method data for {method} {0x000001f44d3d94e0} 'checkExactType' '(Ljava/lang/invoke/MethodHandle;Ljava/lang/invoke/MethodType;)V' in 'java/lang/invoke/Invokers')}
  0x000001f435dd52a4: 0148 b9d0 | 602a 8ef4 | 0100 0044 | 8b99 cc00 | 0000 4183 | c302 4489 | 99cc 0000 | 0041 81e3 
  0x000001f435dd52c4: feff 1f00 | 4585 db0f | 844b 1c00 | 0048 3b06 

  0x000001f435dd52d4: ;   {metadata(method data for {method} {0x000001f44d3d94e0} 'checkExactType' '(Ljava/lang/invoke/MethodHandle;Ljava/lang/invoke/MethodType;)V' in 'java/lang/invoke/Invokers')}
  0x000001f435dd52d4: 488b ce49 | bbd0 602a | 8ef4 0100 | 008b 4908 | 49ba 0000 | 004d f401 | 0000 4903 | ca49 3b8b 
  0x000001f435dd52f4: 2001 0000 | 750d 4983 | 8328 0100 | 0001 e960 | 0000 0049 | 3b8b 3001 | 0000 750d | 4983 8338 
  0x000001f435dd5314: 0100 0001 | e94a 0000 | 0049 83bb | 2001 0000 | 0075 1749 | 898b 2001 | 0000 49c7 | 8328 0100 
  0x000001f435dd5334: 0001 0000 | 00e9 2900 | 0000 4983 | bb30 0100 | 0000 7517 | 4989 8b30 | 0100 0049 | c783 3801 
  0x000001f435dd5354: 0000 0100 | 0000 e908 | 0000 0049 | 8383 1001 | 0000 018b | 4e10 48c1 | e103 493b 

  0x000001f435dd5370: ;   {metadata(method data for {method} {0x000001f44d3d94e0} 'checkExactType' '(Ljava/lang/invoke/MethodHandle;Ljava/lang/invoke/MethodType;)V' in 'java/lang/invoke/Invokers')}
  0x000001f435dd5370: c949 b9d0 | 602a 8ef4 | 0100 0049 | c7c3 5801 | 0000 7507 | 49c7 c348 | 0100 004f | 8b2c 194d 
  0x000001f435dd5390: 8d6d 014f | 892c 190f | 8592 1400 

  0x000001f435dd539c: ;   {metadata(method data for {method} {0x000001f48e42b6b8} 'invokeExact_MT' '(Ljava/lang/Object;Ljava/lang/Object;Ljava/lang/Object;Ljava/lang/Object;Ljava/lang/Object;Ljava/lang/Object;)Ljava/lang/Object;' in 'java/lang/invoke/LambdaForm$MH+0x000001f44e00f400')}
  0x000001f435dd539c: 0048 b900 | 285e 8ef4 | 0100 0048 | 8d89 c801 | 0000 448b | 4e08 49ba | 0000 004d | f401 0000 
  0x000001f435dd53bc: 4d03 ca4d | 8bd1 4c33 | 4908 49f7 | c1fc ffff | ff74 2b41 | f6c1 0275 | 2548 f741 | 08fe ffff 
  0x000001f435dd53dc: ff74 174d | 8bca 4c33 | 4908 49f7 | c1fc ffff | ff74 0b48 | 8349 0802 | eb04 4c89 

  0x000001f435dd53f8: ;   {metadata(method data for {method} {0x000001f48e42b6b8} 'invokeExact_MT' '(Ljava/lang/Object;Ljava/lang/Object;Ljava/lang/Object;Ljava/lang/Object;Ljava/lang/Object;Ljava/lang/Object;)Ljava/lang/Object;' in 'java/lang/invoke/LambdaForm$MH+0x000001f44e00f400')}
  0x000001f435dd53f8: 4908 48b9 | 0028 5e8e | f401 0000 | 4883 81b8 | 0100 0001 

  0x000001f435dd540c: ;   {metadata(method data for {method} {0x000001f44d3d93d8} 'checkCustomized' '(Ljava/lang/invoke/MethodHandle;)V' in 'java/lang/invoke/Invokers')}
  0x000001f435dd540c: 48b9 9062 | 2a8e f401 | 0000 448b | 89cc 0000 | 0041 83c1 | 0244 8989 | cc00 0000 | 4181 e1fe 
  0x000001f435dd542c: ff1f 0045 | 85c9 0f84 | 0a1b 0000 

  0x000001f435dd5438: ;   {metadata(method data for {method} {0x000001f44d3d93d8} 'checkCustomized' '(Ljava/lang/invoke/MethodHandle;)V' in 'java/lang/invoke/Invokers')}
  0x000001f435dd5438: 48b9 9062 | 2a8e f401 | 0000 4883 | 8110 0100 

  0x000001f435dd5448: ;   {metadata(method data for {method} {0x000001f44d095ff0} 'isCompileConstant' '(Ljava/lang/Object;)Z' in 'java/lang/invoke/MethodHandleImpl')}
  0x000001f435dd5448: 0001 48b9 | 2066 2a8e | f401 0000 | 448b 89cc | 0000 0041 | 83c1 0244 | 8989 cc00 | 0000 4181 
  0x000001f435dd5468: e1fe ff1f | 0045 85c9 | 0f84 ed1a 

  0x000001f435dd5474: ;   {metadata(method data for {method} {0x000001f44d3d93d8} 'checkCustomized' '(Ljava/lang/invoke/MethodHandle;)V' in 'java/lang/invoke/Invokers')}
  0x000001f435dd5474: 0000 48b9 | 9062 2a8e | f401 0000 | ff81 2001 | 0000 8b4e | 1448 c1e1 | 038b 491c | 48c1 e103 
  0x000001f435dd5494: ;   {metadata(method data for {method} {0x000001f44d3d93d8} 'checkCustomized' '(Ljava/lang/invoke/MethodHandle;)V' in 'java/lang/invoke/Invokers')}
  0x000001f435dd5494: 4885 c948 | b990 622a | 8ef4 0100 | 0049 c7c1 | 4001 0000 | 7507 49c7 | c150 0100 | 004e 8b1c 
  0x000001f435dd54b4: 094d 8d5b | 014e 891c | 090f 8529 

  0x000001f435dd54c0: ;   {metadata(method data for {method} {0x000001f44d3d93d8} 'checkCustomized' '(Ljava/lang/invoke/MethodHandle;)V' in 'java/lang/invoke/Invokers')}
  0x000001f435dd54c0: 0000 0048 | b990 622a | 8ef4 0100 | 0048 8381 | 6001 0000 | 0148 8bd6 | 0f1f 8000 

  0x000001f435dd54dc: ;   {static_call}
  0x000001f435dd54dc: 0000 00e8 

  0x000001f435dd54e0: ; ImmutableOopMap {[176]=Oop [192]=Oop [200]=Oop [208]=Oop [216]=Oop [224]=Oop }
                      ;*invokestatic maybeCustomize {reexecute=0 rethrow=0 return_oop=0}
                      ; - java.lang.invoke.Invokers::checkCustomized@19
                      ; - java.lang.invoke.LambdaForm$MH/0x000001f44e00f400::invokeExact_MT@15
                      ; - jdk.internal.reflect.DirectMethodHandleAccessor::invokeImpl@92
                      ; - jdk.internal.reflect.DirectMethodHandleAccessor::invoke@23
  0x000001f435dd54e0: dcf8 4401 

  0x000001f435dd54e4: ;   {other}
  0x000001f435dd54e4: 0f1f 8400 | d40e 0003 | 488b bc24 | c800 0000 | 4c8b 8424 | c000 0000 

  0x000001f435dd54fc: ;   {metadata(method data for {method} {0x000001f48e42b6b8} 'invokeExact_MT' '(Ljava/lang/Object;Ljava/lang/Object;Ljava/lang/Object;Ljava/lang/Object;Ljava/lang/Object;Ljava/lang/Object;)Ljava/lang/Object;' in 'java/lang/invoke/LambdaForm$MH+0x000001f44e00f400')}
  0x000001f435dd54fc: 49b9 0028 | 5e8e f401 | 0000 4d8d | 8918 0200 | 004d 85c0 | 750f 41f6 | 4108 0175 | 54f0 4983 
  0x000001f435dd551c: 4908 01eb | 4c41 8b70 | 0849 ba00 | 0000 4df4 | 0100 0049 | 03f2 4c8b | d649 3371 | 0848 f7c6 
  0x000001f435dd553c: fcff ffff | 742b 40f6 | c602 7525 | 49f7 4108 | feff ffff | 7417 498b | f249 3371 | 0848 f7c6 
  0x000001f435dd555c: fcff ffff | 740b 4983 | 4908 02eb | 0449 8971 | 0848 85ff | 750f 41f6 | 4118 0175 | 53f0 4983 
  0x000001f435dd557c: 4918 01eb | 4b8b 7708 | 49ba 0000 | 004d f401 | 0000 4903 | f24c 8bd6 | 4933 7118 | 48f7 c6fc 
  0x000001f435dd559c: ffff ff74 | 2b40 f6c6 | 0275 2549 | f741 18fe | ffff ff74 | 1749 8bf2 | 4933 7118 | 48f7 c6fc 
  0x000001f435dd55bc: ffff ff74 | 0b49 8349 | 1802 eb04 | 4989 7118 | 488b b424 | d000 0000 

  0x000001f435dd55d4: ;   {metadata(method data for {method} {0x000001f48e42b6b8} 'invokeExact_MT' '(Ljava/lang/Object;Ljava/lang/Object;Ljava/lang/Object;Ljava/lang/Object;Ljava/lang/Object;Ljava/lang/Object;)Ljava/lang/Object;' in 'java/lang/invoke/LambdaForm$MH+0x000001f44e00f400')}
  0x000001f435dd55d4: 49b9 0028 | 5e8e f401 | 0000 4983 | 81e0 0100 | 0001 4c8b | cf48 8bbc | 24d8 0000 | 0048 8bb4 
  0x000001f435dd55f4: 24e0 0000 | 0048 8b94 | 24d0 0000 | 0066 0f1f 

  0x000001f435dd5604: ;   {optimized virtual_call}
  0x000001f435dd5604: 4400 00e8 

  0x000001f435dd5608: ; ImmutableOopMap {[176]=Oop }
                      ;*invokevirtual invokeBasic {reexecute=0 rethrow=0 return_oop=0}
                      ; - java.lang.invoke.LambdaForm$MH/0x000001f44e00f400::invokeExact_MT@24
                      ; - jdk.internal.reflect.DirectMethodHandleAccessor::invokeImpl@92
                      ; - jdk.internal.reflect.DirectMethodHandleAccessor::invoke@23
  0x000001f435dd5608: f431 8e07 

  0x000001f435dd560c: ;   {other}
  0x000001f435dd560c: 0f1f 8400 | fc0f 0004 

  0x000001f435dd5614: ;   {metadata(method data for {method} {0x000001f48e42b6b8} 'invokeExact_MT' '(Ljava/lang/Object;Ljava/lang/Object;Ljava/lang/Object;Ljava/lang/Object;Ljava/lang/Object;Ljava/lang/Object;)Ljava/lang/Object;' in 'java/lang/invoke/LambdaForm$MH+0x000001f44e00f400')}
  0x000001f435dd5614: 48ba 0028 | 5e8e f401 | 0000 488d | 9238 0200 | 0048 85c0 | 750c f602 | 0175 4df0 | 4883 0a01 
  0x000001f435dd5634: eb46 8b70 | 0849 ba00 | 0000 4df4 | 0100 0049 | 03f2 4c8b | d648 3332 | 48f7 c6fc | ffff ff74 
  0x000001f435dd5654: 2740 f6c6 | 0275 2148 | f702 feff | ffff 7415 | 498b f248 | 3332 48f7 | c6fc ffff | ff74 0948 
  0x000001f435dd5674: 830a 02eb | 0348 8932 

  0x000001f435dd567c: ;   {metadata(method data for {method} {0x000001f44d3c46e0} 'invokeImpl' '(Ljava/lang/Object;[Ljava/lang/Object;)Ljava/lang/Object;' in 'jdk/internal/reflect/DirectMethodHandleAccessor')}
  0x000001f435dd567c: 48ba a8d6 | 368e f401 | 0000 488d | 9238 0300 | 0048 85c0 | 750c f602 | 0175 4df0 | 4883 0a01 
  0x000001f435dd569c: eb46 8b70 | 0849 ba00 | 0000 4df4 | 0100 0049 | 03f2 4c8b | d648 3332 | 48f7 c6fc | ffff ff74 
  0x000001f435dd56bc: 2740 f6c6 | 0275 2148 | f702 feff | ffff 7415 | 498b f248 | 3332 48f7 | c6fc ffff | ff74 0948 
  0x000001f435dd56dc: 830a 02eb | 0348 8932 

  0x000001f435dd56e4: ;   {metadata(method data for {method} {0x000001f44d3c46e0} 'invokeImpl' '(Ljava/lang/Object;[Ljava/lang/Object;)Ljava/lang/Object;' in 'jdk/internal/reflect/DirectMethodHandleAccessor')}
  0x000001f435dd56e4: 48ba a8d6 | 368e f401 | 0000 ff82 | 4803 0000 | 4881 c460 | 0100 005d 

  0x000001f435dd56fc: ;   {poll_return}
  0x000001f435dd56fc: 493b a748 | 0400 000f | 8780 1800 | 00c3 4c8b | 8c24 b800 | 0000 4c8b | 8424 c000 | 0000 8b72 
  0x000001f435dd571c: 1848 c1e6 | 0348 89b4 | 24f0 0000 | 0041 8379 | 0c00 0f86 | 7518 0000 | 418b 7910 | 48c1 e703 
  0x000001f435dd573c: 4889 bc24 | e800 0000 | 4183 790c | 010f 866c | 1800 0041 | 8b59 1448 | c1e3 0348 | 899c 24f8 
  0x000001f435dd575c: ;   {metadata(method data for {method} {0x000001f44d3c46e0} 'invokeImpl' '(Ljava/lang/Object;[Ljava/lang/Object;)Ljava/lang/Object;' in 'jdk/internal/reflect/DirectMethodHandleAccessor')}
  0x000001f435dd575c: 0000 0048 | b8a8 d636 | 8ef4 0100 | 0048 8d80 | 9802 0000 | 4d85 c075 | 0ef6 4008 | 0175 53f0 
  0x000001f435dd577c: 4883 4808 | 01eb 4b41 | 8b48 0849 | ba00 0000 | 4df4 0100 | 0049 03ca | 4c8b d148 | 3348 0848 
  0x000001f435dd579c: f7c1 fcff | ffff 742a | f6c1 0275 | 2548 f740 | 08fe ffff | ff74 1749 | 8bca 4833 | 4808 48f7 
  0x000001f435dd57bc: c1fc ffff | ff74 0b48 | 8348 0802 | eb04 4889 

  0x000001f435dd57cc: ;   {metadata(method data for {method} {0x000001f48e455ab8} 'invokeExact_MT' '(Ljava/lang/Object;Ljava/lang/Object;Ljava/lang/Object;Ljava/lang/Object;Ljava/lang/Object;)Ljava/lang/Object;' in 'java/lang/invoke/LambdaForm$MH+0x000001f44e01cc00')}
  0x000001f435dd57cc: 4808 48b8 | 185d 458e | f401 0000 | 488d 80c0 | 0200 0048 | 85f6 750c | f600 0175 | 4cf0 4883 
  0x000001f435dd57ec: 0801 eb45 | 8b4e 0849 | ba00 0000 | 4df4 0100 | 0049 03ca | 4c8b d148 | 3308 48f7 | c1fc ffff 
  0x000001f435dd580c: ff74 26f6 | c102 7521 | 48f7 00fe | ffff ff74 | 1549 8bca | 4833 0848 | f7c1 fcff | ffff 7409 
  0x000001f435dd582c: 4883 0802 | eb03 4889 | 084d 85c0 | 750e f640 | 1001 7553 | f048 8348 | 1001 eb4b | 418b 4808 
  0x000001f435dd584c: 49ba 0000 | 004d f401 | 0000 4903 | ca4c 8bd1 | 4833 4810 | 48f7 c1fc | ffff ff74 | 2af6 c102 
  0x000001f435dd586c: 7525 48f7 | 4010 feff | ffff 7417 | 498b ca48 | 3348 1048 | f7c1 fcff | ffff 740b | 4883 4810 
  0x000001f435dd588c: 02eb 0448 

  0x000001f435dd5890: ;   {metadata(method data for {method} {0x000001f44d3c46e0} 'invokeImpl' '(Ljava/lang/Object;[Ljava/lang/Object;)Ljava/lang/Object;' in 'jdk/internal/reflect/DirectMethodHandleAccessor')}
  0x000001f435dd5890: 8948 1048 | b8a8 d636 | 8ef4 0100 | 0048 8380 | 6002 0000 

  0x000001f435dd58a4: ;   {metadata(method data for {method} {0x000001f48e455ab8} 'invokeExact_MT' '(Ljava/lang/Object;Ljava/lang/Object;Ljava/lang/Object;Ljava/lang/Object;Ljava/lang/Object;)Ljava/lang/Object;' in 'java/lang/invoke/LambdaForm$MH+0x000001f44e01cc00')}
  0x000001f435dd58a4: 0148 b818 | 5d45 8ef4 | 0100 008b | 88cc 0000 | 0083 c102 | 8988 cc00 | 0000 81e1 | feff 1f00 
  0x000001f435dd58c4: 85c9 0f84 | 0117 0000 

  0x000001f435dd58cc: ;   {metadata(method data for {method} {0x000001f48e455ab8} 'invokeExact_MT' '(Ljava/lang/Object;Ljava/lang/Object;Ljava/lang/Object;Ljava/lang/Object;Ljava/lang/Object;)Ljava/lang/Object;' in 'java/lang/invoke/LambdaForm$MH+0x000001f44e01cc00')}
  0x000001f435dd58cc: 48b8 185d | 458e f401 | 0000 488d | 8090 0100 | 0048 85f6 | 750e f640 | 0801 7552 | f048 8348 
  0x000001f435dd58ec: 0801 eb4a | 8b4e 0849 | ba00 0000 | 4df4 0100 | 0049 03ca | 4c8b d148 | 3348 0848 | f7c1 fcff 
  0x000001f435dd590c: ffff 742a | f6c1 0275 | 2548 f740 | 08fe ffff | ff74 1749 | 8bca 4833 | 4808 48f7 | c1fc ffff 
  0x000001f435dd592c: ff74 0b48 | 8348 0802 | eb04 4889 

  0x000001f435dd5938: ;   {oop(a 'java/lang/invoke/MethodType'{0x000000074023d678} = (Ljava/lang/Object;Ljava/lang/Object;Ljava/lang/Object;)Ljava/lang/Object;)}
  0x000001f435dd5938: 4808 48b9 | 78d6 2340 | 0700 0000 | 4885 c975 | 0cf6 4018 | 0175 06f0 | 4883 4818 

  0x000001f435dd5954: ;   {metadata(method data for {method} {0x000001f48e455ab8} 'invokeExact_MT' '(Ljava/lang/Object;Ljava/lang/Object;Ljava/lang/Object;Ljava/lang/Object;Ljava/lang/Object;)Ljava/lang/Object;' in 'java/lang/invoke/LambdaForm$MH+0x000001f44e01cc00')}
  0x000001f435dd5954: 0148 b818 | 5d45 8ef4 | 0100 0048 | 8380 8001 

  0x000001f435dd5964: ;   {metadata(method data for {method} {0x000001f44d3d94e0} 'checkExactType' '(Ljava/lang/invoke/MethodHandle;Ljava/lang/invoke/MethodType;)V' in 'java/lang/invoke/Invokers')}
  0x000001f435dd5964: 0000 0148 | b8d0 602a | 8ef4 0100 | 0044 8b88 | cc00 0000 | 4183 c102 | 4489 88cc | 0000 0041 
  0x000001f435dd5984: 81e1 feff | 1f00 4585 | c90f 845b | 1600 0048 | 3b06 488b 

  0x000001f435dd5998: ;   {metadata(method data for {method} {0x000001f44d3d94e0} 'checkExactType' '(Ljava/lang/invoke/MethodHandle;Ljava/lang/invoke/MethodType;)V' in 'java/lang/invoke/Invokers')}
  0x000001f435dd5998: c649 b9d0 | 602a 8ef4 | 0100 008b | 4008 49ba | 0000 004d | f401 0000 | 4903 c249 | 3b81 2001 
  0x000001f435dd59b8: 0000 750d | 4983 8128 | 0100 0001 | e960 0000 | 0049 3b81 | 3001 0000 | 750d 4983 | 8138 0100 
  0x000001f435dd59d8: 0001 e94a | 0000 0049 | 83b9 2001 | 0000 0075 | 1749 8981 | 2001 0000 | 49c7 8128 | 0100 0001 
  0x000001f435dd59f8: 0000 00e9 | 2900 0000 | 4983 b930 | 0100 0000 | 7517 4989 | 8130 0100 | 0049 c781 | 3801 0000 
  0x000001f435dd5a18: 0100 0000 | e908 0000 | 0049 8381 | 1001 0000 | 018b 4610 | 48c1 e003 

  0x000001f435dd5a30: ;   {metadata(method data for {method} {0x000001f44d3d94e0} 'checkExactType' '(Ljava/lang/invoke/MethodHandle;Ljava/lang/invoke/MethodType;)V' in 'java/lang/invoke/Invokers')}
  0x000001f435dd5a30: 483b c148 | b9d0 602a | 8ef4 0100 | 0049 c7c1 | 5801 0000 | 7507 49c7 | c148 0100 | 004e 8b1c 
  0x000001f435dd5a50: 094d 8d5b | 014e 891c | 090f 8590 

  0x000001f435dd5a5c: ;   {metadata(method data for {method} {0x000001f48e455ab8} 'invokeExact_MT' '(Ljava/lang/Object;Ljava/lang/Object;Ljava/lang/Object;Ljava/lang/Object;Ljava/lang/Object;)Ljava/lang/Object;' in 'java/lang/invoke/LambdaForm$MH+0x000001f44e01cc00')}
  0x000001f435dd5a5c: 0d00 0048 | b818 5d45 | 8ef4 0100 | 0048 8d80 | c801 0000 | 8b4e 0849 | ba00 0000 | 4df4 0100 
  0x000001f435dd5a7c: 0049 03ca | 4c8b d148 | 3348 0848 | f7c1 fcff | ffff 742a | f6c1 0275 | 2548 f740 | 08fe ffff 
  0x000001f435dd5a9c: ff74 1749 | 8bca 4833 | 4808 48f7 | c1fc ffff | ff74 0b48 | 8348 0802 | eb04 4889 

  0x000001f435dd5ab8: ;   {metadata(method data for {method} {0x000001f48e455ab8} 'invokeExact_MT' '(Ljava/lang/Object;Ljava/lang/Object;Ljava/lang/Object;Ljava/lang/Object;Ljava/lang/Object;)Ljava/lang/Object;' in 'java/lang/invoke/LambdaForm$MH+0x000001f44e01cc00')}
  0x000001f435dd5ab8: 4808 48b8 | 185d 458e | f401 0000 | 4883 80b8 | 0100 0001 

  0x000001f435dd5acc: ;   {metadata(method data for {method} {0x000001f44d3d93d8} 'checkCustomized' '(Ljava/lang/invoke/MethodHandle;)V' in 'java/lang/invoke/Invokers')}
  0x000001f435dd5acc: 48b8 9062 | 2a8e f401 | 0000 8b88 | cc00 0000 | 83c1 0289 | 88cc 0000 | 0081 e1fe | ff1f 0085 
  0x000001f435dd5aec: c90f 8421 

  0x000001f435dd5af0: ;   {metadata(method data for {method} {0x000001f44d3d93d8} 'checkCustomized' '(Ljava/lang/invoke/MethodHandle;)V' in 'java/lang/invoke/Invokers')}
  0x000001f435dd5af0: 1500 0048 | b890 622a | 8ef4 0100 | 0048 8380 | 1001 0000 

  0x000001f435dd5b04: ;   {metadata(method data for {method} {0x000001f44d095ff0} 'isCompileConstant' '(Ljava/lang/Object;)Z' in 'java/lang/invoke/MethodHandleImpl')}
  0x000001f435dd5b04: 0148 b820 | 662a 8ef4 | 0100 008b | 88cc 0000 | 0083 c102 | 8988 cc00 | 0000 81e1 | feff 1f00 
  0x000001f435dd5b24: 85c9 0f84 | 0915 0000 

  0x000001f435dd5b2c: ;   {metadata(method data for {method} {0x000001f44d3d93d8} 'checkCustomized' '(Ljava/lang/invoke/MethodHandle;)V' in 'java/lang/invoke/Invokers')}
  0x000001f435dd5b2c: 48b8 9062 | 2a8e f401 | 0000 ff80 | 2001 0000 | 8b46 1448 | c1e0 038b | 401c 48c1 | e003 4885 
  0x000001f435dd5b4c: ;   {metadata(method data for {method} {0x000001f44d3d93d8} 'checkCustomized' '(Ljava/lang/invoke/MethodHandle;)V' in 'java/lang/invoke/Invokers')}
  0x000001f435dd5b4c: c048 b890 | 622a 8ef4 | 0100 0048 | c7c1 4001 | 0000 7507 | 48c7 c150 | 0100 004c | 8b0c 084d 
  0x000001f435dd5b6c: 8d49 014c | 890c 080f | 8523 0000 

  0x000001f435dd5b78: ;   {metadata(method data for {method} {0x000001f44d3d93d8} 'checkCustomized' '(Ljava/lang/invoke/MethodHandle;)V' in 'java/lang/invoke/Invokers')}
  0x000001f435dd5b78: 0048 b890 | 622a 8ef4 | 0100 0048 | 8380 6001 | 0000 0148 

  0x000001f435dd5b8c: ;   {static_call}
  0x000001f435dd5b8c: 8bd6 90e8 

  0x000001f435dd5b90: ; ImmutableOopMap {[176]=Oop [192]=Oop [232]=Oop [240]=Oop [248]=Oop }
                      ;*invokestatic maybeCustomize {reexecute=0 rethrow=0 return_oop=0}
                      ; - java.lang.invoke.Invokers::checkCustomized@19
                      ; - java.lang.invoke.LambdaForm$MH/0x000001f44e01cc00::invokeExact_MT@15
                      ; - jdk.internal.reflect.DirectMethodHandleAccessor::invokeImpl@72
                      ; - jdk.internal.reflect.DirectMethodHandleAccessor::invoke@23
  0x000001f435dd5b90: 2cf2 4401 

  0x000001f435dd5b94: ;   {other}
  0x000001f435dd5b94: 0f1f 8400 | 8415 0005 | 488b bc24 | e800 0000 | 4c8b 8424 | c000 0000 

  0x000001f435dd5bac: ;   {metadata(method data for {method} {0x000001f48e455ab8} 'invokeExact_MT' '(Ljava/lang/Object;Ljava/lang/Object;Ljava/lang/Object;Ljava/lang/Object;Ljava/lang/Object;)Ljava/lang/Object;' in 'java/lang/invoke/LambdaForm$MH+0x000001f44e01cc00')}
  0x000001f435dd5bac: 49b9 185d | 458e f401 | 0000 4d8d | 8918 0200 | 004d 85c0 | 750f 41f6 | 4108 0175 | 53f0 4983 
  0x000001f435dd5bcc: 4908 01eb | 4b41 8b50 | 0849 ba00 | 0000 4df4 | 0100 0049 | 03d2 4c8b | d249 3351 | 0848 f7c2 
  0x000001f435dd5bec: fcff ffff | 742a f6c2 | 0275 2549 | f741 08fe | ffff ff74 | 1749 8bd2 | 4933 5108 | 48f7 c2fc 
  0x000001f435dd5c0c: ffff ff74 | 0b49 8349 | 0802 eb04 | 4989 5108 | 4885 ff75 | 0f41 f641 | 1801 7552 | f049 8349 
  0x000001f435dd5c2c: 1801 eb4a | 8b57 0849 | ba00 0000 | 4df4 0100 | 0049 03d2 | 4c8b d249 | 3351 1848 | f7c2 fcff 
  0x000001f435dd5c4c: ffff 742a | f6c2 0275 | 2549 f741 | 18fe ffff | ff74 1749 | 8bd2 4933 | 5118 48f7 | c2fc ffff 
  0x000001f435dd5c6c: ff74 0b49 | 8349 1802 | eb04 4989 | 5118 488b | b424 f000 

  0x000001f435dd5c80: ;   {metadata(method data for {method} {0x000001f48e455ab8} 'invokeExact_MT' '(Ljava/lang/Object;Ljava/lang/Object;Ljava/lang/Object;Ljava/lang/Object;Ljava/lang/Object;)Ljava/lang/Object;' in 'java/lang/invoke/LambdaForm$MH+0x000001f44e01cc00')}
  0x000001f435dd5c80: 0000 49b9 | 185d 458e | f401 0000 | 4983 81e0 | 0100 0001 | 4c8b cf48 | 8bbc 24f8 | 0000 0048 
  0x000001f435dd5ca0: 8b94 24f0 

  0x000001f435dd5ca4: ;   {optimized virtual_call}
  0x000001f435dd5ca4: 0000 00e8 

  0x000001f435dd5ca8: ; ImmutableOopMap {[176]=Oop }
                      ;*invokevirtual invokeBasic {reexecute=0 rethrow=0 return_oop=0}
                      ; - java.lang.invoke.LambdaForm$MH/0x000001f44e01cc00::invokeExact_MT@22
                      ; - jdk.internal.reflect.DirectMethodHandleAccessor::invokeImpl@72
                      ; - jdk.internal.reflect.DirectMethodHandleAccessor::invoke@23
  0x000001f435dd5ca8: 54eb 8d07 

  0x000001f435dd5cac: ;   {other}
  0x000001f435dd5cac: 0f1f 8400 | 9c16 0006 

  0x000001f435dd5cb4: ;   {metadata(method data for {method} {0x000001f48e455ab8} 'invokeExact_MT' '(Ljava/lang/Object;Ljava/lang/Object;Ljava/lang/Object;Ljava/lang/Object;Ljava/lang/Object;)Ljava/lang/Object;' in 'java/lang/invoke/LambdaForm$MH+0x000001f44e01cc00')}
  0x000001f435dd5cb4: 48ba 185d | 458e f401 | 0000 488d | 9238 0200 | 0048 85c0 | 750c f602 | 0175 4df0 | 4883 0a01 
  0x000001f435dd5cd4: eb46 8b70 | 0849 ba00 | 0000 4df4 | 0100 0049 | 03f2 4c8b | d648 3332 | 48f7 c6fc | ffff ff74 
  0x000001f435dd5cf4: 2740 f6c6 | 0275 2148 | f702 feff | ffff 7415 | 498b f248 | 3332 48f7 | c6fc ffff | ff74 0948 
  0x000001f435dd5d14: 830a 02eb | 0348 8932 

  0x000001f435dd5d1c: ;   {metadata(method data for {method} {0x000001f44d3c46e0} 'invokeImpl' '(Ljava/lang/Object;[Ljava/lang/Object;)Ljava/lang/Object;' in 'jdk/internal/reflect/DirectMethodHandleAccessor')}
  0x000001f435dd5d1c: 48ba a8d6 | 368e f401 | 0000 488d | 92b8 0200 | 0048 85c0 | 750c f602 | 0175 4df0 | 4883 0a01 
  0x000001f435dd5d3c: eb46 8b70 | 0849 ba00 | 0000 4df4 | 0100 0049 | 03f2 4c8b | d648 3332 | 48f7 c6fc | ffff ff74 
  0x000001f435dd5d5c: 2740 f6c6 | 0275 2148 | f702 feff | ffff 7415 | 498b f248 | 3332 48f7 | c6fc ffff | ff74 0948 
  0x000001f435dd5d7c: 830a 02eb | 0348 8932 

  0x000001f435dd5d84: ;   {metadata(method data for {method} {0x000001f44d3c46e0} 'invokeImpl' '(Ljava/lang/Object;[Ljava/lang/Object;)Ljava/lang/Object;' in 'jdk/internal/reflect/DirectMethodHandleAccessor')}
  0x000001f435dd5d84: 48ba a8d6 | 368e f401 | 0000 ff82 | c802 0000 | 4881 c460 | 0100 005d 

  0x000001f435dd5d9c: ;   {poll_return}
  0x000001f435dd5d9c: 493b a748 | 0400 000f | 87b2 1200 | 00c3 4c8b | 8c24 b800 | 0000 4c8b | 8424 c000 | 0000 8b72 
  0x000001f435dd5dbc: 1848 c1e6 | 0348 89b4 | 2408 0100 | 0041 8379 | 0c00 0f86 | a712 0000 | 418b 7910 | 48c1 e703 
  0x000001f435dd5ddc: 4889 bc24 | 0001 0000 

  0x000001f435dd5de4: ;   {metadata(method data for {method} {0x000001f44d3c46e0} 'invokeImpl' '(Ljava/lang/Object;[Ljava/lang/Object;)Ljava/lang/Object;' in 'jdk/internal/reflect/DirectMethodHandleAccessor')}
  0x000001f435dd5de4: 48bb a8d6 | 368e f401 | 0000 488d | 9b18 0200 | 004d 85c0 | 750e f643 | 0801 7550 | f048 834b 
  0x000001f435dd5e04: 0801 eb48 | 418b 4008 | 49ba 0000 | 004d f401 | 0000 4903 | c24c 8bd0 | 4833 4308 | 48a9 fcff 
  0x000001f435dd5e24: ffff 7428 | a802 7524 | 48f7 4308 | feff ffff | 7416 498b | c248 3343 | 0848 a9fc | ffff ff74 
  0x000001f435dd5e44: 0b48 834b | 0802 eb04 | 4889 4308 

  0x000001f435dd5e50: ;   {metadata(method data for {method} {0x000001f44d0b0158} 'invokeExact_MT' '(Ljava/lang/Object;Ljava/lang/Object;Ljava/lang/Object;Ljava/lang/Object;)Ljava/lang/Object;' in 'java/lang/invoke/Invokers$Holder')}
  0x000001f435dd5e50: 48bb 481e | 328e f401 | 0000 488d | 9bb8 0200 | 0048 85f6 | 750c f603 | 0175 49f0 | 4883 0b01 
  0x000001f435dd5e70: eb42 8b46 | 0849 ba00 | 0000 4df4 | 0100 0049 | 03c2 4c8b | d048 3303 | 48a9 fcff | ffff 7424 
  0x000001f435dd5e90: a802 7520 | 48f7 03fe | ffff ff74 | 1449 8bc2 | 4833 0348 | a9fc ffff | ff74 0948 | 830b 02eb 
  0x000001f435dd5eb0: 0348 8903 | 4d85 c075 | 0ef6 4310 | 0175 50f0 | 4883 4b10 | 01eb 4841 | 8b40 0849 | ba00 0000 
  0x000001f435dd5ed0: 4df4 0100 | 0049 03c2 | 4c8b d048 | 3343 1048 | a9fc ffff | ff74 28a8 | 0275 2448 | f743 10fe 
  0x000001f435dd5ef0: ffff ff74 | 1649 8bc2 | 4833 4310 | 48a9 fcff | ffff 740b | 4883 4b10 | 02eb 0448 

  0x000001f435dd5f0c: ;   {metadata(method data for {method} {0x000001f44d3c46e0} 'invokeImpl' '(Ljava/lang/Object;[Ljava/lang/Object;)Ljava/lang/Object;' in 'jdk/internal/reflect/DirectMethodHandleAccessor')}
  0x000001f435dd5f0c: 8943 1048 | bba8 d636 | 8ef4 0100 | 0048 8383 | e001 0000 

  0x000001f435dd5f20: ;   {metadata(method data for {method} {0x000001f44d0b0158} 'invokeExact_MT' '(Ljava/lang/Object;Ljava/lang/Object;Ljava/lang/Object;Ljava/lang/Object;)Ljava/lang/Object;' in 'java/lang/invoke/Invokers$Holder')}
  0x000001f435dd5f20: 0148 bb48 | 1e32 8ef4 | 0100 008b | 83cc 0000 | 0083 c002 | 8983 cc00 | 0000 25fe | ff1f 0085 
  0x000001f435dd5f40: c00f 8446 

  0x000001f435dd5f44: ;   {metadata(method data for {method} {0x000001f44d0b0158} 'invokeExact_MT' '(Ljava/lang/Object;Ljava/lang/Object;Ljava/lang/Object;Ljava/lang/Object;)Ljava/lang/Object;' in 'java/lang/invoke/Invokers$Holder')}
  0x000001f435dd5f44: 1100 0048 | bb48 1e32 | 8ef4 0100 | 0048 8d9b | 9001 0000 | 4885 f675 | 0ef6 4308 | 0175 4ff0 
  0x000001f435dd5f64: 4883 4b08 | 01eb 478b | 4608 49ba | 0000 004d | f401 0000 | 4903 c24c | 8bd0 4833 | 4308 48a9 
  0x000001f435dd5f84: fcff ffff | 7428 a802 | 7524 48f7 | 4308 feff | ffff 7416 | 498b c248 | 3343 0848 | a9fc ffff 
  0x000001f435dd5fa4: ff74 0b48 | 834b 0802 | eb04 4889 

  0x000001f435dd5fb0: ;   {oop(a 'java/lang/invoke/MethodType'{0x0000000740265760} = (Ljava/lang/Object;Ljava/lang/Object;)Ljava/lang/Object;)}
  0x000001f435dd5fb0: 4308 48b8 | 6057 2640 | 0700 0000 | 4885 c075 | 0cf6 4318 | 0175 06f0 | 4883 4b18 

  0x000001f435dd5fcc: ;   {metadata(method data for {method} {0x000001f44d0b0158} 'invokeExact_MT' '(Ljava/lang/Object;Ljava/lang/Object;Ljava/lang/Object;Ljava/lang/Object;)Ljava/lang/Object;' in 'java/lang/invoke/Invokers$Holder')}
  0x000001f435dd5fcc: 0148 bb48 | 1e32 8ef4 | 0100 0048 | 8383 8001 

  0x000001f435dd5fdc: ;   {metadata(method data for {method} {0x000001f44d3d94e0} 'checkExactType' '(Ljava/lang/invoke/MethodHandle;Ljava/lang/invoke/MethodType;)V' in 'java/lang/invoke/Invokers')}
  0x000001f435dd5fdc: 0000 0148 | bbd0 602a | 8ef4 0100 | 008b 8bcc | 0000 0083 | c102 898b | cc00 0000 | 81e1 feff 
  0x000001f435dd5ffc: 1f00 85c9 | 0f84 a810 | 0000 483b | 0648 8bde 

  0x000001f435dd600c: ;   {metadata(method data for {method} {0x000001f44d3d94e0} 'checkExactType' '(Ljava/lang/invoke/MethodHandle;Ljava/lang/invoke/MethodType;)V' in 'java/lang/invoke/Invokers')}
  0x000001f435dd600c: 48b9 d060 | 2a8e f401 | 0000 8b5b | 0849 ba00 | 0000 4df4 | 0100 0049 | 03da 483b | 9920 0100 
  0x000001f435dd602c: 0075 0d48 | 8381 2801 | 0000 01e9 | 6000 0000 | 483b 9930 | 0100 0075 | 0d48 8381 | 3801 0000 
  0x000001f435dd604c: 01e9 4a00 | 0000 4883 | b920 0100 | 0000 7517 | 4889 9920 | 0100 0048 | c781 2801 | 0000 0100 
  0x000001f435dd606c: 0000 e929 | 0000 0048 | 83b9 3001 | 0000 0075 | 1748 8999 | 3001 0000 | 48c7 8138 | 0100 0001 
  0x000001f435dd608c: 0000 00e9 | 0800 0000 | 4883 8110 | 0100 0001 | 8b5e 1048 | c1e3 0348 

  0x000001f435dd60a4: ;   {metadata(method data for {method} {0x000001f44d3d94e0} 'checkExactType' '(Ljava/lang/invoke/MethodHandle;Ljava/lang/invoke/MethodType;)V' in 'java/lang/invoke/Invokers')}
  0x000001f435dd60a4: 3bd8 48b8 | d060 2a8e | f401 0000 | 48c7 c158 | 0100 0075 | 0748 c7c1 | 4801 0000 | 4c8b 0c08 
  0x000001f435dd60c4: 4d8d 4901 | 4c89 0c08 | 0f85 dd06 

  0x000001f435dd60d0: ;   {metadata(method data for {method} {0x000001f44d0b0158} 'invokeExact_MT' '(Ljava/lang/Object;Ljava/lang/Object;Ljava/lang/Object;Ljava/lang/Object;)Ljava/lang/Object;' in 'java/lang/invoke/Invokers$Holder')}
  0x000001f435dd60d0: 0000 48bb | 481e 328e | f401 0000 | 488d 9bc8 | 0100 008b | 4608 49ba | 0000 004d | f401 0000 
  0x000001f435dd60f0: 4903 c24c | 8bd0 4833 | 4308 48a9 | fcff ffff | 7428 a802 | 7524 48f7 | 4308 feff | ffff 7416 
  0x000001f435dd6110: 498b c248 | 3343 0848 | a9fc ffff | ff74 0b48 | 834b 0802 | eb04 4889 

  0x000001f435dd6128: ;   {metadata(method data for {method} {0x000001f44d0b0158} 'invokeExact_MT' '(Ljava/lang/Object;Ljava/lang/Object;Ljava/lang/Object;Ljava/lang/Object;)Ljava/lang/Object;' in 'java/lang/invoke/Invokers$Holder')}
  0x000001f435dd6128: 4308 48bb | 481e 328e | f401 0000 | 4883 83b8 | 0100 0001 

  0x000001f435dd613c: ;   {metadata(method data for {method} {0x000001f44d3d93d8} 'checkCustomized' '(Ljava/lang/invoke/MethodHandle;)V' in 'java/lang/invoke/Invokers')}
  0x000001f435dd613c: 48bb 9062 | 2a8e f401 | 0000 8b83 | cc00 0000 | 83c0 0289 | 83cc 0000 | 0025 feff | 1f00 85c0 
  0x000001f435dd615c: 0f84 720f 

  0x000001f435dd6160: ;   {metadata(method data for {method} {0x000001f44d3d93d8} 'checkCustomized' '(Ljava/lang/invoke/MethodHandle;)V' in 'java/lang/invoke/Invokers')}
  0x000001f435dd6160: 0000 48bb | 9062 2a8e | f401 0000 | 4883 8310 | 0100 0001 

  0x000001f435dd6174: ;   {metadata(method data for {method} {0x000001f44d095ff0} 'isCompileConstant' '(Ljava/lang/Object;)Z' in 'java/lang/invoke/MethodHandleImpl')}
  0x000001f435dd6174: 48bb 2066 | 2a8e f401 | 0000 8b83 | cc00 0000 | 83c0 0289 | 83cc 0000 | 0025 feff | 1f00 85c0 
  0x000001f435dd6194: 0f84 5b0f 

  0x000001f435dd6198: ;   {metadata(method data for {method} {0x000001f44d3d93d8} 'checkCustomized' '(Ljava/lang/invoke/MethodHandle;)V' in 'java/lang/invoke/Invokers')}
  0x000001f435dd6198: 0000 48bb | 9062 2a8e | f401 0000 | ff83 2001 | 0000 8b5e | 1448 c1e3 | 038b 5b1c | 48c1 e303 
  0x000001f435dd61b8: ;   {metadata(method data for {method} {0x000001f44d3d93d8} 'checkCustomized' '(Ljava/lang/invoke/MethodHandle;)V' in 'java/lang/invoke/Invokers')}
  0x000001f435dd61b8: 4885 db48 | bb90 622a | 8ef4 0100 | 0048 c7c0 | 4001 0000 | 7507 48c7 | c050 0100 | 0048 8b0c 
  0x000001f435dd61d8: 0348 8d49 | 0148 890c | 030f 8525 

  0x000001f435dd61e4: ;   {metadata(method data for {method} {0x000001f44d3d93d8} 'checkCustomized' '(Ljava/lang/invoke/MethodHandle;)V' in 'java/lang/invoke/Invokers')}
  0x000001f435dd61e4: 0000 0048 | bb90 622a | 8ef4 0100 | 0048 8383 | 6001 0000 | 0148 8bd6 

  0x000001f435dd61fc: ;   {static_call}
  0x000001f435dd61fc: 6666 90e8 

  0x000001f435dd6200: ; ImmutableOopMap {[176]=Oop [192]=Oop [256]=Oop [264]=Oop }
                      ;*invokestatic maybeCustomize {reexecute=0 rethrow=0 return_oop=0}
                      ; - java.lang.invoke.Invokers::checkCustomized@19
                      ; - java.lang.invoke.Invokers$Holder::invokeExact_MT@14
                      ; - jdk.internal.reflect.DirectMethodHandleAccessor::invokeImpl@55
                      ; - jdk.internal.reflect.DirectMethodHandleAccessor::invoke@23
  0x000001f435dd6200: bceb 4401 

  0x000001f435dd6204: ;   {other}
  0x000001f435dd6204: 0f1f 8400 | f41b 0007 | 488b bc24 | 0001 0000 | 4c8b 8424 | c000 0000 

  0x000001f435dd621c: ;   {metadata(method data for {method} {0x000001f44d0b0158} 'invokeExact_MT' '(Ljava/lang/Object;Ljava/lang/Object;Ljava/lang/Object;Ljava/lang/Object;)Ljava/lang/Object;' in 'java/lang/invoke/Invokers$Holder')}
  0x000001f435dd621c: 49b9 481e | 328e f401 | 0000 4d8d | 8918 0200 | 004d 85c0 | 750f 41f6 | 4108 0175 | 53f0 4983 
  0x000001f435dd623c: 4908 01eb | 4b41 8b50 | 0849 ba00 | 0000 4df4 | 0100 0049 | 03d2 4c8b | d249 3351 | 0848 f7c2 
  0x000001f435dd625c: fcff ffff | 742a f6c2 | 0275 2549 | f741 08fe | ffff ff74 | 1749 8bd2 | 4933 5108 | 48f7 c2fc 
  0x000001f435dd627c: ffff ff74 | 0b49 8349 | 0802 eb04 | 4989 5108 | 4885 ff75 | 0f41 f641 | 1801 7552 | f049 8349 
  0x000001f435dd629c: 1801 eb4a | 8b57 0849 | ba00 0000 | 4df4 0100 | 0049 03d2 | 4c8b d249 | 3351 1848 | f7c2 fcff 
  0x000001f435dd62bc: ffff 742a | f6c2 0275 | 2549 f741 | 18fe ffff | ff74 1749 | 8bd2 4933 | 5118 48f7 | c2fc ffff 
  0x000001f435dd62dc: ff74 0b49 | 8349 1802 | eb04 4989 | 5118 488b | b424 0801 

  0x000001f435dd62f0: ;   {metadata(method data for {method} {0x000001f44d0b0158} 'invokeExact_MT' '(Ljava/lang/Object;Ljava/lang/Object;Ljava/lang/Object;Ljava/lang/Object;)Ljava/lang/Object;' in 'java/lang/invoke/Invokers$Holder')}
  0x000001f435dd62f0: 0000 49b9 | 481e 328e | f401 0000 | 4983 81e0 | 0100 0001 | 4c8b cf48 | 8b94 2408 

  0x000001f435dd630c: ;   {optimized virtual_call}
  0x000001f435dd630c: 0100 00e8 

  0x000001f435dd6310: ; ImmutableOopMap {[176]=Oop }
                      ;*invokevirtual invokeBasic {reexecute=0 rethrow=0 return_oop=0}
                      ; - java.lang.invoke.Invokers$Holder::invokeExact_MT@20
                      ; - jdk.internal.reflect.DirectMethodHandleAccessor::invokeImpl@55
                      ; - jdk.internal.reflect.DirectMethodHandleAccessor::invoke@23
  0x000001f435dd6310: ec91 8e07 

  0x000001f435dd6314: ;   {other}
  0x000001f435dd6314: 0f1f 8400 | 041d 0008 

  0x000001f435dd631c: ;   {metadata(method data for {method} {0x000001f44d0b0158} 'invokeExact_MT' '(Ljava/lang/Object;Ljava/lang/Object;Ljava/lang/Object;Ljava/lang/Object;)Ljava/lang/Object;' in 'java/lang/invoke/Invokers$Holder')}
  0x000001f435dd631c: 48ba 481e | 328e f401 | 0000 488d | 9238 0200 | 0048 85c0 | 750c f602 | 0175 4df0 | 4883 0a01 
  0x000001f435dd633c: eb46 8b70 | 0849 ba00 | 0000 4df4 | 0100 0049 | 03f2 4c8b | d648 3332 | 48f7 c6fc | ffff ff74 
  0x000001f435dd635c: 2740 f6c6 | 0275 2148 | f702 feff | ffff 7415 | 498b f248 | 3332 48f7 | c6fc ffff | ff74 0948 
  0x000001f435dd637c: 830a 02eb | 0348 8932 

  0x000001f435dd6384: ;   {metadata(method data for {method} {0x000001f44d3c46e0} 'invokeImpl' '(Ljava/lang/Object;[Ljava/lang/Object;)Ljava/lang/Object;' in 'jdk/internal/reflect/DirectMethodHandleAccessor')}
  0x000001f435dd6384: 48ba a8d6 | 368e f401 | 0000 488d | 9238 0200 | 0048 85c0 | 750c f602 | 0175 4df0 | 4883 0a01 
  0x000001f435dd63a4: eb46 8b70 | 0849 ba00 | 0000 4df4 | 0100 0049 | 03f2 4c8b | d648 3332 | 48f7 c6fc | ffff ff74 
  0x000001f435dd63c4: 2740 f6c6 | 0275 2148 | f702 feff | ffff 7415 | 498b f248 | 3332 48f7 | c6fc ffff | ff74 0948 
  0x000001f435dd63e4: 830a 02eb | 0348 8932 

  0x000001f435dd63ec: ;   {metadata(method data for {method} {0x000001f44d3c46e0} 'invokeImpl' '(Ljava/lang/Object;[Ljava/lang/Object;)Ljava/lang/Object;' in 'jdk/internal/reflect/DirectMethodHandleAccessor')}
  0x000001f435dd63ec: 48ba a8d6 | 368e f401 | 0000 ff82 | 4802 0000 | 4881 c460 | 0100 005d 

  0x000001f435dd6404: ;   {poll_return}
  0x000001f435dd6404: 493b a748 | 0400 000f | 870a 0d00 | 00c3 4c8b | 8424 c000 | 0000 8b72 | 1848 c1e6 | 0348 89b4 
  0x000001f435dd6424: 2410 0100 

  0x000001f435dd6428: ;   {metadata(method data for {method} {0x000001f44d3c46e0} 'invokeImpl' '(Ljava/lang/Object;[Ljava/lang/Object;)Ljava/lang/Object;' in 'jdk/internal/reflect/DirectMethodHandleAccessor')}
  0x000001f435dd6428: 0048 bfa8 | d636 8ef4 | 0100 0048 | 8dbf a801 | 0000 4d85 | c075 0cf6 | 4708 0175 | 06f0 4883 
  0x000001f435dd6448: ;   {metadata(method data for {method} {0x000001f44d0b0208} 'invokeExact_MT' '(Ljava/lang/Object;Ljava/lang/Object;Ljava/lang/Object;)Ljava/lang/Object;' in 'java/lang/invoke/Invokers$Holder')}
  0x000001f435dd6448: 4f08 0148 | bf90 1b32 | 8ef4 0100 | 0048 8dbf | a002 0000 | 4885 f675 | 0af6 0701 | 7505 f048 
  0x000001f435dd6468: ;   {metadata(method data for {method} {0x000001f44d3c46e0} 'invokeImpl' '(Ljava/lang/Object;[Ljava/lang/Object;)Ljava/lang/Object;' in 'jdk/internal/reflect/DirectMethodHandleAccessor')}
  0x000001f435dd6468: 830f 0148 | bfa8 d636 | 8ef4 0100 | 0048 8387 | 7001 0000 

  0x000001f435dd647c: ;   {metadata(method data for {method} {0x000001f44d0b0208} 'invokeExact_MT' '(Ljava/lang/Object;Ljava/lang/Object;Ljava/lang/Object;)Ljava/lang/Object;' in 'java/lang/invoke/Invokers$Holder')}
  0x000001f435dd647c: 0148 bf90 | 1b32 8ef4 | 0100 008b | 9fcc 0000 | 0083 c302 | 899f cc00 | 0000 81e3 | feff 1f00 
  0x000001f435dd649c: 85db 0f84 | 8d0c 0000 

  0x000001f435dd64a4: ;   {metadata(method data for {method} {0x000001f44d0b0208} 'invokeExact_MT' '(Ljava/lang/Object;Ljava/lang/Object;Ljava/lang/Object;)Ljava/lang/Object;' in 'java/lang/invoke/Invokers$Holder')}
  0x000001f435dd64a4: 48bf 901b | 328e f401 | 0000 488d | bf90 0100 | 0048 85f6 | 750c f647 | 0801 7506 | f048 834f 
  0x000001f435dd64c4: ;   {oop(a 'java/lang/invoke/MethodType'{0x0000000740265648} = (Ljava/lang/Object;)Ljava/lang/Object;)}
  0x000001f435dd64c4: 0801 48bb | 4856 2640 | 0700 0000 | 4885 db75 | 0cf6 4718 | 0175 06f0 | 4883 4f18 

  0x000001f435dd64e0: ;   {metadata(method data for {method} {0x000001f44d0b0208} 'invokeExact_MT' '(Ljava/lang/Object;Ljava/lang/Object;Ljava/lang/Object;)Ljava/lang/Object;' in 'java/lang/invoke/Invokers$Holder')}
  0x000001f435dd64e0: 0148 bf90 | 1b32 8ef4 | 0100 0048 | 8387 8001 

  0x000001f435dd64f0: ;   {metadata(method data for {method} {0x000001f44d3d94e0} 'checkExactType' '(Ljava/lang/invoke/MethodHandle;Ljava/lang/invoke/MethodType;)V' in 'java/lang/invoke/Invokers')}
  0x000001f435dd64f0: 0000 0148 | bfd0 602a | 8ef4 0100 | 008b 87cc | 0000 0083 | c002 8987 | cc00 0000 | 25fe ff1f 
  0x000001f435dd6510: 0085 c00f | 8439 0c00 | 0048 3b06 

  0x000001f435dd651c: ;   {metadata(method data for {method} {0x000001f44d3d94e0} 'checkExactType' '(Ljava/lang/invoke/MethodHandle;Ljava/lang/invoke/MethodType;)V' in 'java/lang/invoke/Invokers')}
  0x000001f435dd651c: 488b fe48 | b8d0 602a | 8ef4 0100 | 008b 7f08 | 49ba 0000 | 004d f401 | 0000 4903 | fa48 3bb8 
  0x000001f435dd653c: 2001 0000 | 750d 4883 | 8028 0100 | 0001 e960 | 0000 0048 | 3bb8 3001 | 0000 750d | 4883 8038 
  0x000001f435dd655c: 0100 0001 | e94a 0000 | 0048 83b8 | 2001 0000 | 0075 1748 | 89b8 2001 | 0000 48c7 | 8028 0100 
  0x000001f435dd657c: 0001 0000 | 00e9 2900 | 0000 4883 | b830 0100 | 0000 7517 | 4889 b830 | 0100 0048 | c780 3801 
  0x000001f435dd659c: 0000 0100 | 0000 e908 | 0000 0048 | 8380 1001 | 0000 018b | 7e10 48c1 | e703 483b 

  0x000001f435dd65b8: ;   {metadata(method data for {method} {0x000001f44d3d94e0} 'checkExactType' '(Ljava/lang/invoke/MethodHandle;Ljava/lang/invoke/MethodType;)V' in 'java/lang/invoke/Invokers')}
  0x000001f435dd65b8: fb48 bbd0 | 602a 8ef4 | 0100 0048 | c7c0 5801 | 0000 7507 | 48c7 c048 | 0100 0048 | 8b0c 0348 
  0x000001f435dd65d8: 8d49 0148 | 890c 030f | 8585 0100 

  0x000001f435dd65e4: ;   {metadata(method data for {method} {0x000001f44d0b0208} 'invokeExact_MT' '(Ljava/lang/Object;Ljava/lang/Object;Ljava/lang/Object;)Ljava/lang/Object;' in 'java/lang/invoke/Invokers$Holder')}
  0x000001f435dd65e4: 0048 bf90 | 1b32 8ef4 | 0100 0048 | 8387 b801 

  0x000001f435dd65f4: ;   {metadata(method data for {method} {0x000001f44d3d93d8} 'checkCustomized' '(Ljava/lang/invoke/MethodHandle;)V' in 'java/lang/invoke/Invokers')}
  0x000001f435dd65f4: 0000 0148 | bf90 622a | 8ef4 0100 | 008b 9fcc | 0000 0083 | c302 899f | cc00 0000 | 81e3 feff 
  0x000001f435dd6614: 1f00 85db | 0f84 5a0b 

  0x000001f435dd661c: ;   {metadata(method data for {method} {0x000001f44d3d93d8} 'checkCustomized' '(Ljava/lang/invoke/MethodHandle;)V' in 'java/lang/invoke/Invokers')}
  0x000001f435dd661c: 0000 48bf | 9062 2a8e | f401 0000 | 4883 8710 | 0100 0001 

  0x000001f435dd6630: ;   {metadata(method data for {method} {0x000001f44d095ff0} 'isCompileConstant' '(Ljava/lang/Object;)Z' in 'java/lang/invoke/MethodHandleImpl')}
  0x000001f435dd6630: 48bf 2066 | 2a8e f401 | 0000 8b9f | cc00 0000 | 83c3 0289 | 9fcc 0000 | 0081 e3fe | ff1f 0085 
  0x000001f435dd6650: db0f 8442 

  0x000001f435dd6654: ;   {metadata(method data for {method} {0x000001f44d3d93d8} 'checkCustomized' '(Ljava/lang/invoke/MethodHandle;)V' in 'java/lang/invoke/Invokers')}
  0x000001f435dd6654: 0b00 0048 | bf90 622a | 8ef4 0100 | 00ff 8720 | 0100 008b | 7e14 48c1 | e703 8b7f | 1c48 c1e7 
  0x000001f435dd6674: 0348 85ff 

  0x000001f435dd6678: ;   {metadata(method data for {method} {0x000001f44d3d93d8} 'checkCustomized' '(Ljava/lang/invoke/MethodHandle;)V' in 'java/lang/invoke/Invokers')}
  0x000001f435dd6678: 48bf 9062 | 2a8e f401 | 0000 48c7 | c340 0100 | 0075 0748 | c7c3 5001 | 0000 488b | 041f 488d 
  0x000001f435dd6698: 4001 4889 | 041f 0f85 | 2800 0000 

  0x000001f435dd66a4: ;   {metadata(method data for {method} {0x000001f44d3d93d8} 'checkCustomized' '(Ljava/lang/invoke/MethodHandle;)V' in 'java/lang/invoke/Invokers')}
  0x000001f435dd66a4: 48bf 9062 | 2a8e f401 | 0000 4883 | 8760 0100 | 0001 488b | d666 0f1f 

  0x000001f435dd66bc: ;   {static_call}
  0x000001f435dd66bc: 4400 00e8 

  0x000001f435dd66c0: ; ImmutableOopMap {[176]=Oop [192]=Oop [272]=Oop }
                      ;*invokestatic maybeCustomize {reexecute=0 rethrow=0 return_oop=0}
                      ; - java.lang.invoke.Invokers::checkCustomized@19
                      ; - java.lang.invoke.Invokers$Holder::invokeExact_MT@14
                      ; - jdk.internal.reflect.DirectMethodHandleAccessor::invokeImpl@41
                      ; - jdk.internal.reflect.DirectMethodHandleAccessor::invoke@23
  0x000001f435dd66c0: 5c55 e807 

  0x000001f435dd66c4: ;   {other}
  0x000001f435dd66c4: 0f1f 8400 | b420 0009 | 488b b424 | 1001 0000 

  0x000001f435dd66d4: ;   {metadata(method data for {method} {0x000001f44d0b0208} 'invokeExact_MT' '(Ljava/lang/Object;Ljava/lang/Object;Ljava/lang/Object;)Ljava/lang/Object;' in 'java/lang/invoke/Invokers$Holder')}
  0x000001f435dd66d4: 49b8 901b | 328e f401 | 0000 4983 | 80e0 0100 | 0001 4c8b | 8424 c000 | 0000 488b | 9424 1001 
  0x000001f435dd66f4: ;   {optimized virtual_call}
  0x000001f435dd66f4: 0000 90e8 

  0x000001f435dd66f8: ; ImmutableOopMap {[176]=Oop }
                      ;*invokevirtual invokeBasic {reexecute=0 rethrow=0 return_oop=0}
                      ; - java.lang.invoke.Invokers$Holder::invokeExact_MT@19
                      ; - jdk.internal.reflect.DirectMethodHandleAccessor::invokeImpl@41
                      ; - jdk.internal.reflect.DirectMethodHandleAccessor::invoke@23
  0x000001f435dd66f8: 04d5 8c07 

  0x000001f435dd66fc: ;   {other}
  0x000001f435dd66fc: 0f1f 8400 | ec20 000a 

  0x000001f435dd6704: ;   {metadata(method data for {method} {0x000001f44d0b0208} 'invokeExact_MT' '(Ljava/lang/Object;Ljava/lang/Object;Ljava/lang/Object;)Ljava/lang/Object;' in 'java/lang/invoke/Invokers$Holder')}
  0x000001f435dd6704: 48ba 901b | 328e f401 | 0000 488d | 9228 0200 | 0048 85c0 | 750a f602 | 0175 05f0 | 4883 0a01 
  0x000001f435dd6724: ;   {metadata(method data for {method} {0x000001f44d3c46e0} 'invokeImpl' '(Ljava/lang/Object;[Ljava/lang/Object;)Ljava/lang/Object;' in 'jdk/internal/reflect/DirectMethodHandleAccessor')}
  0x000001f435dd6724: 48ba a8d6 | 368e f401 | 0000 488d | 92b8 0100 | 0048 85c0 | 750a f602 | 0175 05f0 | 4883 0a01 
  0x000001f435dd6744: ;   {metadata(method data for {method} {0x000001f44d3c46e0} 'invokeImpl' '(Ljava/lang/Object;[Ljava/lang/Object;)Ljava/lang/Object;' in 'jdk/internal/reflect/DirectMethodHandleAccessor')}
  0x000001f435dd6744: 48ba a8d6 | 368e f401 | 0000 ff82 | c801 0000 | 4881 c460 | 0100 005d 

  0x000001f435dd675c: ;   {poll_return}
  0x000001f435dd675c: 493b a748 | 0400 000f | 8756 0a00 

  0x000001f435dd6768: ;   {metadata(method data for {method} {0x000001f44d3d94e0} 'checkExactType' '(Ljava/lang/invoke/MethodHandle;Ljava/lang/invoke/MethodType;)V' in 'java/lang/invoke/Invokers')}
  0x000001f435dd6768: 00c3 48ba | d060 2a8e | f401 0000 | 4883 8268 | 0100 0001 

  0x000001f435dd677c: ;   {oop(a 'java/lang/invoke/MethodType'{0x0000000740265648} = (Ljava/lang/Object;)Ljava/lang/Object;)}
  0x000001f435dd677c: 49b8 4856 | 2640 0700 | 0000 488b | d766 0f1f 

  0x000001f435dd678c: ;   {static_call}
  0x000001f435dd678c: 4400 00e8 

  0x000001f435dd6790: ; ImmutableOopMap {[176]=Oop [192]=Oop [272]=Oop }
                      ;*invokestatic newWrongMethodTypeException {reexecute=0 rethrow=0 return_oop=0}
                      ; - java.lang.invoke.Invokers::checkExactType@12
                      ; - java.lang.invoke.Invokers$Holder::invokeExact_MT@10
                      ; - jdk.internal.reflect.DirectMethodHandleAccessor::invokeImpl@41
                      ; - jdk.internal.reflect.DirectMethodHandleAccessor::invoke@23
  0x000001f435dd6790: ec88 1c07 

  0x000001f435dd6794: ;   {other}
  0x000001f435dd6794: 0f1f 8400 | 8421 000b 

  0x000001f435dd679c: ; implicit exception: dispatches to 0x000001f435dd71d5
                      ; ImmutableOopMap {rax=Oop [176]=Oop [192]=Oop [272]=Oop }
                      ;*athrow {reexecute=1 rethrow=0 return_oop=0}
                      ; - (reexecute) java.lang.invoke.Invokers::checkExactType@15
                      ; - java.lang.invoke.Invokers$Holder::invokeExact_MT@10
                      ; - jdk.internal.reflect.DirectMethodHandleAccessor::invokeImpl@41
                      ; - jdk.internal.reflect.DirectMethodHandleAccessor::invoke@23
                      ;   {section_word}
  0x000001f435dd679c: 483b 0048 | ba9f 67dd | 35f4 0100 

  0x000001f435dd67a8: ;   {runtime_call handle_exception_nofpu Runtime1 stub}
  0x000001f435dd67a8: 00e8 5211 

  0x000001f435dd67ac: ;   {metadata(method data for {method} {0x000001f44d3d94e0} 'checkExactType' '(Ljava/lang/invoke/MethodHandle;Ljava/lang/invoke/MethodType;)V' in 'java/lang/invoke/Invokers')}
  0x000001f435dd67ac: 2907 9048 | bad0 602a | 8ef4 0100 | 0048 8382 | 6801 0000 

  0x000001f435dd67c0: ;   {oop(a 'java/lang/invoke/MethodType'{0x0000000740265760} = (Ljava/lang/Object;Ljava/lang/Object;)Ljava/lang/Object;)}
  0x000001f435dd67c0: 0149 b860 | 5726 4007 | 0000 0048 

  0x000001f435dd67cc: ;   {static_call}
  0x000001f435dd67cc: 8bd3 90e8 

  0x000001f435dd67d0: ; ImmutableOopMap {[176]=Oop [192]=Oop [256]=Oop [264]=Oop }
                      ;*invokestatic newWrongMethodTypeException {reexecute=0 rethrow=0 return_oop=0}
                      ; - java.lang.invoke.Invokers::checkExactType@12
                      ; - java.lang.invoke.Invokers$Holder::invokeExact_MT@10
                      ; - jdk.internal.reflect.DirectMethodHandleAccessor::invokeImpl@55
                      ; - jdk.internal.reflect.DirectMethodHandleAccessor::invoke@23
  0x000001f435dd67d0: ac88 1c07 

  0x000001f435dd67d4: ;   {other}
  0x000001f435dd67d4: 0f1f 8400 | c421 000d 

  0x000001f435dd67dc: ; implicit exception: dispatches to 0x000001f435dd71da
                      ; ImmutableOopMap {rax=Oop [176]=Oop [192]=Oop [256]=Oop [264]=Oop }
                      ;*athrow {reexecute=1 rethrow=0 return_oop=0}
                      ; - (reexecute) java.lang.invoke.Invokers::checkExactType@15
                      ; - java.lang.invoke.Invokers$Holder::invokeExact_MT@10
                      ; - jdk.internal.reflect.DirectMethodHandleAccessor::invokeImpl@55
                      ; - jdk.internal.reflect.DirectMethodHandleAccessor::invoke@23
                      ;   {section_word}
  0x000001f435dd67dc: 483b 0048 | badf 67dd | 35f4 0100 

  0x000001f435dd67e8: ;   {runtime_call handle_exception_nofpu Runtime1 stub}
  0x000001f435dd67e8: 00e8 1211 

  0x000001f435dd67ec: ;   {metadata(method data for {method} {0x000001f44d3d94e0} 'checkExactType' '(Ljava/lang/invoke/MethodHandle;Ljava/lang/invoke/MethodType;)V' in 'java/lang/invoke/Invokers')}
  0x000001f435dd67ec: 2907 9048 | bad0 602a | 8ef4 0100 | 0048 8382 | 6801 0000 

  0x000001f435dd6800: ;   {oop(a 'java/lang/invoke/MethodType'{0x000000074023d678} = (Ljava/lang/Object;Ljava/lang/Object;Ljava/lang/Object;)Ljava/lang/Object;)}
  0x000001f435dd6800: 0149 b878 | d623 4007 | 0000 0048 

  0x000001f435dd680c: ;   {static_call}
  0x000001f435dd680c: 8bd0 90e8 

  0x000001f435dd6810: ; ImmutableOopMap {[176]=Oop [192]=Oop [232]=Oop [240]=Oop [248]=Oop }
                      ;*invokestatic newWrongMethodTypeException {reexecute=0 rethrow=0 return_oop=0}
                      ; - java.lang.invoke.Invokers::checkExactType@12
                      ; - java.lang.invoke.LambdaForm$MH/0x000001f44e01cc00::invokeExact_MT@11
                      ; - jdk.internal.reflect.DirectMethodHandleAccessor::invokeImpl@72
                      ; - jdk.internal.reflect.DirectMethodHandleAccessor::invoke@23
  0x000001f435dd6810: 6c88 1c07 

  0x000001f435dd6814: ;   {other}
  0x000001f435dd6814: 0f1f 8400 | 0422 000f 

  0x000001f435dd681c: ; implicit exception: dispatches to 0x000001f435dd71df
                      ; ImmutableOopMap {rax=Oop [176]=Oop [192]=Oop [232]=Oop [240]=Oop [248]=Oop }
                      ;*athrow {reexecute=1 rethrow=0 return_oop=0}
                      ; - (reexecute) java.lang.invoke.Invokers::checkExactType@15
                      ; - java.lang.invoke.LambdaForm$MH/0x000001f44e01cc00::invokeExact_MT@11
                      ; - jdk.internal.reflect.DirectMethodHandleAccessor::invokeImpl@72
                      ; - jdk.internal.reflect.DirectMethodHandleAccessor::invoke@23
                      ;   {section_word}
  0x000001f435dd681c: 483b 0048 | ba1f 68dd | 35f4 0100 

  0x000001f435dd6828: ;   {runtime_call handle_exception_nofpu Runtime1 stub}
  0x000001f435dd6828: 00e8 d210 

  0x000001f435dd682c: ;   {metadata(method data for {method} {0x000001f44d3d94e0} 'checkExactType' '(Ljava/lang/invoke/MethodHandle;Ljava/lang/invoke/MethodType;)V' in 'java/lang/invoke/Invokers')}
  0x000001f435dd682c: 2907 9048 | bad0 602a | 8ef4 0100 | 0048 8382 | 6801 0000 

  0x000001f435dd6840: ;   {oop(a 'java/lang/invoke/MethodType'{0x000000074023a100} = (Ljava/lang/Object;Ljava/lang/Object;Ljava/lang/Object;Ljava/lang/Object;)Ljava/lang/Object;)}
  0x000001f435dd6840: 0149 b800 | a123 4007 | 0000 0048 

  0x000001f435dd684c: ;   {static_call}
  0x000001f435dd684c: 8bd1 90e8 

  0x000001f435dd6850: ; ImmutableOopMap {[176]=Oop [192]=Oop [200]=Oop [208]=Oop [216]=Oop [224]=Oop }
                      ;*invokestatic newWrongMethodTypeException {reexecute=0 rethrow=0 return_oop=0}
                      ; - java.lang.invoke.Invokers::checkExactType@12
                      ; - java.lang.invoke.LambdaForm$MH/0x000001f44e00f400::invokeExact_MT@11
                      ; - jdk.internal.reflect.DirectMethodHandleAccessor::invokeImpl@92
                      ; - jdk.internal.reflect.DirectMethodHandleAccessor::invoke@23
  0x000001f435dd6850: 2c88 1c07 

  0x000001f435dd6854: ;   {other}
  0x000001f435dd6854: 0f1f 8400 | 4422 0011 

  0x000001f435dd685c: ; implicit exception: dispatches to 0x000001f435dd71e4
                      ; ImmutableOopMap {rax=Oop [176]=Oop [192]=Oop [200]=Oop [208]=Oop [216]=Oop [224]=Oop }
                      ;*athrow {reexecute=1 rethrow=0 return_oop=0}
                      ; - (reexecute) java.lang.invoke.Invokers::checkExactType@15
                      ; - java.lang.invoke.LambdaForm$MH/0x000001f44e00f400::invokeExact_MT@11
                      ; - jdk.internal.reflect.DirectMethodHandleAccessor::invokeImpl@92
                      ; - jdk.internal.reflect.DirectMethodHandleAccessor::invoke@23
                      ;   {section_word}
  0x000001f435dd685c: 483b 0048 | ba5f 68dd | 35f4 0100 

  0x000001f435dd6868: ;   {runtime_call handle_exception_nofpu Runtime1 stub}
  0x000001f435dd6868: 00e8 9210 | 2907 9049 | 8b87 f804 | 0000 4d33 | d24d 8997 | f804 0000 | 4d33 d24d | 8997 0005 
  0x000001f435dd6888: 0000 488b | 9424 b000 

  0x000001f435dd6890: ;   {metadata(method data for {method} {0x000001f44d19def0} 'invoke' '(Ljava/lang/Object;[Ljava/lang/Object;)Ljava/lang/Object;' in 'jdk/internal/reflect/DirectMethodHandleAccessor')}
  0x000001f435dd6890: 0000 49b8 | 70d3 368e | f401 0000 | 4983 8060 | 0200 0001 

  0x000001f435dd68a4: ;   {metadata(method data for {method} {0x000001f44d3c4688} 'isIllegalArgument' '(Ljava/lang/RuntimeException;)Z' in 'jdk/internal/reflect/DirectMethodHandleAccessor')}
  0x000001f435dd68a4: 48ba 80e5 | 368e f401 | 0000 448b | 82cc 0000 | 0041 83c0 | 0244 8982 | cc00 0000 | 4181 e0fe 
  0x000001f435dd68c4: ff1f 0045 | 85c0 0f84 | 1909 0000 

  0x000001f435dd68d0: ;   {oop(a 'java/lang/Class'{0x000000074019a250} = 'jdk/internal/reflect/DirectMethodHandleAccessor')}
  0x000001f435dd68d0: 48ba 50a2 | 1940 0700 | 0000 4c8b | c048 8984 | 2418 0100 

  0x000001f435dd68e4: ;   {static_call}
  0x000001f435dd68e4: 0066 90e8 

  0x000001f435dd68e8: ; ImmutableOopMap {[280]=Oop }
                      ;*invokestatic isIllegalArgument {reexecute=0 rethrow=0 return_oop=0}
                      ; - jdk.internal.reflect.DirectMethodHandleAccessor::isIllegalArgument@3
                      ; - jdk.internal.reflect.DirectMethodHandleAccessor::invoke@58
  0x000001f435dd68e8: 9487 1c07 

  0x000001f435dd68ec: ;   {other}
  0x000001f435dd68ec: 0f1f 8400 | dc22 0013 | 83e0 0185 

  0x000001f435dd68f8: ;   {metadata(method data for {method} {0x000001f44d19def0} 'invoke' '(Ljava/lang/Object;[Ljava/lang/Object;)Ljava/lang/Object;' in 'jdk/internal/reflect/DirectMethodHandleAccessor')}
  0x000001f435dd68f8: c048 b870 | d336 8ef4 | 0100 0048 | c7c2 9802 | 0000 7407 | 48c7 c2a8 | 0200 004c | 8b04 104d 
  0x000001f435dd6918: 8d40 014c | 8904 100f | 84bc 0200 | 00e9 0f02 | 0000 498b | 87f8 0400 | 004d 33d2 | 4d89 97f8 
  0x000001f435dd6938: 0400 004d | 33d2 4d89 | 9700 0500 | 0048 8b94 | 24b0 0000 

  0x000001f435dd694c: ;   {metadata(method data for {method} {0x000001f44d19def0} 'invoke' '(Ljava/lang/Object;[Ljava/lang/Object;)Ljava/lang/Object;' in 'jdk/internal/reflect/DirectMethodHandleAccessor')}
  0x000001f435dd694c: 0049 b870 | d336 8ef4 | 0100 0049 | 8380 e801 

  0x000001f435dd695c: ;   {metadata(method data for {method} {0x000001f44d3c4688} 'isIllegalArgument' '(Ljava/lang/RuntimeException;)Z' in 'jdk/internal/reflect/DirectMethodHandleAccessor')}
  0x000001f435dd695c: 0000 0148 | ba80 e536 | 8ef4 0100 | 0044 8b82 | cc00 0000 | 4183 c002 | 4489 82cc | 0000 0041 
  0x000001f435dd697c: 81e0 feff | 1f00 4585 | c00f 847f 

  0x000001f435dd6988: ;   {oop(a 'java/lang/Class'{0x000000074019a250} = 'jdk/internal/reflect/DirectMethodHandleAccessor')}
  0x000001f435dd6988: 0800 0048 | ba50 a219 | 4007 0000 | 004c 8bc0 | 4889 8424 | 2001 0000 | 0f1f 8000 

  0x000001f435dd69a4: ;   {static_call}
  0x000001f435dd69a4: 0000 00e8 

  0x000001f435dd69a8: ; ImmutableOopMap {[288]=Oop }
                      ;*invokestatic isIllegalArgument {reexecute=0 rethrow=0 return_oop=0}
                      ; - jdk.internal.reflect.DirectMethodHandleAccessor::isIllegalArgument@3
                      ; - jdk.internal.reflect.DirectMethodHandleAccessor::invoke@30
  0x000001f435dd69a8: d486 1c07 

  0x000001f435dd69ac: ;   {other}
  0x000001f435dd69ac: 0f1f 8400 | 9c23 0014 | 83e0 0185 

  0x000001f435dd69b8: ;   {metadata(method data for {method} {0x000001f44d19def0} 'invoke' '(Ljava/lang/Object;[Ljava/lang/Object;)Ljava/lang/Object;' in 'jdk/internal/reflect/DirectMethodHandleAccessor')}
  0x000001f435dd69b8: c048 ba70 | d336 8ef4 | 0100 0048 | c7c6 2002 | 0000 7407 | 48c7 c630 | 0200 0048 | 8b3c 3248 
  0x000001f435dd69d8: 8d7f 0148 | 893c 320f | 84a4 0000 | 0066 6690 

  0x000001f435dd69e8: ;   {no_reloc}
  0x000001f435dd69e8: e94d 0800 | 0000 0000 | 0000 498b | 87b8 0100 | 0048 8d78 | 2849 3bbf | c801 0000 | 0f87 3a08 
  0x000001f435dd6a08: 0000 4989 | bfb8 0100 | 0048 c700 | 0100 0000 | 488b ca49 | ba00 0000 | 4df4 0100 | 0049 2bca 
  0x000001f435dd6a28: 8948 0848 | 33c9 8948 | 0c48 33c9 | 4889 4810 | 4889 4818 | 4889 4820 

  0x000001f435dd6a40: ;   {metadata(method data for {method} {0x000001f44d19def0} 'invoke' '(Ljava/lang/Object;[Ljava/lang/Object;)Ljava/lang/Object;' in 'jdk/internal/reflect/DirectMethodHandleAccessor')}
  0x000001f435dd6a40: 4c8b c048 | ba70 d336 | 8ef4 0100 | 0048 8382 | 4002 0000 

  0x000001f435dd6a54: ;   {oop("argument type mismatch"{0x000000074056f6f8})}
  0x000001f435dd6a54: 0149 b8f8 | f656 4007 | 0000 0048 | 8bd0 4889 | 8424 2801 | 0000 0f1f 

  0x000001f435dd6a6c: ;   {optimized virtual_call}
  0x000001f435dd6a6c: 4400 00e8 

  0x000001f435dd6a70: ; ImmutableOopMap {[296]=Oop }
                      ;*invokespecial <init> {reexecute=0 rethrow=0 return_oop=0}
                      ; - jdk.internal.reflect.DirectMethodHandleAccessor::invoke@42
  0x000001f435dd6a70: 0c80 1c07 

  0x000001f435dd6a74: ;   {other}
  0x000001f435dd6a74: 0f1f 8400 | 6424 0015 | 488b 8424 | 2801 0000 | e9b2 0800 | 004c 8b84 | 2420 0100 | 000f 1f80 
  0x000001f435dd6a94: 0000 0000 

  0x000001f435dd6a98: ;   {no_reloc}
  0x000001f435dd6a98: e9c3 0700 | 0000 0000 | 0000 80ba | 2101 0000 | 040f 85c0 | 0700 0049 | 8b87 b801 | 0000 488d 
  0x000001f435dd6ab8: 7828 493b | bfc8 0100 | 000f 87a8 | 0700 0049 | 89bf b801 | 0000 48c7 | 0001 0000 | 0048 8bca 
  0x000001f435dd6ad8: 49ba 0000 | 004d f401 | 0000 492b | ca89 4808 | 4833 c989 | 480c 4833 | c948 8948 | 1048 8948 
  0x000001f435dd6af8: 1848 8948 | 2048 8bd0 

  0x000001f435dd6b00: ;   {metadata(method data for {method} {0x000001f44d19def0} 'invoke' '(Ljava/lang/Object;[Ljava/lang/Object;)Ljava/lang/Object;' in 'jdk/internal/reflect/DirectMethodHandleAccessor')}
  0x000001f435dd6b00: 48be 70d3 | 368e f401 | 0000 4883 | 8650 0200 | 0001 488b | d048 8984 | 2430 0100 

  0x000001f435dd6b1c: ;   {optimized virtual_call}
  0x000001f435dd6b1c: 0066 90e8 

  0x000001f435dd6b20: ; ImmutableOopMap {[304]=Oop }
                      ;*invokespecial <init> {reexecute=0 rethrow=0 return_oop=0}
                      ; - jdk.internal.reflect.DirectMethodHandleAccessor::invoke@51
  0x000001f435dd6b20: 5c7f 1c07 

  0x000001f435dd6b24: ;   {other}
  0x000001f435dd6b24: 0f1f 8400 | 1425 0016 | 488b 8424 | 3001 0000 | e902 0800 | 000f 1f80 | 0000 0000 

  0x000001f435dd6b40: ;   {no_reloc}
  0x000001f435dd6b40: e946 0700 | 0000 0000 | 0000 498b | 87b8 0100 | 0048 8d78 | 2849 3bbf | c801 0000 | 0f87 3307 
  0x000001f435dd6b60: 0000 4989 | bfb8 0100 | 0048 c700 | 0100 0000 | 488b ca49 | ba00 0000 | 4df4 0100 | 0049 2bca 
  0x000001f435dd6b80: 8948 0848 | 33c9 8948 | 0c48 33c9 | 4889 4810 | 4889 4818 | 4889 4820 

  0x000001f435dd6b98: ;   {metadata(method data for {method} {0x000001f44d19def0} 'invoke' '(Ljava/lang/Object;[Ljava/lang/Object;)Ljava/lang/Object;' in 'jdk/internal/reflect/DirectMethodHandleAccessor')}
  0x000001f435dd6b98: 4c8b c048 | ba70 d336 | 8ef4 0100 | 0048 8382 | b802 0000 | 014c 8b84 | 2418 0100 | 0048 8bd0 
  0x000001f435dd6bb8: 4889 8424 | 3801 0000 | 0f1f 8000 

  0x000001f435dd6bc4: ;   {optimized virtual_call}
  0x000001f435dd6bc4: 0000 00e8 

  0x000001f435dd6bc8: ; ImmutableOopMap {[312]=Oop }
                      ;*invokespecial <init> {reexecute=0 rethrow=0 return_oop=0}
                      ; - jdk.internal.reflect.DirectMethodHandleAccessor::invoke@69
  0x000001f435dd6bc8: b47e 1c07 

  0x000001f435dd6bcc: ;   {other}
  0x000001f435dd6bcc: 0f1f 8400 | bc25 0017 | 488b 8424 | 3801 0000 | e95a 0700 | 004c 8b84 | 2418 0100 | 000f 1f80 
  0x000001f435dd6bec: 0000 0000 

  0x000001f435dd6bf0: ;   {no_reloc}
  0x000001f435dd6bf0: e9bc 0600 | 0000 0000 | 0000 80ba | 2101 0000 | 040f 85b9 | 0600 0049 | 8b87 b801 | 0000 488d 
  0x000001f435dd6c10: 7828 493b | bfc8 0100 | 000f 87a1 | 0600 0049 | 89bf b801 | 0000 48c7 | 0001 0000 | 0048 8bca 
  0x000001f435dd6c30: 49ba 0000 | 004d f401 | 0000 492b | ca89 4808 | 4833 c989 | 480c 4833 | c948 8948 | 1048 8948 
  0x000001f435dd6c50: 1848 8948 | 2048 8bd0 

  0x000001f435dd6c58: ;   {metadata(method data for {method} {0x000001f44d19def0} 'invoke' '(Ljava/lang/Object;[Ljava/lang/Object;)Ljava/lang/Object;' in 'jdk/internal/reflect/DirectMethodHandleAccessor')}
  0x000001f435dd6c58: 48be 70d3 | 368e f401 | 0000 4883 | 86c8 0200 | 0001 488b | d048 8984 | 2440 0100 

  0x000001f435dd6c74: ;   {optimized virtual_call}
  0x000001f435dd6c74: 0066 90e8 

  0x000001f435dd6c78: ; ImmutableOopMap {[320]=Oop }
                      ;*invokespecial <init> {reexecute=0 rethrow=0 return_oop=0}
                      ; - jdk.internal.reflect.DirectMethodHandleAccessor::invoke@78
  0x000001f435dd6c78: 047e 1c07 

  0x000001f435dd6c7c: ;   {other}
  0x000001f435dd6c7c: 0f1f 8400 | 6c26 0018 | 488b 8424 | 4001 0000 | e9aa 0600 | 000f 1f80 | 0000 0000 

  0x000001f435dd6c98: ;   {no_reloc}
  0x000001f435dd6c98: e93f 0600 | 0000 0000 | 0000 498b | 87b8 0100 | 0048 8d78 | 2849 3bbf | c801 0000 | 0f87 2c06 
  0x000001f435dd6cb8: 0000 4989 | bfb8 0100 | 0048 c700 | 0100 0000 | 488b ca49 | ba00 0000 | 4df4 0100 | 0049 2bca 
  0x000001f435dd6cd8: 8948 0848 | 33c9 8948 | 0c48 33c9 | 4889 4810 | 4889 4818 | 4889 4820 

  0x000001f435dd6cf0: ;   {metadata(method data for {method} {0x000001f44d3c4898} 'checkReceiver' '(Ljava/lang/Object;)V' in 'jdk/internal/reflect/DirectMethodHandleAccessor')}
  0x000001f435dd6cf0: 488b d048 | bec0 da36 | 8ef4 0100 | 0048 8386 | a001 0000 

  0x000001f435dd6d04: ;   {oop("object is not an instance of declaring class"{0x0000000757900288})}
  0x000001f435dd6d04: 0149 b888 | 0290 5707 | 0000 0048 | 8bd0 4889 | 8424 4801 | 0000 0f1f 

  0x000001f435dd6d1c: ;   {optimized virtual_call}
  0x000001f435dd6d1c: 4400 00e8 

  0x000001f435dd6d20: ; ImmutableOopMap {[176]=Oop [184]=Oop [192]=Oop [328]=Oop }
                      ;*invokespecial <init> {reexecute=0 rethrow=0 return_oop=0}
                      ; - jdk.internal.reflect.DirectMethodHandleAccessor::checkReceiver@20
                      ; - jdk.internal.reflect.DirectMethodHandleAccessor::invoke@9
  0x000001f435dd6d20: 5c7d 1c07 

  0x000001f435dd6d24: ;   {other}
  0x000001f435dd6d24: 0f1f 8400 | 1427 0019 | 488b 8424 | 4801 0000 | e902 0600 | 0049 8b87 | f804 0000 | 4d33 d24d 
  0x000001f435dd6d44: 8997 f804 | 0000 4d33 | d24d 8997 | 0005 0000 | 4c8b c090 

  0x000001f435dd6d58: ;   {metadata('java/lang/reflect/InvocationTargetException')}
  0x000001f435dd6d58: 48ba d84e | 044e f401 | 0000 80ba | 2101 0000 | 040f 85a2 | 0500 0049 | 8b87 b801 | 0000 488d 
  0x000001f435dd6d78: 7828 493b | bfc8 0100 | 000f 878a | 0500 0049 | 89bf b801 | 0000 48c7 | 0001 0000 | 0048 8bca 
  0x000001f435dd6d98: 49ba 0000 | 004d f401 | 0000 492b | ca89 4808 | 4833 c989 | 480c 4833 | c948 8948 | 1048 8948 
  0x000001f435dd6db8: 1848 8948 | 2048 8bd0 

  0x000001f435dd6dc0: ;   {metadata(method data for {method} {0x000001f44d19def0} 'invoke' '(Ljava/lang/Object;[Ljava/lang/Object;)Ljava/lang/Object;' in 'jdk/internal/reflect/DirectMethodHandleAccessor')}
  0x000001f435dd6dc0: 48be 70d3 | 368e f401 | 0000 4883 | 86d8 0200 | 0001 488b | d048 8984 | 2450 0100 

  0x000001f435dd6ddc: ;   {optimized virtual_call}
  0x000001f435dd6ddc: 0066 90e8 

  0x000001f435dd6de0: ; ImmutableOopMap {[336]=Oop }
                      ;*invokespecial <init> {reexecute=0 rethrow=0 return_oop=0}
                      ; - jdk.internal.reflect.DirectMethodHandleAccessor::invoke@88
  0x000001f435dd6de0: b905 0000 

  0x000001f435dd6de4: ;   {other}
  0x000001f435dd6de4: 0f1f 8400 | d427 001a | 488b 8424 | 5001 0000 | e942 0500 

  0x000001f435dd6df8: ;   {metadata({method} {0x000001f44d19def0} 'invoke' '(Ljava/lang/Object;[Ljava/lang/Object;)Ljava/lang/Object;' in 'jdk/internal/reflect/DirectMethodHandleAccessor')}
  0x000001f435dd6df8: 0049 bae8 | de19 4df4 | 0100 004c | 8954 2408 | 48c7 0424 | ffff ffff 

  0x000001f435dd6e10: ;   {runtime_call counter_overflow Runtime1 stub}
  0x000001f435dd6e10: e8eb 4829 

  0x000001f435dd6e14: ; ImmutableOopMap {rdx=Oop r8=Oop r9=Oop [176]=Oop [184]=Oop [192]=Oop }
                      ;*synchronization entry
                      ; - jdk.internal.reflect.DirectMethodHandleAccessor::invoke@-1
  0x000001f435dd6e14: 07e9 44dd 

  0x000001f435dd6e18: ;   {metadata({method} {0x000001f44d3c4948} 'isStatic' '()Z' in 'jdk/internal/reflect/DirectMethodHandleAccessor')}
  0x000001f435dd6e18: ffff 49ba | 4049 3c4d | f401 0000 | 4c89 5424 | 0848 c704 | 24ff ffff 

  0x000001f435dd6e30: ;   {runtime_call counter_overflow Runtime1 stub}
  0x000001f435dd6e30: ffe8 ca48 

  0x000001f435dd6e34: ; ImmutableOopMap {rdx=Oop r8=Oop r9=Oop [176]=Oop [184]=Oop [192]=Oop }
                      ;*synchronization entry
                      ; - jdk.internal.reflect.DirectMethodHandleAccessor::isStatic@-1
                      ; - jdk.internal.reflect.DirectMethodHandleAccessor::invoke@1
  0x000001f435dd6e34: 2907 e95f 

  0x000001f435dd6e38: ;   {metadata({method} {0x000001f44d3c4898} 'checkReceiver' '(Ljava/lang/Object;)V' in 'jdk/internal/reflect/DirectMethodHandleAccessor')}
  0x000001f435dd6e38: ddff ff49 | ba90 483c | 4df4 0100 | 004c 8954 | 2408 48c7 | 0424 ffff 

  0x000001f435dd6e50: ;   {runtime_call counter_overflow Runtime1 stub}
  0x000001f435dd6e50: ffff e8a9 

  0x000001f435dd6e54: ; ImmutableOopMap {rdx=Oop r8=Oop [176]=Oop [184]=Oop [192]=Oop }
                      ;*synchronization entry
                      ; - jdk.internal.reflect.DirectMethodHandleAccessor::checkReceiver@-1
                      ; - jdk.internal.reflect.DirectMethodHandleAccessor::invoke@9
  0x000001f435dd6e54: 4829 07e9 | 05de ffff 

  0x000001f435dd6e5c: ;   {runtime_call throw_null_pointer_exception Runtime1 stub}
  0x000001f435dd6e5c: e89f e828 

  0x000001f435dd6e60: ; ImmutableOopMap {rdx=Oop r8=Oop rsi=Oop [176]=Oop [184]=Oop [192]=Oop }
                      ;*invokevirtual getClass {reexecute=0 rethrow=0 return_oop=0}
                      ; - jdk.internal.reflect.DirectMethodHandleAccessor::checkReceiver@5
                      ; - jdk.internal.reflect.DirectMethodHandleAccessor::invoke@9
                      ;   {runtime_call throw_null_pointer_exception Runtime1 stub}
  0x000001f435dd6e60: 07e8 9ae8 

  0x000001f435dd6e64: ; ImmutableOopMap {rdx=Oop r8=Oop rsi=Oop rdi=Oop [176]=Oop [184]=Oop [192]=Oop }
                      ;*invokevirtual isAssignableFrom {reexecute=0 rethrow=0 return_oop=0}
                      ; - jdk.internal.reflect.DirectMethodHandleAccessor::checkReceiver@8
                      ; - jdk.internal.reflect.DirectMethodHandleAccessor::invoke@9
                      ;   {metadata({method} {0x000001f44d3c46e0} 'invokeImpl' '(Ljava/lang/Object;[Ljava/lang/Object;)Ljava/lang/Object;' in 'jdk/internal/reflect/DirectMethodHandleAccessor')}
  0x000001f435dd6e64: 2807 49ba | d846 3c4d | f401 0000 | 4c89 5424 | 0848 c704 | 24ff ffff 

  0x000001f435dd6e7c: ;   {runtime_call counter_overflow Runtime1 stub}
  0x000001f435dd6e7c: ffe8 7e48 

  0x000001f435dd6e80: ; ImmutableOopMap {rdx=Oop [176]=Oop [184]=Oop [192]=Oop }
                      ;*synchronization entry
                      ; - jdk.internal.reflect.DirectMethodHandleAccessor::invokeImpl@-1
                      ; - jdk.internal.reflect.DirectMethodHandleAccessor::invoke@23
  0x000001f435dd6e80: 2907 e9ee | deff ff48 | bf38 a023 | 4007 0000 | 00b8 000f 

  0x000001f435dd6e94: ;   {runtime_call load_appendix_patching Runtime1 stub}
  0x000001f435dd6e94: 050a e8e5 

  0x000001f435dd6e98: ; ImmutableOopMap {rdx=Oop r9=Oop r8=Oop rsi=Oop [176]=Oop [184]=Oop [192]=Oop }
                      ;*invokevirtual invokeExact {reexecute=1 rethrow=0 return_oop=0}
                      ; - (reexecute) jdk.internal.reflect.DirectMethodHandleAccessor::invokeImpl@104
                      ; - jdk.internal.reflect.DirectMethodHandleAccessor::invoke@23
  0x000001f435dd6e98: 4029 07e9 | 88df ffff 

  0x000001f435dd6ea0: ;   {runtime_call throw_null_pointer_exception Runtime1 stub}
  0x000001f435dd6ea0: e85b e828 

  0x000001f435dd6ea4: ; ImmutableOopMap {rdx=Oop r9=Oop r8=Oop rsi=Oop rdi=Oop [176]=Oop [184]=Oop [192]=Oop }
                      ;*invokevirtual invokeExact {reexecute=0 rethrow=0 return_oop=0}
                      ; - jdk.internal.reflect.DirectMethodHandleAccessor::invokeImpl@104
                      ; - jdk.internal.reflect.DirectMethodHandleAccessor::invoke@23
                      ;   {internal_word}
  0x000001f435dd6ea4: 0749 ba14 | 50dd 35f4 | 0100 004d | 8997 6004 

  0x000001f435dd6eb4: ;   {runtime_call SafepointBlob}
  0x000001f435dd6eb4: 0000 e945 

  0x000001f435dd6eb8: ;   {runtime_call throw_null_pointer_exception Runtime1 stub}
  0x000001f435dd6eb8: e81c 07e8 

  0x000001f435dd6ebc: ; ImmutableOopMap {rdx=Oop r9=Oop r8=Oop rsi=Oop [176]=Oop [184]=Oop [192]=Oop [208]=Oop }
                      ;*aaload {reexecute=0 rethrow=0 return_oop=0}
                      ; - jdk.internal.reflect.DirectMethodHandleAccessor::invokeImpl@85
                      ; - jdk.internal.reflect.DirectMethodHandleAccessor::invoke@23
  0x000001f435dd6ebc: 40e8 2807 

  0x000001f435dd6ec0: ;   {runtime_call throw_null_pointer_exception Runtime1 stub}
  0x000001f435dd6ec0: e83b e828 

  0x000001f435dd6ec4: ; ImmutableOopMap {rdx=Oop r9=Oop r8=Oop rsi=Oop [176]=Oop [184]=Oop [192]=Oop [208]=Oop }
                      ;*aaload {reexecute=0 rethrow=0 return_oop=0}
                      ; - jdk.internal.reflect.DirectMethodHandleAccessor::invokeImpl@85
                      ; - jdk.internal.reflect.DirectMethodHandleAccessor::invoke@23
  0x000001f435dd6ec4: 0748 c704 | 2400 0000 | 004c 894c 

  0x000001f435dd6ed0: ;   {runtime_call throw_range_check_failed Runtime1 stub}
  0x000001f435dd6ed0: 2408 e829 

  0x000001f435dd6ed4: ; ImmutableOopMap {rdx=Oop r9=Oop r8=Oop rsi=Oop [176]=Oop [184]=Oop [192]=Oop [208]=Oop }
                      ;*aaload {reexecute=0 rethrow=0 return_oop=0}
                      ; - jdk.internal.reflect.DirectMethodHandleAccessor::invokeImpl@85
                      ; - jdk.internal.reflect.DirectMethodHandleAccessor::invoke@23
  0x000001f435dd6ed4: df28 0748 | c704 2401 | 0000 004c | 894c 2408 

  0x000001f435dd6ee4: ;   {runtime_call throw_range_check_failed Runtime1 stub}
  0x000001f435dd6ee4: e817 df28 

  0x000001f435dd6ee8: ; ImmutableOopMap {rdx=Oop r9=Oop r8=Oop rsi=Oop rdi=Oop [176]=Oop [184]=Oop [192]=Oop [200]=Oop [208]=Oop }
                      ;*aaload {reexecute=0 rethrow=0 return_oop=0}
                      ; - jdk.internal.reflect.DirectMethodHandleAccessor::invokeImpl@88
                      ; - jdk.internal.reflect.DirectMethodHandleAccessor::invoke@23
  0x000001f435dd6ee8: 0748 c704 | 2402 0000 | 004c 894c 

  0x000001f435dd6ef4: ;   {runtime_call throw_range_check_failed Runtime1 stub}
  0x000001f435dd6ef4: 2408 e805 

  0x000001f435dd6ef8: ; ImmutableOopMap {rdx=Oop r9=Oop r8=Oop rsi=Oop rdi=Oop rbx=Oop [176]=Oop [184]=Oop [192]=Oop [200]=Oop [208]=Oop [216]=Oop }
                      ;*aaload {reexecute=0 rethrow=0 return_oop=0}
                      ; - jdk.internal.reflect.DirectMethodHandleAccessor::invokeImpl@91
                      ; - jdk.internal.reflect.DirectMethodHandleAccessor::invoke@23
                      ;   {metadata({method} {0x000001f48e42b6b8} 'invokeExact_MT' '(Ljava/lang/Object;Ljava/lang/Object;Ljava/lang/Object;Ljava/lang/Object;Ljava/lang/Object;Ljava/lang/Object;)Ljava/lang/Object;' in 'java/lang/invoke/LambdaForm$MH+0x000001f44e00f400')}
  0x000001f435dd6ef8: df28 0749 | bab0 b642 | 8ef4 0100 | 004c 8954 | 2408 48c7 | 0424 ffff 

  0x000001f435dd6f10: ;   {runtime_call counter_overflow Runtime1 stub}
  0x000001f435dd6f10: ffff e8e9 

  0x000001f435dd6f14: ; ImmutableOopMap {rdx=Oop r8=Oop rsi=Oop rdi=Oop rbx=Oop rax=Oop [176]=Oop [192]=Oop [200]=Oop [208]=Oop [216]=Oop [224]=Oop }
                      ;*synchronization entry
                      ; - java.lang.invoke.LambdaForm$MH/0x000001f44e00f400::invokeExact_MT@-1
                      ; - jdk.internal.reflect.DirectMethodHandleAccessor::invokeImpl@92
                      ; - jdk.internal.reflect.DirectMethodHandleAccessor::invoke@23
  0x000001f435dd6f14: 4729 07e9 | ece2 ffff 

  0x000001f435dd6f1c: ;   {metadata({method} {0x000001f44d3d94e0} 'checkExactType' '(Ljava/lang/invoke/MethodHandle;Ljava/lang/invoke/MethodType;)V' in 'java/lang/invoke/Invokers')}
  0x000001f435dd6f1c: 49ba d894 | 3d4d f401 | 0000 4c89 | 5424 0848 | c704 24ff 

  0x000001f435dd6f30: ;   {runtime_call counter_overflow Runtime1 stub}
  0x000001f435dd6f30: ffff ffe8 

  0x000001f435dd6f34: ; ImmutableOopMap {rdx=Oop r8=Oop rsi=Oop rdi=Oop rbx=Oop rax=Oop r9=Oop [176]=Oop [192]=Oop [200]=Oop [208]=Oop [216]=Oop [224]=Oop }
                      ;*synchronization entry
                      ; - java.lang.invoke.Invokers::checkExactType@-1
                      ; - java.lang.invoke.LambdaForm$MH/0x000001f44e00f400::invokeExact_MT@11
                      ; - jdk.internal.reflect.DirectMethodHandleAccessor::invokeImpl@92
                      ; - jdk.internal.reflect.DirectMethodHandleAccessor::invoke@23
  0x000001f435dd6f34: c847 2907 | e994 e3ff 

  0x000001f435dd6f3c: ;   {runtime_call throw_null_pointer_exception Runtime1 stub}
  0x000001f435dd6f3c: ffe8 bee7 

  0x000001f435dd6f40: ; ImmutableOopMap {rdx=Oop r8=Oop rsi=Oop rdi=Oop rbx=Oop rax=Oop r9=Oop [176]=Oop [192]=Oop [200]=Oop [208]=Oop [216]=Oop [224]=Oop }
                      ;*invokevirtual type {reexecute=0 rethrow=0 return_oop=0}
                      ; - java.lang.invoke.Invokers::checkExactType@1
                      ; - java.lang.invoke.LambdaForm$MH/0x000001f44e00f400::invokeExact_MT@11
                      ; - jdk.internal.reflect.DirectMethodHandleAccessor::invokeImpl@92
                      ; - jdk.internal.reflect.DirectMethodHandleAccessor::invoke@23
                      ;   {metadata({method} {0x000001f44d3d93d8} 'checkCustomized' '(Ljava/lang/invoke/MethodHandle;)V' in 'java/lang/invoke/Invokers')}
  0x000001f435dd6f40: 2807 49ba | d093 3d4d | f401 0000 | 4c89 5424 | 0848 c704 | 24ff ffff 

  0x000001f435dd6f58: ;   {runtime_call counter_overflow Runtime1 stub}
  0x000001f435dd6f58: ffe8 a247 

  0x000001f435dd6f5c: ; ImmutableOopMap {rdx=Oop r8=Oop rsi=Oop rdi=Oop rbx=Oop rax=Oop [176]=Oop [192]=Oop [200]=Oop [208]=Oop [216]=Oop [224]=Oop }
                      ;*synchronization entry
                      ; - java.lang.invoke.Invokers::checkCustomized@-1
                      ; - java.lang.invoke.LambdaForm$MH/0x000001f44e00f400::invokeExact_MT@15
                      ; - jdk.internal.reflect.DirectMethodHandleAccessor::invokeImpl@92
                      ; - jdk.internal.reflect.DirectMethodHandleAccessor::invoke@23
  0x000001f435dd6f5c: 2907 e9d5 

  0x000001f435dd6f60: ;   {metadata({method} {0x000001f44d095ff0} 'isCompileConstant' '(Ljava/lang/Object;)Z' in 'java/lang/invoke/MethodHandleImpl')}
  0x000001f435dd6f60: e4ff ff49 | bae8 5f09 | 4df4 0100 | 004c 8954 | 2408 48c7 | 0424 ffff 

  0x000001f435dd6f78: ;   {runtime_call counter_overflow Runtime1 stub}
  0x000001f435dd6f78: ffff e881 

  0x000001f435dd6f7c: ; ImmutableOopMap {rdx=Oop r8=Oop rsi=Oop rdi=Oop rbx=Oop rax=Oop [176]=Oop [192]=Oop [200]=Oop [208]=Oop [216]=Oop [224]=Oop }
                      ;*synchronization entry
                      ; - java.lang.invoke.MethodHandleImpl::isCompileConstant@-1
                      ; - java.lang.invoke.Invokers::checkCustomized@1
                      ; - java.lang.invoke.LambdaForm$MH/0x000001f44e00f400::invokeExact_MT@15
                      ; - jdk.internal.reflect.DirectMethodHandleAccessor::invokeImpl@92
                      ; - jdk.internal.reflect.DirectMethodHandleAccessor::invoke@23
  0x000001f435dd6f7c: 4729 07e9 | f2e4 ffff 

  0x000001f435dd6f84: ;   {runtime_call throw_null_pointer_exception Runtime1 stub}
  0x000001f435dd6f84: e877 e728 

  0x000001f435dd6f88: ; ImmutableOopMap {rdx=Oop r8=Oop rsi=Oop rdi=Oop rbx=Oop rax=Oop [176]=Oop [192]=Oop [200]=Oop [208]=Oop [216]=Oop [224]=Oop }
                      ;*getfield customized {reexecute=1 rethrow=0 return_oop=0}
                      ; - (reexecute) java.lang.invoke.Invokers::checkCustomized@12
                      ; - java.lang.invoke.LambdaForm$MH/0x000001f44e00f400::invokeExact_MT@15
                      ; - jdk.internal.reflect.DirectMethodHandleAccessor::invokeImpl@92
                      ; - jdk.internal.reflect.DirectMethodHandleAccessor::invoke@23
                      ;   {internal_word}
  0x000001f435dd6f88: 0749 bafc | 56dd 35f4 | 0100 004d | 8997 6004 

  0x000001f435dd6f98: ;   {runtime_call SafepointBlob}
  0x000001f435dd6f98: 0000 e961 

  0x000001f435dd6f9c: ;   {runtime_call throw_null_pointer_exception Runtime1 stub}
  0x000001f435dd6f9c: e71c 07e8 

  0x000001f435dd6fa0: ; ImmutableOopMap {rdx=Oop r9=Oop r8=Oop rsi=Oop [176]=Oop [184]=Oop [192]=Oop [240]=Oop }
                      ;*aaload {reexecute=0 rethrow=0 return_oop=0}
                      ; - jdk.internal.reflect.DirectMethodHandleAccessor::invokeImpl@68
                      ; - jdk.internal.reflect.DirectMethodHandleAccessor::invoke@23
  0x000001f435dd6fa0: 5ce7 2807 

  0x000001f435dd6fa4: ;   {runtime_call throw_null_pointer_exception Runtime1 stub}
  0x000001f435dd6fa4: e857 e728 

  0x000001f435dd6fa8: ; ImmutableOopMap {rdx=Oop r9=Oop r8=Oop rsi=Oop [176]=Oop [184]=Oop [192]=Oop [240]=Oop }
                      ;*aaload {reexecute=0 rethrow=0 return_oop=0}
                      ; - jdk.internal.reflect.DirectMethodHandleAccessor::invokeImpl@68
                      ; - jdk.internal.reflect.DirectMethodHandleAccessor::invoke@23
  0x000001f435dd6fa8: 0748 c704 | 2400 0000 | 004c 894c 

  0x000001f435dd6fb4: ;   {runtime_call throw_range_check_failed Runtime1 stub}
  0x000001f435dd6fb4: 2408 e845 

  0x000001f435dd6fb8: ; ImmutableOopMap {rdx=Oop r9=Oop r8=Oop rsi=Oop [176]=Oop [184]=Oop [192]=Oop [240]=Oop }
                      ;*aaload {reexecute=0 rethrow=0 return_oop=0}
                      ; - jdk.internal.reflect.DirectMethodHandleAccessor::invokeImpl@68
                      ; - jdk.internal.reflect.DirectMethodHandleAccessor::invoke@23
  0x000001f435dd6fb8: de28 0748 | c704 2401 | 0000 004c | 894c 2408 

  0x000001f435dd6fc8: ;   {runtime_call throw_range_check_failed Runtime1 stub}
  0x000001f435dd6fc8: e833 de28 

  0x000001f435dd6fcc: ; ImmutableOopMap {rdx=Oop r9=Oop r8=Oop rsi=Oop rdi=Oop [176]=Oop [184]=Oop [192]=Oop [232]=Oop [240]=Oop }
                      ;*aaload {reexecute=0 rethrow=0 return_oop=0}
                      ; - jdk.internal.reflect.DirectMethodHandleAccessor::invokeImpl@71
                      ; - jdk.internal.reflect.DirectMethodHandleAccessor::invoke@23
                      ;   {metadata({method} {0x000001f48e455ab8} 'invokeExact_MT' '(Ljava/lang/Object;Ljava/lang/Object;Ljava/lang/Object;Ljava/lang/Object;Ljava/lang/Object;)Ljava/lang/Object;' in 'java/lang/invoke/LambdaForm$MH+0x000001f44e01cc00')}
  0x000001f435dd6fcc: 0749 bab0 | 5a45 8ef4 | 0100 004c | 8954 2408 | 48c7 0424 | ffff ffff 

  0x000001f435dd6fe4: ;   {runtime_call counter_overflow Runtime1 stub}
  0x000001f435dd6fe4: e817 4729 

  0x000001f435dd6fe8: ; ImmutableOopMap {rdx=Oop r8=Oop rsi=Oop rdi=Oop rbx=Oop [176]=Oop [192]=Oop [232]=Oop [240]=Oop [248]=Oop }
                      ;*synchronization entry
                      ; - java.lang.invoke.LambdaForm$MH/0x000001f44e01cc00::invokeExact_MT@-1
                      ; - jdk.internal.reflect.DirectMethodHandleAccessor::invokeImpl@72
                      ; - jdk.internal.reflect.DirectMethodHandleAccessor::invoke@23
  0x000001f435dd6fe8: 07e9 dee8 

  0x000001f435dd6fec: ;   {metadata({method} {0x000001f44d3d94e0} 'checkExactType' '(Ljava/lang/invoke/MethodHandle;Ljava/lang/invoke/MethodType;)V' in 'java/lang/invoke/Invokers')}
  0x000001f435dd6fec: ffff 49ba | d894 3d4d | f401 0000 | 4c89 5424 | 0848 c704 | 24ff ffff 

  0x000001f435dd7004: ;   {runtime_call counter_overflow Runtime1 stub}
  0x000001f435dd7004: ffe8 f646 

  0x000001f435dd7008: ; ImmutableOopMap {rdx=Oop r8=Oop rsi=Oop rdi=Oop rbx=Oop rcx=Oop [176]=Oop [192]=Oop [232]=Oop [240]=Oop [248]=Oop }
                      ;*synchronization entry
                      ; - java.lang.invoke.Invokers::checkExactType@-1
                      ; - java.lang.invoke.LambdaForm$MH/0x000001f44e01cc00::invokeExact_MT@11
                      ; - jdk.internal.reflect.DirectMethodHandleAccessor::invokeImpl@72
                      ; - jdk.internal.reflect.DirectMethodHandleAccessor::invoke@23
  0x000001f435dd7008: 2907 e984 

  0x000001f435dd700c: ;   {runtime_call throw_null_pointer_exception Runtime1 stub}
  0x000001f435dd700c: e9ff ffe8 

  0x000001f435dd7010: ; ImmutableOopMap {rdx=Oop r8=Oop rsi=Oop rdi=Oop rbx=Oop rcx=Oop [176]=Oop [192]=Oop [232]=Oop [240]=Oop [248]=Oop }
                      ;*invokevirtual type {reexecute=0 rethrow=0 return_oop=0}
                      ; - java.lang.invoke.Invokers::checkExactType@1
                      ; - java.lang.invoke.LambdaForm$MH/0x000001f44e01cc00::invokeExact_MT@11
                      ; - jdk.internal.reflect.DirectMethodHandleAccessor::invokeImpl@72
                      ; - jdk.internal.reflect.DirectMethodHandleAccessor::invoke@23
  0x000001f435dd7010: ece6 2807 

  0x000001f435dd7014: ;   {metadata({method} {0x000001f44d3d93d8} 'checkCustomized' '(Ljava/lang/invoke/MethodHandle;)V' in 'java/lang/invoke/Invokers')}
  0x000001f435dd7014: 49ba d093 | 3d4d f401 | 0000 4c89 | 5424 0848 | c704 24ff 

  0x000001f435dd7028: ;   {runtime_call counter_overflow Runtime1 stub}
  0x000001f435dd7028: ffff ffe8 

  0x000001f435dd702c: ; ImmutableOopMap {rdx=Oop r8=Oop rsi=Oop rdi=Oop rbx=Oop [176]=Oop [192]=Oop [232]=Oop [240]=Oop [248]=Oop }
                      ;*synchronization entry
                      ; - java.lang.invoke.Invokers::checkCustomized@-1
                      ; - java.lang.invoke.LambdaForm$MH/0x000001f44e01cc00::invokeExact_MT@15
                      ; - jdk.internal.reflect.DirectMethodHandleAccessor::invokeImpl@72
                      ; - jdk.internal.reflect.DirectMethodHandleAccessor::invoke@23
  0x000001f435dd702c: d046 2907 | e9be eaff 

  0x000001f435dd7034: ;   {metadata({method} {0x000001f44d095ff0} 'isCompileConstant' '(Ljava/lang/Object;)Z' in 'java/lang/invoke/MethodHandleImpl')}
  0x000001f435dd7034: ff49 bae8 | 5f09 4df4 | 0100 004c | 8954 2408 | 48c7 0424 | ffff ffff 

  0x000001f435dd704c: ;   {runtime_call counter_overflow Runtime1 stub}
  0x000001f435dd704c: e8af 4629 

  0x000001f435dd7050: ; ImmutableOopMap {rdx=Oop r8=Oop rsi=Oop rdi=Oop rbx=Oop [176]=Oop [192]=Oop [232]=Oop [240]=Oop [248]=Oop }
                      ;*synchronization entry
                      ; - java.lang.invoke.MethodHandleImpl::isCompileConstant@-1
                      ; - java.lang.invoke.Invokers::checkCustomized@1
                      ; - java.lang.invoke.LambdaForm$MH/0x000001f44e01cc00::invokeExact_MT@15
                      ; - jdk.internal.reflect.DirectMethodHandleAccessor::invokeImpl@72
                      ; - jdk.internal.reflect.DirectMethodHandleAccessor::invoke@23
  0x000001f435dd7050: 07e9 d6ea 

  0x000001f435dd7054: ;   {runtime_call throw_null_pointer_exception Runtime1 stub}
  0x000001f435dd7054: ffff e8a5 

  0x000001f435dd7058: ; ImmutableOopMap {rdx=Oop r8=Oop rsi=Oop rdi=Oop rbx=Oop [176]=Oop [192]=Oop [232]=Oop [240]=Oop [248]=Oop }
                      ;*getfield customized {reexecute=1 rethrow=0 return_oop=0}
                      ; - (reexecute) java.lang.invoke.Invokers::checkCustomized@12
                      ; - java.lang.invoke.LambdaForm$MH/0x000001f44e01cc00::invokeExact_MT@15
                      ; - jdk.internal.reflect.DirectMethodHandleAccessor::invokeImpl@72
                      ; - jdk.internal.reflect.DirectMethodHandleAccessor::invoke@23
                      ;   {internal_word}
  0x000001f435dd7058: e628 0749 | ba9c 5ddd | 35f4 0100 | 004d 8997 | 6004 0000 

  0x000001f435dd706c: ;   {runtime_call SafepointBlob}
  0x000001f435dd706c: e98f e61c 

  0x000001f435dd7070: ;   {runtime_call throw_null_pointer_exception Runtime1 stub}
  0x000001f435dd7070: 07e8 8ae6 

  0x000001f435dd7074: ; ImmutableOopMap {rdx=Oop r9=Oop r8=Oop rsi=Oop [176]=Oop [184]=Oop [192]=Oop [264]=Oop }
                      ;*aaload {reexecute=0 rethrow=0 return_oop=0}
                      ; - jdk.internal.reflect.DirectMethodHandleAccessor::invokeImpl@54
                      ; - jdk.internal.reflect.DirectMethodHandleAccessor::invoke@23
                      ;   {runtime_call throw_null_pointer_exception Runtime1 stub}
  0x000001f435dd7074: 2807 e885 

  0x000001f435dd7078: ; ImmutableOopMap {rdx=Oop r9=Oop r8=Oop rsi=Oop [176]=Oop [184]=Oop [192]=Oop [264]=Oop }
                      ;*aaload {reexecute=0 rethrow=0 return_oop=0}
                      ; - jdk.internal.reflect.DirectMethodHandleAccessor::invokeImpl@54
                      ; - jdk.internal.reflect.DirectMethodHandleAccessor::invoke@23
  0x000001f435dd7078: e628 0748 | c704 2400 | 0000 004c | 894c 2408 

  0x000001f435dd7088: ;   {runtime_call throw_range_check_failed Runtime1 stub}
  0x000001f435dd7088: e873 dd28 

  0x000001f435dd708c: ; ImmutableOopMap {rdx=Oop r9=Oop r8=Oop rsi=Oop [176]=Oop [184]=Oop [192]=Oop [264]=Oop }
                      ;*aaload {reexecute=0 rethrow=0 return_oop=0}
                      ; - jdk.internal.reflect.DirectMethodHandleAccessor::invokeImpl@54
                      ; - jdk.internal.reflect.DirectMethodHandleAccessor::invoke@23
                      ;   {metadata({method} {0x000001f44d0b0158} 'invokeExact_MT' '(Ljava/lang/Object;Ljava/lang/Object;Ljava/lang/Object;Ljava/lang/Object;)Ljava/lang/Object;' in 'java/lang/invoke/Invokers$Holder')}
  0x000001f435dd708c: 0749 ba50 | 010b 4df4 | 0100 004c | 8954 2408 | 48c7 0424 | ffff ffff 

  0x000001f435dd70a4: ;   {runtime_call counter_overflow Runtime1 stub}
  0x000001f435dd70a4: e857 4629 

  0x000001f435dd70a8: ; ImmutableOopMap {rdx=Oop r8=Oop rsi=Oop rdi=Oop [176]=Oop [192]=Oop [256]=Oop [264]=Oop }
                      ;*synchronization entry
                      ; - java.lang.invoke.Invokers$Holder::invokeExact_MT@-1
                      ; - jdk.internal.reflect.DirectMethodHandleAccessor::invokeImpl@55
                      ; - jdk.internal.reflect.DirectMethodHandleAccessor::invoke@23
  0x000001f435dd70a8: 07e9 99ee 

  0x000001f435dd70ac: ;   {metadata({method} {0x000001f44d3d94e0} 'checkExactType' '(Ljava/lang/invoke/MethodHandle;Ljava/lang/invoke/MethodType;)V' in 'java/lang/invoke/Invokers')}
  0x000001f435dd70ac: ffff 49ba | d894 3d4d | f401 0000 | 4c89 5424 | 0848 c704 | 24ff ffff 

  0x000001f435dd70c4: ;   {runtime_call counter_overflow Runtime1 stub}
  0x000001f435dd70c4: ffe8 3646 

  0x000001f435dd70c8: ; ImmutableOopMap {rdx=Oop r8=Oop rsi=Oop rdi=Oop rax=Oop [176]=Oop [192]=Oop [256]=Oop [264]=Oop }
                      ;*synchronization entry
                      ; - java.lang.invoke.Invokers::checkExactType@-1
                      ; - java.lang.invoke.Invokers$Holder::invokeExact_MT@10
                      ; - jdk.internal.reflect.DirectMethodHandleAccessor::invokeImpl@55
                      ; - jdk.internal.reflect.DirectMethodHandleAccessor::invoke@23
  0x000001f435dd70c8: 2907 e937 

  0x000001f435dd70cc: ;   {runtime_call throw_null_pointer_exception Runtime1 stub}
  0x000001f435dd70cc: efff ffe8 

  0x000001f435dd70d0: ; ImmutableOopMap {rdx=Oop r8=Oop rsi=Oop rdi=Oop rax=Oop [176]=Oop [192]=Oop [256]=Oop [264]=Oop }
                      ;*invokevirtual type {reexecute=0 rethrow=0 return_oop=0}
                      ; - java.lang.invoke.Invokers::checkExactType@1
                      ; - java.lang.invoke.Invokers$Holder::invokeExact_MT@10
                      ; - jdk.internal.reflect.DirectMethodHandleAccessor::invokeImpl@55
                      ; - jdk.internal.reflect.DirectMethodHandleAccessor::invoke@23
  0x000001f435dd70d0: 2ce6 2807 

  0x000001f435dd70d4: ;   {metadata({method} {0x000001f44d3d93d8} 'checkCustomized' '(Ljava/lang/invoke/MethodHandle;)V' in 'java/lang/invoke/Invokers')}
  0x000001f435dd70d4: 49ba d093 | 3d4d f401 | 0000 4c89 | 5424 0848 | c704 24ff 

  0x000001f435dd70e8: ;   {runtime_call counter_overflow Runtime1 stub}
  0x000001f435dd70e8: ffff ffe8 

  0x000001f435dd70ec: ; ImmutableOopMap {rdx=Oop r8=Oop rsi=Oop rdi=Oop [176]=Oop [192]=Oop [256]=Oop [264]=Oop }
                      ;*synchronization entry
                      ; - java.lang.invoke.Invokers::checkCustomized@-1
                      ; - java.lang.invoke.Invokers$Holder::invokeExact_MT@14
                      ; - jdk.internal.reflect.DirectMethodHandleAccessor::invokeImpl@55
                      ; - jdk.internal.reflect.DirectMethodHandleAccessor::invoke@23
  0x000001f435dd70ec: 1046 2907 | e96d f0ff 

  0x000001f435dd70f4: ;   {metadata({method} {0x000001f44d095ff0} 'isCompileConstant' '(Ljava/lang/Object;)Z' in 'java/lang/invoke/MethodHandleImpl')}
  0x000001f435dd70f4: ff49 bae8 | 5f09 4df4 | 0100 004c | 8954 2408 | 48c7 0424 | ffff ffff 

  0x000001f435dd710c: ;   {runtime_call counter_overflow Runtime1 stub}
  0x000001f435dd710c: e8ef 4529 

  0x000001f435dd7110: ; ImmutableOopMap {rdx=Oop r8=Oop rsi=Oop rdi=Oop [176]=Oop [192]=Oop [256]=Oop [264]=Oop }
                      ;*synchronization entry
                      ; - java.lang.invoke.MethodHandleImpl::isCompileConstant@-1
                      ; - java.lang.invoke.Invokers::checkCustomized@1
                      ; - java.lang.invoke.Invokers$Holder::invokeExact_MT@14
                      ; - jdk.internal.reflect.DirectMethodHandleAccessor::invokeImpl@55
                      ; - jdk.internal.reflect.DirectMethodHandleAccessor::invoke@23
  0x000001f435dd7110: 07e9 84f0 

  0x000001f435dd7114: ;   {runtime_call throw_null_pointer_exception Runtime1 stub}
  0x000001f435dd7114: ffff e8e5 

  0x000001f435dd7118: ; ImmutableOopMap {rdx=Oop r8=Oop rsi=Oop rdi=Oop [176]=Oop [192]=Oop [256]=Oop [264]=Oop }
                      ;*getfield customized {reexecute=1 rethrow=0 return_oop=0}
                      ; - (reexecute) java.lang.invoke.Invokers::checkCustomized@12
                      ; - java.lang.invoke.Invokers$Holder::invokeExact_MT@14
                      ; - jdk.internal.reflect.DirectMethodHandleAccessor::invokeImpl@55
                      ; - jdk.internal.reflect.DirectMethodHandleAccessor::invoke@23
                      ;   {internal_word}
  0x000001f435dd7118: e528 0749 | ba04 64dd | 35f4 0100 | 004d 8997 | 6004 0000 

  0x000001f435dd712c: ;   {runtime_call SafepointBlob}
  0x000001f435dd712c: e9cf e51c 

  0x000001f435dd7130: ;   {metadata({method} {0x000001f44d0b0208} 'invokeExact_MT' '(Ljava/lang/Object;Ljava/lang/Object;Ljava/lang/Object;)Ljava/lang/Object;' in 'java/lang/invoke/Invokers$Holder')}
  0x000001f435dd7130: 0749 ba00 | 020b 4df4 | 0100 004c | 8954 2408 | 48c7 0424 | ffff ffff 

  0x000001f435dd7148: ;   {runtime_call counter_overflow Runtime1 stub}
  0x000001f435dd7148: e8b3 4529 

  0x000001f435dd714c: ; ImmutableOopMap {rdx=Oop r8=Oop rsi=Oop [176]=Oop [192]=Oop [272]=Oop }
                      ;*synchronization entry
                      ; - java.lang.invoke.Invokers$Holder::invokeExact_MT@-1
                      ; - jdk.internal.reflect.DirectMethodHandleAccessor::invokeImpl@41
                      ; - jdk.internal.reflect.DirectMethodHandleAccessor::invoke@23
  0x000001f435dd714c: 07e9 52f3 

  0x000001f435dd7150: ;   {metadata({method} {0x000001f44d3d94e0} 'checkExactType' '(Ljava/lang/invoke/MethodHandle;Ljava/lang/invoke/MethodType;)V' in 'java/lang/invoke/Invokers')}
  0x000001f435dd7150: ffff 49ba | d894 3d4d | f401 0000 | 4c89 5424 | 0848 c704 | 24ff ffff 

  0x000001f435dd7168: ;   {runtime_call counter_overflow Runtime1 stub}
  0x000001f435dd7168: ffe8 9245 

  0x000001f435dd716c: ; ImmutableOopMap {rdx=Oop r8=Oop rsi=Oop rbx=Oop [176]=Oop [192]=Oop [272]=Oop }
                      ;*synchronization entry
                      ; - java.lang.invoke.Invokers::checkExactType@-1
                      ; - java.lang.invoke.Invokers$Holder::invokeExact_MT@10
                      ; - jdk.internal.reflect.DirectMethodHandleAccessor::invokeImpl@41
                      ; - jdk.internal.reflect.DirectMethodHandleAccessor::invoke@23
  0x000001f435dd716c: 2907 e9a6 

  0x000001f435dd7170: ;   {runtime_call throw_null_pointer_exception Runtime1 stub}
  0x000001f435dd7170: f3ff ffe8 

  0x000001f435dd7174: ; ImmutableOopMap {rdx=Oop r8=Oop rsi=Oop rbx=Oop [176]=Oop [192]=Oop [272]=Oop }
                      ;*invokevirtual type {reexecute=0 rethrow=0 return_oop=0}
                      ; - java.lang.invoke.Invokers::checkExactType@1
                      ; - java.lang.invoke.Invokers$Holder::invokeExact_MT@10
                      ; - jdk.internal.reflect.DirectMethodHandleAccessor::invokeImpl@41
                      ; - jdk.internal.reflect.DirectMethodHandleAccessor::invoke@23
  0x000001f435dd7174: 88e5 2807 

  0x000001f435dd7178: ;   {metadata({method} {0x000001f44d3d93d8} 'checkCustomized' '(Ljava/lang/invoke/MethodHandle;)V' in 'java/lang/invoke/Invokers')}
  0x000001f435dd7178: 49ba d093 | 3d4d f401 | 0000 4c89 | 5424 0848 | c704 24ff 

  0x000001f435dd718c: ;   {runtime_call counter_overflow Runtime1 stub}
  0x000001f435dd718c: ffff ffe8 

  0x000001f435dd7190: ; ImmutableOopMap {rdx=Oop r8=Oop rsi=Oop [176]=Oop [192]=Oop [272]=Oop }
                      ;*synchronization entry
                      ; - java.lang.invoke.Invokers::checkCustomized@-1
                      ; - java.lang.invoke.Invokers$Holder::invokeExact_MT@14
                      ; - jdk.internal.reflect.DirectMethodHandleAccessor::invokeImpl@41
                      ; - jdk.internal.reflect.DirectMethodHandleAccessor::invoke@23
  0x000001f435dd7190: 6c45 2907 | e985 f4ff 

  0x000001f435dd7198: ;   {metadata({method} {0x000001f44d095ff0} 'isCompileConstant' '(Ljava/lang/Object;)Z' in 'java/lang/invoke/MethodHandleImpl')}
  0x000001f435dd7198: ff49 bae8 | 5f09 4df4 | 0100 004c | 8954 2408 | 48c7 0424 | ffff ffff 

  0x000001f435dd71b0: ;   {runtime_call counter_overflow Runtime1 stub}
  0x000001f435dd71b0: e84b 4529 

  0x000001f435dd71b4: ; ImmutableOopMap {rdx=Oop r8=Oop rsi=Oop [176]=Oop [192]=Oop [272]=Oop }
                      ;*synchronization entry
                      ; - java.lang.invoke.MethodHandleImpl::isCompileConstant@-1
                      ; - java.lang.invoke.Invokers::checkCustomized@1
                      ; - java.lang.invoke.Invokers$Holder::invokeExact_MT@14
                      ; - jdk.internal.reflect.DirectMethodHandleAccessor::invokeImpl@41
                      ; - jdk.internal.reflect.DirectMethodHandleAccessor::invoke@23
  0x000001f435dd71b4: 07e9 9df4 

  0x000001f435dd71b8: ;   {runtime_call throw_null_pointer_exception Runtime1 stub}
  0x000001f435dd71b8: ffff e841 

  0x000001f435dd71bc: ; ImmutableOopMap {rdx=Oop r8=Oop rsi=Oop [176]=Oop [192]=Oop [272]=Oop }
                      ;*getfield customized {reexecute=1 rethrow=0 return_oop=0}
                      ; - (reexecute) java.lang.invoke.Invokers::checkCustomized@12
                      ; - java.lang.invoke.Invokers$Holder::invokeExact_MT@14
                      ; - jdk.internal.reflect.DirectMethodHandleAccessor::invokeImpl@41
                      ; - jdk.internal.reflect.DirectMethodHandleAccessor::invoke@23
                      ;   {internal_word}
  0x000001f435dd71bc: e528 0749 | ba5c 67dd | 35f4 0100 | 004d 8997 | 6004 0000 

  0x000001f435dd71d0: ;   {runtime_call SafepointBlob}
  0x000001f435dd71d0: e92b e51c 

  0x000001f435dd71d4: ;   {runtime_call throw_null_pointer_exception Runtime1 stub}
  0x000001f435dd71d4: 07e8 26e5 

  0x000001f435dd71d8: ; ImmutableOopMap {rax=Oop [176]=Oop [192]=Oop [272]=Oop }
                      ;*athrow {reexecute=1 rethrow=0 return_oop=0}
                      ; - (reexecute) java.lang.invoke.Invokers::checkExactType@15
                      ; - java.lang.invoke.Invokers$Holder::invokeExact_MT@10
                      ; - jdk.internal.reflect.DirectMethodHandleAccessor::invokeImpl@41
                      ; - jdk.internal.reflect.DirectMethodHandleAccessor::invoke@23
                      ;   {runtime_call throw_null_pointer_exception Runtime1 stub}
  0x000001f435dd71d8: 2807 e821 

  0x000001f435dd71dc: ; ImmutableOopMap {rax=Oop [176]=Oop [192]=Oop [256]=Oop [264]=Oop }
                      ;*athrow {reexecute=1 rethrow=0 return_oop=0}
                      ; - (reexecute) java.lang.invoke.Invokers::checkExactType@15
                      ; - java.lang.invoke.Invokers$Holder::invokeExact_MT@10
                      ; - jdk.internal.reflect.DirectMethodHandleAccessor::invokeImpl@55
                      ; - jdk.internal.reflect.DirectMethodHandleAccessor::invoke@23
                      ;   {runtime_call throw_null_pointer_exception Runtime1 stub}
  0x000001f435dd71dc: e528 07e8 

  0x000001f435dd71e0: ; ImmutableOopMap {rax=Oop [176]=Oop [192]=Oop [232]=Oop [240]=Oop [248]=Oop }
                      ;*athrow {reexecute=1 rethrow=0 return_oop=0}
                      ; - (reexecute) java.lang.invoke.Invokers::checkExactType@15
                      ; - java.lang.invoke.LambdaForm$MH/0x000001f44e01cc00::invokeExact_MT@11
                      ; - jdk.internal.reflect.DirectMethodHandleAccessor::invokeImpl@72
                      ; - jdk.internal.reflect.DirectMethodHandleAccessor::invoke@23
  0x000001f435dd71e0: 1ce5 2807 

  0x000001f435dd71e4: ;   {runtime_call throw_null_pointer_exception Runtime1 stub}
  0x000001f435dd71e4: e817 e528 

  0x000001f435dd71e8: ; ImmutableOopMap {rax=Oop [176]=Oop [192]=Oop [200]=Oop [208]=Oop [216]=Oop [224]=Oop }
                      ;*athrow {reexecute=1 rethrow=0 return_oop=0}
                      ; - (reexecute) java.lang.invoke.Invokers::checkExactType@15
                      ; - java.lang.invoke.LambdaForm$MH/0x000001f44e00f400::invokeExact_MT@11
                      ; - jdk.internal.reflect.DirectMethodHandleAccessor::invokeImpl@92
                      ; - jdk.internal.reflect.DirectMethodHandleAccessor::invoke@23
                      ;   {metadata({method} {0x000001f44d3c4688} 'isIllegalArgument' '(Ljava/lang/RuntimeException;)Z' in 'jdk/internal/reflect/DirectMethodHandleAccessor')}
  0x000001f435dd71e8: 0749 ba80 | 463c 4df4 | 0100 004c | 8954 2408 | 48c7 0424 | ffff ffff 

  0x000001f435dd7200: ;   {runtime_call counter_overflow Runtime1 stub}
  0x000001f435dd7200: e8fb 4429 

  0x000001f435dd7204: ; ImmutableOopMap {rax=Oop }
                      ;*synchronization entry
                      ; - jdk.internal.reflect.DirectMethodHandleAccessor::isIllegalArgument@-1
                      ; - jdk.internal.reflect.DirectMethodHandleAccessor::invoke@58
  0x000001f435dd7204: 07e9 c6f6 

  0x000001f435dd7208: ;   {metadata({method} {0x000001f44d3c4688} 'isIllegalArgument' '(Ljava/lang/RuntimeException;)Z' in 'jdk/internal/reflect/DirectMethodHandleAccessor')}
  0x000001f435dd7208: ffff 49ba | 8046 3c4d | f401 0000 | 4c89 5424 | 0848 c704 | 24ff ffff 

  0x000001f435dd7220: ;   {runtime_call counter_overflow Runtime1 stub}
  0x000001f435dd7220: ffe8 da44 

  0x000001f435dd7224: ; ImmutableOopMap {rax=Oop }
                      ;*synchronization entry
                      ; - jdk.internal.reflect.DirectMethodHandleAccessor::isIllegalArgument@-1
                      ; - jdk.internal.reflect.DirectMethodHandleAccessor::invoke@30
  0x000001f435dd7224: 2907 e960 

  0x000001f435dd7228: ;   {metadata(nullptr)}
  0x000001f435dd7228: f7ff ff48 | ba00 0000 | 0000 0000 | 00b8 000f 

  0x000001f435dd7238: ;   {runtime_call load_klass_patching Runtime1 stub}
  0x000001f435dd7238: 050a e841 

  0x000001f435dd723c: ; ImmutableOopMap {}
                      ;*new {reexecute=1 rethrow=0 return_oop=0}
                      ; - (reexecute) jdk.internal.reflect.DirectMethodHandleAccessor::invoke@36
  0x000001f435dd723c: 3429 07e9 | a4f7 ffff 

  0x000001f435dd7244: ;   {runtime_call fast_new_instance Runtime1 stub}
  0x000001f435dd7244: 488b d2e8 

  0x000001f435dd7248: ; ImmutableOopMap {}
                      ;*new {reexecute=0 rethrow=0 return_oop=0}
                      ; - jdk.internal.reflect.DirectMethodHandleAccessor::invoke@36
  0x000001f435dd7248: 34f2 2807 | e9ef f7ff 

  0x000001f435dd7250: ;   {metadata(nullptr)}
  0x000001f435dd7250: ff48 ba00 | 0000 0000 | 0000 00b8 | 000f 050a 

  0x000001f435dd7260: ;   {runtime_call load_klass_patching Runtime1 stub}
  0x000001f435dd7260: e81b 3429 

  0x000001f435dd7264: ; ImmutableOopMap {r8=Oop }
                      ;*new {reexecute=1 rethrow=0 return_oop=0}
                      ; - (reexecute) jdk.internal.reflect.DirectMethodHandleAccessor::invoke@46
  0x000001f435dd7264: 07e9 2ef8 

  0x000001f435dd7268: ;   {runtime_call throw_null_pointer_exception Runtime1 stub}
  0x000001f435dd7268: ffff e891 

  0x000001f435dd726c: ; ImmutableOopMap {r8=Oop }
                      ;*new {reexecute=0 rethrow=0 return_oop=0}
                      ; - jdk.internal.reflect.DirectMethodHandleAccessor::invoke@46
  0x000001f435dd726c: e428 0748 

  0x000001f435dd7270: ;   {runtime_call fast_new_instance_init_check Runtime1 stub}
  0x000001f435dd7270: 8bd2 e809 

  0x000001f435dd7274: ; ImmutableOopMap {r8=Oop }
                      ;*new {reexecute=0 rethrow=0 return_oop=0}
                      ; - jdk.internal.reflect.DirectMethodHandleAccessor::invoke@46
  0x000001f435dd7274: f528 07e9 | 81f8 ffff 

  0x000001f435dd727c: ;   {metadata(nullptr)}
  0x000001f435dd727c: 48ba 0000 | 0000 0000 | 0000 b800 

  0x000001f435dd7288: ;   {runtime_call load_klass_patching Runtime1 stub}
  0x000001f435dd7288: 0f05 0ae8 

  0x000001f435dd728c: ; ImmutableOopMap {[280]=Oop }
                      ;*new {reexecute=1 rethrow=0 return_oop=0}
                      ; - (reexecute) jdk.internal.reflect.DirectMethodHandleAccessor::invoke@64
  0x000001f435dd728c: f033 2907 | e9ab f8ff | ff48 8bd2 

  0x000001f435dd7298: ;   {runtime_call fast_new_instance Runtime1 stub}
  0x000001f435dd7298: e8e3 f128 

  0x000001f435dd729c: ; ImmutableOopMap {[280]=Oop }
                      ;*new {reexecute=0 rethrow=0 return_oop=0}
                      ; - jdk.internal.reflect.DirectMethodHandleAccessor::invoke@64
  0x000001f435dd729c: 07e9 f6f8 

  0x000001f435dd72a0: ;   {metadata(nullptr)}
  0x000001f435dd72a0: ffff 48ba | 0000 0000 | 0000 0000 | b800 0f05 

  0x000001f435dd72b0: ;   {runtime_call load_klass_patching Runtime1 stub}
  0x000001f435dd72b0: 0ae8 ca33 

  0x000001f435dd72b4: ; ImmutableOopMap {r8=Oop }
                      ;*new {reexecute=1 rethrow=0 return_oop=0}
                      ; - (reexecute) jdk.internal.reflect.DirectMethodHandleAccessor::invoke@73
  0x000001f435dd72b4: 2907 e935 

  0x000001f435dd72b8: ;   {runtime_call throw_null_pointer_exception Runtime1 stub}
  0x000001f435dd72b8: f9ff ffe8 

  0x000001f435dd72bc: ; ImmutableOopMap {r8=Oop }
                      ;*new {reexecute=0 rethrow=0 return_oop=0}
                      ; - jdk.internal.reflect.DirectMethodHandleAccessor::invoke@73
  0x000001f435dd72bc: 40e4 2807 

  0x000001f435dd72c0: ;   {runtime_call fast_new_instance_init_check Runtime1 stub}
  0x000001f435dd72c0: 488b d2e8 

  0x000001f435dd72c4: ; ImmutableOopMap {r8=Oop }
                      ;*new {reexecute=0 rethrow=0 return_oop=0}
                      ; - jdk.internal.reflect.DirectMethodHandleAccessor::invoke@73
  0x000001f435dd72c4: b8f4 2807 | e988 f9ff 

  0x000001f435dd72cc: ;   {metadata(nullptr)}
  0x000001f435dd72cc: ff48 ba00 | 0000 0000 | 0000 00b8 | 000f 050a 

  0x000001f435dd72dc: ;   {runtime_call load_klass_patching Runtime1 stub}
  0x000001f435dd72dc: e89f 3329 

  0x000001f435dd72e0: ; ImmutableOopMap {[176]=Oop [184]=Oop [192]=Oop }
                      ;*new {reexecute=1 rethrow=0 return_oop=0}
                      ; - (reexecute) jdk.internal.reflect.DirectMethodHandleAccessor::checkReceiver@14
                      ; - jdk.internal.reflect.DirectMethodHandleAccessor::invoke@9
  0x000001f435dd72e0: 07e9 b2f9 | ffff 488b 

  0x000001f435dd72e8: ;   {runtime_call fast_new_instance Runtime1 stub}
  0x000001f435dd72e8: d2e8 92f1 

  0x000001f435dd72ec: ; ImmutableOopMap {[176]=Oop [184]=Oop [192]=Oop }
                      ;*new {reexecute=0 rethrow=0 return_oop=0}
                      ; - jdk.internal.reflect.DirectMethodHandleAccessor::checkReceiver@14
                      ; - jdk.internal.reflect.DirectMethodHandleAccessor::invoke@9
  0x000001f435dd72ec: 2807 e9fd 

  0x000001f435dd72f0: ;   {metadata('java/lang/reflect/InvocationTargetException')}
  0x000001f435dd72f0: f9ff ff48 | bad8 4e04 | 4ef4 0100 | 00b8 000f 

  0x000001f435dd7300: ;   {runtime_call load_klass_patching Runtime1 stub}
  0x000001f435dd7300: 050a e879 

  0x000001f435dd7304: ; ImmutableOopMap {r8=Oop }
                      ;*new {reexecute=1 rethrow=0 return_oop=0}
                      ; - (reexecute) jdk.internal.reflect.DirectMethodHandleAccessor::invoke@83
  0x000001f435dd7304: 3329 07e9 | 4cfa ffff 

  0x000001f435dd730c: ;   {runtime_call throw_null_pointer_exception Runtime1 stub}
  0x000001f435dd730c: e8ef e328 

  0x000001f435dd7310: ; ImmutableOopMap {r8=Oop }
                      ;*new {reexecute=0 rethrow=0 return_oop=0}
                      ; - jdk.internal.reflect.DirectMethodHandleAccessor::invoke@83
  0x000001f435dd7310: 0748 8bd2 

  0x000001f435dd7314: ;   {runtime_call fast_new_instance_init_check Runtime1 stub}
  0x000001f435dd7314: e867 f428 

  0x000001f435dd7318: ; ImmutableOopMap {r8=Oop }
                      ;*new {reexecute=0 rethrow=0 return_oop=0}
                      ; - jdk.internal.reflect.DirectMethodHandleAccessor::invoke@83
  0x000001f435dd7318: 07e9 9ffa | ffff 498b | 87f8 0400 | 0049 c787 | f804 0000 | 0000 0000 | 49c7 8700 | 0500 0000 
  0x000001f435dd7338: 0000 0048 | 81c4 6001 

  0x000001f435dd7340: ;   {runtime_call unwind_exception Runtime1 stub}
  0x000001f435dd7340: 0000 5de9 | b8d4 2807 
[Stub Code]
  0x000001f435dd7348: ;   {no_reloc}
  0x000001f435dd7348: 0f1f 4400 

  0x000001f435dd734c: ;   {static_stub}
  0x000001f435dd734c: 0048 bb50 | 010b 4df4 

  0x000001f435dd7354: ;   {runtime_call I2C/C2I adapters}
  0x000001f435dd7354: 0100 00e9 | 13ac 1b07 

  0x000001f435dd735c: ;   {static_stub}
  0x000001f435dd735c: 9048 bb00 | 0000 0000 

  0x000001f435dd7364: ;   {runtime_call nmethod}
  0x000001f435dd7364: 0000 00e9 | fbff ffff 

  0x000001f435dd736c: ;   {static_stub}
  0x000001f435dd736c: 9048 bb00 | 0000 0000 

  0x000001f435dd7374: ;   {runtime_call nmethod}
  0x000001f435dd7374: 0000 00e9 | fbff ffff 

  0x000001f435dd737c: ;   {static_stub}
  0x000001f435dd737c: 9048 bb00 | 0000 0000 

  0x000001f435dd7384: ;   {runtime_call nmethod}
  0x000001f435dd7384: 0000 00e9 | fbff ffff 

  0x000001f435dd738c: ;   {static_stub}
  0x000001f435dd738c: 9048 bb00 | 0000 0000 

  0x000001f435dd7394: ;   {runtime_call nmethod}
  0x000001f435dd7394: 0000 00e9 | fbff ffff 

  0x000001f435dd739c: ;   {static_stub}
  0x000001f435dd739c: 9048 bb80 | f704 8ef4 

  0x000001f435dd73a4: ;   {runtime_call I2C/C2I adapters}
  0x000001f435dd73a4: 0100 00e9 | 3bce 1c07 

  0x000001f435dd73ac: ;   {static_stub}
  0x000001f435dd73ac: 48bb 0000 | 0000 0000 

  0x000001f435dd73b4: ;   {runtime_call nmethod}
  0x000001f435dd73b4: 0000 e9fb 

  0x000001f435dd73b8: ;   {static_stub}
  0x000001f435dd73b8: ffff ff48 | bb00 0000 | 0000 0000 

  0x000001f435dd73c4: ;   {runtime_call nmethod}
  0x000001f435dd73c4: 00e9 fbff 

  0x000001f435dd73c8: ;   {static_stub}
  0x000001f435dd73c8: ffff 48bb | 0000 0000 | 0000 0000 

  0x000001f435dd73d4: ;   {runtime_call nmethod}
  0x000001f435dd73d4: e9fb ffff 

  0x000001f435dd73d8: ;   {static_stub}
  0x000001f435dd73d8: ff48 bb00 | 0000 0000 

  0x000001f435dd73e0: ;   {runtime_call nmethod}
  0x000001f435dd73e0: 0000 00e9 | fbff ffff 

  0x000001f435dd73e8: ;   {static_stub}
  0x000001f435dd73e8: 48bb 0000 | 0000 0000 

  0x000001f435dd73f0: ;   {runtime_call nmethod}
  0x000001f435dd73f0: 0000 e9fb 

  0x000001f435dd73f4: ;   {static_stub}
  0x000001f435dd73f4: ffff ff48 | bb10 9c3d | 4df4 0100 

  0x000001f435dd7400: ;   {runtime_call I2C/C2I adapters}
  0x000001f435dd7400: 00e9 5dc0 

  0x000001f435dd7404: ;   {static_stub}
  0x000001f435dd7404: 1c07 48bb | 0000 0000 | 0000 0000 

  0x000001f435dd7410: ;   {runtime_call nmethod}
  0x000001f435dd7410: e9fb ffff 

  0x000001f435dd7414: ;   {static_stub}
  0x000001f435dd7414: ff48 bb00 | 0000 0000 

  0x000001f435dd741c: ;   {runtime_call nmethod}
  0x000001f435dd741c: 0000 00e9 | fbff ffff 

  0x000001f435dd7424: ;   {static_stub}
  0x000001f435dd7424: 48bb 0000 | 0000 0000 

  0x000001f435dd742c: ;   {runtime_call nmethod}
  0x000001f435dd742c: 0000 e9fb 

  0x000001f435dd7430: ;   {static_stub}
  0x000001f435dd7430: ffff ff48 | bb00 0000 | 0000 0000 

  0x000001f435dd743c: ;   {runtime_call nmethod}
  0x000001f435dd743c: 00e9 fbff 

  0x000001f435dd7440: ;   {runtime_call handle_exception_from_callee Runtime1 stub}
  0x000001f435dd7440: ffff e8b9 

  0x000001f435dd7444: ;   {external_word}
  0x000001f435dd7444: 0a29 0748 | b990 7f98 | 62fd 7f00 | 0048 83e4 

  0x000001f435dd7454: ;   {runtime_call}
  0x000001f435dd7454: f048 b8e0 | 445b 62fd | 7f00 00ff 

  0x000001f435dd7460: ;   {section_word}
  0x000001f435dd7460: d0f4 49ba | 6274 dd35 | f401 0000 

  0x000001f435dd746c: ;   {runtime_call DeoptimizationBlob}
  0x000001f435dd746c: 4152 e92d 

  0x000001f435dd7470: ;   {section_word}
  0x000001f435dd7470: d51c 0749 | ba73 74dd | 35f4 0100 

  0x000001f435dd747c: ;   {runtime_call DeoptimizationBlob}
  0x000001f435dd747c: 0041 52e9 | 1cd5 1c07 | f4f4 f4f4 
[/MachCode]


Compiled method (c1) 11375 9852   !   3       org.eclipse.e4.core.internal.di.MethodRequestor::execute (176 bytes)
 total in heap  [0x000001f435ceaf90,0x000001f435ceeb48] = 15288
 relocation     [0x000001f435ceb0f0,0x000001f435ceb400] = 784
 main code      [0x000001f435ceb400,0x000001f435ced9d8] = 9688
 stub code      [0x000001f435ced9d8,0x000001f435cedb28] = 336
 oops           [0x000001f435cedb28,0x000001f435cedb38] = 16
 metadata       [0x000001f435cedb38,0x000001f435cedbf8] = 192
 scopes data    [0x000001f435cedbf8,0x000001f435cee038] = 1088
 scopes pcs     [0x000001f435cee038,0x000001f435cee518] = 1248
 dependencies   [0x000001f435cee518,0x000001f435cee538] = 32
 handler table  [0x000001f435cee538,0x000001f435ceea90] = 1368
 nul chk table  [0x000001f435ceea90,0x000001f435ceeb48] = 184

[Constant Pool (empty)]

[MachCode]
[Entry Point]
  # {method} {0x000001f48f7a3608} 'execute' '()Ljava/lang/Object;' in 'org/eclipse/e4/core/internal/di/MethodRequestor'
  #           [sp+0x160]  (sp of caller)
  0x000001f435ceb400: 448b 5208 | 49bb 0000 | 004d f401 | 0000 4d03 | d34c 3bd0 

  0x000001f435ceb414: ;   {runtime_call ic_miss_stub}
  0x000001f435ceb414: 0f85 6633 | 2b07 660f | 1f44 0000 
[Verified Entry Point]
  0x000001f435ceb420: 8984 2400 | 80ff ff55 | 4881 ec50 | 0100 0090 | 4181 7f20 | 0800 0000 

  0x000001f435ceb438: ;   {runtime_call StubRoutines (final stubs)}
  0x000001f435ceb438: 7405 e821 | 9929 0748 | 8994 24b8 

  0x000001f435ceb444: ;   {metadata(method data for {method} {0x000001f48f7a3608} 'execute' '()Ljava/lang/Object;' in 'org/eclipse/e4/core/internal/di/MethodRequestor')}
  0x000001f435ceb444: 0000 0048 | bea0 d971 | 90f4 0100 | 008b becc | 0000 0083 | c702 89be | cc00 0000 | 81e7 fe07 
  0x000001f435ceb464: 0000 85ff | 0f84 d21e | 0000 8b72 | 2848 c1e6 | 0348 85f6 

  0x000001f435ceb478: ;   {metadata(method data for {method} {0x000001f48f7a3608} 'execute' '()Ljava/lang/Object;' in 'org/eclipse/e4/core/internal/di/MethodRequestor')}
  0x000001f435ceb478: 48be a0d9 | 7190 f401 | 0000 48c7 | c710 0100 | 0075 0748 | c7c7 2001 | 0000 488b | 1c3e 488d 
  0x000001f435ceb498: 5b01 4889 | 1c3e 0f85 | 0c03 0000 | 8b72 1448 | c1e6 0348 | 85f6 7516 

  0x000001f435ceb4b0: ;   {metadata(method data for {method} {0x000001f48f7a3608} 'execute' '()Ljava/lang/Object;' in 'org/eclipse/e4/core/internal/di/MethodRequestor')}
  0x000001f435ceb4b0: 48bb a0d9 | 7190 f401 | 0000 808b | 2901 0000 | 01e9 cc00 

  0x000001f435ceb4c4: ;   {metadata('java/lang/reflect/Method')}
  0x000001f435ceb4c4: 0000 48b8 | a805 044d | f401 0000 | 8b7e 0849 | ba00 0000 | 4df4 0100 | 0049 03fa | 483b c70f 
  0x000001f435ceb4e4: 858d 0000 

  0x000001f435ceb4e8: ;   {metadata(method data for {method} {0x000001f48f7a3608} 'execute' '()Ljava/lang/Object;' in 'org/eclipse/e4/core/internal/di/MethodRequestor')}
  0x000001f435ceb4e8: 0048 bba0 | d971 90f4 | 0100 008b | 4608 49ba | 0000 004d | f401 0000 | 4903 c248 | 3b83 4001 
  0x000001f435ceb508: 0000 750d | 4883 8348 | 0100 0001 | e979 0000 | 0048 3b83 | 5001 0000 | 750d 4883 | 8358 0100 
  0x000001f435ceb528: 0001 e963 | 0000 0048 | 83bb 4001 | 0000 0075 | 1748 8983 | 4001 0000 | 48c7 8348 | 0100 0001 
  0x000001f435ceb548: 0000 00e9 | 4200 0000 | 4883 bb50 | 0100 0000 | 7517 4889 | 8350 0100 | 0048 c783 | 5801 0000 
  0x000001f435ceb568: 0100 0000 | e921 0000 | 00e9 1c00 

  0x000001f435ceb574: ;   {metadata(method data for {method} {0x000001f48f7a3608} 'execute' '()Ljava/lang/Object;' in 'org/eclipse/e4/core/internal/di/MethodRequestor')}
  0x000001f435ceb574: 0000 48bb | a0d9 7190 | f401 0000 | 4883 ab30 | 0100 0001 | e9d4 1d00 | 00e9 0000 | 0000 483b 
  0x000001f435ceb594: 0648 8bfe 

  0x000001f435ceb598: ;   {metadata(method data for {method} {0x000001f48f7a3608} 'execute' '()Ljava/lang/Object;' in 'org/eclipse/e4/core/internal/di/MethodRequestor')}
  0x000001f435ceb598: 48bb a0d9 | 7190 f401 | 0000 4883 | 8368 0100 

  0x000001f435ceb5a8: ;   {metadata(method data for {method} {0x000001f44d041d00} 'getParameterTypes' '()[Ljava/lang/Class;' in 'java/lang/reflect/Method')}
  0x000001f435ceb5a8: 0001 48bf | 78e6 4e8f | f401 0000 | 8b9f cc00 | 0000 83c3 | 0289 9fcc | 0000 0081 | e3fe ff1f 
  0x000001f435ceb5c8: 0085 db0f | 849e 1d00 | 008b 7630 | 48c1 e603 

  0x000001f435ceb5d8: ; implicit exception: dispatches to 0x000001f435ced390
  0x000001f435ceb5d8: 483b 0648 

  0x000001f435ceb5dc: ;   {metadata(method data for {method} {0x000001f44d041d00} 'getParameterTypes' '()[Ljava/lang/Class;' in 'java/lang/reflect/Method')}
  0x000001f435ceb5dc: 8bfe 48bb | 78e6 4e8f | f401 0000 | 8b7f 0849 | ba00 0000 | 4df4 0100 | 0049 03fa | 483b bb20 
  0x000001f435ceb5fc: 0100 0075 | 0d48 8383 | 2801 0000 | 01e9 6000 | 0000 483b | bb30 0100 | 0075 0d48 | 8383 3801 
  0x000001f435ceb61c: 0000 01e9 | 4a00 0000 | 4883 bb20 | 0100 0000 | 7517 4889 | bb20 0100 | 0048 c783 | 2801 0000 
  0x000001f435ceb63c: 0100 0000 | e929 0000 | 0048 83bb | 3001 0000 | 0075 1748 | 89bb 3001 | 0000 48c7 | 8338 0100 
  0x000001f435ceb65c: 0001 0000 | 00e9 0800 | 0000 4883 | 8310 0100 | 0001 488b | d60f 1f40 | 0048 b8ff | ffff ffff 
  0x000001f435ceb67c: ;   {virtual_call}
  0x000001f435ceb67c: ffff ffe8 

  0x000001f435ceb680: ; ImmutableOopMap {[184]=Oop }
                      ;*invokevirtual clone {reexecute=0 rethrow=0 return_oop=0}
                      ; - java.lang.reflect.Method::getParameterTypes@4
                      ; - org.eclipse.e4.core.internal.di.MethodRequestor::execute@14 (line 42)
  0x000001f435ceb680: fc36 2b07 

  0x000001f435ceb684: ;   {other}
  0x000001f435ceb684: 0f1f 8400 | f406 0000 | 4885 c075 

  0x000001f435ceb690: ;   {metadata(method data for {method} {0x000001f44d041d00} 'getParameterTypes' '()[Ljava/lang/Class;' in 'java/lang/reflect/Method')}
  0x000001f435ceb690: 1648 bf78 | e64e 8ff4 | 0100 0080 | 8f41 0100 | 0001 e9cd 

  0x000001f435ceb6a4: ;   {metadata('java/lang/Class'[])}
  0x000001f435ceb6a4: 0000 0048 | bbe0 6e00 | 4df4 0100 | 008b 7808 | 49ba 0000 | 004d f401 | 0000 4903 | fa48 3b5f 
  0x000001f435ceb6c4: 400f 858d 

  0x000001f435ceb6c8: ;   {metadata(method data for {method} {0x000001f44d041d00} 'getParameterTypes' '()[Ljava/lang/Class;' in 'java/lang/reflect/Method')}
  0x000001f435ceb6c8: 0000 0048 | bf78 e64e | 8ff4 0100 | 008b 5808 | 49ba 0000 | 004d f401 | 0000 4903 | da48 3b9f 
  0x000001f435ceb6e8: 5801 0000 | 750d 4883 | 8760 0100 | 0001 e979 | 0000 0048 | 3b9f 6801 | 0000 750d | 4883 8770 
  0x000001f435ceb708: 0100 0001 | e963 0000 | 0048 83bf | 5801 0000 | 0075 1748 | 899f 5801 | 0000 48c7 | 8760 0100 
  0x000001f435ceb728: 0001 0000 | 00e9 4200 | 0000 4883 | bf68 0100 | 0000 7517 | 4889 9f68 | 0100 0048 | c787 7001 
  0x000001f435ceb748: 0000 0100 | 0000 e921 | 0000 00e9 | 1c00 0000 

  0x000001f435ceb758: ;   {metadata(method data for {method} {0x000001f44d041d00} 'getParameterTypes' '()[Ljava/lang/Class;' in 'java/lang/reflect/Method')}
  0x000001f435ceb758: 48bf 78e6 | 4e8f f401 | 0000 4883 | af48 0100 | 0001 e926 | 1c00 00e9 | 0000 0000 | 488b d08b 
  0x000001f435ceb778: 520c 85d2 

  0x000001f435ceb77c: ;   {metadata(method data for {method} {0x000001f48f7a3608} 'execute' '()Ljava/lang/Object;' in 'org/eclipse/e4/core/internal/di/MethodRequestor')}
  0x000001f435ceb77c: 48ba a0d9 | 7190 f401 | 0000 48c7 | c6b0 0100 | 007f 0748 | c7c6 a001 | 0000 488b | 3c32 488d 
  0x000001f435ceb79c: 7f01 4889 | 3c32 0f8f | a616 0000 | 488b 9424 | b800 0000 

  0x000001f435ceb7b0: ;   {metadata(method data for {method} {0x000001f48f7a3608} 'execute' '()Ljava/lang/Object;' in 'org/eclipse/e4/core/internal/di/MethodRequestor')}
  0x000001f435ceb7b0: 488b f248 | bfa0 d971 | 90f4 0100 | 008b 7608 | 49ba 0000 | 004d f401 | 0000 4903 | f248 3bb7 
  0x000001f435ceb7d0: d001 0000 | 750d 4883 | 87d8 0100 | 0001 e960 | 0000 0048 | 3bb7 e001 | 0000 750d | 4883 87e8 
  0x000001f435ceb7f0: 0100 0001 | e94a 0000 | 0048 83bf | d001 0000 | 0075 1748 | 89b7 d001 | 0000 48c7 | 87d8 0100 
  0x000001f435ceb810: 0001 0000 | 00e9 2900 | 0000 4883 | bfe0 0100 | 0000 7517 | 4889 b7e0 | 0100 0048 | c787 e801 
  0x000001f435ceb830: 0000 0100 | 0000 e908 | 0000 0048 | 8387 c001 

  0x000001f435ceb840: ;   {metadata(method data for {method} {0x000001f48f7a1c98} 'getRequestingObject' '()Ljava/lang/Object;' in 'org/eclipse/e4/core/internal/di/Requestor')}
  0x000001f435ceb840: 0000 0148 | be50 c471 | 90f4 0100 | 008b becc | 0000 0083 | c702 89be | cc00 0000 | 81e7 feff 
  0x000001f435ceb860: 1f00 85ff | 0f84 391b | 0000 8b72 | 1848 c1e6 | 0348 85f6 

  0x000001f435ceb874: ;   {metadata(method data for {method} {0x000001f48f7a1c98} 'getRequestingObject' '()Ljava/lang/Object;' in 'org/eclipse/e4/core/internal/di/Requestor')}
  0x000001f435ceb874: 48bf 50c4 | 7190 f401 | 0000 48c7 | c310 0100 | 0075 0748 | c7c3 2001 | 0000 488b | 041f 488d 
  0x000001f435ceb894: 4001 4889 | 041f 0f85 | 0f00 0000 

  0x000001f435ceb8a0: ;   {oop(nullptr)}
  0x000001f435ceb8a0: 48be 0000 | 0000 0000 | 0000 e9b8 | 0000 0048 | 3b06 488b 

  0x000001f435ceb8b4: ;   {metadata(method data for {method} {0x000001f48f7a1c98} 'getRequestingObject' '()Ljava/lang/Object;' in 'org/eclipse/e4/core/internal/di/Requestor')}
  0x000001f435ceb8b4: fe48 bb50 | c471 90f4 | 0100 008b | 7f08 49ba | 0000 004d | f401 0000 | 4903 fa48 | 3bbb 4001 
  0x000001f435ceb8d4: 0000 750d | 4883 8348 | 0100 0001 | e960 0000 | 0048 3bbb | 5001 0000 | 750d 4883 | 8358 0100 
  0x000001f435ceb8f4: 0001 e94a | 0000 0048 | 83bb 4001 | 0000 0075 | 1748 89bb | 4001 0000 | 48c7 8348 | 0100 0001 
  0x000001f435ceb914: 0000 00e9 | 2900 0000 | 4883 bb50 | 0100 0000 | 7517 4889 | bb50 0100 | 0048 c783 | 5801 0000 
  0x000001f435ceb934: 0100 0000 | e908 0000 | 0048 8383 | 3001 0000 | 0148 8bd6 | 0f1f 4400 | 0048 b800 | 5f1f 95f4 
  0x000001f435ceb954: ;   {virtual_call}
  0x000001f435ceb954: 0100 00e8 

  0x000001f435ceb958: ; ImmutableOopMap {[184]=Oop }
                      ;*invokevirtual get {reexecute=0 rethrow=0 return_oop=0}
                      ; - org.eclipse.e4.core.internal.di.Requestor::getRequestingObject@13 (line 108)
                      ; - org.eclipse.e4.core.internal.di.MethodRequestor::execute@24 (line 45)
  0x000001f435ceb958: d57a 2b07 

  0x000001f435ceb95c: ;   {other}
  0x000001f435ceb95c: 0f1f 8400 | cc09 0001 | 488b f048 

  0x000001f435ceb968: ;   {metadata(method data for {method} {0x000001f48f7a3608} 'execute' '()Ljava/lang/Object;' in 'org/eclipse/e4/core/internal/di/MethodRequestor')}
  0x000001f435ceb968: 85f6 48b8 | a0d9 7190 | f401 0000 | 48c7 c208 | 0200 0074 | 0748 c7c2 | f801 0000 | 488b 3c10 
  0x000001f435ceb988: 488d 7f01 | 4889 3c10 | 0f84 9814 | 0000 488b | 9424 b800 | 0000 8b7a | 2048 c1e7 | 0348 85ff 
  0x000001f435ceb9a8: ;   {metadata(method data for {method} {0x000001f48f7a3608} 'execute' '()Ljava/lang/Object;' in 'org/eclipse/e4/core/internal/di/MethodRequestor')}
  0x000001f435ceb9a8: 48b8 a0d9 | 7190 f401 | 0000 48c7 | c328 0200 | 0075 0748 | c7c3 1802 | 0000 488b | 0c18 488d 
  0x000001f435ceb9c8: 4901 4889 | 0c18 0f85 | 1900 0000 | bf00 0000 | 0089 bc24 | d400 0000 | 4889 b424 | c000 0000 
  0x000001f435ceb9e8: e9e9 0800 | 0048 89b4 | 24c0 0000 | 0048 3b07 

  0x000001f435ceb9f8: ;   {metadata(method data for {method} {0x000001f48f7a3608} 'execute' '()Ljava/lang/Object;' in 'org/eclipse/e4/core/internal/di/MethodRequestor')}
  0x000001f435ceb9f8: 488b c748 | bba0 d971 | 90f4 0100 

  0x000001f435ceba04: ;   {metadata('org/eclipse/e4/core/internal/contexts/ContextObjectSupplier')}
  0x000001f435ceba04: 0049 ba70 | f82b 4ef4 | 0100 004c | 8993 4802 | 0000 4883 | 8350 0200 | 0001 488d | 9c24 2001 
  0x000001f435ceba24: 0000 4889 | 7b08 488b | 0748 83c8 | 0148 8903 | f048 0fb1 | 1f0f 8412 | 0000 0048 | 2bc4 4825 
  0x000001f435ceba44: 07f0 ffff | 4889 030f | 857d 1900 | 0049 ff87 | 4805 0000 

  0x000001f435ceba58: ;   {metadata(method data for {method} {0x000001f48f794080} 'pauseRecording' '()V' in 'org/eclipse/e4/core/internal/contexts/ContextObjectSupplier')}
  0x000001f435ceba58: 48bb c047 | 0f90 f401 | 0000 8b83 | cc00 0000 | 83c0 0289 | 83cc 0000 | 0025 feff | 1f00 85c0 
  0x000001f435ceba78: 0f84 6319 

  0x000001f435ceba7c: ;   {metadata(method data for {method} {0x000001f48f794080} 'pauseRecording' '()V' in 'org/eclipse/e4/core/internal/contexts/ContextObjectSupplier')}
  0x000001f435ceba7c: 0000 48bf | c047 0f90 | f401 0000 | 4883 8710 | 0100 0001 

  0x000001f435ceba90: ;   {metadata(method data for {method} {0x000001f48f77f4e0} 'getCalculatedComputations' '()Ljava/util/Stack;' in 'org/eclipse/e4/core/internal/contexts/EclipseContext')}
  0x000001f435ceba90: 48bf 70ce | b68f f401 | 0000 8b9f | cc00 0000 | 83c3 0289 | 9fcc 0000 | 0081 e3fe | ff1f 0085 
  0x000001f435cebab0: db0f 844b 

  0x000001f435cebab4: ;   {oop(a 'java/lang/Class'{0x0000000741481bd0} = 'org/eclipse/e4/core/internal/contexts/EclipseContext')}
  0x000001f435cebab4: 1900 0048 | bfd0 1b48 | 4107 0000 | 008b 7f7c | 48c1 e703 

  0x000001f435cebac8: ; implicit exception: dispatches to 0x000001f435ced423
  0x000001f435cebac8: 483b 0748 

  0x000001f435cebacc: ;   {metadata(method data for {method} {0x000001f48f77f4e0} 'getCalculatedComputations' '()Ljava/util/Stack;' in 'org/eclipse/e4/core/internal/contexts/EclipseContext')}
  0x000001f435cebacc: 8bdf 48b8 | 70ce b68f | f401 0000 | 8b5b 0849 | ba00 0000 | 4df4 0100 | 0049 03da | 483b 9820 
  0x000001f435cebaec: 0100 0075 | 0d48 8380 | 2801 0000 | 01e9 6000 | 0000 483b | 9830 0100 | 0075 0d48 | 8380 3801 
  0x000001f435cebb0c: 0000 01e9 | 4a00 0000 | 4883 b820 | 0100 0000 | 7517 4889 | 9820 0100 | 0048 c780 | 2801 0000 
  0x000001f435cebb2c: 0100 0000 | e929 0000 | 0048 83b8 | 3001 0000 | 0075 1748 | 8998 3001 | 0000 48c7 | 8038 0100 
  0x000001f435cebb4c: 0001 0000 | 00e9 0800 | 0000 4883 | 8010 0100 | 0001 488b | d70f 1f40 | 0048 b810 | 1812 4df4 
  0x000001f435cebb6c: ;   {virtual_call}
  0x000001f435cebb6c: 0100 00e8 

  0x000001f435cebb70: ; ImmutableOopMap {[184]=Oop [192]=Oop [296]=Oop }
                      ;*invokevirtual get {reexecute=0 rethrow=0 return_oop=0}
                      ; - org.eclipse.e4.core.internal.contexts.EclipseContext::getCalculatedComputations@3 (line 734)
                      ; - org.eclipse.e4.core.internal.contexts.ContextObjectSupplier::pauseRecording@0 (line 214)
                      ; - org.eclipse.e4.core.internal.di.MethodRequestor::execute@49 (line 51)
  0x000001f435cebb70: cc77 bc07 

  0x000001f435cebb74: ;   {other}
  0x000001f435cebb74: 0f1f 8400 | e40b 0002 | 4885 c075 

  0x000001f435cebb80: ;   {metadata(method data for {method} {0x000001f48f77f4e0} 'getCalculatedComputations' '()Ljava/util/Stack;' in 'org/eclipse/e4/core/internal/contexts/EclipseContext')}
  0x000001f435cebb80: 1648 bf70 | ceb6 8ff4 | 0100 0080 | 8f41 0100 | 0001 e9cc 

  0x000001f435cebb94: ;   {metadata('java/util/Stack')}
  0x000001f435cebb94: 0000 0048 | bae0 720d | 4ef4 0100 | 008b 7008 | 49ba 0000 | 004d f401 | 0000 4903 | f248 3bd6 
  0x000001f435cebbb4: 0f85 8d00 

  0x000001f435cebbb8: ;   {metadata(method data for {method} {0x000001f48f77f4e0} 'getCalculatedComputations' '()Ljava/util/Stack;' in 'org/eclipse/e4/core/internal/contexts/EclipseContext')}
  0x000001f435cebbb8: 0000 48bf | 70ce b68f | f401 0000 | 8b50 0849 | ba00 0000 | 4df4 0100 | 0049 03d2 | 483b 9758 
  0x000001f435cebbd8: 0100 0075 | 0d48 8387 | 6001 0000 | 01e9 7900 | 0000 483b | 9768 0100 | 0075 0d48 | 8387 7001 
  0x000001f435cebbf8: 0000 01e9 | 6300 0000 | 4883 bf58 | 0100 0000 | 7517 4889 | 9758 0100 | 0048 c787 | 6001 0000 
  0x000001f435cebc18: 0100 0000 | e942 0000 | 0048 83bf | 6801 0000 | 0075 1748 | 8997 6801 | 0000 48c7 | 8770 0100 
  0x000001f435cebc38: 0001 0000 | 00e9 2100 | 0000 e91c 

  0x000001f435cebc44: ;   {metadata(method data for {method} {0x000001f48f77f4e0} 'getCalculatedComputations' '()Ljava/util/Stack;' in 'org/eclipse/e4/core/internal/contexts/EclipseContext')}
  0x000001f435cebc44: 0000 0048 | bf70 ceb6 | 8ff4 0100 | 0048 83af | 4801 0000 | 01e9 ca17 | 0000 e900 | 0000 0048 
  0x000001f435cebc64: 8bd0 4885 

  0x000001f435cebc68: ;   {metadata(method data for {method} {0x000001f48f77f4e0} 'getCalculatedComputations' '()Ljava/util/Stack;' in 'org/eclipse/e4/core/internal/contexts/EclipseContext')}
  0x000001f435cebc68: d248 be70 | ceb6 8ff4 | 0100 0048 | c7c7 8001 | 0000 7507 | 48c7 c790 | 0100 0048 | 8b04 3e48 
  0x000001f435cebc88: 8d40 0148 | 8904 3e0f | 8527 0200 

  0x000001f435cebc94: ;   {metadata('java/util/Stack')}
  0x000001f435cebc94: 0048 bae0 | 720d 4ef4 | 0100 0049 | 8b87 b801 | 0000 488d | 7820 493b | bfc8 0100 | 000f 877a 
  0x000001f435cebcb4: 1700 0049 | 89bf b801 | 0000 48c7 | 0001 0000 | 0048 8bca | 49ba 0000 | 004d f401 | 0000 492b 
  0x000001f435cebcd4: ca89 4808 | 4833 c989 | 480c 4833 | c948 8948 | 1048 8948 | 184c 8bc0 

  0x000001f435cebcec: ;   {metadata(method data for {method} {0x000001f48f77f4e0} 'getCalculatedComputations' '()Ljava/util/Stack;' in 'org/eclipse/e4/core/internal/contexts/EclipseContext')}
  0x000001f435cebcec: 49b9 70ce | b68f f401 | 0000 4983 | 81a0 0100 

  0x000001f435cebcfc: ;   {metadata(method data for {method} {0x000001f48e9370d8} '<init>' '()V' in 'java/util/Stack')}
  0x000001f435cebcfc: 0001 49b8 | 7837 3c8f | f401 0000 | 458b 88cc | 0000 0041 | 83c1 0245 | 8988 cc00 | 0000 4181 
  0x000001f435cebd1c: e1fe ff1f | 0045 85c9 | 0f84 1417 | 0000 4c8b 

  0x000001f435cebd2c: ;   {metadata(method data for {method} {0x000001f48e9370d8} '<init>' '()V' in 'java/util/Stack')}
  0x000001f435cebd2c: c049 b978 | 373c 8ff4 | 0100 0049 | 8381 1001 

  0x000001f435cebd3c: ;   {metadata(method data for {method} {0x000001f48e1925d0} '<init>' '()V' in 'java/util/Vector')}
  0x000001f435cebd3c: 0000 0149 | b828 1b3c | 8ff4 0100 | 0045 8b88 | cc00 0000 | 4183 c102 | 4589 88cc | 0000 0041 
  0x000001f435cebd5c: 81e1 feff | 1f00 4585 | c90f 84f4 | 1600 004c 

  0x000001f435cebd6c: ;   {metadata(method data for {method} {0x000001f48e1925d0} '<init>' '()V' in 'java/util/Vector')}
  0x000001f435cebd6c: 8bc0 49b9 | 281b 3c8f | f401 0000 | 4983 8110 | 0100 0001 

  0x000001f435cebd80: ;   {metadata(method data for {method} {0x000001f48e192538} '<init>' '(I)V' in 'java/util/Vector')}
  0x000001f435cebd80: 49b8 681c | 3c8f f401 | 0000 458b | 88cc 0000 | 0041 83c1 | 0245 8988 | cc00 0000 | 4181 e1fe 
  0x000001f435cebda0: ff1f 0045 | 85c9 0f84 | d416 0000 

  0x000001f435cebdac: ;   {metadata(method data for {method} {0x000001f48e192538} '<init>' '(I)V' in 'java/util/Vector')}
  0x000001f435cebdac: 4c8b c049 | b968 1c3c | 8ff4 0100 | 0049 8381 | 1001 0000 | 0141 b80a | 0000 0041 | b900 0000 
  0x000001f435cebdcc: 0048 8bd0 | 4889 8424 | c800 0000 | 0f1f 8000 

  0x000001f435cebddc: ;   {optimized virtual_call}
  0x000001f435cebddc: 0000 00e8 

  0x000001f435cebde0: ; ImmutableOopMap {[184]=Oop [192]=Oop [200]=Oop [296]=Oop }
                      ;*invokespecial <init> {reexecute=0 rethrow=0 return_oop=0}
                      ; - java.util.Vector::<init>@3
                      ; - java.util.Vector::<init>@3
                      ; - java.util.Stack::<init>@1
                      ; - org.eclipse.e4.core.internal.contexts.EclipseContext::getCalculatedComputations@18 (line 736)
                      ; - org.eclipse.e4.core.internal.contexts.ContextObjectSupplier::pauseRecording@0 (line 214)
                      ; - org.eclipse.e4.core.internal.di.MethodRequestor::execute@49 (line 51)
  0x000001f435cebde0: 9c2c 2b07 

  0x000001f435cebde4: ;   {other}
  0x000001f435cebde4: 0f1f 8400 | 540e 0003 

  0x000001f435cebdec: ;   {oop(a 'java/lang/Class'{0x0000000741481bd0} = 'org/eclipse/e4/core/internal/contexts/EclipseContext')}
  0x000001f435cebdec: 49b8 d01b | 4841 0700 | 0000 418b | 507c 48c1 | e203 483b | 024c 8bc2 

  0x000001f435cebe04: ;   {metadata(method data for {method} {0x000001f48f77f4e0} 'getCalculatedComputations' '()Ljava/util/Stack;' in 'org/eclipse/e4/core/internal/contexts/EclipseContext')}
  0x000001f435cebe04: 48be 70ce | b68f f401 | 0000 458b | 4008 49ba | 0000 004d | f401 0000 | 4d03 c24c | 3b86 c001 
  0x000001f435cebe24: 0000 750d | 4883 86c8 | 0100 0001 | e960 0000 | 004c 3b86 | d001 0000 | 750d 4883 | 86d8 0100 
  0x000001f435cebe44: 0001 e94a | 0000 0048 | 83be c001 | 0000 0075 | 174c 8986 | c001 0000 | 48c7 86c8 | 0100 0001 
  0x000001f435cebe64: 0000 00e9 | 2900 0000 | 4883 bed0 | 0100 0000 | 7517 4c89 | 86d0 0100 | 0048 c786 | d801 0000 
  0x000001f435cebe84: 0100 0000 | e908 0000 | 0048 8386 | b001 0000 | 014c 8b84 | 24c8 0000 | 0048 b8ff | ffff ffff 
  0x000001f435cebea4: ;   {virtual_call}
  0x000001f435cebea4: ffff ffe8 

  0x000001f435cebea8: ; ImmutableOopMap {[184]=Oop [192]=Oop [200]=Oop [296]=Oop }
                      ;*invokevirtual set {reexecute=0 rethrow=0 return_oop=0}
                      ; - org.eclipse.e4.core.internal.contexts.EclipseContext::getCalculatedComputations@26 (line 737)
                      ; - org.eclipse.e4.core.internal.contexts.ContextObjectSupplier::pauseRecording@0 (line 214)
                      ; - org.eclipse.e4.core.internal.di.MethodRequestor::execute@49 (line 51)
  0x000001f435cebea8: d42e 2b07 

  0x000001f435cebeac: ;   {other}
  0x000001f435cebeac: 0f1f 8400 | 1c0f 0004 | 488b 9424 | c800 0000 

  0x000001f435cebebc: ; implicit exception: dispatches to 0x000001f435ced4a6
  0x000001f435cebebc: 483b 0248 

  0x000001f435cebec0: ;   {metadata(method data for {method} {0x000001f48f794080} 'pauseRecording' '()V' in 'org/eclipse/e4/core/internal/contexts/ContextObjectSupplier')}
  0x000001f435cebec0: 8bc2 49b8 | c047 0f90 | f401 0000 | 4983 8038 | 0100 0001 

  0x000001f435cebed4: ;   {metadata(method data for {method} {0x000001f48e937178} 'push' '(Ljava/lang/Object;)Ljava/lang/Object;' in 'java/util/Stack')}
  0x000001f435cebed4: 48b8 18cb | 2e8f f401 | 0000 448b | 80cc 0000 | 0041 83c0 | 0244 8980 | cc00 0000 | 4181 e0fe 
  0x000001f435cebef4: ff1f 0045 | 85c0 0f84 | ab15 0000 

  0x000001f435cebf00: ;   {metadata(method data for {method} {0x000001f48e937178} 'push' '(Ljava/lang/Object;)Ljava/lang/Object;' in 'java/util/Stack')}
  0x000001f435cebf00: 488b c249 | b818 cb2e | 8ff4 0100 | 008b 4008 | 49ba 0000 | 004d f401 | 0000 4903 | c249 3b80 
  0x000001f435cebf20: 2001 0000 | 750d 4983 | 8028 0100 | 0001 e960 | 0000 0049 | 3b80 3001 | 0000 750d | 4983 8038 
  0x000001f435cebf40: 0100 0001 | e94a 0000 | 0049 83b8 | 2001 0000 | 0075 1749 | 8980 2001 | 0000 49c7 | 8028 0100 
  0x000001f435cebf60: 0001 0000 | 00e9 2900 | 0000 4983 | b830 0100 | 0000 7517 | 4989 8030 | 0100 0049 | c780 3801 
  0x000001f435cebf80: 0000 0100 | 0000 e908 | 0000 0049 | 8380 1001 | 0000 014c | 8d84 2430 | 0100 0049 | 8950 0848 
  0x000001f435cebfa0: 8b02 4883 | c801 4989 | 00f0 4c0f | b102 0f84 | 1200 0000 | 482b c448 | 2507 f0ff | ff49 8900 
  0x000001f435cebfc0: 0f85 0615 | 0000 49ff | 8748 0500 

  0x000001f435cebfcc: ;   {metadata(method data for {method} {0x000001f48e1937d0} 'addElement' '(Ljava/lang/Object;)V' in 'java/util/Vector')}
  0x000001f435cebfcc: 0049 b850 | c62e 8ff4 | 0100 0041 | 8bb0 cc00 | 0000 83c6 | 0241 89b0 | cc00 0000 | 81e6 feff 
  0x000001f435cebfec: 1f00 85f6 | 0f84 e914 | 0000 448b | 420c 41ff | c044 8942 | 0c44 8b42 | 1849 c1e0 | 038b 7210 
  0x000001f435cec00c: ;   {metadata(method data for {method} {0x000001f48e1937d0} 'addElement' '(Ljava/lang/Object;)V' in 'java/util/Vector')}
  0x000001f435cec00c: 488b fa48 | bb50 c62e | 8ff4 0100 | 0048 8383 | 1001 0000 

  0x000001f435cec020: ;   {metadata(method data for {method} {0x000001f48e193f30} 'add' '(Ljava/lang/Object;[Ljava/lang/Object;I)V' in 'java/util/Vector')}
  0x000001f435cec020: 0148 bf58 | c42e 8ff4 | 0100 008b | 9fcc 0000 | 0083 c302 | 899f cc00 | 0000 81e3 | feff 1f00 
  0x000001f435cec040: 85db 0f84 | b814 0000 

  0x000001f435cec048: ; implicit exception: dispatches to 0x000001f435ced521
  0x000001f435cec048: 418b 780c 

  0x000001f435cec04c: ;   {metadata(method data for {method} {0x000001f48e193f30} 'add' '(Ljava/lang/Object;[Ljava/lang/Object;I)V' in 'java/util/Vector')}
  0x000001f435cec04c: 3bf7 48bf | 58c4 2e8f | f401 0000 | 48c7 c310 | 0100 0075 | 0748 c7c3 | 2001 0000 | 488b 041f 
  0x000001f435cec06c: 488d 4001 | 4889 041f | 0f85 9400 | 0000 4c8b 

  0x000001f435cec07c: ;   {metadata(method data for {method} {0x000001f48e193f30} 'add' '(Ljava/lang/Object;[Ljava/lang/Object;I)V' in 'java/util/Vector')}
  0x000001f435cec07c: c248 bf58 | c42e 8ff4 | 0100 0048 | 8387 3001 

  0x000001f435cec08c: ;   {metadata(method data for {method} {0x000001f48e192a68} 'grow' '()[Ljava/lang/Object;' in 'java/util/Vector')}
  0x000001f435cec08c: 0000 0149 | b8e0 c72e | 8ff4 0100 | 0041 8bb8 | cc00 0000 | 83c7 0241 | 89b8 cc00 | 0000 81e7 
  0x000001f435cec0ac: feff 1f00 | 85ff 0f84 | 6e14 0000 

  0x000001f435cec0b8: ;   {metadata(method data for {method} {0x000001f48e192a68} 'grow' '()[Ljava/lang/Object;' in 'java/util/Vector')}
  0x000001f435cec0b8: 4c8b c248 | bfe0 c72e | 8ff4 0100 | 0048 8387 | 1001 0000 | 014c 8bc6 | 41ff c048 | 8bfa 488b 
  0x000001f435cec0d8: d748 89bc | 24d8 0000 | 0089 b424 | d000 0000 | 0f1f 8000 

  0x000001f435cec0ec: ;   {optimized virtual_call}
  0x000001f435cec0ec: 0000 00e8 

  0x000001f435cec0f0: ; ImmutableOopMap {[184]=Oop [192]=Oop [216]=Oop [296]=Oop [312]=Oop }
                      ;*invokevirtual grow {reexecute=0 rethrow=0 return_oop=0}
                      ; - java.util.Vector::grow@7
                      ; - java.util.Vector::add@7
                      ; - java.util.Vector::addElement@20
                      ; - java.util.Stack::push@2
                      ; - org.eclipse.e4.core.internal.contexts.ContextObjectSupplier::pauseRecording@6 (line 215)
                      ; - org.eclipse.e4.core.internal.di.MethodRequestor::execute@49 (line 51)
  0x000001f435cec0f0: 8c29 2b07 

  0x000001f435cec0f4: ;   {other}
  0x000001f435cec0f4: 0f1f 8400 | 6411 0005 | 4c8b c08b | b424 d000 | 0000 488b | 9424 d800 

  0x000001f435cec10c: ;   {oop(nullptr)}
  0x000001f435cec10c: 0000 48b8 | 0000 0000 | 0000 0000 

  0x000001f435cec118: ; implicit exception: dispatches to 0x000001f435ced547
  0x000001f435cec118: 413b 700c | 0f83 2f14 | 0000 4885 

  0x000001f435cec124: ;   {metadata(method data for {method} {0x000001f48e193f30} 'add' '(Ljava/lang/Object;[Ljava/lang/Object;I)V' in 'java/util/Vector')}
  0x000001f435cec124: c075 1648 | bb58 c42e | 8ff4 0100 | 0080 8b61 | 0100 0001 | e9f9 0000 | 0041 8b78 | 0849 ba00 
  0x000001f435cec144: 0000 4df4 | 0100 0049 | 03fa 8b58 | 0849 ba00 | 0000 4df4 | 0100 0049 | 03da 488b | bfd0 0000 
  0x000001f435cec164: 0048 3bdf | 0f84 2700 | 0000 8b4f | 1448 3b3c | 0b0f 841a | 0000 0083 | f920 0f85 | 9b00 0000 
  0x000001f435cec184: ;   {runtime_call slow_subtype_check Runtime1 stub}
  0x000001f435cec184: 5357 e875 | ce37 075b | 5f85 ff0f | 848a 0000 

  0x000001f435cec194: ;   {metadata(method data for {method} {0x000001f48e193f30} 'add' '(Ljava/lang/Object;[Ljava/lang/Object;I)V' in 'java/util/Vector')}
  0x000001f435cec194: 0048 bb58 | c42e 8ff4 | 0100 008b | 7808 49ba | 0000 004d | f401 0000 | 4903 fa48 | 3bbb 7801 
  0x000001f435cec1b4: 0000 750d | 4883 8380 | 0100 0001 | e971 0000 | 0048 3bbb | 8801 0000 | 750d 4883 | 8390 0100 
  0x000001f435cec1d4: 0001 e95b | 0000 0048 | 83bb 7801 | 0000 0075 | 1748 89bb | 7801 0000 | 48c7 8380 | 0100 0001 
  0x000001f435cec1f4: 0000 00e9 | 3a00 0000 | 4883 bb88 | 0100 0000 | 7517 4889 | bb88 0100 | 0048 c783 | 9001 0000 
  0x000001f435cec214: 0100 0000 | e919 0000 

  0x000001f435cec21c: ;   {metadata(method data for {method} {0x000001f48e193f30} 'add' '(Ljava/lang/Object;[Ljava/lang/Object;I)V' in 'java/util/Vector')}
  0x000001f435cec21c: 00eb 1748 | bb58 c42e | 8ff4 0100 | 0048 83ab | 6801 0000 | 01e9 2e13 | 0000 4863 | fe49 8d7c 
  0x000001f435cec23c: b810 410f | be5f 4085 | db0f 8522 | 1300 004c | 8bd0 49c1 | ea03 4489 | 1748 8bdf | 4833 d848 
  0x000001f435cec25c: c1eb 1548 | 83fb 000f | 8522 1300 | 00ff c689 | 7210 488d | 8424 3001 | 0000 488b | 1048 85d2 
  0x000001f435cec27c: 0f84 0f00 | 0000 488b | 7008 f048 | 0fb1 160f | 8512 1300 | 0049 ff8f | 4805 0000 | 488d 8424 
  0x000001f435cec29c: 2001 0000 | 488b 1048 | 85d2 0f84 | 0f00 0000 | 488b 7008 | f048 0fb1 | 160f 85fe | 1200 0049 
  0x000001f435cec2bc: ff8f 4805 | 0000 bf01 | 0000 0089 | bc24 d400 | 0000 488b | 9424 b800 | 0000 8b72 | 1448 c1e6 
  0x000001f435cec2dc: 0348 85f6 

  0x000001f435cec2e0: ;   {metadata(method data for {method} {0x000001f48f7a3608} 'execute' '()Ljava/lang/Object;' in 'org/eclipse/e4/core/internal/di/MethodRequestor')}
  0x000001f435cec2e0: 7516 48b8 | a0d9 7190 | f401 0000 | 8088 6902 | 0000 01e9 | cc00 0000 

  0x000001f435cec2f8: ;   {metadata('java/lang/reflect/Method')}
  0x000001f435cec2f8: 48b9 a805 | 044d f401 | 0000 8b5e | 0849 ba00 | 0000 4df4 | 0100 0049 | 03da 483b | cb0f 858d 
  0x000001f435cec318: ;   {metadata(method data for {method} {0x000001f48f7a3608} 'execute' '()Ljava/lang/Object;' in 'org/eclipse/e4/core/internal/di/MethodRequestor')}
  0x000001f435cec318: 0000 0048 | b8a0 d971 | 90f4 0100 | 008b 4e08 | 49ba 0000 | 004d f401 | 0000 4903 | ca48 3b88 
  0x000001f435cec338: 8002 0000 | 750d 4883 | 8088 0200 | 0001 e979 | 0000 0048 | 3b88 9002 | 0000 750d | 4883 8098 
  0x000001f435cec358: 0200 0001 | e963 0000 | 0048 83b8 | 8002 0000 | 0075 1748 | 8988 8002 | 0000 48c7 | 8088 0200 
  0x000001f435cec378: 0001 0000 | 00e9 4200 | 0000 4883 | b890 0200 | 0000 7517 | 4889 8890 | 0200 0048 | c780 9802 
  0x000001f435cec398: 0000 0100 | 0000 e921 | 0000 00e9 | 1c00 0000 

  0x000001f435cec3a8: ;   {metadata(method data for {method} {0x000001f48f7a3608} 'execute' '()Ljava/lang/Object;' in 'org/eclipse/e4/core/internal/di/MethodRequestor')}
  0x000001f435cec3a8: 48b8 a0d9 | 7190 f401 | 0000 4883 | a870 0200 | 0001 e910 | 1200 00e9 | 0000 0000 

  0x000001f435cec3c4: ; implicit exception: dispatches to 0x000001f435ced5d8
  0x000001f435cec3c4: 483b 0648 

  0x000001f435cec3c8: ;   {metadata(method data for {method} {0x000001f48f7a3608} 'execute' '()Ljava/lang/Object;' in 'org/eclipse/e4/core/internal/di/MethodRequestor')}
  0x000001f435cec3c8: 8bde 48b8 | a0d9 7190 | f401 0000 | 4883 80a8 | 0200 0001 

  0x000001f435cec3dc: ;   {optimized virtual_call}
  0x000001f435cec3dc: 488b d6e8 

  0x000001f435cec3e0: ; ImmutableOopMap {[184]=Oop [192]=Oop }
                      ;*invokevirtual trySetAccessible {reexecute=0 rethrow=0 return_oop=0}
                      ; - org.eclipse.e4.core.internal.di.MethodRequestor::execute@61 (line 55)
  0x000001f435cec3e0: 9c25 8100 

  0x000001f435cec3e4: ;   {other}
  0x000001f435cec3e4: 0f1f 8400 | 5414 0006 | 488b 9424 | b800 0000 | 8b72 1448 | c1e6 0348 | 85f6 7516 

  0x000001f435cec400: ;   {metadata(method data for {method} {0x000001f48f7a3608} 'execute' '()Ljava/lang/Object;' in 'org/eclipse/e4/core/internal/di/MethodRequestor')}
  0x000001f435cec400: 48bb a0d9 | 7190 f401 | 0000 808b | d902 0000 | 01e9 cc00 

  0x000001f435cec414: ;   {metadata('java/lang/reflect/Method')}
  0x000001f435cec414: 0000 48b8 | a805 044d | f401 0000 | 8b7e 0849 | ba00 0000 | 4df4 0100 | 0049 03fa | 483b c70f 
  0x000001f435cec434: 858d 0000 

  0x000001f435cec438: ;   {metadata(method data for {method} {0x000001f48f7a3608} 'execute' '()Ljava/lang/Object;' in 'org/eclipse/e4/core/internal/di/MethodRequestor')}
  0x000001f435cec438: 0048 bba0 | d971 90f4 | 0100 008b | 4608 49ba | 0000 004d | f401 0000 | 4903 c248 | 3b83 f002 
  0x000001f435cec458: 0000 750d | 4883 83f8 | 0200 0001 | e979 0000 | 0048 3b83 | 0003 0000 | 750d 4883 | 8308 0300 
  0x000001f435cec478: 0001 e963 | 0000 0048 | 83bb f002 | 0000 0075 | 1748 8983 | f002 0000 | 48c7 83f8 | 0200 0001 
  0x000001f435cec498: 0000 00e9 | 4200 0000 | 4883 bb00 | 0300 0000 | 7517 4889 | 8300 0300 | 0048 c783 | 0803 0000 
  0x000001f435cec4b8: 0100 0000 | e921 0000 | 00e9 1c00 

  0x000001f435cec4c4: ;   {metadata(method data for {method} {0x000001f48f7a3608} 'execute' '()Ljava/lang/Object;' in 'org/eclipse/e4/core/internal/di/MethodRequestor')}
  0x000001f435cec4c4: 0000 48bb | a0d9 7190 | f401 0000 | 4883 abe0 | 0200 0001 | e900 1100 | 00e9 0000 | 0000 4889 
  0x000001f435cec4e4: b424 e000 | 0000 8b7a | 2848 c1e7 | 0348 3b06 

  0x000001f435cec4f4: ;   {metadata(method data for {method} {0x000001f48f7a3608} 'execute' '()Ljava/lang/Object;' in 'org/eclipse/e4/core/internal/di/MethodRequestor')}
  0x000001f435cec4f4: 488b de48 | b8a0 d971 | 90f4 0100 | 0048 8380 | 1803 0000 

  0x000001f435cec508: ;   {metadata(method data for {method} {0x000001f44d043cd8} 'invoke' '(Ljava/lang/Object;[Ljava/lang/Object;)Ljava/lang/Object;' in 'java/lang/reflect/Method')}
  0x000001f435cec508: 0148 bb50 | 5736 8ef4 | 0100 008b | 83cc 0000 | 0083 c002 | 8983 cc00 | 0000 25fe | ff1f 0085 
  0x000001f435cec528: c00f 84bc | 1000 0048 

  0x000001f435cec530: ;   {metadata(method data for {method} {0x000001f44d043cd8} 'invoke' '(Ljava/lang/Object;[Ljava/lang/Object;)Ljava/lang/Object;' in 'java/lang/reflect/Method')}
  0x000001f435cec530: 8bde 48b8 | 5057 368e | f401 0000 | 4883 8010 | 0100 0001 | 488b d648 | 89bc 24e8 

  0x000001f435cec54c: ;   {optimized virtual_call}
  0x000001f435cec54c: 0000 00e8 

  0x000001f435cec550: ; ImmutableOopMap {[184]=Oop [192]=Oop [224]=Oop [232]=Oop }
                      ;*invokevirtual isCallerSensitive {reexecute=0 rethrow=0 return_oop=0}
                      ; - java.lang.reflect.Method::invoke@1
                      ; - org.eclipse.e4.core.internal.di.MethodRequestor::execute@77 (line 56)
  0x000001f435cec550: ac29 0e00 

  0x000001f435cec554: ;   {other}
  0x000001f435cec554: 0f1f 8400 | c415 0007 | 488b b424 | e000 0000 | 0fbe 7e0c 

  0x000001f435cec568: ;   {metadata(method data for {method} {0x000001f44d043cd8} 'invoke' '(Ljava/lang/Object;[Ljava/lang/Object;)Ljava/lang/Object;' in 'java/lang/reflect/Method')}
  0x000001f435cec568: 85ff 48bf | 5057 368e | f401 0000 | 48c7 c348 | 0100 0074 | 0748 c7c3 | 5801 0000 | 488b 141f 
  0x000001f435cec588: 488d 5201 | 4889 141f | 0f84 4400 | 0000 85c0 

  0x000001f435cec598: ;   {metadata(method data for {method} {0x000001f44d043cd8} 'invoke' '(Ljava/lang/Object;[Ljava/lang/Object;)Ljava/lang/Object;' in 'java/lang/reflect/Method')}
  0x000001f435cec598: 48bf 5057 | 368e f401 | 0000 48c7 | c378 0100 | 0075 0748 | c7c3 6801 | 0000 488b | 141f 488d 
  0x000001f435cec5b8: 5201 4889 | 141f 0f85 | 1600 0000 

  0x000001f435cec5c4: ;   {oop(nullptr)}
  0x000001f435cec5c4: 48bb 0000 | 0000 0000 | 0000 8984 | 24f0 0000 | 00e9 3500 | 0000 8984 | 24f0 0000 

  0x000001f435cec5e0: ;   {metadata(method data for {method} {0x000001f44d043cd8} 'invoke' '(Ljava/lang/Object;[Ljava/lang/Object;)Ljava/lang/Object;' in 'java/lang/reflect/Method')}
  0x000001f435cec5e0: 0048 bf50 | 5736 8ef4 | 0100 0048 | 8387 8801 | 0000 010f 

  0x000001f435cec5f4: ;   {static_call}
  0x000001f435cec5f4: 1f40 00e8 

  0x000001f435cec5f8: ; ImmutableOopMap {[184]=Oop [192]=Oop [224]=Oop [232]=Oop }
                      ;*invokestatic getCallerClass {reexecute=0 rethrow=0 return_oop=0}
                      ; - java.lang.reflect.Method::invoke@19
                      ; - org.eclipse.e4.core.internal.di.MethodRequestor::execute@77 (line 56)
  0x000001f435cec5f8: 842a 2b07 

  0x000001f435cec5fc: ;   {other}
  0x000001f435cec5fc: 0f1f 8400 | 6c16 0008 | 488b d848 | 8bb4 24e0 | 0000 0044 | 0fbe 460c 

  0x000001f435cec614: ;   {metadata(method data for {method} {0x000001f44d043cd8} 'invoke' '(Ljava/lang/Object;[Ljava/lang/Object;)Ljava/lang/Object;' in 'java/lang/reflect/Method')}
  0x000001f435cec614: 4585 c049 | b850 5736 | 8ef4 0100 | 0049 c7c1 | a801 0000 | 7407 49c7 | c198 0100 | 004b 8b3c 
  0x000001f435cec634: 0848 8d7f | 014b 893c | 080f 840d | 0000 0048 | 899c 24f8 | 0000 00e9 | 7401 0000 | 448b 4e24 
  0x000001f435cec654: 49c1 e103 

  0x000001f435cec658: ;   {metadata(method data for {method} {0x000001f44d043cd8} 'invoke' '(Ljava/lang/Object;[Ljava/lang/Object;)Ljava/lang/Object;' in 'java/lang/reflect/Method')}
  0x000001f435cec658: 8b56 2049 | b850 5736 | 8ef4 0100 | 0049 8380 | b801 0000 

  0x000001f435cec66c: ;   {metadata(method data for {method} {0x000001f44d3dc098} 'isStatic' '(I)Z' in 'java/lang/reflect/Modifier')}
  0x000001f435cec66c: 0149 b898 | 2b06 8ef4 | 0100 0041 | 8bb8 cc00 | 0000 83c7 | 0241 89b8 | cc00 0000 | 81e7 feff 
  0x000001f435cec68c: 1f00 85ff | 0f84 760f | 0000 4c8b | c241 83e0 | 0845 85c0 

  0x000001f435cec6a0: ;   {metadata(method data for {method} {0x000001f44d3dc098} 'isStatic' '(I)Z' in 'java/lang/reflect/Modifier')}
  0x000001f435cec6a0: 49b8 982b | 068e f401 | 0000 48c7 | c710 0100 | 0074 0748 | c7c7 2001 | 0000 498b | 0438 488d 
  0x000001f435cec6c0: 4001 4989 | 0438 0f84 | 1c00 0000 

  0x000001f435cec6cc: ;   {metadata(method data for {method} {0x000001f44d3dc098} 'isStatic' '(I)Z' in 'java/lang/reflect/Modifier')}
  0x000001f435cec6cc: 49b8 982b | 068e f401 | 0000 41ff | 8030 0100 | 0041 b801 | 0000 00e9 | 0600 0000 | 41b8 0000 
  0x000001f435cec6ec: 0000 4183 | e001 4585 

  0x000001f435cec6f4: ;   {metadata(method data for {method} {0x000001f44d043cd8} 'invoke' '(Ljava/lang/Object;[Ljava/lang/Object;)Ljava/lang/Object;' in 'java/lang/reflect/Method')}
  0x000001f435cec6f4: c049 b850 | 5736 8ef4 | 0100 0048 | c7c7 c801 | 0000 7407 | 48c7 c7d8 | 0100 0049 | 8b04 3848 
  0x000001f435cec714: 8d40 0149 | 8904 380f | 8420 0000 

  0x000001f435cec720: ;   {metadata(method data for {method} {0x000001f44d043cd8} 'invoke' '(Ljava/lang/Object;[Ljava/lang/Object;)Ljava/lang/Object;' in 'java/lang/reflect/Method')}
  0x000001f435cec720: 0049 b850 | 5736 8ef4 | 0100 0041 | ff80 e801 

  0x000001f435cec730: ;   {oop(nullptr)}
  0x000001f435cec730: 0000 48bf | 0000 0000 | 0000 0000 | e943 0000 | 0048 8b84 | 24c0 0000 | 0048 3b00 

  0x000001f435cec74c: ;   {metadata(method data for {method} {0x000001f44d043cd8} 'invoke' '(Ljava/lang/Object;[Ljava/lang/Object;)Ljava/lang/Object;' in 'java/lang/reflect/Method')}
  0x000001f435cec74c: 4c8b c048 | bf50 5736 | 8ef4 0100 | 0048 8387 | 0002 0000 | 0144 8b40 | 0849 ba00 | 0000 4df4 
  0x000001f435cec76c: 0100 004d | 03c2 4d8b | 4070 4d8b | 0049 8bf8 | 4889 8424 | c000 0000 

  0x000001f435cec784: ;   {metadata(method data for {method} {0x000001f44d043cd8} 'invoke' '(Ljava/lang/Object;[Ljava/lang/Object;)Ljava/lang/Object;' in 'java/lang/reflect/Method')}
  0x000001f435cec784: 4c8b c648 | b950 5736 | 8ef4 0100 | 0048 8381 | 3802 0000 | 014c 8bc3 | 488b ce48 | 8bf2 488b 
  0x000001f435cec7a4: d148 899c | 24f8 0000 

  0x000001f435cec7ac: ;   {optimized virtual_call}
  0x000001f435cec7ac: 0066 90e8 

  0x000001f435cec7b0: ; ImmutableOopMap {[184]=Oop [192]=Oop [224]=Oop [232]=Oop [248]=Oop }
                      ;*invokevirtual checkAccess {reexecute=0 rethrow=0 return_oop=0}
                      ; - java.lang.reflect.Method::invoke@60
                      ; - org.eclipse.e4.core.internal.di.MethodRequestor::execute@77 (line 56)
  0x000001f435cec7b0: cc22 2b07 

  0x000001f435cec7b4: ;   {other}
  0x000001f435cec7b4: 0f1f 8400 | 2418 0009 | 488b b424 | e000 0000 | 8b56 4c48 | c1e2 0348 

  0x000001f435cec7cc: ;   {metadata(method data for {method} {0x000001f44d043cd8} 'invoke' '(Ljava/lang/Object;[Ljava/lang/Object;)Ljava/lang/Object;' in 'java/lang/reflect/Method')}
  0x000001f435cec7cc: 85d2 48bf | 5057 368e | f401 0000 | 48c7 c370 | 0200 0075 | 0748 c7c3 | 8002 0000 | 488b 041f 
  0x000001f435cec7ec: 488d 4001 | 4889 041f | 0f85 2d00 | 0000 488b 

  0x000001f435cec7fc: ;   {metadata(method data for {method} {0x000001f44d043cd8} 'invoke' '(Ljava/lang/Object;[Ljava/lang/Object;)Ljava/lang/Object;' in 'java/lang/reflect/Method')}
  0x000001f435cec7fc: d648 bf50 | 5736 8ef4 | 0100 0048 | 8387 9002 | 0000 0148 | 8bd6 0f1f 

  0x000001f435cec814: ;   {optimized virtual_call}
  0x000001f435cec814: 4400 00e8 

  0x000001f435cec818: ; ImmutableOopMap {[184]=Oop [192]=Oop [232]=Oop [248]=Oop }
                      ;*invokevirtual acquireMethodAccessor {reexecute=0 rethrow=0 return_oop=0}
                      ; - java.lang.reflect.Method::invoke@75
                      ; - org.eclipse.e4.core.internal.di.MethodRequestor::execute@77 (line 56)
  0x000001f435cec818: ba12 0000 

  0x000001f435cec81c: ;   {other}
  0x000001f435cec81c: 0f1f 8400 | 8c18 000a | 488b d08b | 8424 f000 | 0000 85c0 

  0x000001f435cec830: ;   {metadata(method data for {method} {0x000001f44d043cd8} 'invoke' '(Ljava/lang/Object;[Ljava/lang/Object;)Ljava/lang/Object;' in 'java/lang/reflect/Method')}
  0x000001f435cec830: 49b8 5057 | 368e f401 | 0000 49c7 | c1c8 0200 | 0074 0749 | c7c1 d802 | 0000 4b8b | 3c08 488d 
  0x000001f435cec850: 7f01 4b89 | 3c08 0f84 | e600 0000 | 488b 9c24 | f800 0000 

  0x000001f435cec864: ; implicit exception: dispatches to 0x000001f435ced632
  0x000001f435cec864: 483b 024c 

  0x000001f435cec868: ;   {metadata(method data for {method} {0x000001f44d043cd8} 'invoke' '(Ljava/lang/Object;[Ljava/lang/Object;)Ljava/lang/Object;' in 'java/lang/reflect/Method')}
  0x000001f435cec868: 8bc2 49b9 | 5057 368e | f401 0000 | 458b 4008 | 49ba 0000 | 004d f401 | 0000 4d03 | c24d 3b81 
  0x000001f435cec888: f802 0000 | 750d 4983 | 8100 0300 | 0001 e960 | 0000 004d | 3b81 0803 | 0000 750d | 4983 8110 
  0x000001f435cec8a8: 0300 0001 | e94a 0000 | 0049 83b9 | f802 0000 | 0075 174d | 8981 f802 | 0000 49c7 | 8100 0300 
  0x000001f435cec8c8: 0001 0000 | 00e9 2900 | 0000 4983 | b908 0300 | 0000 7517 | 4d89 8108 | 0300 0049 | c781 1003 
  0x000001f435cec8e8: 0000 0100 | 0000 e908 | 0000 0049 | 8381 e802 | 0000 014c | 8b84 24c0 | 0000 004c | 8b8c 24e8 
  0x000001f435cec908: 0000 0048 | 8bfb 0f1f | 8000 0000 | 0048 b8ff | ffff ffff 

  0x000001f435cec91c: ;   {virtual_call}
  0x000001f435cec91c: ffff ffe8 

  0x000001f435cec920: ; ImmutableOopMap {[184]=Oop }
                      ;*invokeinterface invoke {reexecute=0 rethrow=0 return_oop=0}
                      ; - java.lang.reflect.Method::invoke@90
                      ; - org.eclipse.e4.core.internal.di.MethodRequestor::execute@77 (line 56)
  0x000001f435cec920: 5c24 2b07 

  0x000001f435cec924: ;   {other}
  0x000001f435cec924: 0f1f 8400 | 9419 000b 

  0x000001f435cec92c: ;   {metadata(method data for {method} {0x000001f44d043cd8} 'invoke' '(Ljava/lang/Object;[Ljava/lang/Object;)Ljava/lang/Object;' in 'java/lang/reflect/Method')}
  0x000001f435cec92c: 49b8 5057 | 368e f401 | 0000 41ff | 8020 0300 | 00e9 c200 | 0000 488b | bc24 e800 | 0000 483b 
  0x000001f435cec94c: 024c 8bc2 

  0x000001f435cec950: ;   {metadata(method data for {method} {0x000001f44d043cd8} 'invoke' '(Ljava/lang/Object;[Ljava/lang/Object;)Ljava/lang/Object;' in 'java/lang/reflect/Method')}
  0x000001f435cec950: 49b9 5057 | 368e f401 | 0000 458b | 4008 49ba | 0000 004d | f401 0000 | 4d03 c24d | 3b81 4803 
  0x000001f435cec970: 0000 750d | 4983 8150 | 0300 0001 | e960 0000 | 004d 3b81 | 5803 0000 | 750d 4983 | 8160 0300 
  0x000001f435cec990: 0001 e94a | 0000 0049 | 83b9 4803 | 0000 0075 | 174d 8981 | 4803 0000 | 49c7 8150 | 0300 0001 
  0x000001f435cec9b0: 0000 00e9 | 2900 0000 | 4983 b958 | 0300 0000 | 7517 4d89 | 8158 0300 | 0049 c781 | 6003 0000 
  0x000001f435cec9d0: 0100 0000 | e908 0000 | 0049 8381 | 3803 0000 | 014c 8b84 | 24c0 0000 | 004c 8bcf | 9048 b8b8 
  0x000001f435cec9f0: dc19 4df4 

  0x000001f435cec9f4: ;   {virtual_call}
  0x000001f435cec9f4: 0100 00e8 

  0x000001f435cec9f8: ; ImmutableOopMap {[184]=Oop }
                      ;*invokeinterface invoke {reexecute=0 rethrow=0 return_oop=0}
                      ; - java.lang.reflect.Method::invoke@102
                      ; - org.eclipse.e4.core.internal.di.MethodRequestor::execute@77 (line 56)
  0x000001f435cec9f8: e480 0e00 

  0x000001f435cec9fc: ;   {other}
  0x000001f435cec9fc: 0f1f 8400 | 6c1a 000c 

  0x000001f435ceca04: ;   {metadata(method data for {method} {0x000001f48f7a3608} 'execute' '()Ljava/lang/Object;' in 'org/eclipse/e4/core/internal/di/MethodRequestor')}
  0x000001f435ceca04: 48ba a0d9 | 7190 f401 | 0000 ff82 | 5003 0000 | 8bbc 24d4 | 0000 0085 

  0x000001f435ceca1c: ;   {metadata(method data for {method} {0x000001f48f7a3608} 'execute' '()Ljava/lang/Object;' in 'org/eclipse/e4/core/internal/di/MethodRequestor')}
  0x000001f435ceca1c: ff48 baa0 | d971 90f4 | 0100 0048 | c7c6 1805 | 0000 7407 | 48c7 c628 | 0500 0048 | 8b3c 3248 
  0x000001f435ceca3c: 8d7f 0148 | 893c 3248 | 8984 2400 | 0100 000f | 844b 0000 | 0048 8b94 | 24b8 0000 | 008b 7220 
  0x000001f435ceca5c: 48c1 e603 

  0x000001f435ceca60: ; implicit exception: dispatches to 0x000001f435ced63c
  0x000001f435ceca60: 483b 0648 

  0x000001f435ceca64: ;   {metadata(method data for {method} {0x000001f48f7a3608} 'execute' '()Ljava/lang/Object;' in 'org/eclipse/e4/core/internal/di/MethodRequestor')}
  0x000001f435ceca64: 8bfe 48bb | a0d9 7190 | f401 0000 

  0x000001f435ceca70: ;   {metadata('org/eclipse/e4/core/internal/contexts/ContextObjectSupplier')}
  0x000001f435ceca70: 49ba 70f8 | 2b4e f401 | 0000 4c89 | 9348 0500 | 0048 8383 | 5005 0000 | 0148 8bd6 

  0x000001f435ceca8c: ;   {optimized virtual_call}
  0x000001f435ceca8c: 6666 90e8 

  0x000001f435ceca90: ; ImmutableOopMap {[184]=Oop [256]=Oop }
                      ;*invokevirtual resumeRecording {reexecute=0 rethrow=0 return_oop=0}
                      ; - org.eclipse.e4.core.internal.di.MethodRequestor::execute@167 (line 69)
  0x000001f435ceca90: 6c0f 2800 

  0x000001f435ceca94: ;   {other}
  0x000001f435ceca94: 0f1f 8400 | 041b 000d | 488b 9424 | b800 0000 

  0x000001f435cecaa4: ;   {metadata(method data for {method} {0x000001f48f7a3608} 'execute' '()Ljava/lang/Object;' in 'org/eclipse/e4/core/internal/di/MethodRequestor')}
  0x000001f435cecaa4: 488b c248 | bea0 d971 | 90f4 0100 | 008b 4008 | 49ba 0000 | 004d f401 | 0000 4903 | c248 3b86 
  0x000001f435cecac4: 8005 0000 | 750d 4883 | 8688 0500 | 0001 e960 | 0000 0048 | 3b86 9005 | 0000 750d | 4883 8698 
  0x000001f435cecae4: 0500 0001 | e94a 0000 | 0048 83be | 8005 0000 | 0075 1748 | 8986 8005 | 0000 48c7 | 8688 0500 
  0x000001f435cecb04: 0001 0000 | 00e9 2900 | 0000 4883 | be90 0500 | 0000 7517 | 4889 8690 | 0500 0048 | c786 9805 
  0x000001f435cecb24: 0000 0100 | 0000 e908 | 0000 0048 | 8386 7005 

  0x000001f435cecb34: ;   {metadata(method data for {method} {0x000001f48f7a2698} 'clearResolvedArgs' '()V' in 'org/eclipse/e4/core/internal/di/Requestor')}
  0x000001f435cecb34: 0000 0148 | b8d0 c271 | 90f4 0100 | 008b b0cc | 0000 0083 | c602 89b0 | cc00 0000 | 81e6 feff 
  0x000001f435cecb54: 1f00 85f6 | 0f84 e30a | 0000 448b | 4228 49c1 | e003 4d85 

  0x000001f435cecb68: ;   {metadata(method data for {method} {0x000001f48f7a2698} 'clearResolvedArgs' '()V' in 'org/eclipse/e4/core/internal/di/Requestor')}
  0x000001f435cecb68: c048 b8d0 | c271 90f4 | 0100 0048 | c7c6 1001 | 0000 7507 | 48c7 c620 | 0100 0048 | 8b3c 3048 
  0x000001f435cecb88: 8d7f 0148 | 893c 300f | 852c 0200 | 00e9 7602 | 0000 488b | 9424 b800 | 0000 498b | 87f8 0400 
  0x000001f435cecba8: 004d 33d2 | 4d89 97f8 | 0400 004d | 33d2 4d89 | 9700 0500 | 0048 8bd8 

  0x000001f435cecbc0: ;   {metadata(method data for {method} {0x000001f48f7a3608} 'execute' '()Ljava/lang/Object;' in 'org/eclipse/e4/core/internal/di/MethodRequestor')}
  0x000001f435cecbc0: 488b f348 | b8a0 d971 | 90f4 0100 

  0x000001f435cecbcc: ;   {metadata('java/lang/reflect/InvocationTargetException')}
  0x000001f435cecbcc: 0049 bad8 | 4e04 4ef4 | 0100 004c | 8990 8803 | 0000 4883 | 8090 0300 | 0001 448b | 4324 49c1 
  0x000001f435cecbec: e003 4d85 

  0x000001f435cecbf0: ;   {metadata(method data for {method} {0x000001f48f7a3608} 'execute' '()Ljava/lang/Object;' in 'org/eclipse/e4/core/internal/di/MethodRequestor')}
  0x000001f435cecbf0: c075 1648 | b9a0 d971 | 90f4 0100 | 0080 89a9 | 0300 0001 | e9cf 0000 

  0x000001f435cecc08: ;   {metadata('java/lang/Error')}
  0x000001f435cecc08: 0049 b9c8 | 0701 4df4 | 0100 0041 | 8b48 0849 | ba00 0000 | 4df4 0100 | 0049 03ca | 4c3b 4940 
  0x000001f435cecc28: 0f85 8e00 

  0x000001f435cecc2c: ;   {metadata(method data for {method} {0x000001f48f7a3608} 'execute' '()Ljava/lang/Object;' in 'org/eclipse/e4/core/internal/di/MethodRequestor')}
  0x000001f435cecc2c: 0000 48b9 | a0d9 7190 | f401 0000 | 458b 4808 | 49ba 0000 | 004d f401 | 0000 4d03 | ca4c 3b89 
  0x000001f435cecc4c: c003 0000 | 750d 4883 | 81c8 0300 | 0001 e97e | 0000 004c | 3b89 d003 | 0000 750d | 4883 81d8 
  0x000001f435cecc6c: 0300 0001 | e968 0000 | 0048 83b9 | c003 0000 | 0075 174c | 8989 c003 | 0000 48c7 | 81c8 0300 
  0x000001f435cecc8c: 0001 0000 | 00e9 4700 | 0000 4883 | b9d0 0300 | 0000 7517 | 4c89 89d0 | 0300 0048 | c781 d803 
  0x000001f435ceccac: 0000 0100 | 0000 e926 | 0000 00e9 | 2100 0000 

  0x000001f435ceccbc: ;   {metadata(method data for {method} {0x000001f48f7a3608} 'execute' '()Ljava/lang/Object;' in 'org/eclipse/e4/core/internal/di/MethodRequestor')}
  0x000001f435ceccbc: 48b9 a0d9 | 7190 f401 | 0000 4883 | a9b0 0300 | 0001 e905 | 0000 00e9 | 0500 0000 | 4833 f6eb 
  0x000001f435ceccdc: 0748 c7c6 | 0100 0000 

  0x000001f435cecce4: ;   {metadata(method data for {method} {0x000001f48f7a3608} 'execute' '()Ljava/lang/Object;' in 'org/eclipse/e4/core/internal/di/MethodRequestor')}
  0x000001f435cecce4: 85f6 48be | a0d9 7190 | f401 0000 | 48c7 c0f8 | 0300 0075 | 0748 c7c0 | e803 0000 | 488b 0c06 
  0x000001f435cecd04: 488d 4901 | 4889 0c06 | 89bc 24d4 | 0000 000f | 85b3 0100 | 000f 1f80 | 0000 0000 

  0x000001f435cecd20: ;   {no_reloc}
  0x000001f435cecd20: e94c 0900 | 0000 0000 | 0000 80ba | 2101 0000 | 040f 8549 | 0900 0049 | 8b87 b801 | 0000 488d 
  0x000001f435cecd40: 7828 493b | bfc8 0100 | 000f 8731 | 0900 0049 | 89bf b801 | 0000 48c7 | 0001 0000 | 0048 8bca 
  0x000001f435cecd60: 49ba 0000 | 004d f401 | 0000 492b | ca89 4808 | 4833 c989 | 480c 4833 | c948 8948 | 1048 8948 
  0x000001f435cecd80: 1848 8948 | 204d 85c0 

  0x000001f435cecd88: ;   {metadata(method data for {method} {0x000001f48f7a3608} 'execute' '()Ljava/lang/Object;' in 'org/eclipse/e4/core/internal/di/MethodRequestor')}
  0x000001f435cecd88: 48ba a0d9 | 7190 f401 | 0000 48c7 | c640 0400 | 0074 0748 | c7c6 5004 | 0000 488b | 3c32 488d 
  0x000001f435cecda8: 7f01 4889 | 3c32 488b | 9424 b800 | 0000 0f84 | c700 0000 | e9ad 0000 

  0x000001f435cecdc0: ;   {metadata(method data for {method} {0x000001f48f7a2698} 'clearResolvedArgs' '()V' in 'org/eclipse/e4/core/internal/di/Requestor')}
  0x000001f435cecdc0: 0048 bed0 | c271 90f4 | 0100 0048 | 8386 3001 | 0000 0149 

  0x000001f435cecdd4: ;   {oop(nullptr)}
  0x000001f435cecdd4: 8bd0 49b8 | 0000 0000 | 0000 0000 | 0f1f 8000 

  0x000001f435cecde4: ;   {static_call}
  0x000001f435cecde4: 0000 00e8 

  0x000001f435cecde8: ; ImmutableOopMap {[184]=Oop [256]=Oop }
                      ;*invokestatic fill {reexecute=0 rethrow=0 return_oop=0}
                      ; - org.eclipse.e4.core.internal.di.Requestor::clearResolvedArgs@13 (line 195)
                      ; - org.eclipse.e4.core.internal.di.MethodRequestor::execute@171 (line 70)
  0x000001f435cecde8: d4bd cb00 

  0x000001f435cecdec: ;   {other}
  0x000001f435cecdec: 0f1f 8400 | 5c1e 000e | 410f be47 | 4085 c048 | 8b94 24b8 | 0000 000f | 8584 0800 | 00c7 4228 
  0x000001f435cece0c: 0000 0000 | 488b 8424 | 0001 0000 | 4881 c450 | 0100 005d 

  0x000001f435cece20: ;   {poll_return}
  0x000001f435cece20: 493b a748 | 0400 000f | 877f 0800 

  0x000001f435cece2c: ;   {oop(nullptr)}
  0x000001f435cece2c: 00c3 48b8 | 0000 0000 | 0000 0000 | 4881 c450 | 0100 005d 

  0x000001f435cece40: ;   {poll_return}
  0x000001f435cece40: 493b a748 | 0400 000f | 8775 0800 

  0x000001f435cece4c: ;   {oop(nullptr)}
  0x000001f435cece4c: 00c3 48b8 | 0000 0000 | 0000 0000 | 4881 c450 | 0100 005d 

  0x000001f435cece60: ;   {poll_return}
  0x000001f435cece60: 493b a748 | 0400 000f | 876b 0800 

  0x000001f435cece6c: ;   {metadata(method data for {method} {0x000001f48f7a3608} 'execute' '()Ljava/lang/Object;' in 'org/eclipse/e4/core/internal/di/MethodRequestor')}
  0x000001f435cece6c: 00c3 48be | a0d9 7190 | f401 0000 | ff86 6004 | 0000 e903 | 0000 004c | 8bc3 488b 

  0x000001f435cece88: ;   {metadata(method data for {method} {0x000001f48f7a3608} 'execute' '()Ljava/lang/Object;' in 'org/eclipse/e4/core/internal/di/MethodRequestor')}
  0x000001f435cece88: f048 bba0 | d971 90f4 | 0100 0048 | 8383 7804 | 0000 0148 | 8bd0 4889 | 8424 0801 

  0x000001f435cecea4: ;   {optimized virtual_call}
  0x000001f435cecea4: 0000 90e8 

  0x000001f435cecea8: ; ImmutableOopMap {[184]=Oop [264]=Oop }
                      ;*invokespecial <init> {reexecute=0 rethrow=0 return_oop=0}
                      ; - org.eclipse.e4.core.internal.di.MethodRequestor::execute@135 (line 66)
  0x000001f435cecea8: d41b 2b07 

  0x000001f435ceceac: ;   {other}
  0x000001f435ceceac: 0f1f 8400 | 1c1f 000f | 488b 8424 

  0x000001f435ceceb8: ; ImmutableOopMap {rax=Oop [184]=Oop }
                      ;*athrow {reexecute=1 rethrow=0 return_oop=0}
                      ; - (reexecute) org.eclipse.e4.core.internal.di.MethodRequestor::execute@138 (line 66)
  0x000001f435ceceb8: 0801 0000 

  0x000001f435cecebc: ;   {section_word}
  0x000001f435cecebc: 48ba bcce | ce35 f401 

  0x000001f435cecec4: ;   {runtime_call handle_exception_nofpu Runtime1 stub}
  0x000001f435cecec4: 0000 e835 | aa37 0790 | 4d85 c075 

  0x000001f435ceced0: ;   {metadata(method data for {method} {0x000001f48f7a3608} 'execute' '()Ljava/lang/Object;' in 'org/eclipse/e4/core/internal/di/MethodRequestor')}
  0x000001f435ceced0: 1648 bea0 | d971 90f4 | 0100 0080 | 8e01 0400 | 0001 e9cf 

  0x000001f435cecee4: ;   {metadata('java/lang/Error')}
  0x000001f435cecee4: 0000 0048 | bfc8 0701 | 4df4 0100 | 0041 8b70 | 0849 ba00 | 0000 4df4 | 0100 0049 | 03f2 483b 
  0x000001f435cecf04: 7e40 0f85 | 8e00 0000 

  0x000001f435cecf0c: ;   {metadata(method data for {method} {0x000001f48f7a3608} 'execute' '()Ljava/lang/Object;' in 'org/eclipse/e4/core/internal/di/MethodRequestor')}
  0x000001f435cecf0c: 48be a0d9 | 7190 f401 | 0000 418b | 7808 49ba | 0000 004d | f401 0000 | 4903 fa48 | 3bbe 1804 
  0x000001f435cecf2c: 0000 750d | 4883 8620 | 0400 0001 | e979 0000 | 0048 3bbe | 2804 0000 | 750d 4883 | 8630 0400 
  0x000001f435cecf4c: 0001 e963 | 0000 0048 | 83be 1804 | 0000 0075 | 1748 89be | 1804 0000 | 48c7 8620 | 0400 0001 
  0x000001f435cecf6c: 0000 00e9 | 4200 0000 | 4883 be28 | 0400 0000 | 7517 4889 | be28 0400 | 0048 c786 | 3004 0000 
  0x000001f435cecf8c: 0100 0000 | e921 0000 | 00e9 1c00 

  0x000001f435cecf98: ;   {metadata(method data for {method} {0x000001f48f7a3608} 'execute' '()Ljava/lang/Object;' in 'org/eclipse/e4/core/internal/di/MethodRequestor')}
  0x000001f435cecf98: 0000 48be | a0d9 7190 | f401 0000 | 4883 ae08 | 0400 0001 | e93d 0700 | 00e9 0000 | 0000 498b 
  0x000001f435cecfb8: ; ImmutableOopMap {rax=Oop [184]=Oop }
                      ;*athrow {reexecute=1 rethrow=0 return_oop=0}
                      ; - (reexecute) org.eclipse.e4.core.internal.di.MethodRequestor::execute@118 (line 64)
  0x000001f435cecfb8: c048 3b00 

  0x000001f435cecfbc: ;   {section_word}
  0x000001f435cecfbc: 48ba bccf | ce35 f401 

  0x000001f435cecfc4: ;   {runtime_call handle_exception_nofpu Runtime1 stub}
  0x000001f435cecfc4: 0000 e835 | a937 0790 | 498b 87f8 | 0400 004d | 33d2 4d89 | 97f8 0400 | 004d 33d2 | 4d89 9700 
  0x000001f435cecfe4: 0500 004c | 8bc0 660f | 1f44 0000 

  0x000001f435cecff0: ;   {no_reloc}
  0x000001f435cecff0: e916 0700 | 0000 0000 | 0000 80ba | 2101 0000 | 040f 8513 | 0700 0049 | 8b87 b801 | 0000 488d 
  0x000001f435ced010: 7828 493b | bfc8 0100 | 000f 87fb | 0600 0049 | 89bf b801 | 0000 48c7 | 0001 0000 | 0048 8bca 
  0x000001f435ced030: 49ba 0000 | 004d f401 | 0000 492b | ca89 4808 | 4833 c989 | 480c 4833 | c948 8948 | 1048 8948 
  0x000001f435ced050: 1848 8948 | 2048 8bd0 

  0x000001f435ced058: ;   {metadata(method data for {method} {0x000001f48f7a3608} 'execute' '()Ljava/lang/Object;' in 'org/eclipse/e4/core/internal/di/MethodRequestor')}
  0x000001f435ced058: 48be a0d9 | 7190 f401 | 0000 4883 | 8668 0300 | 0001 488b | d048 8984 | 2410 0100 

  0x000001f435ced074: ;   {optimized virtual_call}
  0x000001f435ced074: 0066 90e8 

  0x000001f435ced078: ; ImmutableOopMap {[184]=Oop [272]=Oop }
                      ;*invokespecial <init> {reexecute=0 rethrow=0 return_oop=0}
                      ; - org.eclipse.e4.core.internal.di.MethodRequestor::execute@92 (line 58)
  0x000001f435ced078: 041a 2b07 

  0x000001f435ced07c: ;   {other}
  0x000001f435ced07c: 0f1f 8400 | ec20 0012 | 488b 8424 

  0x000001f435ced088: ; ImmutableOopMap {rax=Oop [184]=Oop }
                      ;*athrow {reexecute=1 rethrow=0 return_oop=0}
                      ; - (reexecute) org.eclipse.e4.core.internal.di.MethodRequestor::execute@95 (line 58)
  0x000001f435ced088: 1001 0000 

  0x000001f435ced08c: ;   {section_word}
  0x000001f435ced08c: 48ba 8cd0 | ce35 f401 

  0x000001f435ced094: ;   {runtime_call handle_exception_nofpu Runtime1 stub}
  0x000001f435ced094: 0000 e865 | a837 0790 | 498b 87f8 | 0400 004d | 33d2 4d89 | 97f8 0400 | 004d 33d2 | 4d89 9700 
  0x000001f435ced0b4: 0500 0085 

  0x000001f435ced0b8: ;   {metadata(method data for {method} {0x000001f48f7a3608} 'execute' '()Ljava/lang/Object;' in 'org/eclipse/e4/core/internal/di/MethodRequestor')}
  0x000001f435ced0b8: ff48 baa0 | d971 90f4 | 0100 0048 | c7c6 8804 | 0000 7407 | 48c7 c698 | 0400 0048 | 8b3c 3248 
  0x000001f435ced0d8: 8d7f 0148 | 893c 3248 | 8984 2418 | 0100 000f | 844f 0000 | 0048 8b94 | 24b8 0000 | 008b 7220 
  0x000001f435ced0f8: 48c1 e603 

  0x000001f435ced0fc: ; implicit exception: dispatches to 0x000001f435ced727
  0x000001f435ced0fc: 483b 0648 

  0x000001f435ced100: ;   {metadata(method data for {method} {0x000001f48f7a3608} 'execute' '()Ljava/lang/Object;' in 'org/eclipse/e4/core/internal/di/MethodRequestor')}
  0x000001f435ced100: 8bfe 48bb | a0d9 7190 | f401 0000 

  0x000001f435ced10c: ;   {metadata('org/eclipse/e4/core/internal/contexts/ContextObjectSupplier')}
  0x000001f435ced10c: 49ba 70f8 | 2b4e f401 | 0000 4c89 | 93b8 0400 | 0048 8383 | c004 0000 | 0148 8bd6 | 0f1f 8000 
  0x000001f435ced12c: ;   {optimized virtual_call}
  0x000001f435ced12c: 0000 00e8 

  0x000001f435ced130: ; ImmutableOopMap {[184]=Oop [280]=Oop }
                      ;*invokevirtual resumeRecording {reexecute=0 rethrow=0 return_oop=0}
                      ; - org.eclipse.e4.core.internal.di.MethodRequestor::execute@149 (line 69)
  0x000001f435ced130: 4c19 2b07 

  0x000001f435ced134: ;   {other}
  0x000001f435ced134: 0f1f 8400 | a421 0014 | 488b 9424 | b800 0000 

  0x000001f435ced144: ;   {metadata(method data for {method} {0x000001f48f7a3608} 'execute' '()Ljava/lang/Object;' in 'org/eclipse/e4/core/internal/di/MethodRequestor')}
  0x000001f435ced144: 4c8b c248 | bea0 d971 | 90f4 0100 | 0045 8b40 | 0849 ba00 | 0000 4df4 | 0100 004d | 03c2 4c3b 
  0x000001f435ced164: 86f0 0400 | 0075 0d48 | 8386 f804 | 0000 01e9 | 6000 0000 | 4c3b 8600 | 0500 0075 | 0d48 8386 
  0x000001f435ced184: 0805 0000 | 01e9 4a00 | 0000 4883 | bef0 0400 | 0000 7517 | 4c89 86f0 | 0400 0048 | c786 f804 
  0x000001f435ced1a4: 0000 0100 | 0000 e929 | 0000 0048 | 83be 0005 | 0000 0075 | 174c 8986 | 0005 0000 | 48c7 8608 
  0x000001f435ced1c4: 0500 0001 | 0000 00e9 | 0800 0000 | 4883 86e0 | 0400 0001 

  0x000001f435ced1d8: ;   {metadata(method data for {method} {0x000001f48f7a2698} 'clearResolvedArgs' '()V' in 'org/eclipse/e4/core/internal/di/Requestor')}
  0x000001f435ced1d8: 49b8 d0c2 | 7190 f401 | 0000 418b | b0cc 0000 | 0083 c602 | 4189 b0cc | 0000 0081 | e6fe ff1f 
  0x000001f435ced1f8: 0085 f60f | 842b 0500 | 0044 8b42 | 2849 c1e0 | 034d 85c0 

  0x000001f435ced20c: ;   {metadata(method data for {method} {0x000001f48f7a2698} 'clearResolvedArgs' '()V' in 'org/eclipse/e4/core/internal/di/Requestor')}
  0x000001f435ced20c: 48be d0c2 | 7190 f401 | 0000 48c7 | c720 0100 | 0074 0748 | c7c7 1001 | 0000 488b | 1c3e 488d 
  0x000001f435ced22c: 5b01 4889 | 1c3e 0f84 | 4800 0000 

  0x000001f435ced238: ;   {metadata(method data for {method} {0x000001f48f7a2698} 'clearResolvedArgs' '()V' in 'org/eclipse/e4/core/internal/di/Requestor')}
  0x000001f435ced238: 48be d0c2 | 7190 f401 | 0000 4883 | 8630 0100 | 0001 498b 

  0x000001f435ced24c: ;   {oop(nullptr)}
  0x000001f435ced24c: d049 b800 | 0000 0000 

  0x000001f435ced254: ;   {static_call}
  0x000001f435ced254: 0000 00e8 

  0x000001f435ced258: ; ImmutableOopMap {[184]=Oop [280]=Oop }
                      ;*invokestatic fill {reexecute=0 rethrow=0 return_oop=0}
                      ; - org.eclipse.e4.core.internal.di.Requestor::clearResolvedArgs@13 (line 195)
                      ; - org.eclipse.e4.core.internal.di.MethodRequestor::execute@153 (line 70)
  0x000001f435ced258: 241e 2b07 

  0x000001f435ced25c: ;   {other}
  0x000001f435ced25c: 0f1f 8400 | cc22 0015 | 410f be47 | 4085 c048 | 8bb4 24b8 | 0000 000f | 85d4 0400 | 00c7 4628 
  0x000001f435ced27c: 0000 0000 | 488b 8424 | 1801 0000 | e93d 0700 | 0048 8bb4 | 24b8 0000 | 0049 8b87 | f804 0000 
  0x000001f435ced29c: 4d33 d24d | 8997 f804 | 0000 4d33 | d24d 8997 | 0005 0000 | 488b d048 | 8d84 2430 | 0100 0048 
  0x000001f435ced2bc: 8b18 4885 | db0f 840f | 0000 0048 | 8b48 08f0 | 480f b119 | 0f85 9604 | 0000 49ff | 8f48 0500 
  0x000001f435ced2dc: ; ImmutableOopMap {rdi=Oop rsi=Oop rax=Oop [184]=Oop [296]=Oop }
                      ;*invokevirtual addElement {reexecute=0 rethrow=0 return_oop=0}
                      ; - java.util.Stack::push@2
                      ; - org.eclipse.e4.core.internal.contexts.ContextObjectSupplier::pauseRecording@6 (line 215)
                      ; - org.eclipse.e4.core.internal.di.MethodRequestor::execute@49 (line 51)
  0x000001f435ced2dc: 0048 8bc2 

  0x000001f435ced2e0: ;   {section_word}
  0x000001f435ced2e0: 48ba e0d2 | ce35 f401 

  0x000001f435ced2e8: ;   {runtime_call handle_exception_nofpu Runtime1 stub}
  0x000001f435ced2e8: 0000 e811 | a637 0790 | 498b 87f8 | 0400 004d | 33d2 4d89 | 97f8 0400 | 004d 33d2 | 4d89 9700 
  0x000001f435ced308: 0500 0048 | 8bf0 488d | 8424 2001 | 0000 488b | 3848 85ff | 0f84 0f00 | 0000 488b | 5808 f048 
  0x000001f435ced328: 0fb1 3b0f | 8551 0400 | 0049 ff8f | 4805 0000 | 488b c6e9 | 8a06 0000 

  0x000001f435ced340: ;   {metadata({method} {0x000001f48f7a3608} 'execute' '()Ljava/lang/Object;' in 'org/eclipse/e4/core/internal/di/MethodRequestor')}
  0x000001f435ced340: 49ba 0036 | 7a8f f401 | 0000 4c89 | 5424 0848 | c704 24ff 

  0x000001f435ced354: ;   {runtime_call counter_overflow Runtime1 stub}
  0x000001f435ced354: ffff ffe8 

  0x000001f435ced358: ; ImmutableOopMap {rdx=Oop [184]=Oop }
                      ;*synchronization entry
                      ; - org.eclipse.e4.core.internal.di.MethodRequestor::execute@-1 (line 41)
  0x000001f435ced358: a4e3 3707 | e90d e1ff | ff48 8934 

  0x000001f435ced364: ;   {runtime_call throw_class_cast_exception Runtime1 stub}
  0x000001f435ced364: 24e8 96b6 

  0x000001f435ced368: ; ImmutableOopMap {rdx=Oop [184]=Oop }
                      ;*checkcast {reexecute=0 rethrow=0 return_oop=0}
                      ; - org.eclipse.e4.core.internal.di.MethodRequestor::execute@11 (line 42)
                      ;   {runtime_call throw_null_pointer_exception Runtime1 stub}
  0x000001f435ced368: 3707 e891 

  0x000001f435ced36c: ; ImmutableOopMap {rdx=Oop rsi=Oop [184]=Oop }
                      ;*invokevirtual getParameterTypes {reexecute=0 rethrow=0 return_oop=0}
                      ; - org.eclipse.e4.core.internal.di.MethodRequestor::execute@14 (line 42)
                      ;   {metadata({method} {0x000001f44d041d00} 'getParameterTypes' '()[Ljava/lang/Class;' in 'java/lang/reflect/Method')}
  0x000001f435ced36c: 8337 0749 | baf8 1c04 | 4df4 0100 | 004c 8954 | 2408 48c7 | 0424 ffff 

  0x000001f435ced384: ;   {runtime_call counter_overflow Runtime1 stub}
  0x000001f435ced384: ffff e875 

  0x000001f435ced388: ; ImmutableOopMap {rdx=Oop rsi=Oop [184]=Oop }
                      ;*synchronization entry
                      ; - java.lang.reflect.Method::getParameterTypes@-1
                      ; - org.eclipse.e4.core.internal.di.MethodRequestor::execute@14 (line 42)
  0x000001f435ced388: e337 07e9 | 41e2 ffff 

  0x000001f435ced390: ;   {runtime_call throw_null_pointer_exception Runtime1 stub}
  0x000001f435ced390: e86b 8337 

  0x000001f435ced394: ; ImmutableOopMap {rdx=Oop rsi=Oop [184]=Oop }
                      ;*invokevirtual clone {reexecute=0 rethrow=0 return_oop=0}
                      ; - java.lang.reflect.Method::getParameterTypes@4
                      ; - org.eclipse.e4.core.internal.di.MethodRequestor::execute@14 (line 42)
  0x000001f435ced394: 0748 8904 

  0x000001f435ced398: ;   {runtime_call throw_class_cast_exception Runtime1 stub}
  0x000001f435ced398: 24e8 62b6 

  0x000001f435ced39c: ; ImmutableOopMap {[184]=Oop }
                      ;*checkcast {reexecute=0 rethrow=0 return_oop=0}
                      ; - java.lang.reflect.Method::getParameterTypes@7
                      ; - org.eclipse.e4.core.internal.di.MethodRequestor::execute@14 (line 42)
                      ;   {runtime_call throw_null_pointer_exception Runtime1 stub}
  0x000001f435ced39c: 3707 e85d 

  0x000001f435ced3a0: ; ImmutableOopMap {[184]=Oop }
                      ;*arraylength {reexecute=0 rethrow=0 return_oop=0}
                      ; - org.eclipse.e4.core.internal.di.MethodRequestor::execute@17 (line 42)
                      ;   {metadata({method} {0x000001f48f7a1c98} 'getRequestingObject' '()Ljava/lang/Object;' in 'org/eclipse/e4/core/internal/di/Requestor')}
  0x000001f435ced3a0: 8337 0749 | ba90 1c7a | 8ff4 0100 | 004c 8954 | 2408 48c7 | 0424 ffff 

  0x000001f435ced3b8: ;   {runtime_call counter_overflow Runtime1 stub}
  0x000001f435ced3b8: ffff e841 

  0x000001f435ced3bc: ; ImmutableOopMap {rdx=Oop [184]=Oop }
                      ;*synchronization entry
                      ; - org.eclipse.e4.core.internal.di.Requestor::getRequestingObject@-1 (line 106)
                      ; - org.eclipse.e4.core.internal.di.MethodRequestor::execute@24 (line 45)
  0x000001f435ced3bc: e337 07e9 | a6e4 ffff 

  0x000001f435ced3c4: ;   {runtime_call throw_null_pointer_exception Runtime1 stub}
  0x000001f435ced3c4: e837 8337 

  0x000001f435ced3c8: ; ImmutableOopMap {rsi=Oop [184]=Oop }
                      ;*invokevirtual get {reexecute=0 rethrow=0 return_oop=0}
                      ; - org.eclipse.e4.core.internal.di.Requestor::getRequestingObject@13 (line 108)
                      ; - org.eclipse.e4.core.internal.di.MethodRequestor::execute@24 (line 45)
                      ;   {runtime_call throw_null_pointer_exception Runtime1 stub}
  0x000001f435ced3c8: 07e8 3283 

  0x000001f435ced3cc: ; ImmutableOopMap {rdi=Oop [184]=Oop [192]=Oop }
                      ;*invokevirtual pauseRecording {reexecute=0 rethrow=0 return_oop=0}
                      ; - org.eclipse.e4.core.internal.di.MethodRequestor::execute@49 (line 51)
  0x000001f435ced3cc: 3707 4889 | 7c24 0848 

  0x000001f435ced3d4: ;   {runtime_call monitorenter_nofpu Runtime1 stub}
  0x000001f435ced3d4: 891c 24e8 

  0x000001f435ced3d8: ; ImmutableOopMap {rdi=Oop [184]=Oop [192]=Oop [296]=Oop }
                      ;*synchronization entry
                      ; - org.eclipse.e4.core.internal.contexts.ContextObjectSupplier::pauseRecording@-1 (line 214)
                      ; - org.eclipse.e4.core.internal.di.MethodRequestor::execute@49 (line 51)
  0x000001f435ced3d8: 24c2 3707 | e977 e6ff 

  0x000001f435ced3e0: ;   {metadata({method} {0x000001f48f794080} 'pauseRecording' '()V' in 'org/eclipse/e4/core/internal/contexts/ContextObjectSupplier')}
  0x000001f435ced3e0: ff49 ba78 | 4079 8ff4 | 0100 004c | 8954 2408 | 48c7 0424 | ffff ffff 

  0x000001f435ced3f8: ;   {runtime_call counter_overflow Runtime1 stub}
  0x000001f435ced3f8: e803 e337 

  0x000001f435ced3fc: ; ImmutableOopMap {rdi=Oop [184]=Oop [192]=Oop [296]=Oop }
                      ;*synchronization entry
                      ; - org.eclipse.e4.core.internal.contexts.ContextObjectSupplier::pauseRecording@-1 (line 214)
                      ; - org.eclipse.e4.core.internal.di.MethodRequestor::execute@49 (line 51)
  0x000001f435ced3fc: 07e9 7ce6 

  0x000001f435ced400: ;   {metadata({method} {0x000001f48f77f4e0} 'getCalculatedComputations' '()Ljava/util/Stack;' in 'org/eclipse/e4/core/internal/contexts/EclipseContext')}
  0x000001f435ced400: ffff 49ba | d8f4 778f | f401 0000 | 4c89 5424 | 0848 c704 | 24ff ffff 

  0x000001f435ced418: ;   {runtime_call counter_overflow Runtime1 stub}
  0x000001f435ced418: ffe8 e2e2 

  0x000001f435ced41c: ; ImmutableOopMap {[184]=Oop [192]=Oop [296]=Oop }
                      ;*synchronization entry
                      ; - org.eclipse.e4.core.internal.contexts.EclipseContext::getCalculatedComputations@-1 (line 734)
                      ; - org.eclipse.e4.core.internal.contexts.ContextObjectSupplier::pauseRecording@0 (line 214)
                      ; - org.eclipse.e4.core.internal.di.MethodRequestor::execute@49 (line 51)
  0x000001f435ced41c: 3707 e994 

  0x000001f435ced420: ;   {runtime_call throw_null_pointer_exception Runtime1 stub}
  0x000001f435ced420: e6ff ffe8 

  0x000001f435ced424: ; ImmutableOopMap {rdi=Oop [184]=Oop [192]=Oop [296]=Oop }
                      ;*invokevirtual get {reexecute=0 rethrow=0 return_oop=0}
                      ; - org.eclipse.e4.core.internal.contexts.EclipseContext::getCalculatedComputations@3 (line 734)
                      ; - org.eclipse.e4.core.internal.contexts.ContextObjectSupplier::pauseRecording@0 (line 214)
                      ; - org.eclipse.e4.core.internal.di.MethodRequestor::execute@49 (line 51)
  0x000001f435ced424: d882 3707 | 4889 0424 

  0x000001f435ced42c: ;   {runtime_call throw_class_cast_exception Runtime1 stub}
  0x000001f435ced42c: e8cf b537 

  0x000001f435ced430: ; ImmutableOopMap {[184]=Oop [192]=Oop [296]=Oop }
                      ;*checkcast {reexecute=0 rethrow=0 return_oop=0}
                      ; - org.eclipse.e4.core.internal.contexts.EclipseContext::getCalculatedComputations@6 (line 734)
                      ; - org.eclipse.e4.core.internal.contexts.ContextObjectSupplier::pauseRecording@0 (line 214)
                      ; - org.eclipse.e4.core.internal.di.MethodRequestor::execute@49 (line 51)
  0x000001f435ced430: 0748 8bd2 

  0x000001f435ced434: ;   {runtime_call fast_new_instance Runtime1 stub}
  0x000001f435ced434: e847 9037 

  0x000001f435ced438: ; ImmutableOopMap {[184]=Oop [192]=Oop [296]=Oop }
                      ;*new {reexecute=0 rethrow=0 return_oop=0}
                      ; - org.eclipse.e4.core.internal.contexts.EclipseContext::getCalculatedComputations@14 (line 736)
                      ; - org.eclipse.e4.core.internal.contexts.ContextObjectSupplier::pauseRecording@0 (line 214)
                      ; - org.eclipse.e4.core.internal.di.MethodRequestor::execute@49 (line 51)
  0x000001f435ced438: 07e9 abe8 

  0x000001f435ced43c: ;   {metadata({method} {0x000001f48e9370d8} '<init>' '()V' in 'java/util/Stack')}
  0x000001f435ced43c: ffff 49ba | d070 938e | f401 0000 | 4c89 5424 | 0848 c704 | 24ff ffff 

  0x000001f435ced454: ;   {runtime_call counter_overflow Runtime1 stub}
  0x000001f435ced454: ffe8 a6e2 

  0x000001f435ced458: ; ImmutableOopMap {rax=Oop [184]=Oop [192]=Oop [296]=Oop }
                      ;*synchronization entry
                      ; - java.util.Stack::<init>@-1
                      ; - org.eclipse.e4.core.internal.contexts.EclipseContext::getCalculatedComputations@18 (line 736)
                      ; - org.eclipse.e4.core.internal.contexts.ContextObjectSupplier::pauseRecording@0 (line 214)
                      ; - org.eclipse.e4.core.internal.di.MethodRequestor::execute@49 (line 51)
  0x000001f435ced458: 3707 e9cb 

  0x000001f435ced45c: ;   {metadata({method} {0x000001f48e1925d0} '<init>' '()V' in 'java/util/Vector')}
  0x000001f435ced45c: e8ff ff49 | bac8 2519 | 8ef4 0100 | 004c 8954 | 2408 48c7 | 0424 ffff 

  0x000001f435ced474: ;   {runtime_call counter_overflow Runtime1 stub}
  0x000001f435ced474: ffff e885 

  0x000001f435ced478: ; ImmutableOopMap {rax=Oop [184]=Oop [192]=Oop [296]=Oop }
                      ;*synchronization entry
                      ; - java.util.Vector::<init>@-1
                      ; - java.util.Stack::<init>@1
                      ; - org.eclipse.e4.core.internal.contexts.EclipseContext::getCalculatedComputations@18 (line 736)
                      ; - org.eclipse.e4.core.internal.contexts.ContextObjectSupplier::pauseRecording@0 (line 214)
                      ; - org.eclipse.e4.core.internal.di.MethodRequestor::execute@49 (line 51)
  0x000001f435ced478: e237 07e9 | ebe8 ffff 

  0x000001f435ced480: ;   {metadata({method} {0x000001f48e192538} '<init>' '(I)V' in 'java/util/Vector')}
  0x000001f435ced480: 49ba 3025 | 198e f401 | 0000 4c89 | 5424 0848 | c704 24ff 

  0x000001f435ced494: ;   {runtime_call counter_overflow Runtime1 stub}
  0x000001f435ced494: ffff ffe8 

  0x000001f435ced498: ; ImmutableOopMap {rax=Oop [184]=Oop [192]=Oop [296]=Oop }
                      ;*synchronization entry
                      ; - java.util.Vector::<init>@-1
                      ; - java.util.Vector::<init>@3
                      ; - java.util.Stack::<init>@1
                      ; - org.eclipse.e4.core.internal.contexts.EclipseContext::getCalculatedComputations@18 (line 736)
                      ; - org.eclipse.e4.core.internal.contexts.ContextObjectSupplier::pauseRecording@0 (line 214)
                      ; - org.eclipse.e4.core.internal.di.MethodRequestor::execute@49 (line 51)
  0x000001f435ced498: 64e2 3707 | e90b e9ff 

  0x000001f435ced4a0: ;   {runtime_call throw_null_pointer_exception Runtime1 stub}
  0x000001f435ced4a0: ffe8 5a82 

  0x000001f435ced4a4: ; ImmutableOopMap {rdx=Oop [184]=Oop [192]=Oop [200]=Oop [296]=Oop }
                      ;*invokevirtual set {reexecute=0 rethrow=0 return_oop=0}
                      ; - org.eclipse.e4.core.internal.contexts.EclipseContext::getCalculatedComputations@26 (line 737)
                      ; - org.eclipse.e4.core.internal.contexts.ContextObjectSupplier::pauseRecording@0 (line 214)
                      ; - org.eclipse.e4.core.internal.di.MethodRequestor::execute@49 (line 51)
                      ;   {runtime_call throw_null_pointer_exception Runtime1 stub}
  0x000001f435ced4a4: 3707 e855 

  0x000001f435ced4a8: ; ImmutableOopMap {rdx=Oop [184]=Oop [192]=Oop [296]=Oop }
                      ;*invokevirtual push {reexecute=0 rethrow=0 return_oop=0}
                      ; - org.eclipse.e4.core.internal.contexts.ContextObjectSupplier::pauseRecording@6 (line 215)
                      ; - org.eclipse.e4.core.internal.di.MethodRequestor::execute@49 (line 51)
                      ;   {metadata({method} {0x000001f48e937178} 'push' '(Ljava/lang/Object;)Ljava/lang/Object;' in 'java/util/Stack')}
  0x000001f435ced4a8: 8237 0749 | ba70 7193 | 8ef4 0100 | 004c 8954 | 2408 48c7 | 0424 ffff 

  0x000001f435ced4c0: ;   {runtime_call counter_overflow Runtime1 stub}
  0x000001f435ced4c0: ffff e839 

  0x000001f435ced4c4: ; ImmutableOopMap {rdx=Oop [184]=Oop [192]=Oop [296]=Oop }
                      ;*synchronization entry
                      ; - java.util.Stack::push@-1
                      ; - org.eclipse.e4.core.internal.contexts.ContextObjectSupplier::pauseRecording@6 (line 215)
                      ; - org.eclipse.e4.core.internal.di.MethodRequestor::execute@49 (line 51)
  0x000001f435ced4c4: e237 07e9 | 34ea ffff | 4889 5424 | 084c 8904 

  0x000001f435ced4d4: ;   {runtime_call monitorenter_nofpu Runtime1 stub}
  0x000001f435ced4d4: 24e8 26c1 

  0x000001f435ced4d8: ; ImmutableOopMap {rdx=Oop [184]=Oop [192]=Oop [296]=Oop [312]=Oop }
                      ;*synchronization entry
                      ; - java.util.Vector::addElement@-1
                      ; - java.util.Stack::push@2
                      ; - org.eclipse.e4.core.internal.contexts.ContextObjectSupplier::pauseRecording@6 (line 215)
                      ; - org.eclipse.e4.core.internal.di.MethodRequestor::execute@49 (line 51)
  0x000001f435ced4d8: 3707 e9ee 

  0x000001f435ced4dc: ;   {metadata({method} {0x000001f48e1937d0} 'addElement' '(Ljava/lang/Object;)V' in 'java/util/Vector')}
  0x000001f435ced4dc: eaff ff49 | bac8 3719 | 8ef4 0100 | 004c 8954 | 2408 48c7 | 0424 ffff 

  0x000001f435ced4f4: ;   {runtime_call counter_overflow Runtime1 stub}
  0x000001f435ced4f4: ffff e805 

  0x000001f435ced4f8: ; ImmutableOopMap {rdx=Oop [184]=Oop [192]=Oop [296]=Oop [312]=Oop }
                      ;*synchronization entry
                      ; - java.util.Vector::addElement@-1
                      ; - java.util.Stack::push@2
                      ; - org.eclipse.e4.core.internal.contexts.ContextObjectSupplier::pauseRecording@6 (line 215)
                      ; - org.eclipse.e4.core.internal.di.MethodRequestor::execute@49 (line 51)
  0x000001f435ced4f8: e237 07e9 | f6ea ffff 

  0x000001f435ced500: ;   {metadata({method} {0x000001f48e193f30} 'add' '(Ljava/lang/Object;[Ljava/lang/Object;I)V' in 'java/util/Vector')}
  0x000001f435ced500: 49ba 283f | 198e f401 | 0000 4c89 | 5424 0848 | c704 24ff 

  0x000001f435ced514: ;   {runtime_call counter_overflow Runtime1 stub}
  0x000001f435ced514: ffff ffe8 

  0x000001f435ced518: ; ImmutableOopMap {rdx=Oop r8=Oop [184]=Oop [192]=Oop [296]=Oop [312]=Oop }
                      ;*synchronization entry
                      ; - java.util.Vector::add@-1
                      ; - java.util.Vector::addElement@20
                      ; - java.util.Stack::push@2
                      ; - org.eclipse.e4.core.internal.contexts.ContextObjectSupplier::pauseRecording@6 (line 215)
                      ; - org.eclipse.e4.core.internal.di.MethodRequestor::execute@49 (line 51)
  0x000001f435ced518: e4e1 3707 | e927 ebff 

  0x000001f435ced520: ;   {runtime_call throw_null_pointer_exception Runtime1 stub}
  0x000001f435ced520: ffe8 da81 

  0x000001f435ced524: ; ImmutableOopMap {rdx=Oop r8=Oop [184]=Oop [192]=Oop [296]=Oop [312]=Oop }
                      ;*arraylength {reexecute=0 rethrow=0 return_oop=0}
                      ; - java.util.Vector::add@2
                      ; - java.util.Vector::addElement@20
                      ; - java.util.Stack::push@2
                      ; - org.eclipse.e4.core.internal.contexts.ContextObjectSupplier::pauseRecording@6 (line 215)
                      ; - org.eclipse.e4.core.internal.di.MethodRequestor::execute@49 (line 51)
                      ;   {metadata({method} {0x000001f48e192a68} 'grow' '()[Ljava/lang/Object;' in 'java/util/Vector')}
  0x000001f435ced524: 3707 49ba | 602a 198e | f401 0000 | 4c89 5424 | 0848 c704 | 24ff ffff 

  0x000001f435ced53c: ;   {runtime_call counter_overflow Runtime1 stub}
  0x000001f435ced53c: ffe8 bee1 

  0x000001f435ced540: ; ImmutableOopMap {rdx=Oop [184]=Oop [192]=Oop [296]=Oop [312]=Oop }
                      ;*synchronization entry
                      ; - java.util.Vector::grow@-1
                      ; - java.util.Vector::add@7
                      ; - java.util.Vector::addElement@20
                      ; - java.util.Stack::push@2
                      ; - org.eclipse.e4.core.internal.contexts.ContextObjectSupplier::pauseRecording@6 (line 215)
                      ; - org.eclipse.e4.core.internal.di.MethodRequestor::execute@49 (line 51)
  0x000001f435ced540: 3707 e971 

  0x000001f435ced544: ;   {runtime_call throw_null_pointer_exception Runtime1 stub}
  0x000001f435ced544: ebff ffe8 

  0x000001f435ced548: ; ImmutableOopMap {r8=Oop rdx=Oop rax=Oop [184]=Oop [192]=Oop [296]=Oop [312]=Oop }
                      ;*aastore {reexecute=1 rethrow=0 return_oop=0}
                      ; - (reexecute) java.util.Vector::add@14
                      ; - java.util.Vector::addElement@20
                      ; - java.util.Stack::push@2
                      ; - org.eclipse.e4.core.internal.contexts.ContextObjectSupplier::pauseRecording@6 (line 215)
                      ; - org.eclipse.e4.core.internal.di.MethodRequestor::execute@49 (line 51)
  0x000001f435ced548: b481 3707 

  0x000001f435ced54c: ;   {runtime_call throw_null_pointer_exception Runtime1 stub}
  0x000001f435ced54c: e8af 8137 

  0x000001f435ced550: ; ImmutableOopMap {r8=Oop rdx=Oop rax=Oop [184]=Oop [192]=Oop [296]=Oop [312]=Oop }
                      ;*aastore {reexecute=1 rethrow=0 return_oop=0}
                      ; - (reexecute) java.util.Vector::add@14
                      ; - java.util.Vector::addElement@20
                      ; - java.util.Stack::push@2
                      ; - org.eclipse.e4.core.internal.contexts.ContextObjectSupplier::pauseRecording@6 (line 215)
                      ; - org.eclipse.e4.core.internal.di.MethodRequestor::execute@49 (line 51)
  0x000001f435ced550: 0748 8934 | 244c 8944 

  0x000001f435ced558: ;   {runtime_call throw_range_check_failed Runtime1 stub}
  0x000001f435ced558: 2408 e8a1 

  0x000001f435ced55c: ; ImmutableOopMap {r8=Oop rdx=Oop rax=Oop [184]=Oop [192]=Oop [296]=Oop [312]=Oop }
                      ;*aastore {reexecute=1 rethrow=0 return_oop=0}
                      ; - (reexecute) java.util.Vector::add@14
                      ; - java.util.Vector::addElement@20
                      ; - java.util.Stack::push@2
                      ; - org.eclipse.e4.core.internal.contexts.ContextObjectSupplier::pauseRecording@6 (line 215)
                      ; - org.eclipse.e4.core.internal.di.MethodRequestor::execute@49 (line 51)
                      ;   {runtime_call throw_null_pointer_exception Runtime1 stub}
  0x000001f435ced55c: 7837 07e8 

  0x000001f435ced560: ; ImmutableOopMap {r8=Oop rdx=Oop rax=Oop [184]=Oop [192]=Oop [296]=Oop [312]=Oop }
                      ;*aastore {reexecute=1 rethrow=0 return_oop=0}
                      ; - (reexecute) java.util.Vector::add@14
                      ; - java.util.Vector::addElement@20
                      ; - java.util.Stack::push@2
                      ; - org.eclipse.e4.core.internal.contexts.ContextObjectSupplier::pauseRecording@6 (line 215)
                      ; - org.eclipse.e4.core.internal.di.MethodRequestor::execute@49 (line 51)
  0x000001f435ced560: 9c81 3707 | 4889 0424 

  0x000001f435ced568: ;   {runtime_call throw_array_store_exception Runtime1 stub}
  0x000001f435ced568: e893 b137 

  0x000001f435ced56c: ; ImmutableOopMap {r8=Oop rdx=Oop rax=Oop [184]=Oop [192]=Oop [296]=Oop [312]=Oop }
                      ;*aastore {reexecute=1 rethrow=0 return_oop=0}
                      ; - (reexecute) java.util.Vector::add@14
                      ; - java.util.Vector::addElement@20
                      ; - java.util.Stack::push@2
                      ; - org.eclipse.e4.core.internal.contexts.ContextObjectSupplier::pauseRecording@6 (line 215)
                      ; - org.eclipse.e4.core.internal.di.MethodRequestor::execute@49 (line 51)
  0x000001f435ced56c: 078b 1f48 | c1e3 0348 | 83fb 000f | 84ce ecff | ff48 891c 

  0x000001f435ced580: ;   {runtime_call g1_pre_barrier_slow}
  0x000001f435ced580: 24e8 7ae7 | 3707 e9c0 | ecff ff48 | 83f8 000f | 84d4 ecff | ff48 893c 

  0x000001f435ced598: ;   {runtime_call g1_post_barrier_slow}
  0x000001f435ced598: 24e8 62ea | 3707 e9c6 | ecff ff48 | 8d84 2430 | 0100 0048 

  0x000001f435ced5ac: ;   {runtime_call monitorexit_nofpu Runtime1 stub}
  0x000001f435ced5ac: 8904 24e8 | 4cc6 3707 | e9df ecff | ff48 8d84 | 2420 0100 | 0048 8904 

  0x000001f435ced5c4: ;   {runtime_call monitorexit_nofpu Runtime1 stub}
  0x000001f435ced5c4: 24e8 36c6 | 3707 e9f3 | ecff ff48 

  0x000001f435ced5d0: ;   {runtime_call throw_class_cast_exception Runtime1 stub}
  0x000001f435ced5d0: 8934 24e8 

  0x000001f435ced5d4: ; ImmutableOopMap {rdx=Oop [184]=Oop [192]=Oop }
                      ;*checkcast {reexecute=0 rethrow=0 return_oop=0}
                      ; - org.eclipse.e4.core.internal.di.MethodRequestor::execute@58 (line 55)
  0x000001f435ced5d4: 28b4 3707 

  0x000001f435ced5d8: ;   {runtime_call throw_null_pointer_exception Runtime1 stub}
  0x000001f435ced5d8: e823 8137 

  0x000001f435ced5dc: ; ImmutableOopMap {rdx=Oop rsi=Oop [184]=Oop [192]=Oop }
                      ;*invokevirtual trySetAccessible {reexecute=0 rethrow=0 return_oop=0}
                      ; - org.eclipse.e4.core.internal.di.MethodRequestor::execute@61 (line 55)
  0x000001f435ced5dc: 0748 8934 

  0x000001f435ced5e0: ;   {runtime_call throw_class_cast_exception Runtime1 stub}
  0x000001f435ced5e0: 24e8 1ab4 

  0x000001f435ced5e4: ; ImmutableOopMap {rdx=Oop [184]=Oop [192]=Oop }
                      ;*checkcast {reexecute=0 rethrow=0 return_oop=0}
                      ; - org.eclipse.e4.core.internal.di.MethodRequestor::execute@69 (line 56)
                      ;   {runtime_call throw_null_pointer_exception Runtime1 stub}
  0x000001f435ced5e4: 3707 e815 

  0x000001f435ced5e8: ; ImmutableOopMap {rdx=Oop rsi=Oop rdi=Oop [184]=Oop [192]=Oop [224]=Oop }
                      ;*invokevirtual invoke {reexecute=0 rethrow=0 return_oop=0}
                      ; - org.eclipse.e4.core.internal.di.MethodRequestor::execute@77 (line 56)
                      ;   {metadata({method} {0x000001f44d043cd8} 'invoke' '(Ljava/lang/Object;[Ljava/lang/Object;)Ljava/lang/Object;' in 'java/lang/reflect/Method')}
  0x000001f435ced5e8: 8137 0749 | bad0 3c04 | 4df4 0100 | 004c 8954 | 2408 48c7 | 0424 ffff 

  0x000001f435ced600: ;   {runtime_call counter_overflow Runtime1 stub}
  0x000001f435ced600: ffff e8f9 

  0x000001f435ced604: ; ImmutableOopMap {rdx=Oop rsi=Oop rdi=Oop [184]=Oop [192]=Oop [224]=Oop }
                      ;*synchronization entry
                      ; - java.lang.reflect.Method::invoke@-1
                      ; - org.eclipse.e4.core.internal.di.MethodRequestor::execute@77 (line 56)
  0x000001f435ced604: e037 07e9 | 23ef ffff 

  0x000001f435ced60c: ;   {metadata({method} {0x000001f44d3dc098} 'isStatic' '(I)Z' in 'java/lang/reflect/Modifier')}
  0x000001f435ced60c: 49ba 90c0 | 3d4d f401 | 0000 4c89 | 5424 0848 | c704 24ff 

  0x000001f435ced620: ;   {runtime_call counter_overflow Runtime1 stub}
  0x000001f435ced620: ffff ffe8 

  0x000001f435ced624: ; ImmutableOopMap {rbx=Oop rsi=Oop r9=Oop [184]=Oop [192]=Oop [224]=Oop [232]=Oop }
                      ;*synchronization entry
                      ; - java.lang.reflect.Modifier::isStatic@-1
                      ; - java.lang.reflect.Method::invoke@42
                      ; - org.eclipse.e4.core.internal.di.MethodRequestor::execute@77 (line 56)
  0x000001f435ced624: d8e0 3707 | e969 f0ff 

  0x000001f435ced62c: ;   {runtime_call throw_null_pointer_exception Runtime1 stub}
  0x000001f435ced62c: ffe8 ce80 

  0x000001f435ced630: ; ImmutableOopMap {rbx=Oop rsi=Oop r9=Oop rax=Oop [184]=Oop [224]=Oop [232]=Oop }
                      ;*invokevirtual getClass {reexecute=0 rethrow=0 return_oop=0}
                      ; - java.lang.reflect.Method::invoke@53
                      ; - org.eclipse.e4.core.internal.di.MethodRequestor::execute@77 (line 56)
                      ;   {runtime_call throw_null_pointer_exception Runtime1 stub}
  0x000001f435ced630: 3707 e8c9 

  0x000001f435ced634: ; ImmutableOopMap {rdx=Oop rbx=Oop [184]=Oop [192]=Oop [232]=Oop }
                      ;*invokeinterface invoke {reexecute=0 rethrow=0 return_oop=0}
                      ; - java.lang.reflect.Method::invoke@90
                      ; - org.eclipse.e4.core.internal.di.MethodRequestor::execute@77 (line 56)
                      ;   {runtime_call throw_null_pointer_exception Runtime1 stub}
  0x000001f435ced634: 8037 07e8 

  0x000001f435ced638: ; ImmutableOopMap {rdi=Oop rdx=Oop [184]=Oop [192]=Oop }
                      ;*invokeinterface invoke {reexecute=0 rethrow=0 return_oop=0}
                      ; - java.lang.reflect.Method::invoke@102
                      ; - org.eclipse.e4.core.internal.di.MethodRequestor::execute@77 (line 56)
  0x000001f435ced638: c480 3707 

  0x000001f435ced63c: ;   {runtime_call throw_null_pointer_exception Runtime1 stub}
  0x000001f435ced63c: e8bf 8037 

  0x000001f435ced640: ; ImmutableOopMap {rdx=Oop rsi=Oop [184]=Oop [256]=Oop }
                      ;*invokevirtual resumeRecording {reexecute=0 rethrow=0 return_oop=0}
                      ; - org.eclipse.e4.core.internal.di.MethodRequestor::execute@167 (line 69)
                      ;   {metadata({method} {0x000001f48f7a2698} 'clearResolvedArgs' '()V' in 'org/eclipse/e4/core/internal/di/Requestor')}
  0x000001f435ced640: 0749 ba90 | 267a 8ff4 | 0100 004c | 8954 2408 | 48c7 0424 | ffff ffff 

  0x000001f435ced658: ;   {runtime_call counter_overflow Runtime1 stub}
  0x000001f435ced658: e8a3 e037 

  0x000001f435ced65c: ; ImmutableOopMap {rdx=Oop [184]=Oop [256]=Oop }
                      ;*synchronization entry
                      ; - org.eclipse.e4.core.internal.di.Requestor::clearResolvedArgs@-1 (line 193)
                      ; - org.eclipse.e4.core.internal.di.MethodRequestor::execute@171 (line 70)
  0x000001f435ced65c: 07e9 fcf4 

  0x000001f435ced660: ;   {metadata(nullptr)}
  0x000001f435ced660: ffff 48ba | 0000 0000 | 0000 0000 | b800 0f05 

  0x000001f435ced670: ;   {runtime_call load_klass_patching Runtime1 stub}
  0x000001f435ced670: 0ae8 0ad0 

  0x000001f435ced674: ; ImmutableOopMap {rbx=Oop r8=Oop [184]=Oop }
                      ;*new {reexecute=1 rethrow=0 return_oop=0}
                      ; - (reexecute) org.eclipse.e4.core.internal.di.MethodRequestor::execute@119 (line 66)
  0x000001f435ced674: 3707 e9a5 

  0x000001f435ced678: ;   {runtime_call throw_null_pointer_exception Runtime1 stub}
  0x000001f435ced678: f6ff ffe8 

  0x000001f435ced67c: ; ImmutableOopMap {rbx=Oop r8=Oop [184]=Oop }
                      ;*new {reexecute=0 rethrow=0 return_oop=0}
                      ; - org.eclipse.e4.core.internal.di.MethodRequestor::execute@119 (line 66)
  0x000001f435ced67c: 8080 3707 

  0x000001f435ced680: ;   {runtime_call fast_new_instance_init_check Runtime1 stub}
  0x000001f435ced680: 488b d2e8 

  0x000001f435ced684: ; ImmutableOopMap {rbx=Oop r8=Oop [184]=Oop }
                      ;*new {reexecute=0 rethrow=0 return_oop=0}
                      ; - org.eclipse.e4.core.internal.di.MethodRequestor::execute@119 (line 66)
  0x000001f435ced684: f890 3707 | e9f8 f6ff | ff8b 4228 | 48c1 e003 | 4883 f800 | 0f84 6bf7 | ffff 4889 

  0x000001f435ced6a0: ;   {runtime_call g1_pre_barrier_slow}
  0x000001f435ced6a0: 0424 e859 | e637 07e9 | 5df7 ffff 

  0x000001f435ced6ac: ;   {internal_word}
  0x000001f435ced6ac: 49ba 20ce | ce35 f401 | 0000 4d89 | 9760 0400 

  0x000001f435ced6bc: ;   {runtime_call SafepointBlob}
  0x000001f435ced6bc: 00e9 3e80 

  0x000001f435ced6c0: ;   {internal_word}
  0x000001f435ced6c0: 2b07 49ba | 40ce ce35 | f401 0000 | 4d89 9760 

  0x000001f435ced6d0: ;   {runtime_call SafepointBlob}
  0x000001f435ced6d0: 0400 00e9 | 2880 2b07 

  0x000001f435ced6d8: ;   {internal_word}
  0x000001f435ced6d8: 49ba 60ce | ce35 f401 | 0000 4d89 | 9760 0400 

  0x000001f435ced6e8: ;   {runtime_call SafepointBlob}
  0x000001f435ced6e8: 00e9 1280 | 2b07 4c89 

  0x000001f435ced6f0: ;   {runtime_call throw_class_cast_exception Runtime1 stub}
  0x000001f435ced6f0: 0424 e809 

  0x000001f435ced6f4: ; ImmutableOopMap {[184]=Oop }
                      ;*checkcast {reexecute=0 rethrow=0 return_oop=0}
                      ; - org.eclipse.e4.core.internal.di.MethodRequestor::execute@115 (line 64)
                      ;   {runtime_call throw_null_pointer_exception Runtime1 stub}
  0x000001f435ced6f4: b337 07e8 

  0x000001f435ced6f8: ; ImmutableOopMap {rax=Oop [184]=Oop }
                      ;*athrow {reexecute=1 rethrow=0 return_oop=0}
                      ; - (reexecute) org.eclipse.e4.core.internal.di.MethodRequestor::execute@118 (line 64)
  0x000001f435ced6f8: 0480 3707 

  0x000001f435ced6fc: ;   {metadata(nullptr)}
  0x000001f435ced6fc: 48ba 0000 | 0000 0000 | 0000 b800 

  0x000001f435ced708: ;   {runtime_call load_klass_patching Runtime1 stub}
  0x000001f435ced708: 0f05 0ae8 

  0x000001f435ced70c: ; ImmutableOopMap {r8=Oop [184]=Oop }
                      ;*new {reexecute=1 rethrow=0 return_oop=0}
                      ; - (reexecute) org.eclipse.e4.core.internal.di.MethodRequestor::execute@86 (line 58)
  0x000001f435ced70c: 70cf 3707 | e9db f8ff 

  0x000001f435ced714: ;   {runtime_call throw_null_pointer_exception Runtime1 stub}
  0x000001f435ced714: ffe8 e67f 

  0x000001f435ced718: ; ImmutableOopMap {r8=Oop [184]=Oop }
                      ;*new {reexecute=0 rethrow=0 return_oop=0}
                      ; - org.eclipse.e4.core.internal.di.MethodRequestor::execute@86 (line 58)
  0x000001f435ced718: 3707 488b 

  0x000001f435ced71c: ;   {runtime_call fast_new_instance_init_check Runtime1 stub}
  0x000001f435ced71c: d2e8 5e90 

  0x000001f435ced720: ; ImmutableOopMap {r8=Oop [184]=Oop }
                      ;*new {reexecute=0 rethrow=0 return_oop=0}
                      ; - org.eclipse.e4.core.internal.di.MethodRequestor::execute@86 (line 58)
  0x000001f435ced720: 3707 e92e 

  0x000001f435ced724: ;   {runtime_call throw_null_pointer_exception Runtime1 stub}
  0x000001f435ced724: f9ff ffe8 

  0x000001f435ced728: ; ImmutableOopMap {rdx=Oop rsi=Oop [184]=Oop [280]=Oop }
                      ;*invokevirtual resumeRecording {reexecute=0 rethrow=0 return_oop=0}
                      ; - org.eclipse.e4.core.internal.di.MethodRequestor::execute@149 (line 69)
  0x000001f435ced728: d47f 3707 

  0x000001f435ced72c: ;   {metadata({method} {0x000001f48f7a2698} 'clearResolvedArgs' '()V' in 'org/eclipse/e4/core/internal/di/Requestor')}
  0x000001f435ced72c: 49ba 9026 | 7a8f f401 | 0000 4c89 | 5424 0848 | c704 24ff 

  0x000001f435ced740: ;   {runtime_call counter_overflow Runtime1 stub}
  0x000001f435ced740: ffff ffe8 

  0x000001f435ced744: ; ImmutableOopMap {rdx=Oop [184]=Oop [280]=Oop }
                      ;*synchronization entry
                      ; - org.eclipse.e4.core.internal.di.Requestor::clearResolvedArgs@-1 (line 193)
                      ; - org.eclipse.e4.core.internal.di.MethodRequestor::execute@153 (line 70)
  0x000001f435ced744: b8df 3707 | e9b4 faff | ff8b 4628 | 48c1 e003 | 4883 f800 | 0f84 1bfb | ffff 4889 

  0x000001f435ced760: ;   {runtime_call g1_pre_barrier_slow}
  0x000001f435ced760: 0424 e899 | e537 07e9 | 0dfb ffff | 488d 8424 | 3001 0000 | 4889 0424 

  0x000001f435ced778: ;   {runtime_call monitorexit_nofpu Runtime1 stub}
  0x000001f435ced778: e883 c437 | 07e9 5bfb | ffff 488d | 8424 2001 | 0000 4889 

  0x000001f435ced78c: ;   {runtime_call monitorexit_nofpu Runtime1 stub}
  0x000001f435ced78c: 0424 e86d | c437 07e9 | a0fb ffff | 488b bc24 | c000 0000 | e9e8 faff | ff8b bc24 | d400 0000 
  0x000001f435ced7ac: e9e9 f3ff | ff8b bc24 | d400 0000 | e9df f8ff | ff8b bc24 | d400 0000 | e9d1 f3ff | ff8b bc24 
  0x000001f435ced7cc: d400 0000 | e9c7 f8ff | ff8b bc24 | d400 0000 | e9b9 f3ff | ff8b bc24 | d400 0000 | e9af f8ff 
  0x000001f435ced7ec: ff8b bc24 | d400 0000 | e9a1 f3ff | ff8b bc24 | d400 0000 | e997 f8ff | ff8b bc24 | d400 0000 
  0x000001f435ced80c: e989 f3ff | ff8b bc24 | d400 0000 | e97f f8ff | ff8b bc24 | d400 0000 | e971 f3ff | ff8b bc24 
  0x000001f435ced82c: d400 0000 | e967 f8ff | ff8b bc24 | d400 0000 | e959 f3ff | ff8b bc24 | d400 0000 | e94f f8ff 
  0x000001f435ced84c: ff8b bc24 | d400 0000 | e943 f8ff | ff8b bc24 | d400 0000 | e937 f8ff | ff8b bc24 | d400 0000 
  0x000001f435ced86c: e92b f8ff | ff8b bc24 | d400 0000 | e91f f8ff | ff8b bc24 | d400 0000 | e913 f8ff | ff48 8bbc 
  0x000001f435ced88c: ;   {no_reloc}
  0x000001f435ced88c: 24c0 0000 | 00e9 f7f9 | ffff 488b | bc24 c000 | 0000 e9ea | f9ff ff48 | 8bbc 24c0 | 0000 00e9 
  0x000001f435ced8ac: ddf9 ffff | 488b bc24 | c000 0000 | e9d0 f9ff | ff8b bc24 | d400 0000 | e9d1 f2ff | ff8b bc24 
  0x000001f435ced8cc: d400 0000 | e9c7 f7ff | ff8b bc24 | d400 0000 | e9b9 f2ff | ff8b bc24 | d400 0000 | e9af f7ff 
  0x000001f435ced8ec: ff8b bc24 | d400 0000 | e9a1 f2ff | ff8b bc24 | d400 0000 | e997 f7ff | ff8b bc24 | d400 0000 
  0x000001f435ced90c: e989 f2ff | ff8b bc24 | d400 0000 | e97f f7ff | ff8b bc24 | d400 0000 | e971 f2ff | ff8b bc24 
  0x000001f435ced92c: d400 0000 | e967 f7ff | ff8b bc24 | d400 0000 | e959 f2ff | ff8b bc24 | d400 0000 | e94f f7ff 
  0x000001f435ced94c: ff8b bc24 | d400 0000 | e941 f2ff | ff8b bc24 | d400 0000 | e937 f7ff | ff8b bc24 | d400 0000 
  0x000001f435ced96c: e92b f7ff | ff8b bc24 | d400 0000 | e91f f7ff | ff8b bc24 | d400 0000 | e913 f7ff | ff8b bc24 
  0x000001f435ced98c: ;   {no_reloc}
  0x000001f435ced98c: d400 0000 | e907 f7ff | ff8b bc24 | d400 0000 | e9fb f6ff | ff8b bc24 | d400 0000 | e9ef f6ff 
  0x000001f435ced9ac: ff49 8b87 | f804 0000 | 49c7 87f8 | 0400 0000 | 0000 0049 | c787 0005 | 0000 0000 | 0000 4881 
  0x000001f435ced9cc: c450 0100 

  0x000001f435ced9d0: ;   {runtime_call unwind_exception Runtime1 stub}
  0x000001f435ced9d0: 005d e929 | 6e37 07f4 
[Stub Code]
  0x000001f435ced9d8: ;   {no_reloc}
  0x000001f435ced9d8: 0f1f 4400 

  0x000001f435ced9dc: ;   {static_stub}
  0x000001f435ced9dc: 0048 bb00 | 0000 0000 

  0x000001f435ced9e4: ;   {runtime_call nmethod}
  0x000001f435ced9e4: 0000 00e9 | fbff ffff 

  0x000001f435ced9ec: ;   {static_stub}
  0x000001f435ced9ec: 9048 bb00 | 0000 0000 

  0x000001f435ced9f4: ;   {runtime_call nmethod}
  0x000001f435ced9f4: 0000 00e9 | fbff ffff 

  0x000001f435ced9fc: ;   {static_stub}
  0x000001f435ced9fc: 9048 bb00 | 0000 0000 

  0x000001f435ceda04: ;   {runtime_call nmethod}
  0x000001f435ceda04: 0000 00e9 | fbff ffff 

  0x000001f435ceda0c: ;   {static_stub}
  0x000001f435ceda0c: 9048 bb00 | 0000 0000 

  0x000001f435ceda14: ;   {runtime_call nmethod}
  0x000001f435ceda14: 0000 00e9 | fbff ffff 

  0x000001f435ceda1c: ;   {static_stub}
  0x000001f435ceda1c: 9048 bb00 | 0000 0000 

  0x000001f435ceda24: ;   {runtime_call nmethod}
  0x000001f435ceda24: 0000 00e9 | fbff ffff 

  0x000001f435ceda2c: ;   {static_stub}
  0x000001f435ceda2c: 9048 bb00 | 0000 0000 

  0x000001f435ceda34: ;   {runtime_call nmethod}
  0x000001f435ceda34: 0000 00e9 | fbff ffff 

  0x000001f435ceda3c: ;   {static_stub}
  0x000001f435ceda3c: 9048 bb00 | 0000 0000 

  0x000001f435ceda44: ;   {runtime_call nmethod}
  0x000001f435ceda44: 0000 00e9 | fbff ffff 

  0x000001f435ceda4c: ;   {static_stub}
  0x000001f435ceda4c: 9048 bb00 | 0000 0000 

  0x000001f435ceda54: ;   {runtime_call nmethod}
  0x000001f435ceda54: 0000 00e9 | fbff ffff 

  0x000001f435ceda5c: ;   {static_stub}
  0x000001f435ceda5c: 9048 bb00 | 0000 0000 

  0x000001f435ceda64: ;   {runtime_call nmethod}
  0x000001f435ceda64: 0000 00e9 | fbff ffff 

  0x000001f435ceda6c: ;   {static_stub}
  0x000001f435ceda6c: 9048 bb00 | 0000 0000 

  0x000001f435ceda74: ;   {runtime_call nmethod}
  0x000001f435ceda74: 0000 00e9 | fbff ffff 

  0x000001f435ceda7c: ;   {static_stub}
  0x000001f435ceda7c: 48bb 0000 | 0000 0000 

  0x000001f435ceda84: ;   {runtime_call nmethod}
  0x000001f435ceda84: 0000 e9fb 

  0x000001f435ceda88: ;   {static_stub}
  0x000001f435ceda88: ffff ff48 | bb00 0000 | 0000 0000 

  0x000001f435ceda94: ;   {runtime_call nmethod}
  0x000001f435ceda94: 00e9 fbff 

  0x000001f435ceda98: ;   {static_stub}
  0x000001f435ceda98: ffff 48bb | 0000 0000 | 0000 0000 

  0x000001f435cedaa4: ;   {runtime_call nmethod}
  0x000001f435cedaa4: e9fb ffff 

  0x000001f435cedaa8: ;   {static_stub}
  0x000001f435cedaa8: ff48 bb00 | 0000 0000 

  0x000001f435cedab0: ;   {runtime_call nmethod}
  0x000001f435cedab0: 0000 00e9 | fbff ffff 

  0x000001f435cedab8: ;   {static_stub}
  0x000001f435cedab8: 48bb 0000 | 0000 0000 

  0x000001f435cedac0: ;   {runtime_call nmethod}
  0x000001f435cedac0: 0000 e9fb 

  0x000001f435cedac4: ;   {static_stub}
  0x000001f435cedac4: ffff ff48 | bb00 0000 | 0000 0000 

  0x000001f435cedad0: ;   {runtime_call nmethod}
  0x000001f435cedad0: 00e9 fbff 

  0x000001f435cedad4: ;   {static_stub}
  0x000001f435cedad4: ffff 48bb | 4841 044d | f401 0000 

  0x000001f435cedae0: ;   {runtime_call I2C/C2I adapters}
  0x000001f435cedae0: e97e 592b 

  0x000001f435cedae4: ;   {static_stub}
  0x000001f435cedae4: 0748 bb00 | 0000 0000 

  0x000001f435cedaec: ;   {runtime_call nmethod}
  0x000001f435cedaec: 0000 00e9 | fbff ffff 
[Exception Handler]
  0x000001f435cedaf4: ;   {runtime_call handle_exception_from_callee Runtime1 stub}
  0x000001f435cedaf4: e807 a437 

  0x000001f435cedaf8: ;   {external_word}
  0x000001f435cedaf8: 0748 b990 | 7f98 62fd | 7f00 0048 

  0x000001f435cedb04: ;   {runtime_call}
  0x000001f435cedb04: 83e4 f048 | b8e0 445b | 62fd 7f00 | 00ff d0f4 
[Deopt Handler Code]
  0x000001f435cedb14: ;   {section_word}
  0x000001f435cedb14: 49ba 14db | ce35 f401 | 0000 4152 

  0x000001f435cedb20: ;   {runtime_call DeoptimizationBlob}
  0x000001f435cedb20: e97b 6e2b | 07f4 f4f4 
[/MachCode]


Compiled method (c1) 11403 9858       3       org.eclipse.e4.core.internal.di.InjectorImpl::processAnnotated (417 bytes)
 total in heap  [0x000001f436152b90,0x000001f436154308] = 6008
 relocation     [0x000001f436152cf0,0x000001f436152e80] = 400
 main code      [0x000001f436152e80,0x000001f436153b60] = 3296
 stub code      [0x000001f436153b60,0x000001f436153c70] = 272
 oops           [0x000001f436153c70,0x000001f436153c78] = 8
 metadata       [0x000001f436153c78,0x000001f436153ca8] = 48
 scopes data    [0x000001f436153ca8,0x000001f436154090] = 1000
 scopes pcs     [0x000001f436154090,0x000001f4361542c0] = 560
 dependencies   [0x000001f4361542c0,0x000001f4361542c8] = 8
 nul chk table  [0x000001f4361542c8,0x000001f436154308] = 64

[Constant Pool (empty)]

[MachCode]
[Entry Point]
  # {method} {0x000001f48f7a02d0} 'processAnnotated' '(Lorg/eclipse/e4/core/internal/di/AnnotationLookup$AnnotationProxy;Ljava/lang/Object;Ljava/lang/Class;Lorg/eclipse/e4/core/di/suppliers/PrimaryObjectSupplier;Lorg/eclipse/e4/core/di/suppliers/PrimaryObjectSupplier;Ljava/util/List;)V' in 'org/eclipse/e4/core/internal/di/InjectorImpl'
  # this:     rdx:rdx   = 'org/eclipse/e4/core/internal/di/InjectorImpl'
  # parm0:    r8:r8     = 'org/eclipse/e4/core/internal/di/AnnotationLookup$AnnotationProxy'
  # parm1:    r9:r9     = 'java/lang/Object'
  # parm2:    rdi:rdi   = 'java/lang/Class'
  # parm3:    rsi:rsi   = 'org/eclipse/e4/core/di/suppliers/PrimaryObjectSupplier'
  # parm4:    rcx:rcx   = 'org/eclipse/e4/core/di/suppliers/PrimaryObjectSupplier'
  # parm5:    [sp+0xf0]   = 'java/util/List'  (sp of caller)
  0x000001f436152e80: 448b 5208 | 49bb 0000 | 004d f401 | 0000 4d03 | d34c 3bd0 

  0x000001f436152e94: ;   {runtime_call ic_miss_stub}
  0x000001f436152e94: 0f85 e6b8 | e406 660f | 1f44 0000 
[Verified Entry Point]
  0x000001f436152ea0: 8984 2400 | 80ff ff55 | 4881 ece0 | 0000 0090 | 4181 7f20 | 0800 0000 

  0x000001f436152eb8: ;   {runtime_call StubRoutines (final stubs)}
  0x000001f436152eb8: 7405 e8a1 | 1ee3 0648 | 8954 2470 | 4c89 4424 | 784c 898c | 2480 0000 | 0048 89b4 | 2488 0000 
  0x000001f436152ed8: 0048 898c | 2490 0000 

  0x000001f436152ee0: ;   {metadata(method data for {method} {0x000001f48f7a02d0} 'processAnnotated' '(Lorg/eclipse/e4/core/internal/di/AnnotationLookup$AnnotationProxy;Ljava/lang/Object;Ljava/lang/Class;Lorg/eclipse/e4/core/di/suppliers/PrimaryObjectSupplier;Lorg/eclipse/e4/core/di/suppliers/PrimaryObjectSupplier;Ljava/util/List;)V' in 'org/eclipse/e4/core/internal/di/InjectorImpl')}
  0x000001f436152ee0: 0048 bba0 | df71 90f4 | 0100 008b | 83cc 0000 | 0083 c002 | 8983 cc00 | 0000 25fe | 0700 0085 
  0x000001f436152f00: c00f 84c2 | 0a00 0048 | 3b07 488b 

  0x000001f436152f0c: ;   {metadata(method data for {method} {0x000001f48f7a02d0} 'processAnnotated' '(Lorg/eclipse/e4/core/internal/di/AnnotationLookup$AnnotationProxy;Ljava/lang/Object;Ljava/lang/Class;Lorg/eclipse/e4/core/di/suppliers/PrimaryObjectSupplier;Lorg/eclipse/e4/core/di/suppliers/PrimaryObjectSupplier;Ljava/util/List;)V' in 'org/eclipse/e4/core/internal/di/InjectorImpl')}
  0x000001f436152f0c: df48 b8a0 | df71 90f4 | 0100 0048 | 8380 1001 | 0000 0148 | 8bd7 4889 

  0x000001f436152f24: ;   {optimized virtual_call}
  0x000001f436152f24: 7c24 68e8 

  0x000001f436152f28: ; ImmutableOopMap {[104]=Oop [112]=Oop [120]=Oop [128]=Oop [136]=Oop [144]=Oop [240]=Oop }
                      ;*invokevirtual getSuperclass {reexecute=0 rethrow=0 return_oop=0}
                      ; - org.eclipse.e4.core.internal.di.InjectorImpl::processAnnotated@1 (line 936)
  0x000001f436152f28: b40f 7207 

  0x000001f436152f2c: ;   {other}
  0x000001f436152f2c: 0f1f 8400 | 9c03 0000 | 4889 8424 | 9800 0000 

  0x000001f436152f3c: ;   {metadata(method data for {method} {0x000001f48f7a02d0} 'processAnnotated' '(Lorg/eclipse/e4/core/internal/di/AnnotationLookup$AnnotationProxy;Ljava/lang/Object;Ljava/lang/Class;Lorg/eclipse/e4/core/di/suppliers/PrimaryObjectSupplier;Lorg/eclipse/e4/core/di/suppliers/PrimaryObjectSupplier;Ljava/util/List;)V' in 'org/eclipse/e4/core/internal/di/InjectorImpl')}
  0x000001f436152f3c: 4885 c048 | baa0 df71 | 90f4 0100 | 0048 c7c6 | 4801 0000 | 7407 48c7 | c658 0100 | 0048 8b3c 
  0x000001f436152f5c: 3248 8d7f | 0148 893c | 320f 84f9 | 0200 0048 | 3b00 488b 

  0x000001f436152f70: ;   {metadata(method data for {method} {0x000001f48f7a02d0} 'processAnnotated' '(Lorg/eclipse/e4/core/internal/di/AnnotationLookup$AnnotationProxy;Ljava/lang/Object;Ljava/lang/Class;Lorg/eclipse/e4/core/di/suppliers/PrimaryObjectSupplier;Lorg/eclipse/e4/core/di/suppliers/PrimaryObjectSupplier;Ljava/util/List;)V' in 'org/eclipse/e4/core/internal/di/InjectorImpl')}
  0x000001f436152f70: d048 bea0 | df71 90f4 | 0100 0048 | 8386 6801 

  0x000001f436152f80: ;   {metadata(method data for {method} {0x000001f44d465ac0} 'getName' '()Ljava/lang/String;' in 'java/lang/Class')}
  0x000001f436152f80: 0000 0148 | bac8 a705 | 8ef4 0100 | 008b b2cc | 0000 0083 | c602 89b2 | cc00 0000 | 81e6 feff 
  0x000001f436152fa0: 1f00 85f6 | 0f84 4a0a | 0000 8b50 | 2c48 c1e2 | 0348 85d2 

  0x000001f436152fb4: ;   {metadata(method data for {method} {0x000001f44d465ac0} 'getName' '()Ljava/lang/String;' in 'java/lang/Class')}
  0x000001f436152fb4: 48be c8a7 | 058e f401 | 0000 48c7 | c710 0100 | 0074 0748 | c7c7 2001 | 0000 488b | 1c3e 488d 
  0x000001f436152fd4: 5b01 4889 | 1c3e 0f84 | 1500 0000 

  0x000001f436152fe0: ;   {metadata(method data for {method} {0x000001f44d465ac0} 'getName' '()Ljava/lang/String;' in 'java/lang/Class')}
  0x000001f436152fe0: 48be c8a7 | 058e f401 | 0000 ff86 | 3001 0000 | e92a 0000 | 0048 8bd0 

  0x000001f436152ff8: ;   {metadata(method data for {method} {0x000001f44d465ac0} 'getName' '()Ljava/lang/String;' in 'java/lang/Class')}
  0x000001f436152ff8: 48be c8a7 | 058e f401 | 0000 4883 | 8648 0100 | 0001 488b 

  0x000001f43615300c: ;   {optimized virtual_call}
  0x000001f43615300c: d066 90e8 

  0x000001f436153010: ; ImmutableOopMap {[104]=Oop [112]=Oop [120]=Oop [128]=Oop [136]=Oop [144]=Oop [152]=Oop [240]=Oop }
                      ;*invokevirtual initClassName {reexecute=0 rethrow=0 return_oop=0}
                      ; - java.lang.Class::getName@14
                      ; - org.eclipse.e4.core.internal.di.InjectorImpl::processAnnotated@13 (line 937)
  0x000001f436153010: 6cba e406 

  0x000001f436153014: ;   {other}
  0x000001f436153014: 0f1f 8400 | 8404 0001 | 488b d048 | 3b02 4c8b 

  0x000001f436153024: ;   {metadata(method data for {method} {0x000001f48f7a02d0} 'processAnnotated' '(Lorg/eclipse/e4/core/internal/di/AnnotationLookup$AnnotationProxy;Ljava/lang/Object;Ljava/lang/Class;Lorg/eclipse/e4/core/di/suppliers/PrimaryObjectSupplier;Lorg/eclipse/e4/core/di/suppliers/PrimaryObjectSupplier;Ljava/util/List;)V' in 'org/eclipse/e4/core/internal/di/InjectorImpl')}
  0x000001f436153024: c248 bea0 | df71 90f4 | 0100 0048 | 8386 a001 

  0x000001f436153034: ;   {oop("java.lang.Object"{0x0000000740530f08})}
  0x000001f436153034: 0000 0149 | b808 0f53 | 4007 0000 | 0066 0f1f 

  0x000001f436153044: ;   {optimized virtual_call}
  0x000001f436153044: 4400 00e8 

  0x000001f436153048: ; ImmutableOopMap {[104]=Oop [112]=Oop [120]=Oop [128]=Oop [136]=Oop [144]=Oop [152]=Oop [240]=Oop }
                      ;*invokevirtual equals {reexecute=0 rethrow=0 return_oop=0}
                      ; - org.eclipse.e4.core.internal.di.InjectorImpl::processAnnotated@18 (line 937)
  0x000001f436153048: f446 5f07 

  0x000001f43615304c: ;   {other}
  0x000001f43615304c: 0f1f 8400 | bc04 0002 

  0x000001f436153054: ;   {metadata(method data for {method} {0x000001f48f7a02d0} 'processAnnotated' '(Lorg/eclipse/e4/core/internal/di/AnnotationLookup$AnnotationProxy;Ljava/lang/Object;Ljava/lang/Class;Lorg/eclipse/e4/core/di/suppliers/PrimaryObjectSupplier;Lorg/eclipse/e4/core/di/suppliers/PrimaryObjectSupplier;Ljava/util/List;)V' in 'org/eclipse/e4/core/internal/di/InjectorImpl')}
  0x000001f436153054: 85c0 49b8 | a0df 7190 | f401 0000 | 48c7 c2d8 | 0100 0075 | 0748 c7c2 | e801 0000 | 498b 3410 
  0x000001f436153074: 488d 7601 | 4989 3410 | 0f85 e201 | 0000 488b | b424 f000 | 0000 483b | 064c 8bc6 

  0x000001f436153090: ;   {metadata(method data for {method} {0x000001f48f7a02d0} 'processAnnotated' '(Lorg/eclipse/e4/core/internal/di/AnnotationLookup$AnnotationProxy;Ljava/lang/Object;Ljava/lang/Class;Lorg/eclipse/e4/core/di/suppliers/PrimaryObjectSupplier;Lorg/eclipse/e4/core/di/suppliers/PrimaryObjectSupplier;Ljava/util/List;)V' in 'org/eclipse/e4/core/internal/di/InjectorImpl')}
  0x000001f436153090: 48ba a0df | 7190 f401 | 0000 458b | 4008 49ba | 0000 004d | f401 0000 | 4d03 c24c | 3b82 0802 
  0x000001f4361530b0: 0000 750d | 4883 8210 | 0200 0001 | e960 0000 | 004c 3b82 | 1802 0000 | 750d 4883 | 8220 0200 
  0x000001f4361530d0: 0001 e94a | 0000 0048 | 83ba 0802 | 0000 0075 | 174c 8982 | 0802 0000 | 48c7 8210 | 0200 0001 
  0x000001f4361530f0: 0000 00e9 | 2900 0000 | 4883 ba18 | 0200 0000 | 7517 4c89 | 8218 0200 | 0048 c782 | 2002 0000 
  0x000001f436153110: 0100 0000 | e908 0000 | 0048 8382 | f801 0000 | 014c 8b44 | 2468 488b | d60f 1f40 | 0048 b8e0 
  0x000001f436153130: a50b 4df4 

  0x000001f436153134: ;   {virtual_call}
  0x000001f436153134: 0100 00e8 

  0x000001f436153138: ; ImmutableOopMap {[104]=Oop [112]=Oop [120]=Oop [128]=Oop [136]=Oop [144]=Oop [152]=Oop [240]=Oop }
                      ;*invokeinterface add {reexecute=0 rethrow=0 return_oop=0}
                      ; - org.eclipse.e4.core.internal.di.InjectorImpl::processAnnotated@27 (line 938)
  0x000001f436153138: a44c 5c07 

  0x000001f43615313c: ;   {other}
  0x000001f43615313c: 0f1f 8400 | ac05 0003 | 488b 5424 

  0x000001f436153148: ;   {metadata(method data for {method} {0x000001f48f7a02d0} 'processAnnotated' '(Lorg/eclipse/e4/core/internal/di/AnnotationLookup$AnnotationProxy;Ljava/lang/Object;Ljava/lang/Class;Lorg/eclipse/e4/core/di/suppliers/PrimaryObjectSupplier;Lorg/eclipse/e4/core/di/suppliers/PrimaryObjectSupplier;Ljava/util/List;)V' in 'org/eclipse/e4/core/internal/di/InjectorImpl')}
  0x000001f436153148: 7049 b8a0 | df71 90f4 | 0100 0049 | 8380 3002 | 0000 014c | 8b44 2478 | 4c8b 8c24 | 8000 0000 
  0x000001f436153168: 488b bc24 | 9800 0000 | 488b b424 | 8800 0000 | 488b 8c24 | 9000 0000 | 488b 9c24 | f000 0000 
  0x000001f436153188: 4889 1c24 | 488b 5424 | 7066 0f1f 

  0x000001f436153194: ;   {optimized virtual_call}
  0x000001f436153194: 4400 00e8 

  0x000001f436153198: ; ImmutableOopMap {[104]=Oop [112]=Oop [120]=Oop [128]=Oop [136]=Oop [144]=Oop [240]=Oop }
                      ;*invokevirtual processAnnotated {reexecute=0 rethrow=0 return_oop=0}
                      ; - org.eclipse.e4.core.internal.di.InjectorImpl::processAnnotated@44 (line 939)
  0x000001f436153198: 04fd ffff 

  0x000001f43615319c: ;   {other}
  0x000001f43615319c: 0f1f 8400 | 0c06 0004 | 488b b424 | f000 0000 

  0x000001f4361531ac: ;   {metadata(method data for {method} {0x000001f48f7a02d0} 'processAnnotated' '(Lorg/eclipse/e4/core/internal/di/AnnotationLookup$AnnotationProxy;Ljava/lang/Object;Ljava/lang/Class;Lorg/eclipse/e4/core/di/suppliers/PrimaryObjectSupplier;Lorg/eclipse/e4/core/di/suppliers/PrimaryObjectSupplier;Ljava/util/List;)V' in 'org/eclipse/e4/core/internal/di/InjectorImpl')}
  0x000001f4361531ac: 49b8 a0df | 7190 f401 | 0000 8b76 | 0849 ba00 | 0000 4df4 | 0100 0049 | 03f2 493b | b078 0200 
  0x000001f4361531cc: 0075 0d49 | 8380 8002 | 0000 01e9 | 6000 0000 | 493b b088 | 0200 0075 | 0d49 8380 | 9002 0000 
  0x000001f4361531ec: 01e9 4a00 | 0000 4983 | b878 0200 | 0000 7517 | 4989 b078 | 0200 0049 | c780 8002 | 0000 0100 
  0x000001f43615320c: 0000 e929 | 0000 0049 | 83b8 8802 | 0000 0075 | 1749 89b0 | 8802 0000 | 49c7 8090 | 0200 0001 
  0x000001f43615322c: 0000 00e9 | 0800 0000 | 4983 8068 | 0200 0001 | 4c8b 4424 | 6848 8b94 | 24f0 0000 | 000f 1f40 
  0x000001f43615324c: 0048 b8e0 | a50b 4df4 

  0x000001f436153254: ;   {virtual_call}
  0x000001f436153254: 0100 00e8 

  0x000001f436153258: ; ImmutableOopMap {[104]=Oop [112]=Oop [120]=Oop [128]=Oop [136]=Oop [144]=Oop [240]=Oop }
                      ;*invokeinterface remove {reexecute=0 rethrow=0 return_oop=0}
                      ; - org.eclipse.e4.core.internal.di.InjectorImpl::processAnnotated@50 (line 940)
  0x000001f436153258: 6403 bb07 

  0x000001f43615325c: ;   {other}
  0x000001f43615325c: 0f1f 8400 | cc06 0005 | 488b 7c24 | 6848 8b54 

  0x000001f43615326c: ;   {metadata(method data for {method} {0x000001f48f7a02d0} 'processAnnotated' '(Lorg/eclipse/e4/core/internal/di/AnnotationLookup$AnnotationProxy;Ljava/lang/Object;Ljava/lang/Class;Lorg/eclipse/e4/core/di/suppliers/PrimaryObjectSupplier;Lorg/eclipse/e4/core/di/suppliers/PrimaryObjectSupplier;Ljava/util/List;)V' in 'org/eclipse/e4/core/internal/di/InjectorImpl')}
  0x000001f43615326c: 2470 49b8 | a0df 7190 | f401 0000 | 4983 80a0 | 0200 0001 | 4c8b c748 | 8b54 2470 | 0f1f 8000 
  0x000001f43615328c: ;   {optimized virtual_call}
  0x000001f43615328c: 0000 00e8 

  0x000001f436153290: ; ImmutableOopMap {[112]=Oop [120]=Oop [128]=Oop [136]=Oop [144]=Oop [240]=Oop }
                      ;*invokevirtual getDeclaredMethods {reexecute=0 rethrow=0 return_oop=0}
                      ; - org.eclipse.e4.core.internal.di.InjectorImpl::processAnnotated@58 (line 942)
  0x000001f436153290: cc77 f4ff 

  0x000001f436153294: ;   {other}
  0x000001f436153294: 0f1f 8400 | 0407 0006 | 4889 8424 | b000 0000 

  0x000001f4361532a4: ; implicit exception: dispatches to 0x000001f436153a1f
  0x000001f4361532a4: 8b70 0c89 | b424 a400 

  0x000001f4361532ac: ;   {metadata(method data for {method} {0x000001f48f7a02d0} 'processAnnotated' '(Lorg/eclipse/e4/core/internal/di/AnnotationLookup$AnnotationProxy;Ljava/lang/Object;Ljava/lang/Class;Lorg/eclipse/e4/core/di/suppliers/PrimaryObjectSupplier;Lorg/eclipse/e4/core/di/suppliers/PrimaryObjectSupplier;Ljava/util/List;)V' in 'org/eclipse/e4/core/internal/di/InjectorImpl')}
  0x000001f4361532ac: 0000 49b8 | a0df 7190 | f401 0000 | 41ff 80d8 | 0200 00bf | 0000 0000 | 0f1f 4000 | 4c8b 4424 
  0x000001f4361532cc: 783b fe41 | bd02 0000 | 007c 0641 | bd00 0000 

  0x000001f4361532dc: ;   {metadata(method data for {method} {0x000001f48f7a02d0} 'processAnnotated' '(Lorg/eclipse/e4/core/internal/di/AnnotationLookup$AnnotationProxy;Ljava/lang/Object;Ljava/lang/Class;Lorg/eclipse/e4/core/di/suppliers/PrimaryObjectSupplier;Lorg/eclipse/e4/core/di/suppliers/PrimaryObjectSupplier;Ljava/util/List;)V' in 'org/eclipse/e4/core/internal/di/InjectorImpl')}
  0x000001f4361532dc: 0049 bea0 | df71 90f4 | 0100 0041 | 8b96 d000 | 0000 4103 | d541 8996 | d000 0000 | 4585 ed75 
  0x000001f4361532fc: 05ba 0200 | 0000 81e2 | fe3f 0000 | 85d2 0f84 | 1407 0000 | 4d8b 9750 

  0x000001f436153314: ; ImmutableOopMap {rax=Oop r8=Oop [112]=Oop [120]=Oop [128]=Oop [136]=Oop [144]=Oop [176]=Oop [240]=Oop }
                      ;*if_icmplt {reexecute=1 rethrow=0 return_oop=0}
                      ; - (reexecute) org.eclipse.e4.core.internal.di.InjectorImpl::processAnnotated@413 (line 943)
                      ;   {poll}
  0x000001f436153314: 0400 0041 | 8502 3bfe 

  0x000001f43615331c: ;   {metadata(method data for {method} {0x000001f48f7a02d0} 'processAnnotated' '(Lorg/eclipse/e4/core/internal/di/AnnotationLookup$AnnotationProxy;Ljava/lang/Object;Ljava/lang/Class;Lorg/eclipse/e4/core/di/suppliers/PrimaryObjectSupplier;Lorg/eclipse/e4/core/di/suppliers/PrimaryObjectSupplier;Ljava/util/List;)V' in 'org/eclipse/e4/core/internal/di/InjectorImpl')}
  0x000001f43615331c: 48ba a0df | 7190 f401 | 0000 49c7 | c508 0c00 | 007d 0749 | c7c5 f80b | 0000 4e8b | 342a 4d8d 
  0x000001f43615333c: 7601 4e89 | 342a 0f8d | 3905 0000 | 488b 5424 | 704c 63ef | 468b 6ca8 | 1049 c1e5 | 034c 8bf2 
  0x000001f43615335c: 89bc 24a0 

  0x000001f436153360: ;   {metadata(method data for {method} {0x000001f48f7a02d0} 'processAnnotated' '(Lorg/eclipse/e4/core/internal/di/AnnotationLookup$AnnotationProxy;Ljava/lang/Object;Ljava/lang/Class;Lorg/eclipse/e4/core/di/suppliers/PrimaryObjectSupplier;Lorg/eclipse/e4/core/di/suppliers/PrimaryObjectSupplier;Ljava/util/List;)V' in 'org/eclipse/e4/core/internal/di/InjectorImpl')}
  0x000001f436153360: 0000 0048 | bea0 df71 | 90f4 0100 | 0048 8386 | f002 0000 | 0149 8bf0 | 4d8b c54c | 8bce 4c8b 
  0x000001f436153380: f249 8bd6 | 4c89 ac24 | a800 0000 

  0x000001f43615338c: ;   {optimized virtual_call}
  0x000001f43615338c: 6666 90e8 

  0x000001f436153390: ; ImmutableOopMap {[112]=Oop [120]=Oop [128]=Oop [136]=Oop [144]=Oop [168]=Oop [176]=Oop [240]=Oop }
                      ;*invokevirtual isAnnotationPresent {reexecute=0 rethrow=0 return_oop=0}
                      ; - org.eclipse.e4.core.internal.di.InjectorImpl::processAnnotated@88 (line 944)
  0x000001f436153390: ecde c607 

  0x000001f436153394: ;   {other}
  0x000001f436153394: 0f1f 8400 | 0408 0008 

  0x000001f43615339c: ;   {metadata(method data for {method} {0x000001f48f7a02d0} 'processAnnotated' '(Lorg/eclipse/e4/core/internal/di/AnnotationLookup$AnnotationProxy;Ljava/lang/Object;Ljava/lang/Class;Lorg/eclipse/e4/core/di/suppliers/PrimaryObjectSupplier;Lorg/eclipse/e4/core/di/suppliers/PrimaryObjectSupplier;Ljava/util/List;)V' in 'org/eclipse/e4/core/internal/di/InjectorImpl')}
  0x000001f43615339c: 85c0 49b8 | a0df 7190 | f401 0000 | 49c7 c128 | 0300 0075 | 0749 c7c1 | 3803 0000 | 4b8b 1408 
  0x000001f4361533bc: 488d 5201 | 4b89 1408 | 0f85 1600 

  0x000001f4361533c8: ;   {metadata(method data for {method} {0x000001f48f7a02d0} 'processAnnotated' '(Lorg/eclipse/e4/core/internal/di/AnnotationLookup$AnnotationProxy;Ljava/lang/Object;Ljava/lang/Class;Lorg/eclipse/e4/core/di/suppliers/PrimaryObjectSupplier;Lorg/eclipse/e4/core/di/suppliers/PrimaryObjectSupplier;Ljava/util/List;)V' in 'org/eclipse/e4/core/internal/di/InjectorImpl')}
  0x000001f4361533c8: 0000 49b8 | a0df 7190 | f401 0000 | 41ff 8048 | 0300 00e9 | 8404 0000 | 488b 5424 

  0x000001f4361533e4: ;   {metadata(method data for {method} {0x000001f48f7a02d0} 'processAnnotated' '(Lorg/eclipse/e4/core/internal/di/AnnotationLookup$AnnotationProxy;Ljava/lang/Object;Ljava/lang/Class;Lorg/eclipse/e4/core/di/suppliers/PrimaryObjectSupplier;Lorg/eclipse/e4/core/di/suppliers/PrimaryObjectSupplier;Ljava/util/List;)V' in 'org/eclipse/e4/core/internal/di/InjectorImpl')}
  0x000001f4361533e4: 7049 b8a0 | df71 90f4 | 0100 0049 | 8380 d009 | 0000 014c | 8b84 24a8 | 0000 004c | 8b8c 24f0 
  0x000001f436153404: 0000 0048 | 8b54 2470 

  0x000001f43615340c: ;   {optimized virtual_call}
  0x000001f43615340c: 6666 90e8 

  0x000001f436153410: ; ImmutableOopMap {[112]=Oop [120]=Oop [128]=Oop [136]=Oop [144]=Oop [168]=Oop [176]=Oop [240]=Oop }
                      ;*invokevirtual isOverridden {reexecute=0 rethrow=0 return_oop=0}
                      ; - org.eclipse.e4.core.internal.di.InjectorImpl::processAnnotated@314 (line 964)
  0x000001f436153410: 6c51 c907 

  0x000001f436153414: ;   {other}
  0x000001f436153414: 0f1f 8400 | 8408 0009 

  0x000001f43615341c: ;   {metadata(method data for {method} {0x000001f48f7a02d0} 'processAnnotated' '(Lorg/eclipse/e4/core/internal/di/AnnotationLookup$AnnotationProxy;Ljava/lang/Object;Ljava/lang/Class;Lorg/eclipse/e4/core/di/suppliers/PrimaryObjectSupplier;Lorg/eclipse/e4/core/di/suppliers/PrimaryObjectSupplier;Ljava/util/List;)V' in 'org/eclipse/e4/core/internal/di/InjectorImpl')}
  0x000001f43615341c: 85c0 48ba | a0df 7190 | f401 0000 | 48c7 c608 | 0a00 0074 | 0748 c7c6 | 180a 0000 | 488b 3c32 
  0x000001f43615343c: 488d 7f01 | 4889 3c32 | 0f84 1500 

  0x000001f436153448: ;   {metadata(method data for {method} {0x000001f48f7a02d0} 'processAnnotated' '(Lorg/eclipse/e4/core/internal/di/AnnotationLookup$AnnotationProxy;Ljava/lang/Object;Ljava/lang/Class;Lorg/eclipse/e4/core/di/suppliers/PrimaryObjectSupplier;Lorg/eclipse/e4/core/di/suppliers/PrimaryObjectSupplier;Ljava/util/List;)V' in 'org/eclipse/e4/core/internal/di/InjectorImpl')}
  0x000001f436153448: 0000 48ba | a0df 7190 | f401 0000 | ff82 280a | 0000 e905 

  0x000001f43615345c: ;   {metadata('org/eclipse/e4/core/internal/di/MethodRequestor')}
  0x000001f43615345c: 0400 0048 | bad0 3530 | 4ef4 0100 | 0049 8b87 | b801 0000 | 488d 7830 | 493b bfc8 | 0100 000f 
  0x000001f43615347c: 87c4 0500 | 0049 89bf | b801 0000 | 48c7 0001 | 0000 0048 | 8bca 49ba | 0000 004d | f401 0000 
  0x000001f43615349c: 492b ca89 | 4808 4833 | c989 480c | 4833 c948 | 8948 1048 | 8948 1848 | 8948 2048 | 8948 2848 
  0x000001f4361534bc: 8984 24b8 | 0000 004c 

  0x000001f4361534c4: ;   {metadata(method data for {method} {0x000001f48f7a02d0} 'processAnnotated' '(Lorg/eclipse/e4/core/internal/di/AnnotationLookup$AnnotationProxy;Ljava/lang/Object;Ljava/lang/Class;Lorg/eclipse/e4/core/di/suppliers/PrimaryObjectSupplier;Lorg/eclipse/e4/core/di/suppliers/PrimaryObjectSupplier;Ljava/util/List;)V' in 'org/eclipse/e4/core/internal/di/InjectorImpl')}
  0x000001f4361534c4: 8bc0 49b9 | a0df 7190 | f401 0000 | 4983 8140 | 0a00 0001 | 4c8b 8424 | a800 0000 | 4c8b 4c24 
  0x000001f4361534e4: 7048 8bbc | 2488 0000 | 0048 8bb4 | 2490 0000 | 0048 8b8c | 2480 0000 | 00c7 0424 | 0000 0000 
  0x000001f436153504: ;   {optimized virtual_call}
  0x000001f436153504: 488b d0e8 

  0x000001f436153508: ; ImmutableOopMap {[112]=Oop [120]=Oop [128]=Oop [136]=Oop [144]=Oop [168]=Oop [176]=Oop [184]=Oop [240]=Oop }
                      ;*invokespecial <init> {reexecute=0 rethrow=0 return_oop=0}
                      ; - org.eclipse.e4.core.internal.di.InjectorImpl::processAnnotated@336 (line 967)
  0x000001f436153508: c506 0000 

  0x000001f43615350c: ;   {other}
  0x000001f43615350c: 0f1f 8400 | 7c09 000a | 488b 5424 

  0x000001f436153518: ;   {metadata(method data for {method} {0x000001f48f7a02d0} 'processAnnotated' '(Lorg/eclipse/e4/core/internal/di/AnnotationLookup$AnnotationProxy;Ljava/lang/Object;Ljava/lang/Class;Lorg/eclipse/e4/core/di/suppliers/PrimaryObjectSupplier;Lorg/eclipse/e4/core/di/suppliers/PrimaryObjectSupplier;Ljava/util/List;)V' in 'org/eclipse/e4/core/internal/di/InjectorImpl')}
  0x000001f436153518: 7049 b8a0 | df71 90f4 | 0100 0049 | 8380 500a | 0000 014c | 8b84 24b8 | 0000 004c | 8b8c 2488 
  0x000001f436153538: 0000 0048 | 8bbc 2490 | 0000 00be | 0000 0000 | b900 0000 | 00c7 0424 | 0000 0000 | 488b 5424 
  0x000001f436153558: 7066 0f1f 

  0x000001f43615355c: ;   {optimized virtual_call}
  0x000001f43615355c: 4400 00e8 

  0x000001f436153560: ; ImmutableOopMap {[112]=Oop [120]=Oop [128]=Oop [136]=Oop [144]=Oop [168]=Oop [176]=Oop [184]=Oop [240]=Oop }
                      ;*invokevirtual resolveArgs {reexecute=0 rethrow=0 return_oop=0}
                      ; - org.eclipse.e4.core.internal.di.InjectorImpl::processAnnotated@351 (line 968)
  0x000001f436153560: 1c19 c7ff 

  0x000001f436153564: ;   {other}
  0x000001f436153564: 0f1f 8400 | d409 000b | 4889 8424 | c000 0000 | 488b 5424 

  0x000001f436153578: ;   {metadata(method data for {method} {0x000001f48f7a02d0} 'processAnnotated' '(Lorg/eclipse/e4/core/internal/di/AnnotationLookup$AnnotationProxy;Ljava/lang/Object;Ljava/lang/Class;Lorg/eclipse/e4/core/di/suppliers/PrimaryObjectSupplier;Lorg/eclipse/e4/core/di/suppliers/PrimaryObjectSupplier;Ljava/util/List;)V' in 'org/eclipse/e4/core/internal/di/InjectorImpl')}
  0x000001f436153578: 7049 b8a0 | df71 90f4 | 0100 0049 | 8380 880a 

  0x000001f436153588: ;   {metadata(method data for {method} {0x000001f48f79b338} 'unresolved' '([Ljava/lang/Object;)I' in 'org/eclipse/e4/core/internal/di/InjectorImpl')}
  0x000001f436153588: 0000 0149 | b878 2f62 | 90f4 0100 | 0045 8b88 | cc00 0000 | 4183 c102 | 4589 88cc | 0000 0041 
  0x000001f4361535a8: 81e1 feff | 1f00 4585 | c90f 849b 

  0x000001f4361535b4: ;   {metadata(method data for {method} {0x000001f48f79b338} 'unresolved' '([Ljava/lang/Object;)I' in 'org/eclipse/e4/core/internal/di/InjectorImpl')}
  0x000001f4361535b4: 0400 0049 | b878 2f62 | 90f4 0100 | 0041 ff80 | 1001 0000 | 41b8 0000 | 0000 e94d | 0000 000f 
  0x000001f4361535d4: 1f44 0000 | 4d63 c846 | 8b4c 8810 | 49c1 e103 

  0x000001f4361535e4: ;   {oop(a 'java/lang/Object'{0x00000007416ab0a0})}
  0x000001f4361535e4: 49ba a0b0 | 6a41 0700 | 0000 4d3b 

  0x000001f4361535f0: ;   {metadata(method data for {method} {0x000001f48f79b338} 'unresolved' '([Ljava/lang/Object;)I' in 'org/eclipse/e4/core/internal/di/InjectorImpl')}
  0x000001f4361535f0: ca49 b978 | 2f62 90f4 | 0100 0048 | c7c2 3801 | 0000 7407 | 48c7 c228 | 0100 0049 | 8b34 1148 
  0x000001f436153610: 8d76 0149 | 8934 110f | 8484 0000 | 0041 ffc0 

  0x000001f436153620: ; implicit exception: dispatches to 0x000001f436153a73
  0x000001f436153620: 448b 480c | 453b c1ba | 0200 0000 | 7c05 ba00 

  0x000001f436153630: ;   {metadata(method data for {method} {0x000001f48f79b338} 'unresolved' '([Ljava/lang/Object;)I' in 'org/eclipse/e4/core/internal/di/InjectorImpl')}
  0x000001f436153630: 0000 0048 | be78 2f62 | 90f4 0100 | 008b bed0 | 0000 0003 | fa89 bed0 | 0000 0085 | d275 05bf 
  0x000001f436153650: 0200 0000 | 81e7 fe3f | 0000 85ff | 0f84 1604 | 0000 4d8b | 9750 0400 

  0x000001f436153668: ; ImmutableOopMap {rax=Oop [112]=Oop [120]=Oop [128]=Oop [136]=Oop [144]=Oop [168]=Oop [176]=Oop [184]=Oop [192]=Oop [240]=Oop }
                      ;*if_icmplt {reexecute=1 rethrow=0 return_oop=0}
                      ; - (reexecute) org.eclipse.e4.core.internal.di.InjectorImpl::unresolved@22 (line 625)
                      ; - org.eclipse.e4.core.internal.di.InjectorImpl::processAnnotated@359 (line 969)
                      ;   {poll}
  0x000001f436153668: 0041 8502 

  0x000001f43615366c: ;   {metadata(method data for {method} {0x000001f48f79b338} 'unresolved' '([Ljava/lang/Object;)I' in 'org/eclipse/e4/core/internal/di/InjectorImpl')}
  0x000001f43615366c: 453b c149 | b978 2f62 | 90f4 0100 | 0048 c7c2 | 4801 0000 | 7c07 48c7 | c258 0100 | 0049 8b34 
  0x000001f43615368c: 1148 8d76 | 0149 8934 | 110f 8c3d | ffff ff41 | b8ff ffff | ff41 83f8 

  0x000001f4361536a4: ;   {metadata(method data for {method} {0x000001f48f7a02d0} 'processAnnotated' '(Lorg/eclipse/e4/core/internal/di/AnnotationLookup$AnnotationProxy;Ljava/lang/Object;Ljava/lang/Class;Lorg/eclipse/e4/core/di/suppliers/PrimaryObjectSupplier;Lorg/eclipse/e4/core/di/suppliers/PrimaryObjectSupplier;Ljava/util/List;)V' in 'org/eclipse/e4/core/internal/di/InjectorImpl')}
  0x000001f4361536a4: ff49 b9a0 | df71 90f4 | 0100 0048 | c7c2 c00a | 0000 7407 | 48c7 c2d0 | 0a00 0049 | 8b34 1148 
  0x000001f4361536c4: 8d76 0149 | 8934 110f | 848e 0000 | 0044 8984 | 24c8 0000 | 004c 8bac | 24a8 0000 | 0048 8b54 
  0x000001f4361536e4: ;   {metadata(method data for {method} {0x000001f48f7a02d0} 'processAnnotated' '(Lorg/eclipse/e4/core/internal/di/AnnotationLookup$AnnotationProxy;Ljava/lang/Object;Ljava/lang/Class;Lorg/eclipse/e4/core/di/suppliers/PrimaryObjectSupplier;Lorg/eclipse/e4/core/di/suppliers/PrimaryObjectSupplier;Ljava/util/List;)V' in 'org/eclipse/e4/core/internal/di/InjectorImpl')}
  0x000001f4361536e4: 2470 49b9 | a0df 7190 | f401 0000 | 4983 81e0 | 0a00 0001 

  0x000001f4361536f8: ;   {oop(a 'org/eclipse/e4/core/internal/di/AnnotationLookup$AnnotationProxy'{0x00000007416a8808})}
  0x000001f4361536f8: 4d8b c549 | b908 886a | 4107 0000 | 0048 8b54 | 2470 0f1f 

  0x000001f43615370c: ;   {optimized virtual_call}
  0x000001f43615370c: 4400 00e8 

  0x000001f436153710: ; ImmutableOopMap {[112]=Oop [120]=Oop [128]=Oop [136]=Oop [144]=Oop [176]=Oop [184]=Oop [192]=Oop [240]=Oop }
                      ;*invokevirtual isAnnotationPresent {reexecute=0 rethrow=0 return_oop=0}
                      ; - org.eclipse.e4.core.internal.di.InjectorImpl::processAnnotated@376 (line 971)
  0x000001f436153710: 6cb3 e406 

  0x000001f436153714: ;   {other}
  0x000001f436153714: 0f1f 8400 | 840b 000d 

  0x000001f43615371c: ;   {metadata(method data for {method} {0x000001f48f7a02d0} 'processAnnotated' '(Lorg/eclipse/e4/core/internal/di/AnnotationLookup$AnnotationProxy;Ljava/lang/Object;Ljava/lang/Class;Lorg/eclipse/e4/core/di/suppliers/PrimaryObjectSupplier;Lorg/eclipse/e4/core/di/suppliers/PrimaryObjectSupplier;Ljava/util/List;)V' in 'org/eclipse/e4/core/internal/di/InjectorImpl')}
  0x000001f43615371c: 85c0 48ba | a0df 7190 | f401 0000 | 48c7 c618 | 0b00 0074 | 0748 c7c6 | 280b 0000 | 488b 3c32 
  0x000001f43615373c: 488d 7f01 | 4889 3c32 | 0f84 4d01 

  0x000001f436153748: ;   {metadata(method data for {method} {0x000001f48f7a02d0} 'processAnnotated' '(Lorg/eclipse/e4/core/internal/di/AnnotationLookup$AnnotationProxy;Ljava/lang/Object;Ljava/lang/Class;Lorg/eclipse/e4/core/di/suppliers/PrimaryObjectSupplier;Lorg/eclipse/e4/core/di/suppliers/PrimaryObjectSupplier;Ljava/util/List;)V' in 'org/eclipse/e4/core/internal/di/InjectorImpl')}
  0x000001f436153748: 0000 48ba | a0df 7190 | f401 0000 | ff82 380b | 0000 e905 | 0100 0048 | 8bf0 488b | 8424 b800 
  0x000001f436153768: 0000 488b 

  0x000001f43615376c: ;   {metadata(method data for {method} {0x000001f48f7a02d0} 'processAnnotated' '(Lorg/eclipse/e4/core/internal/di/AnnotationLookup$AnnotationProxy;Ljava/lang/Object;Ljava/lang/Class;Lorg/eclipse/e4/core/di/suppliers/PrimaryObjectSupplier;Lorg/eclipse/e4/core/di/suppliers/PrimaryObjectSupplier;Ljava/util/List;)V' in 'org/eclipse/e4/core/internal/di/InjectorImpl')}
  0x000001f43615376c: d048 bfa0 | df71 90f4 | 0100 008b | 5208 49ba | 0000 004d | f401 0000 | 4903 d248 | 3b97 980b 
  0x000001f43615378c: 0000 750d | 4883 87a0 | 0b00 0001 | e960 0000 | 0048 3b97 | a80b 0000 | 750d 4883 | 87b0 0b00 
  0x000001f4361537ac: 0001 e94a | 0000 0048 | 83bf 980b | 0000 0075 | 1748 8997 | 980b 0000 | 48c7 87a0 | 0b00 0001 
  0x000001f4361537cc: 0000 00e9 | 2900 0000 | 4883 bfa8 | 0b00 0000 | 7517 4889 | 97a8 0b00 | 0048 c787 | b00b 0000 
  0x000001f4361537ec: 0100 0000 | e908 0000 | 0048 8387 | 880b 0000 | 0141 0fbe | 5740 85d2 | 0f85 8f02 | 0000 4c8b 
  0x000001f43615380c: d649 c1ea | 0344 8950 | 2848 8bd0 | 4833 d648 | c1ea 1548 | 83fa 000f | 858f 0200 | 0048 8bd0 
  0x000001f43615382c: ;   {metadata(method data for {method} {0x000001f48f7a02d0} 'processAnnotated' '(Lorg/eclipse/e4/core/internal/di/AnnotationLookup$AnnotationProxy;Ljava/lang/Object;Ljava/lang/Class;Lorg/eclipse/e4/core/di/suppliers/PrimaryObjectSupplier;Lorg/eclipse/e4/core/di/suppliers/PrimaryObjectSupplier;Ljava/util/List;)V' in 'org/eclipse/e4/core/internal/di/InjectorImpl')}
  0x000001f43615382c: 48be a0df | 7190 f401 

  0x000001f436153834: ;   {metadata('org/eclipse/e4/core/internal/di/MethodRequestor')}
  0x000001f436153834: 0000 49ba | d035 304e | f401 0000 | 4c89 96d0 | 0b00 0048 | 8386 d80b | 0000 0148 | 8bd0 0f1f 
  0x000001f436153854: ;   {optimized virtual_call}
  0x000001f436153854: 4400 00e8 

  0x000001f436153858: ; ImmutableOopMap {[112]=Oop [120]=Oop [128]=Oop [136]=Oop [144]=Oop [176]=Oop [240]=Oop }
                      ;*invokevirtual execute {reexecute=0 rethrow=0 return_oop=0}
                      ; - org.eclipse.e4.core.internal.di.InjectorImpl::processAnnotated@402 (line 977)
  0x000001f436153858: c47b b9ff 

  0x000001f43615385c: ;   {other}
  0x000001f43615385c: 0f1f 8400 | cc0c 000e | 8bbc 24a0 | 0000 00ff | c78b b424 | a400 0000 | 488b 8424 | b000 0000 
  0x000001f43615387c: e947 faff | ff48 81c4 | e000 0000 

  0x000001f436153888: ;   {poll_return}
  0x000001f436153888: 5d49 3ba7 | 4804 0000 | 0f87 3a02 | 0000 c344 | 8b8c 24c8 | 0000 0048 | 8b84 24b8 | 0000 0048 
  0x000001f4361538a8: 8b54 2470 

  0x000001f4361538ac: ;   {metadata(method data for {method} {0x000001f48f7a02d0} 'processAnnotated' '(Lorg/eclipse/e4/core/internal/di/AnnotationLookup$AnnotationProxy;Ljava/lang/Object;Ljava/lang/Class;Lorg/eclipse/e4/core/di/suppliers/PrimaryObjectSupplier;Lorg/eclipse/e4/core/di/suppliers/PrimaryObjectSupplier;Ljava/util/List;)V' in 'org/eclipse/e4/core/internal/di/InjectorImpl')}
  0x000001f4361538ac: 49b8 a0df | 7190 f401 | 0000 4983 | 8050 0b00 

  0x000001f4361538bc: ;   {metadata(method data for {method} {0x000001f48f79a810} 'reportUnresolvedArgument' '(Lorg/eclipse/e4/core/internal/di/Requestor;I)V' in 'org/eclipse/e4/core/internal/di/InjectorImpl')}
  0x000001f4361538bc: 0001 49b8 | 28ec 7190 | f401 0000 | 418b 90cc | 0000 0083 | c202 4189 | 90cc 0000 | 0081 e2fe 
  0x000001f4361538dc: ff1f 0085 | d20f 84ff | 0100 0048 | 8b54 2470 

  0x000001f4361538ec: ;   {metadata(method data for {method} {0x000001f48f79a810} 'reportUnresolvedArgument' '(Lorg/eclipse/e4/core/internal/di/Requestor;I)V' in 'org/eclipse/e4/core/internal/di/InjectorImpl')}
  0x000001f4361538ec: 49b8 28ec | 7190 f401 | 0000 4983 | 8010 0100 | 0001 4c8b | c048 8b54 

  0x000001f436153904: ;   {optimized virtual_call}
  0x000001f436153904: 2470 90e8 

  0x000001f436153908: ; ImmutableOopMap {[112]=Oop [120]=Oop [128]=Oop [136]=Oop [144]=Oop [176]=Oop [184]=Oop [192]=Oop [240]=Oop }
                      ;*invokevirtual resolutionError {reexecute=0 rethrow=0 return_oop=0}
                      ; - org.eclipse.e4.core.internal.di.InjectorImpl::reportUnresolvedArgument@3 (line 458)
                      ; - org.eclipse.e4.core.internal.di.InjectorImpl::processAnnotated@390 (line 974)
  0x000001f436153908: 74b1 e406 

  0x000001f43615390c: ;   {other}
  0x000001f43615390c: 0f1f 8400 | 7c0d 000f 

  0x000001f436153914: ;   {metadata(method data for {method} {0x000001f48f79a810} 'reportUnresolvedArgument' '(Lorg/eclipse/e4/core/internal/di/Requestor;I)V' in 'org/eclipse/e4/core/internal/di/InjectorImpl')}
  0x000001f436153914: 4c8b c048 | ba28 ec71 | 90f4 0100 | 00ff 8248 | 0100 0090 

  0x000001f436153928: ;   {no_reloc}
  0x000001f436153928: e9e9 0100 | 0000 0000 | 0000 80ba | 2101 0000 | 040f 85e6 | 0100 0049 | 8b87 b801 | 0000 488d 
  0x000001f436153948: 7828 493b | bfc8 0100 | 000f 87ce | 0100 0049 | 89bf b801 | 0000 48c7 | 0001 0000 | 0048 8bca 
  0x000001f436153968: 49ba 0000 | 004d f401 | 0000 492b | ca89 4808 | 4833 c989 | 480c 4833 | c948 8948 | 1048 8948 
  0x000001f436153988: 1848 8948 | 2048 8bd0 

  0x000001f436153990: ;   {metadata(method data for {method} {0x000001f48f79a810} 'reportUnresolvedArgument' '(Lorg/eclipse/e4/core/internal/di/Requestor;I)V' in 'org/eclipse/e4/core/internal/di/InjectorImpl')}
  0x000001f436153990: 48be 28ec | 7190 f401 | 0000 4883 | 8678 0100 | 0001 488b | d048 8984 | 24d0 0000 

  0x000001f4361539ac: ;   {optimized virtual_call}
  0x000001f4361539ac: 0066 90e8 

  0x000001f4361539b0: ; ImmutableOopMap {[112]=Oop [120]=Oop [128]=Oop [136]=Oop [144]=Oop [176]=Oop [184]=Oop [192]=Oop [208]=Oop [240]=Oop }
                      ;*invokespecial <init> {reexecute=0 rethrow=0 return_oop=0}
                      ; - org.eclipse.e4.core.internal.di.InjectorImpl::reportUnresolvedArgument@23 (line 462)
                      ; - org.eclipse.e4.core.internal.di.InjectorImpl::processAnnotated@390 (line 974)
  0x000001f4361539b0: ccb0 e406 

  0x000001f4361539b4: ;   {other}
  0x000001f4361539b4: 0f1f 8400 | 240e 0010 | 488b 8424 | d000 0000 | e986 0100 

  0x000001f4361539c8: ;   {metadata({method} {0x000001f48f7a02d0} 'processAnnotated' '(Lorg/eclipse/e4/core/internal/di/AnnotationLookup$AnnotationProxy;Ljava/lang/Object;Ljava/lang/Class;Lorg/eclipse/e4/core/di/suppliers/PrimaryObjectSupplier;Lorg/eclipse/e4/core/di/suppliers/PrimaryObjectSupplier;Ljava/util/List;)V' in 'org/eclipse/e4/core/internal/di/InjectorImpl')}
  0x000001f4361539c8: 0049 bac8 | 027a 8ff4 | 0100 004c | 8954 2408 | 48c7 0424 | ffff ffff 

  0x000001f4361539e0: ;   {runtime_call counter_overflow Runtime1 stub}
  0x000001f4361539e0: e81b 7df1 

  0x000001f4361539e4: ; ImmutableOopMap {rdx=Oop r8=Oop r9=Oop rdi=Oop rsi=Oop rcx=Oop [112]=Oop [120]=Oop [128]=Oop [136]=Oop [144]=Oop [240]=Oop }
                      ;*synchronization entry
                      ; - org.eclipse.e4.core.internal.di.InjectorImpl::processAnnotated@-1 (line 936)
  0x000001f4361539e4: 06e9 1df5 

  0x000001f4361539e8: ;   {runtime_call throw_null_pointer_exception Runtime1 stub}
  0x000001f4361539e8: ffff e811 

  0x000001f4361539ec: ; ImmutableOopMap {rdi=Oop [112]=Oop [120]=Oop [128]=Oop [136]=Oop [144]=Oop [240]=Oop }
                      ;*invokevirtual getSuperclass {reexecute=0 rethrow=0 return_oop=0}
                      ; - org.eclipse.e4.core.internal.di.InjectorImpl::processAnnotated@1 (line 936)
                      ;   {runtime_call throw_null_pointer_exception Runtime1 stub}
  0x000001f4361539ec: 1df1 06e8 

  0x000001f4361539f0: ; ImmutableOopMap {rax=Oop [104]=Oop [112]=Oop [120]=Oop [128]=Oop [136]=Oop [144]=Oop [152]=Oop [240]=Oop }
                      ;*invokevirtual getName {reexecute=0 rethrow=0 return_oop=0}
                      ; - org.eclipse.e4.core.internal.di.InjectorImpl::processAnnotated@13 (line 937)
  0x000001f4361539f0: 0c1d f106 

  0x000001f4361539f4: ;   {metadata({method} {0x000001f44d465ac0} 'getName' '()Ljava/lang/String;' in 'java/lang/Class')}
  0x000001f4361539f4: 49ba b85a | 464d f401 | 0000 4c89 | 5424 0848 | c704 24ff 

  0x000001f436153a08: ;   {runtime_call counter_overflow Runtime1 stub}
  0x000001f436153a08: ffff ffe8 

  0x000001f436153a0c: ; ImmutableOopMap {rax=Oop [104]=Oop [112]=Oop [120]=Oop [128]=Oop [136]=Oop [144]=Oop [152]=Oop [240]=Oop }
                      ;*synchronization entry
                      ; - java.lang.Class::getName@-1
                      ; - org.eclipse.e4.core.internal.di.InjectorImpl::processAnnotated@13 (line 937)
  0x000001f436153a0c: f07c f106 | e995 f5ff 

  0x000001f436153a14: ;   {runtime_call throw_null_pointer_exception Runtime1 stub}
  0x000001f436153a14: ffe8 e61c 

  0x000001f436153a18: ; ImmutableOopMap {rdx=Oop [104]=Oop [112]=Oop [120]=Oop [128]=Oop [136]=Oop [144]=Oop [152]=Oop [240]=Oop }
                      ;*invokevirtual equals {reexecute=0 rethrow=0 return_oop=0}
                      ; - org.eclipse.e4.core.internal.di.InjectorImpl::processAnnotated@18 (line 937)
                      ;   {runtime_call throw_null_pointer_exception Runtime1 stub}
  0x000001f436153a18: f106 e8e1 

  0x000001f436153a1c: ; ImmutableOopMap {rsi=Oop [104]=Oop [112]=Oop [120]=Oop [128]=Oop [136]=Oop [144]=Oop [152]=Oop [240]=Oop }
                      ;*invokeinterface add {reexecute=0 rethrow=0 return_oop=0}
                      ; - org.eclipse.e4.core.internal.di.InjectorImpl::processAnnotated@27 (line 938)
                      ;   {runtime_call throw_null_pointer_exception Runtime1 stub}
  0x000001f436153a1c: 1cf1 06e8 

  0x000001f436153a20: ; ImmutableOopMap {rax=Oop [112]=Oop [120]=Oop [128]=Oop [136]=Oop [144]=Oop [176]=Oop [240]=Oop }
                      ;*arraylength {reexecute=0 rethrow=0 return_oop=0}
                      ; - org.eclipse.e4.core.internal.di.InjectorImpl::processAnnotated@68 (line 943)
  0x000001f436153a20: dc1c f106 

  0x000001f436153a24: ;   {metadata({method} {0x000001f48f7a02d0} 'processAnnotated' '(Lorg/eclipse/e4/core/internal/di/AnnotationLookup$AnnotationProxy;Ljava/lang/Object;Ljava/lang/Class;Lorg/eclipse/e4/core/di/suppliers/PrimaryObjectSupplier;Lorg/eclipse/e4/core/di/suppliers/PrimaryObjectSupplier;Ljava/util/List;)V' in 'org/eclipse/e4/core/internal/di/InjectorImpl')}
  0x000001f436153a24: 49ba c802 | 7a8f f401 | 0000 4c89 | 5424 0848 | c704 249d 

  0x000001f436153a38: ;   {runtime_call counter_overflow Runtime1 stub}
  0x000001f436153a38: 0100 00e8 

  0x000001f436153a3c: ; ImmutableOopMap {rax=Oop r8=Oop [112]=Oop [120]=Oop [128]=Oop [136]=Oop [144]=Oop [176]=Oop [240]=Oop }
                      ;*if_icmplt {reexecute=1 rethrow=0 return_oop=0}
                      ; - (reexecute) org.eclipse.e4.core.internal.di.InjectorImpl::processAnnotated@413 (line 943)
  0x000001f436153a3c: c07c f106 | e9cb f8ff | ff48 8bd2 

  0x000001f436153a48: ;   {runtime_call fast_new_instance Runtime1 stub}
  0x000001f436153a48: e833 2af1 

  0x000001f436153a4c: ; ImmutableOopMap {[112]=Oop [120]=Oop [128]=Oop [136]=Oop [144]=Oop [168]=Oop [176]=Oop [240]=Oop }
                      ;*new {reexecute=0 rethrow=0 return_oop=0}
                      ; - org.eclipse.e4.core.internal.di.InjectorImpl::processAnnotated@323 (line 967)
  0x000001f436153a4c: 06e9 69fa 

  0x000001f436153a50: ;   {metadata({method} {0x000001f48f79b338} 'unresolved' '([Ljava/lang/Object;)I' in 'org/eclipse/e4/core/internal/di/InjectorImpl')}
  0x000001f436153a50: ffff 49ba | 30b3 798f | f401 0000 | 4c89 5424 | 0848 c704 | 24ff ffff 

  0x000001f436153a68: ;   {runtime_call counter_overflow Runtime1 stub}
  0x000001f436153a68: ffe8 927c 

  0x000001f436153a6c: ; ImmutableOopMap {rax=Oop [112]=Oop [120]=Oop [128]=Oop [136]=Oop [144]=Oop [168]=Oop [176]=Oop [184]=Oop [192]=Oop [240]=Oop }
                      ;*synchronization entry
                      ; - org.eclipse.e4.core.internal.di.InjectorImpl::unresolved@-1 (line 625)
                      ; - org.eclipse.e4.core.internal.di.InjectorImpl::processAnnotated@359 (line 969)
  0x000001f436153a6c: f106 e944 

  0x000001f436153a70: ;   {runtime_call throw_null_pointer_exception Runtime1 stub}
  0x000001f436153a70: fbff ffe8 

  0x000001f436153a74: ; ImmutableOopMap {rax=Oop [112]=Oop [120]=Oop [128]=Oop [136]=Oop [144]=Oop [168]=Oop [176]=Oop [184]=Oop [192]=Oop [240]=Oop }
                      ;*arraylength {reexecute=0 rethrow=0 return_oop=0}
                      ; - org.eclipse.e4.core.internal.di.InjectorImpl::unresolved@21 (line 625)
                      ; - org.eclipse.e4.core.internal.di.InjectorImpl::processAnnotated@359 (line 969)
  0x000001f436153a74: 881c f106 

  0x000001f436153a78: ;   {metadata({method} {0x000001f48f79b338} 'unresolved' '([Ljava/lang/Object;)I' in 'org/eclipse/e4/core/internal/di/InjectorImpl')}
  0x000001f436153a78: 49ba 30b3 | 798f f401 | 0000 4c89 | 5424 0848 | c704 2416 

  0x000001f436153a8c: ;   {runtime_call counter_overflow Runtime1 stub}
  0x000001f436153a8c: 0000 00e8 

  0x000001f436153a90: ; ImmutableOopMap {rax=Oop [112]=Oop [120]=Oop [128]=Oop [136]=Oop [144]=Oop [168]=Oop [176]=Oop [184]=Oop [192]=Oop [240]=Oop }
                      ;*if_icmplt {reexecute=1 rethrow=0 return_oop=0}
                      ; - (reexecute) org.eclipse.e4.core.internal.di.InjectorImpl::unresolved@22 (line 625)
                      ; - org.eclipse.e4.core.internal.di.InjectorImpl::processAnnotated@359 (line 969)
  0x000001f436153a90: 6c7c f106 | e9c9 fbff | ff8b 5028 | 48c1 e203 | 4883 fa00 | 0f84 60fd | ffff 4889 

  0x000001f436153aac: ;   {runtime_call g1_pre_barrier_slow}
  0x000001f436153aac: 1424 e84d | 82f1 06e9 | 52fd ffff | 4883 fe00 | 0f84 67fd | ffff 4889 

  0x000001f436153ac4: ;   {runtime_call g1_post_barrier_slow}
  0x000001f436153ac4: 0424 e835 | 85f1 06e9 | 59fd ffff 

  0x000001f436153ad0: ;   {internal_word}
  0x000001f436153ad0: 49ba 8938 | 1536 f401 | 0000 4d89 | 9760 0400 

  0x000001f436153ae0: ;   {runtime_call SafepointBlob}
  0x000001f436153ae0: 00e9 1a1c 

  0x000001f436153ae4: ;   {metadata({method} {0x000001f48f79a810} 'reportUnresolvedArgument' '(Lorg/eclipse/e4/core/internal/di/Requestor;I)V' in 'org/eclipse/e4/core/internal/di/InjectorImpl')}
  0x000001f436153ae4: e506 49ba | 08a8 798f | f401 0000 | 4c89 5424 | 0848 c704 | 24ff ffff 

  0x000001f436153afc: ;   {runtime_call counter_overflow Runtime1 stub}
  0x000001f436153afc: ffe8 fe7b 

  0x000001f436153b00: ; ImmutableOopMap {rax=Oop [112]=Oop [120]=Oop [128]=Oop [136]=Oop [144]=Oop [176]=Oop [184]=Oop [192]=Oop [240]=Oop }
                      ;*synchronization entry
                      ; - org.eclipse.e4.core.internal.di.InjectorImpl::reportUnresolvedArgument@-1 (line 458)
                      ; - org.eclipse.e4.core.internal.di.InjectorImpl::processAnnotated@390 (line 974)
  0x000001f436153b00: f106 e9e0 

  0x000001f436153b04: ;   {metadata(nullptr)}
  0x000001f436153b04: fdff ff48 | ba00 0000 | 0000 0000 | 00b8 000f 

  0x000001f436153b14: ;   {runtime_call load_klass_patching Runtime1 stub}
  0x000001f436153b14: 050a e865 

  0x000001f436153b18: ; ImmutableOopMap {r8=Oop [112]=Oop [120]=Oop [128]=Oop [136]=Oop [144]=Oop [176]=Oop [184]=Oop [192]=Oop [240]=Oop }
                      ;*new {reexecute=1 rethrow=0 return_oop=0}
                      ; - (reexecute) org.eclipse.e4.core.internal.di.InjectorImpl::reportUnresolvedArgument@18 (line 462)
                      ; - org.eclipse.e4.core.internal.di.InjectorImpl::processAnnotated@390 (line 974)
  0x000001f436153b18: 6bf1 06e9 | 08fe ffff 

  0x000001f436153b20: ;   {runtime_call throw_null_pointer_exception Runtime1 stub}
  0x000001f436153b20: e8db 1bf1 

  0x000001f436153b24: ; ImmutableOopMap {r8=Oop [112]=Oop [120]=Oop [128]=Oop [136]=Oop [144]=Oop [176]=Oop [184]=Oop [192]=Oop [240]=Oop }
                      ;*new {reexecute=0 rethrow=0 return_oop=0}
                      ; - org.eclipse.e4.core.internal.di.InjectorImpl::reportUnresolvedArgument@18 (line 462)
                      ; - org.eclipse.e4.core.internal.di.InjectorImpl::processAnnotated@390 (line 974)
  0x000001f436153b24: 0648 8bd2 

  0x000001f436153b28: ;   {runtime_call fast_new_instance_init_check Runtime1 stub}
  0x000001f436153b28: e853 2cf1 

  0x000001f436153b2c: ; ImmutableOopMap {r8=Oop [112]=Oop [120]=Oop [128]=Oop [136]=Oop [144]=Oop [176]=Oop [184]=Oop [192]=Oop [240]=Oop }
                      ;*new {reexecute=0 rethrow=0 return_oop=0}
                      ; - org.eclipse.e4.core.internal.di.InjectorImpl::reportUnresolvedArgument@18 (line 462)
                      ; - org.eclipse.e4.core.internal.di.InjectorImpl::processAnnotated@390 (line 974)
  0x000001f436153b2c: 06e9 5bfe | ffff 498b | 87f8 0400 | 0049 c787 | f804 0000 | 0000 0000 | 49c7 8700 | 0500 0000 
  0x000001f436153b4c: 0000 0048 | 81c4 e000 

  0x000001f436153b54: ;   {runtime_call unwind_exception Runtime1 stub}
  0x000001f436153b54: 0000 5de9 | a40c f106 | f4f4 f4f4 
[Stub Code]
  0x000001f436153b60: ;   {no_reloc}
  0x000001f436153b60: 0f1f 4400 

  0x000001f436153b64: ;   {static_stub}
  0x000001f436153b64: 0048 bb00 | 0000 0000 

  0x000001f436153b6c: ;   {runtime_call nmethod}
  0x000001f436153b6c: 0000 00e9 | fbff ffff 

  0x000001f436153b74: ;   {static_stub}
  0x000001f436153b74: 9048 bb00 | 0000 0000 

  0x000001f436153b7c: ;   {runtime_call nmethod}
  0x000001f436153b7c: 0000 00e9 | fbff ffff 

  0x000001f436153b84: ;   {static_stub}
  0x000001f436153b84: 9048 bb00 | 0000 0000 

  0x000001f436153b8c: ;   {runtime_call nmethod}
  0x000001f436153b8c: 0000 00e9 | fbff ffff 

  0x000001f436153b94: ;   {static_stub}
  0x000001f436153b94: 9048 bb00 | 0000 0000 

  0x000001f436153b9c: ;   {runtime_call nmethod}
  0x000001f436153b9c: 0000 00e9 | fbff ffff 

  0x000001f436153ba4: ;   {static_stub}
  0x000001f436153ba4: 48bb 0000 | 0000 0000 

  0x000001f436153bac: ;   {runtime_call nmethod}
  0x000001f436153bac: 0000 e9fb 

  0x000001f436153bb0: ;   {static_stub}
  0x000001f436153bb0: ffff ff48 | bb00 0000 | 0000 0000 

  0x000001f436153bbc: ;   {runtime_call nmethod}
  0x000001f436153bbc: 00e9 fbff 

  0x000001f436153bc0: ;   {static_stub}
  0x000001f436153bc0: ffff 48bb | 7092 798f | f401 0000 

  0x000001f436153bcc: ;   {runtime_call I2C/C2I adapters}
  0x000001f436153bcc: e99a 71e4 

  0x000001f436153bd0: ;   {static_stub}
  0x000001f436153bd0: 0648 bb18 | 347a 8ff4 

  0x000001f436153bd8: ;   {runtime_call I2C/C2I adapters}
  0x000001f436153bd8: 0100 00e9 | 2495 0407 

  0x000001f436153be0: ;   {static_stub}
  0x000001f436153be0: 48bb 0000 | 0000 0000 

  0x000001f436153be8: ;   {runtime_call nmethod}
  0x000001f436153be8: 0000 e9fb 

  0x000001f436153bec: ;   {static_stub}
  0x000001f436153bec: ffff ff48 | bb00 0000 | 0000 0000 

  0x000001f436153bf8: ;   {runtime_call nmethod}
  0x000001f436153bf8: 00e9 fbff 

  0x000001f436153bfc: ;   {static_stub}
  0x000001f436153bfc: ffff 48bb | 0000 0000 | 0000 0000 

  0x000001f436153c08: ;   {runtime_call nmethod}
  0x000001f436153c08: e9fb ffff 

  0x000001f436153c0c: ;   {static_stub}
  0x000001f436153c0c: ff48 bb00 | 0000 0000 

  0x000001f436153c14: ;   {runtime_call nmethod}
  0x000001f436153c14: 0000 00e9 | fbff ffff 

  0x000001f436153c1c: ;   {static_stub}
  0x000001f436153c1c: 48bb 0000 | 0000 0000 

  0x000001f436153c24: ;   {runtime_call nmethod}
  0x000001f436153c24: 0000 e9fb 

  0x000001f436153c28: ;   {static_stub}
  0x000001f436153c28: ffff ff48 | bb00 0000 | 0000 0000 

  0x000001f436153c34: ;   {runtime_call nmethod}
  0x000001f436153c34: 00e9 fbff 

  0x000001f436153c38: ;   {runtime_call handle_exception_from_callee Runtime1 stub}
  0x000001f436153c38: ffff e8c1 

  0x000001f436153c3c: ;   {external_word}
  0x000001f436153c3c: 42f1 0648 | b990 7f98 | 62fd 7f00 | 0048 83e4 

  0x000001f436153c4c: ;   {runtime_call}
  0x000001f436153c4c: f048 b8e0 | 445b 62fd | 7f00 00ff 

  0x000001f436153c58: ;   {section_word}
  0x000001f436153c58: d0f4 49ba | 5a3c 1536 | f401 0000 

  0x000001f436153c64: ;   {runtime_call DeoptimizationBlob}
  0x000001f436153c64: 4152 e935 | 0de5 06f4 | f4f4 f4f4 
[/MachCode]


---------------  P R O C E S S  ---------------

Threads class SMR info:
_java_thread_list=0x000001f493a1cf20, length=42, elements={
0x000001f432914a30, 0x000001f44b9f3440, 0x000001f44b9f4fb0, 0x000001f44cab5690,
0x000001f44cab5cf0, 0x000001f44caba360, 0x000001f44cabc9d0, 0x000001f44cabfb10,
0x000001f44cac6600, 0x000001f44cacfc00, 0x000001f44cbd5a50, 0x000001f44cd4c670,
0x000001f493c61be0, 0x000001f4947523e0, 0x000001f4947516c0, 0x000001f494753100,
0x000001f494753790, 0x000001f494753e20, 0x000001f494751030, 0x000001f494751d50,
0x000001f494752a70, 0x000001f494baba20, 0x000001f494bac740, 0x000001f494bad460,
0x000001f494bacdd0, 0x000001f494bab390, 0x000001f49652f150, 0x000001f49652dda0,
0x000001f49652f7e0, 0x000001f49652fe70, 0x000001f49652e430, 0x000001f49652eac0,
0x000001f496530b90, 0x000001f49652d710, 0x000001f496533980, 0x000001f496531220,
0x000001f496e23dc0, 0x000001f496e24450, 0x000001f497c49550, 0x000001f4960d15a0,
0x000001f44cb7cd10, 0x000001f497c4af90
}

Java Threads: ( => current thread )
=>0x000001f432914a30 JavaThread "main"                              [_thread_in_native, id=63452, stack(0x000000309f0d0000,0x000000309f1d0000) (1024K)]
  0x000001f44b9f3440 JavaThread "Reference Handler"          daemon [_thread_blocked, id=58632, stack(0x000000309fe00000,0x000000309ff00000) (1024K)]
  0x000001f44b9f4fb0 JavaThread "Finalizer"                  daemon [_thread_blocked, id=38380, stack(0x000000309ff00000,0x00000030a0000000) (1024K)]
  0x000001f44cab5690 JavaThread "Signal Dispatcher"          daemon [_thread_blocked, id=56912, stack(0x00000030a0000000,0x00000030a0100000) (1024K)]
  0x000001f44cab5cf0 JavaThread "Attach Listener"            daemon [_thread_blocked, id=66132, stack(0x00000030a0100000,0x00000030a0200000) (1024K)]
  0x000001f44caba360 JavaThread "Service Thread"             daemon [_thread_blocked, id=62456, stack(0x00000030a0200000,0x00000030a0300000) (1024K)]
  0x000001f44cabc9d0 JavaThread "Monitor Deflation Thread"   daemon [_thread_blocked, id=66460, stack(0x00000030a0300000,0x00000030a0400000) (1024K)]
  0x000001f44cabfb10 JavaThread "C2 CompilerThread0"         daemon [_thread_blocked, id=28620, stack(0x00000030a0400000,0x00000030a0500000) (1024K)]
  0x000001f44cac6600 JavaThread "C1 CompilerThread0"         daemon [_thread_blocked, id=67108, stack(0x00000030a0500000,0x00000030a0600000) (1024K)]
  0x000001f44cacfc00 JavaThread "StringDedupThread"          daemon [_thread_blocked, id=63740, stack(0x00000030a0600000,0x00000030a0700000) (1024K)]
  0x000001f44cbd5a50 JavaThread "Common-Cleaner"             daemon [_thread_blocked, id=67040, stack(0x00000030a0900000,0x00000030a0a00000) (1024K)]
  0x000001f44cd4c670 JavaThread "Notification Thread"        daemon [_thread_blocked, id=67572, stack(0x00000030a0b00000,0x00000030a0c00000) (1024K)]
  0x000001f493c61be0 JavaThread "Active Thread: Equinox Container: 7788920d-c1e4-41a6-bee9-3304c393dda4"        [_thread_blocked, id=64600, stack(0x00000030a2800000,0x00000030a2900000) (1024K)]
  0x000001f4947523e0 JavaThread "Framework Event Dispatcher: Equinox Container: 7788920d-c1e4-41a6-bee9-3304c393dda4" daemon [_thread_blocked, id=41744, stack(0x00000030a2900000,0x00000030a2a00000) (1024K)]
  0x000001f4947516c0 JavaThread "Start Level: Equinox Container: 7788920d-c1e4-41a6-bee9-3304c393dda4" daemon [_thread_blocked, id=37384, stack(0x00000030a2a00000,0x00000030a2b00000) (1024K)]
  0x000001f494753100 JavaThread "Bundle File Closer"         daemon [_thread_blocked, id=47652, stack(0x00000030a2d00000,0x00000030a2e00000) (1024K)]
  0x000001f494753790 JavaThread "SCR Component Actor"        daemon [_thread_blocked, id=59812, stack(0x00000030a2e00000,0x00000030a2f00000) (1024K)]
  0x000001f494753e20 JavaThread "SCR Component Registry"     daemon [_thread_blocked, id=52300, stack(0x00000030a2f00000,0x00000030a3000000) (1024K)]
  0x000001f494751030 JavaThread "EMF Reference Cleaner"      daemon [_thread_blocked, id=65732, stack(0x00000030a3000000,0x00000030a3100000) (1024K)]
  0x000001f494751d50 JavaThread "Gogo shell"                        [_thread_blocked, id=64324, stack(0x00000030a3100000,0x00000030a3200000) (1024K)]
  0x000001f494752a70 JavaThread "Worker-JM"                         [_thread_blocked, id=54500, stack(0x00000030a3200000,0x00000030a3300000) (1024K)]
  0x000001f494baba20 JavaThread "FileSystemWatchService"     daemon [_thread_in_native, id=4192, stack(0x00000030a3700000,0x00000030a3800000) (1024K)]
  0x000001f494bac740 JavaThread "Thread-3"                          [_thread_blocked, id=43568, stack(0x00000030a3800000,0x00000030a3900000) (1024K)]
  0x000001f494bad460 JavaThread "Worker-0"                          [_thread_blocked, id=58696, stack(0x00000030a3a00000,0x00000030a3b00000) (1024K)]
  0x000001f494bacdd0 JavaThread "Java2D Disposer"            daemon [_thread_blocked, id=39100, stack(0x00000030a3900000,0x00000030a3a00000) (1024K)]
  0x000001f494bab390 JavaThread "StandaloneQueueProcessor"   daemon [_thread_blocked, id=21348, stack(0x00000030a2600000,0x00000030a2700000) (1024K)]
  0x000001f49652f150 JavaThread "AWT-Windows"                daemon [_thread_in_native, id=64628, stack(0x00000030a3c00000,0x00000030a3d00000) (1024K)]
  0x000001f49652dda0 JavaThread "Worker-1"                          [_thread_blocked, id=66456, stack(0x00000030a1100000,0x00000030a1200000) (1024K)]
  0x000001f49652f7e0 JavaThread "EventAdmin Async Event Dispatcher Thread" daemon [_thread_blocked, id=60928, stack(0x00000030a1200000,0x00000030a1300000) (1024K)]
  0x000001f49652fe70 JavaThread "Worker-2"                          [_thread_blocked, id=66876, stack(0x00000030a1300000,0x00000030a1400000) (1024K)]
  0x000001f49652e430 JavaThread "pool-2-thread-1"                   [_thread_blocked, id=60268, stack(0x00000030a1400000,0x00000030a1500000) (1024K)]
  0x000001f49652eac0 JavaThread "pool-3-thread-1"                   [_thread_blocked, id=66896, stack(0x00000030a3d00000,0x00000030a3e00000) (1024K)]
  0x000001f496530b90 JavaThread "JNA Cleaner"                daemon [_thread_blocked, id=47244, stack(0x00000030a3e00000,0x00000030a3f00000) (1024K)]
  0x000001f49652d710 JavaThread "Worker-3: Update latest document version"        [_thread_in_native, id=67348, stack(0x00000030a4000000,0x00000030a4100000) (1024K)]
  0x000001f496533980 JavaThread "Worker-4"                          [_thread_blocked, id=62576, stack(0x00000030a4100000,0x00000030a4200000) (1024K)]
  0x000001f496531220 JavaThread "Worker-5"                          [_thread_blocked, id=44856, stack(0x00000030a4200000,0x00000030a4300000) (1024K)]
  0x000001f496e23dc0 JavaThread "Worker-6"                          [_thread_blocked, id=67368, stack(0x00000030a1000000,0x00000030a1100000) (1024K)]
  0x000001f496e24450 JavaThread "Worker-7"                          [_thread_blocked, id=64668, stack(0x00000030a3b00000,0x00000030a3c00000) (1024K)]
  0x000001f497c49550 JavaThread "Keep-Alive-Timer"           daemon [_thread_blocked, id=61088, stack(0x00000030a0700000,0x00000030a0800000) (1024K)]
  0x000001f4960d15a0 JavaThread "C2 CompilerThread1"         daemon [_thread_blocked, id=65188, stack(0x00000030a0800000,0x00000030a0900000) (1024K)]
  0x000001f44cb7cd10 JavaThread "C2 CompilerThread2"         daemon [_thread_blocked, id=67344, stack(0x00000030a0a00000,0x00000030a0b00000) (1024K)]
  0x000001f497c4af90 JavaThread "chromium-EDT"               daemon [_thread_blocked, id=62696, stack(0x00000030a4400000,0x00000030a4500000) (1024K)]
Total: 42

Other Threads:
  0x000001f44b9d8070 VMThread "VM Thread"                           [id=58960, stack(0x000000309fd00000,0x000000309fe00000) (1024K)]
  0x000001f44b9c24a0 WatcherThread "VM Periodic Task Thread"        [id=66596, stack(0x000000309fc00000,0x000000309fd00000) (1024K)]
  0x000001f43296d480 WorkerThread "GC Thread#0"                     [id=36404, stack(0x000000309f700000,0x000000309f800000) (1024K)]
  0x000001f49357a2a0 WorkerThread "GC Thread#1"                     [id=60656, stack(0x00000030a1500000,0x00000030a1600000) (1024K)]
  0x000001f493627350 WorkerThread "GC Thread#2"                     [id=61016, stack(0x00000030a1600000,0x00000030a1700000) (1024K)]
  0x000001f4936276f0 WorkerThread "GC Thread#3"                     [id=67476, stack(0x00000030a1700000,0x00000030a1800000) (1024K)]
  0x000001f493445920 WorkerThread "GC Thread#4"                     [id=40636, stack(0x00000030a1800000,0x00000030a1900000) (1024K)]
  0x000001f4924fe1f0 WorkerThread "GC Thread#5"                     [id=31936, stack(0x00000030a1900000,0x00000030a1a00000) (1024K)]
  0x000001f4924fcfd0 WorkerThread "GC Thread#6"                     [id=63920, stack(0x00000030a1a00000,0x00000030a1b00000) (1024K)]
  0x000001f4924fdab0 WorkerThread "GC Thread#7"                     [id=4676, stack(0x00000030a1b00000,0x00000030a1c00000) (1024K)]
  0x000001f4924fc890 WorkerThread "GC Thread#8"                     [id=37236, stack(0x00000030a1c00000,0x00000030a1d00000) (1024K)]
  0x000001f4924fde50 WorkerThread "GC Thread#9"                     [id=52076, stack(0x00000030a1d00000,0x00000030a1e00000) (1024K)]
  0x000001f4924fcc30 WorkerThread "GC Thread#10"                    [id=66520, stack(0x00000030a1e00000,0x00000030a1f00000) (1024K)]
  0x000001f4924fd370 WorkerThread "GC Thread#11"                    [id=65332, stack(0x00000030a1f00000,0x00000030a2000000) (1024K)]
  0x000001f4924fd710 WorkerThread "GC Thread#12"                    [id=60540, stack(0x00000030a2000000,0x00000030a2100000) (1024K)]
  0x000001f49358c460 WorkerThread "GC Thread#13"                    [id=65112, stack(0x00000030a2100000,0x00000030a2200000) (1024K)]
  0x000001f49358ab00 WorkerThread "GC Thread#14"                    [id=40116, stack(0x00000030a2200000,0x00000030a2300000) (1024K)]
  0x000001f49358da20 WorkerThread "GC Thread#15"                    [id=59804, stack(0x00000030a2300000,0x00000030a2400000) (1024K)]
  0x000001f49358bd20 WorkerThread "GC Thread#16"                    [id=58056, stack(0x00000030a2400000,0x00000030a2500000) (1024K)]
  0x000001f49358cf40 WorkerThread "GC Thread#17"                    [id=67380, stack(0x00000030a2500000,0x00000030a2600000) (1024K)]
  0x000001f43297a770 ConcurrentGCThread "G1 Main Marker"            [id=21820, stack(0x000000309f800000,0x000000309f900000) (1024K)]
  0x000001f43297c580 WorkerThread "G1 Conc#0"                       [id=60308, stack(0x000000309f900000,0x000000309fa00000) (1024K)]
  0x000001f49358d680 WorkerThread "G1 Conc#1"                       [id=66532, stack(0x00000030a3300000,0x00000030a3400000) (1024K)]
  0x000001f49358e160 WorkerThread "G1 Conc#2"                       [id=61524, stack(0x00000030a3400000,0x00000030a3500000) (1024K)]
  0x000001f49358b240 WorkerThread "G1 Conc#3"                       [id=55252, stack(0x00000030a3500000,0x00000030a3600000) (1024K)]
  0x000001f49358b980 WorkerThread "G1 Conc#4"                       [id=55692, stack(0x00000030a3600000,0x00000030a3700000) (1024K)]
  0x000001f44b9131c0 ConcurrentGCThread "G1 Refine#0"               [id=67580, stack(0x000000309fa00000,0x000000309fb00000) (1024K)]
  0x000001f44b9136f0 ConcurrentGCThread "G1 Service"                [id=57408, stack(0x000000309fb00000,0x000000309fc00000) (1024K)]
Total: 28

Threads with active compile tasks:
Total: 0

VM state: not at safepoint (normal execution)

VM Mutex/Monitor currently owned by a thread: None

Heap address: 0x0000000740000000, size: 3072 MB, Compressed Oops mode: Zero based, Oop shift amount: 3

CDS archive(s) mapped at: [0x000001f44d000000-0x000001f44dba0000-0x000001f44dba0000), size 12189696, SharedBaseAddress: 0x000001f44d000000, ArchiveRelocationMode: 1.
Compressed class space mapped at: 0x000001f44e000000-0x000001f48e000000, reserved size: 1073741824
Narrow klass base: 0x000001f44d000000, Narrow klass shift: 0, Narrow klass range: 0x100000000

GC Precious Log:
 CardTable entry size: 512
 Card Set container configuration: InlinePtr #cards 4 size 8 Array Of Cards #cards 16 size 48 Howl #buckets 8 coarsen threshold 3686 Howl Bitmap #cards 512 size 80 coarsen threshold 460 Card regions per heap region 1 cards per card region 4096
 CPUs: 24 total, 24 available
 Memory: 16115M
 Large Page Support: Disabled
 NUMA Support: Disabled
 Compressed Oops: Enabled (Zero based)
 Heap Region Size: 2M
 Heap Min Capacity: 512M
 Heap Initial Capacity: 512M
 Heap Max Capacity: 3G
 Pre-touch: Disabled
 Parallel Workers: 18
 Concurrent Workers: 5
 Concurrent Refinement Workers: 18
 Periodic GC: Disabled
 String Deduplication is enabled

Heap:
 garbage-first heap   total 905216K, used 576512K [0x0000000740000000, 0x0000000800000000)
  region size 2048K, 83 young (169984K), 7 survivors (14336K)
 Metaspace       used 75569K, committed 78144K, reserved 1179648K
  class space    used 8699K, committed 9728K, reserved 1048576K

Heap Regions: E=young(eden), S=young(survivor), O=old, HS=humongous(starts), HC=humongous(continues), CS=collection set, F=free, TAMS=top-at-mark-start, PB=parsable bottom
|   0|0x0000000740000000, 0x0000000740200000, 0x0000000740200000|100%| O|  |TAMS 0x0000000740000000| PB 0x0000000740000000| Untracked 
|   1|0x0000000740200000, 0x0000000740400000, 0x0000000740400000|100%| O|  |TAMS 0x0000000740200000| PB 0x0000000740200000| Untracked 
|   2|0x0000000740400000, 0x0000000740600000, 0x0000000740600000|100%| O|  |TAMS 0x0000000740400000| PB 0x0000000740400000| Untracked 
|   3|0x0000000740600000, 0x0000000740800000, 0x0000000740800000|100%| O|  |TAMS 0x0000000740600000| PB 0x0000000740600000| Untracked 
|   4|0x0000000740800000, 0x0000000740a00000, 0x0000000740a00000|100%| O|  |TAMS 0x0000000740800000| PB 0x0000000740800000| Untracked 
|   5|0x0000000740a00000, 0x0000000740c00000, 0x0000000740c00000|100%| O|  |TAMS 0x0000000740a00000| PB 0x0000000740a00000| Untracked 
|   6|0x0000000740c00000, 0x0000000740e00000, 0x0000000740e00000|100%| O|  |TAMS 0x0000000740c00000| PB 0x0000000740c00000| Untracked 
|   7|0x0000000740e00000, 0x0000000741000000, 0x0000000741000000|100%| O|  |TAMS 0x0000000740e00000| PB 0x0000000740e00000| Untracked 
|   8|0x0000000741000000, 0x0000000741200000, 0x0000000741200000|100%| O|  |TAMS 0x0000000741000000| PB 0x0000000741000000| Untracked 
|   9|0x0000000741200000, 0x0000000741400000, 0x0000000741400000|100%| O|  |TAMS 0x0000000741200000| PB 0x0000000741200000| Untracked 
|  10|0x0000000741400000, 0x0000000741600000, 0x0000000741600000|100%| O|  |TAMS 0x0000000741400000| PB 0x0000000741400000| Untracked 
|  11|0x0000000741600000, 0x0000000741800000, 0x0000000741800000|100%| O|  |TAMS 0x0000000741600000| PB 0x0000000741600000| Untracked 
|  12|0x0000000741800000, 0x0000000741a00000, 0x0000000741a00000|100%| O|  |TAMS 0x0000000741800000| PB 0x0000000741800000| Untracked 
|  13|0x0000000741a00000, 0x0000000741c00000, 0x0000000741c00000|100%| O|  |TAMS 0x0000000741a00000| PB 0x0000000741a00000| Untracked 
|  14|0x0000000741c00000, 0x0000000741e00000, 0x0000000741e00000|100%| O|  |TAMS 0x0000000741c00000| PB 0x0000000741c00000| Untracked 
|  15|0x0000000741e00000, 0x0000000742000000, 0x0000000742000000|100%| O|  |TAMS 0x0000000741e00000| PB 0x0000000741e00000| Untracked 
|  16|0x0000000742000000, 0x0000000742200000, 0x0000000742200000|100%| O|  |TAMS 0x0000000742000000| PB 0x0000000742000000| Untracked 
|  17|0x0000000742200000, 0x0000000742400000, 0x0000000742400000|100%| O|  |TAMS 0x0000000742200000| PB 0x0000000742200000| Untracked 
|  18|0x0000000742400000, 0x0000000742600000, 0x0000000742600000|100%| O|  |TAMS 0x0000000742400000| PB 0x0000000742400000| Untracked 
|  19|0x0000000742600000, 0x0000000742800000, 0x0000000742800000|100%| O|  |TAMS 0x0000000742600000| PB 0x0000000742600000| Untracked 
|  20|0x0000000742800000, 0x0000000742a00000, 0x0000000742a00000|100%| O|  |TAMS 0x0000000742800000| PB 0x0000000742800000| Untracked 
|  21|0x0000000742a00000, 0x0000000742c00000, 0x0000000742c00000|100%| O|  |TAMS 0x0000000742a00000| PB 0x0000000742a00000| Untracked 
|  22|0x0000000742c00000, 0x0000000742e00000, 0x0000000742e00000|100%| O|  |TAMS 0x0000000742c00000| PB 0x0000000742c00000| Untracked 
|  23|0x0000000742e00000, 0x0000000743000000, 0x0000000743000000|100%| O|  |TAMS 0x0000000742e00000| PB 0x0000000742e00000| Untracked 
|  24|0x0000000743000000, 0x0000000743200000, 0x0000000743200000|100%| O|  |TAMS 0x0000000743000000| PB 0x0000000743000000| Untracked 
|  25|0x0000000743200000, 0x0000000743400000, 0x0000000743400000|100%| O|  |TAMS 0x0000000743200000| PB 0x0000000743200000| Untracked 
|  26|0x0000000743400000, 0x0000000743600000, 0x0000000743600000|100%| O|  |TAMS 0x0000000743400000| PB 0x0000000743400000| Untracked 
|  27|0x0000000743600000, 0x0000000743800000, 0x0000000743800000|100%| O|  |TAMS 0x0000000743600000| PB 0x0000000743600000| Untracked 
|  28|0x0000000743800000, 0x0000000743800000, 0x0000000743a00000|  0%| F|  |TAMS 0x0000000743800000| PB 0x0000000743800000| Untracked 
|  29|0x0000000743a00000, 0x0000000743a00000, 0x0000000743c00000|  0%| F|  |TAMS 0x0000000743a00000| PB 0x0000000743a00000| Untracked 
|  30|0x0000000743c00000, 0x0000000743c00000, 0x0000000743e00000|  0%| F|  |TAMS 0x0000000743c00000| PB 0x0000000743c00000| Untracked 
|  31|0x0000000743e00000, 0x0000000744000000, 0x0000000744000000|100%| O|  |TAMS 0x0000000743e00000| PB 0x0000000743e00000| Untracked 
|  32|0x0000000744000000, 0x0000000744200000, 0x0000000744200000|100%| O|  |TAMS 0x0000000744000000| PB 0x0000000744000000| Untracked 
|  33|0x0000000744200000, 0x0000000744400000, 0x0000000744400000|100%| O|  |TAMS 0x0000000744200000| PB 0x0000000744200000| Untracked 
|  34|0x0000000744400000, 0x0000000744600000, 0x0000000744600000|100%| O|  |TAMS 0x0000000744400000| PB 0x0000000744400000| Untracked 
|  35|0x0000000744600000, 0x0000000744800000, 0x0000000744800000|100%| O|  |TAMS 0x0000000744600000| PB 0x0000000744600000| Untracked 
|  36|0x0000000744800000, 0x0000000744a00000, 0x0000000744a00000|100%| O|  |TAMS 0x0000000744800000| PB 0x0000000744800000| Untracked 
|  37|0x0000000744a00000, 0x0000000744c00000, 0x0000000744c00000|100%| O|  |TAMS 0x0000000744a00000| PB 0x0000000744a00000| Untracked 
|  38|0x0000000744c00000, 0x0000000744e00000, 0x0000000744e00000|100%| O|  |TAMS 0x0000000744c00000| PB 0x0000000744c00000| Untracked 
|  39|0x0000000744e00000, 0x0000000745000000, 0x0000000745000000|100%| O|  |TAMS 0x0000000744e00000| PB 0x0000000744e00000| Untracked 
|  40|0x0000000745000000, 0x0000000745200000, 0x0000000745200000|100%| O|  |TAMS 0x0000000745000000| PB 0x0000000745000000| Untracked 
|  41|0x0000000745200000, 0x0000000745400000, 0x0000000745400000|100%| O|  |TAMS 0x0000000745200000| PB 0x0000000745200000| Untracked 
|  42|0x0000000745400000, 0x0000000745600000, 0x0000000745600000|100%| O|  |TAMS 0x0000000745400000| PB 0x0000000745400000| Untracked 
|  43|0x0000000745600000, 0x0000000745800000, 0x0000000745800000|100%| O|  |TAMS 0x0000000745600000| PB 0x0000000745600000| Untracked 
|  44|0x0000000745800000, 0x0000000745a00000, 0x0000000745a00000|100%| O|  |TAMS 0x0000000745800000| PB 0x0000000745800000| Untracked 
|  45|0x0000000745a00000, 0x0000000745c00000, 0x0000000745c00000|100%| O|  |TAMS 0x0000000745a00000| PB 0x0000000745a00000| Untracked 
|  46|0x0000000745c00000, 0x0000000745e00000, 0x0000000745e00000|100%| O|  |TAMS 0x0000000745c00000| PB 0x0000000745c00000| Untracked 
|  47|0x0000000745e00000, 0x0000000746000000, 0x0000000746000000|100%| O|  |TAMS 0x0000000745e00000| PB 0x0000000745e00000| Untracked 
|  48|0x0000000746000000, 0x0000000746200000, 0x0000000746200000|100%| O|  |TAMS 0x0000000746000000| PB 0x0000000746000000| Untracked 
|  49|0x0000000746200000, 0x0000000746400000, 0x0000000746400000|100%| O|  |TAMS 0x0000000746200000| PB 0x0000000746200000| Untracked 
|  50|0x0000000746400000, 0x0000000746600000, 0x0000000746600000|100%| O|  |TAMS 0x0000000746400000| PB 0x0000000746400000| Untracked 
|  51|0x0000000746600000, 0x0000000746800000, 0x0000000746800000|100%| O|  |TAMS 0x0000000746600000| PB 0x0000000746600000| Untracked 
|  52|0x0000000746800000, 0x0000000746a00000, 0x0000000746a00000|100%| O|  |TAMS 0x0000000746800000| PB 0x0000000746800000| Untracked 
|  53|0x0000000746a00000, 0x0000000746c00000, 0x0000000746c00000|100%| O|  |TAMS 0x0000000746a00000| PB 0x0000000746a00000| Untracked 
|  54|0x0000000746c00000, 0x0000000746c00000, 0x0000000746e00000|  0%| F|  |TAMS 0x0000000746c00000| PB 0x0000000746c00000| Untracked 
|  55|0x0000000746e00000, 0x0000000747000000, 0x0000000747000000|100%| O|  |TAMS 0x0000000746e00000| PB 0x0000000746e00000| Untracked 
|  56|0x0000000747000000, 0x0000000747200000, 0x0000000747200000|100%| O|  |TAMS 0x0000000747000000| PB 0x0000000747000000| Untracked 
|  57|0x0000000747200000, 0x0000000747400000, 0x0000000747400000|100%| O|  |TAMS 0x0000000747200000| PB 0x0000000747200000| Untracked 
|  58|0x0000000747400000, 0x0000000747600000, 0x0000000747600000|100%| O|  |TAMS 0x0000000747400000| PB 0x0000000747400000| Untracked 
|  59|0x0000000747600000, 0x0000000747800000, 0x0000000747800000|100%| O|  |TAMS 0x0000000747600000| PB 0x0000000747600000| Untracked 
|  60|0x0000000747800000, 0x0000000747800000, 0x0000000747a00000|  0%| F|  |TAMS 0x0000000747800000| PB 0x0000000747800000| Untracked 
|  61|0x0000000747a00000, 0x0000000747a00000, 0x0000000747c00000|  0%| F|  |TAMS 0x0000000747a00000| PB 0x0000000747a00000| Untracked 
|  62|0x0000000747c00000, 0x0000000747e00000, 0x0000000747e00000|100%| O|  |TAMS 0x0000000747c00000| PB 0x0000000747c00000| Untracked 
|  63|0x0000000747e00000, 0x0000000748000000, 0x0000000748000000|100%| O|  |TAMS 0x0000000747e00000| PB 0x0000000747e00000| Untracked 
|  64|0x0000000748000000, 0x0000000748200000, 0x0000000748200000|100%| O|  |TAMS 0x0000000748000000| PB 0x0000000748000000| Untracked 
|  65|0x0000000748200000, 0x0000000748400000, 0x0000000748400000|100%| O|  |TAMS 0x0000000748200000| PB 0x0000000748200000| Untracked 
|  66|0x0000000748400000, 0x0000000748600000, 0x0000000748600000|100%| O|  |TAMS 0x0000000748400000| PB 0x0000000748400000| Untracked 
|  67|0x0000000748600000, 0x0000000748600000, 0x0000000748800000|  0%| F|  |TAMS 0x0000000748600000| PB 0x0000000748600000| Untracked 
|  68|0x0000000748800000, 0x0000000748800000, 0x0000000748a00000|  0%| F|  |TAMS 0x0000000748800000| PB 0x0000000748800000| Untracked 
|  69|0x0000000748a00000, 0x0000000748a00000, 0x0000000748c00000|  0%| F|  |TAMS 0x0000000748a00000| PB 0x0000000748a00000| Untracked 
|  70|0x0000000748c00000, 0x0000000748c00000, 0x0000000748e00000|  0%| F|  |TAMS 0x0000000748c00000| PB 0x0000000748c00000| Untracked 
|  71|0x0000000748e00000, 0x0000000748e00000, 0x0000000749000000|  0%| F|  |TAMS 0x0000000748e00000| PB 0x0000000748e00000| Untracked 
|  72|0x0000000749000000, 0x0000000749200000, 0x0000000749200000|100%| O|  |TAMS 0x0000000749000000| PB 0x0000000749000000| Untracked 
|  73|0x0000000749200000, 0x0000000749400000, 0x0000000749400000|100%| O|  |TAMS 0x0000000749200000| PB 0x0000000749200000| Untracked 
|  74|0x0000000749400000, 0x0000000749600000, 0x0000000749600000|100%| O|  |TAMS 0x0000000749400000| PB 0x0000000749400000| Untracked 
|  75|0x0000000749600000, 0x0000000749800000, 0x0000000749800000|100%| O|  |TAMS 0x0000000749600000| PB 0x0000000749600000| Untracked 
|  76|0x0000000749800000, 0x0000000749a00000, 0x0000000749a00000|100%| O|  |TAMS 0x0000000749800000| PB 0x0000000749800000| Untracked 
|  77|0x0000000749a00000, 0x0000000749c00000, 0x0000000749c00000|100%| O|  |TAMS 0x0000000749a00000| PB 0x0000000749a00000| Untracked 
|  78|0x0000000749c00000, 0x0000000749e00000, 0x0000000749e00000|100%| O|  |TAMS 0x0000000749c00000| PB 0x0000000749c00000| Untracked 
|  79|0x0000000749e00000, 0x000000074a000000, 0x000000074a000000|100%| O|  |TAMS 0x0000000749e00000| PB 0x0000000749e00000| Untracked 
|  80|0x000000074a000000, 0x000000074a200000, 0x000000074a200000|100%| O|  |TAMS 0x000000074a000000| PB 0x000000074a000000| Untracked 
|  81|0x000000074a200000, 0x000000074a400000, 0x000000074a400000|100%| O|  |TAMS 0x000000074a200000| PB 0x000000074a200000| Untracked 
|  82|0x000000074a400000, 0x000000074a600000, 0x000000074a600000|100%| O|  |TAMS 0x000000074a400000| PB 0x000000074a400000| Untracked 
|  83|0x000000074a600000, 0x000000074a800000, 0x000000074a800000|100%| O|  |TAMS 0x000000074a600000| PB 0x000000074a600000| Untracked 
|  84|0x000000074a800000, 0x000000074aa00000, 0x000000074aa00000|100%| O|  |TAMS 0x000000074a800000| PB 0x000000074a800000| Untracked 
|  85|0x000000074aa00000, 0x000000074ac00000, 0x000000074ac00000|100%| O|  |TAMS 0x000000074aa00000| PB 0x000000074aa00000| Untracked 
|  86|0x000000074ac00000, 0x000000074ac00000, 0x000000074ae00000|  0%| F|  |TAMS 0x000000074ac00000| PB 0x000000074ac00000| Untracked 
|  87|0x000000074ae00000, 0x000000074b000000, 0x000000074b000000|100%| O|  |TAMS 0x000000074ae00000| PB 0x000000074ae00000| Untracked 
|  88|0x000000074b000000, 0x000000074b200000, 0x000000074b200000|100%| O|  |TAMS 0x000000074b000000| PB 0x000000074b000000| Untracked 
|  89|0x000000074b200000, 0x000000074b400000, 0x000000074b400000|100%| O|  |TAMS 0x000000074b200000| PB 0x000000074b200000| Untracked 
|  90|0x000000074b400000, 0x000000074b600000, 0x000000074b600000|100%| O|  |TAMS 0x000000074b400000| PB 0x000000074b400000| Untracked 
|  91|0x000000074b600000, 0x000000074b800000, 0x000000074b800000|100%| O|  |TAMS 0x000000074b600000| PB 0x000000074b600000| Untracked 
|  92|0x000000074b800000, 0x000000074ba00000, 0x000000074ba00000|100%| O|  |TAMS 0x000000074b800000| PB 0x000000074b800000| Untracked 
|  93|0x000000074ba00000, 0x000000074bc00000, 0x000000074bc00000|100%| O|  |TAMS 0x000000074ba00000| PB 0x000000074ba00000| Untracked 
|  94|0x000000074bc00000, 0x000000074be00000, 0x000000074be00000|100%| O|  |TAMS 0x000000074bc00000| PB 0x000000074bc00000| Untracked 
|  95|0x000000074be00000, 0x000000074c000000, 0x000000074c000000|100%| O|  |TAMS 0x000000074be00000| PB 0x000000074be00000| Untracked 
|  96|0x000000074c000000, 0x000000074c200000, 0x000000074c200000|100%| O|  |TAMS 0x000000074c000000| PB 0x000000074c000000| Untracked 
|  97|0x000000074c200000, 0x000000074c400000, 0x000000074c400000|100%| O|  |TAMS 0x000000074c200000| PB 0x000000074c200000| Untracked 
|  98|0x000000074c400000, 0x000000074c600000, 0x000000074c600000|100%| O|  |TAMS 0x000000074c400000| PB 0x000000074c400000| Untracked 
|  99|0x000000074c600000, 0x000000074c800000, 0x000000074c800000|100%| O|  |TAMS 0x000000074c600000| PB 0x000000074c600000| Untracked 
| 100|0x000000074c800000, 0x000000074ca00000, 0x000000074ca00000|100%| O|  |TAMS 0x000000074c800000| PB 0x000000074c800000| Untracked 
| 101|0x000000074ca00000, 0x000000074cc00000, 0x000000074cc00000|100%| O|  |TAMS 0x000000074ca00000| PB 0x000000074ca00000| Untracked 
| 102|0x000000074cc00000, 0x000000074ce00000, 0x000000074ce00000|100%| O|  |TAMS 0x000000074cc00000| PB 0x000000074cc00000| Untracked 
| 103|0x000000074ce00000, 0x000000074d000000, 0x000000074d000000|100%| O|  |TAMS 0x000000074ce00000| PB 0x000000074ce00000| Untracked 
| 104|0x000000074d000000, 0x000000074d200000, 0x000000074d200000|100%| O|  |TAMS 0x000000074d000000| PB 0x000000074d000000| Untracked 
| 105|0x000000074d200000, 0x000000074d400000, 0x000000074d400000|100%| O|  |TAMS 0x000000074d200000| PB 0x000000074d200000| Untracked 
| 106|0x000000074d400000, 0x000000074d600000, 0x000000074d600000|100%| O|  |TAMS 0x000000074d400000| PB 0x000000074d400000| Untracked 
| 107|0x000000074d600000, 0x000000074d800000, 0x000000074d800000|100%| O|  |TAMS 0x000000074d600000| PB 0x000000074d600000| Untracked 
| 108|0x000000074d800000, 0x000000074da00000, 0x000000074da00000|100%| O|  |TAMS 0x000000074d800000| PB 0x000000074d800000| Untracked 
| 109|0x000000074da00000, 0x000000074dc00000, 0x000000074dc00000|100%| O|  |TAMS 0x000000074da00000| PB 0x000000074da00000| Untracked 
| 110|0x000000074dc00000, 0x000000074de00000, 0x000000074de00000|100%| O|  |TAMS 0x000000074dc00000| PB 0x000000074dc00000| Untracked 
| 111|0x000000074de00000, 0x000000074e000000, 0x000000074e000000|100%| O|  |TAMS 0x000000074de00000| PB 0x000000074de00000| Untracked 
| 112|0x000000074e000000, 0x000000074e200000, 0x000000074e200000|100%| O|  |TAMS 0x000000074e000000| PB 0x000000074e000000| Untracked 
| 113|0x000000074e200000, 0x000000074e400000, 0x000000074e400000|100%| O|  |TAMS 0x000000074e200000| PB 0x000000074e200000| Untracked 
| 114|0x000000074e400000, 0x000000074e600000, 0x000000074e600000|100%| O|  |TAMS 0x000000074e400000| PB 0x000000074e400000| Untracked 
| 115|0x000000074e600000, 0x000000074e600000, 0x000000074e800000|  0%| F|  |TAMS 0x000000074e600000| PB 0x000000074e600000| Untracked 
| 116|0x000000074e800000, 0x000000074ea00000, 0x000000074ea00000|100%| O|  |TAMS 0x000000074e800000| PB 0x000000074e800000| Untracked 
| 117|0x000000074ea00000, 0x000000074ea00000, 0x000000074ec00000|  0%| F|  |TAMS 0x000000074ea00000| PB 0x000000074ea00000| Untracked 
| 118|0x000000074ec00000, 0x000000074ec00000, 0x000000074ee00000|  0%| F|  |TAMS 0x000000074ec00000| PB 0x000000074ec00000| Untracked 
| 119|0x000000074ee00000, 0x000000074ee00000, 0x000000074f000000|  0%| F|  |TAMS 0x000000074ee00000| PB 0x000000074ee00000| Untracked 
| 120|0x000000074f000000, 0x000000074f000000, 0x000000074f200000|  0%| F|  |TAMS 0x000000074f000000| PB 0x000000074f000000| Untracked 
| 121|0x000000074f200000, 0x000000074f400000, 0x000000074f400000|100%| O|  |TAMS 0x000000074f200000| PB 0x000000074f200000| Untracked 
| 122|0x000000074f400000, 0x000000074f600000, 0x000000074f600000|100%| O|  |TAMS 0x000000074f400000| PB 0x000000074f400000| Untracked 
| 123|0x000000074f600000, 0x000000074f800000, 0x000000074f800000|100%| O|  |TAMS 0x000000074f600000| PB 0x000000074f600000| Untracked 
| 124|0x000000074f800000, 0x000000074f800000, 0x000000074fa00000|  0%| F|  |TAMS 0x000000074f800000| PB 0x000000074f800000| Untracked 
| 125|0x000000074fa00000, 0x000000074fc00000, 0x000000074fc00000|100%| O|  |TAMS 0x000000074fa00000| PB 0x000000074fa00000| Untracked 
| 126|0x000000074fc00000, 0x000000074fc00000, 0x000000074fe00000|  0%| F|  |TAMS 0x000000074fc00000| PB 0x000000074fc00000| Untracked 
| 127|0x000000074fe00000, 0x000000074fe00000, 0x0000000750000000|  0%| F|  |TAMS 0x000000074fe00000| PB 0x000000074fe00000| Untracked 
| 128|0x0000000750000000, 0x0000000750200000, 0x0000000750200000|100%| O|  |TAMS 0x0000000750000000| PB 0x0000000750000000| Untracked 
| 129|0x0000000750200000, 0x0000000750400000, 0x0000000750400000|100%| O|  |TAMS 0x0000000750200000| PB 0x0000000750200000| Untracked 
| 130|0x0000000750400000, 0x0000000750600000, 0x0000000750600000|100%| O|  |TAMS 0x0000000750400000| PB 0x0000000750400000| Untracked 
| 131|0x0000000750600000, 0x0000000750800000, 0x0000000750800000|100%| O|  |TAMS 0x0000000750600000| PB 0x0000000750600000| Untracked 
| 132|0x0000000750800000, 0x0000000750800000, 0x0000000750a00000|  0%| F|  |TAMS 0x0000000750800000| PB 0x0000000750800000| Untracked 
| 133|0x0000000750a00000, 0x0000000750a00000, 0x0000000750c00000|  0%| F|  |TAMS 0x0000000750a00000| PB 0x0000000750a00000| Untracked 
| 134|0x0000000750c00000, 0x0000000750c00000, 0x0000000750e00000|  0%| F|  |TAMS 0x0000000750c00000| PB 0x0000000750c00000| Untracked 
| 135|0x0000000750e00000, 0x0000000750e00000, 0x0000000751000000|  0%| F|  |TAMS 0x0000000750e00000| PB 0x0000000750e00000| Untracked 
| 136|0x0000000751000000, 0x0000000751200000, 0x0000000751200000|100%| O|  |TAMS 0x0000000751000000| PB 0x0000000751000000| Untracked 
| 137|0x0000000751200000, 0x0000000751400000, 0x0000000751400000|100%| O|  |TAMS 0x0000000751200000| PB 0x0000000751200000| Untracked 
| 138|0x0000000751400000, 0x0000000751600000, 0x0000000751600000|100%| O|  |TAMS 0x0000000751400000| PB 0x0000000751400000| Untracked 
| 139|0x0000000751600000, 0x0000000751800000, 0x0000000751800000|100%| O|  |TAMS 0x0000000751600000| PB 0x0000000751600000| Untracked 
| 140|0x0000000751800000, 0x0000000751a00000, 0x0000000751a00000|100%| O|  |TAMS 0x0000000751800000| PB 0x0000000751800000| Untracked 
| 141|0x0000000751a00000, 0x0000000751c00000, 0x0000000751c00000|100%| O|  |TAMS 0x0000000751a00000| PB 0x0000000751a00000| Untracked 
| 142|0x0000000751c00000, 0x0000000751e00000, 0x0000000751e00000|100%| O|  |TAMS 0x0000000751c00000| PB 0x0000000751c00000| Untracked 
| 143|0x0000000751e00000, 0x0000000752000000, 0x0000000752000000|100%| O|  |TAMS 0x0000000751e00000| PB 0x0000000751e00000| Untracked 
| 144|0x0000000752000000, 0x0000000752200000, 0x0000000752200000|100%| O|  |TAMS 0x0000000752000000| PB 0x0000000752000000| Untracked 
| 145|0x0000000752200000, 0x0000000752400000, 0x0000000752400000|100%| O|  |TAMS 0x0000000752200000| PB 0x0000000752200000| Untracked 
| 146|0x0000000752400000, 0x0000000752600000, 0x0000000752600000|100%| O|  |TAMS 0x0000000752400000| PB 0x0000000752400000| Untracked 
| 147|0x0000000752600000, 0x0000000752800000, 0x0000000752800000|100%| O|  |TAMS 0x0000000752600000| PB 0x0000000752600000| Untracked 
| 148|0x0000000752800000, 0x0000000752a00000, 0x0000000752a00000|100%| O|  |TAMS 0x0000000752800000| PB 0x0000000752800000| Untracked 
| 149|0x0000000752a00000, 0x0000000752c00000, 0x0000000752c00000|100%| O|  |TAMS 0x0000000752a00000| PB 0x0000000752a00000| Untracked 
| 150|0x0000000752c00000, 0x0000000752e00000, 0x0000000752e00000|100%| O|  |TAMS 0x0000000752c00000| PB 0x0000000752c00000| Untracked 
| 151|0x0000000752e00000, 0x0000000753000000, 0x0000000753000000|100%| O|  |TAMS 0x0000000752e00000| PB 0x0000000752e00000| Untracked 
| 152|0x0000000753000000, 0x0000000753200000, 0x0000000753200000|100%| O|  |TAMS 0x0000000753000000| PB 0x0000000753000000| Untracked 
| 153|0x0000000753200000, 0x0000000753400000, 0x0000000753400000|100%| O|  |TAMS 0x0000000753200000| PB 0x0000000753200000| Untracked 
| 154|0x0000000753400000, 0x0000000753600000, 0x0000000753600000|100%| O|  |TAMS 0x0000000753400000| PB 0x0000000753400000| Untracked 
| 155|0x0000000753600000, 0x0000000753800000, 0x0000000753800000|100%| O|  |TAMS 0x0000000753600000| PB 0x0000000753600000| Untracked 
| 156|0x0000000753800000, 0x0000000753a00000, 0x0000000753a00000|100%| O|  |TAMS 0x0000000753800000| PB 0x0000000753800000| Untracked 
| 157|0x0000000753a00000, 0x0000000753c00000, 0x0000000753c00000|100%| O|  |TAMS 0x0000000753a00000| PB 0x0000000753a00000| Untracked 
| 158|0x0000000753c00000, 0x0000000753e00000, 0x0000000753e00000|100%| O|  |TAMS 0x0000000753c00000| PB 0x0000000753c00000| Untracked 
| 159|0x0000000753e00000, 0x0000000754000000, 0x0000000754000000|100%| O|  |TAMS 0x0000000753e00000| PB 0x0000000753e00000| Untracked 
| 160|0x0000000754000000, 0x0000000754200000, 0x0000000754200000|100%| O|  |TAMS 0x0000000754000000| PB 0x0000000754000000| Untracked 
| 161|0x0000000754200000, 0x0000000754400000, 0x0000000754400000|100%| O|  |TAMS 0x0000000754200000| PB 0x0000000754200000| Untracked 
| 162|0x0000000754400000, 0x0000000754600000, 0x0000000754600000|100%| O|  |TAMS 0x0000000754400000| PB 0x0000000754400000| Untracked 
| 163|0x0000000754600000, 0x0000000754800000, 0x0000000754800000|100%| O|  |TAMS 0x0000000754600000| PB 0x0000000754600000| Untracked 
| 164|0x0000000754800000, 0x0000000754a00000, 0x0000000754a00000|100%| O|  |TAMS 0x0000000754800000| PB 0x0000000754800000| Untracked 
| 165|0x0000000754a00000, 0x0000000754c00000, 0x0000000754c00000|100%| O|  |TAMS 0x0000000754a00000| PB 0x0000000754a00000| Untracked 
| 166|0x0000000754c00000, 0x0000000754e00000, 0x0000000754e00000|100%| O|  |TAMS 0x0000000754c00000| PB 0x0000000754c00000| Untracked 
| 167|0x0000000754e00000, 0x0000000755000000, 0x0000000755000000|100%| O|  |TAMS 0x0000000754e00000| PB 0x0000000754e00000| Untracked 
| 168|0x0000000755000000, 0x0000000755200000, 0x0000000755200000|100%| O|  |TAMS 0x0000000755000000| PB 0x0000000755000000| Untracked 
| 169|0x0000000755200000, 0x0000000755400000, 0x0000000755400000|100%| O|  |TAMS 0x0000000755200000| PB 0x0000000755200000| Untracked 
| 170|0x0000000755400000, 0x0000000755600000, 0x0000000755600000|100%| O|  |TAMS 0x0000000755400000| PB 0x0000000755400000| Untracked 
| 171|0x0000000755600000, 0x0000000755800000, 0x0000000755800000|100%| O|  |TAMS 0x0000000755600000| PB 0x0000000755600000| Untracked 
| 172|0x0000000755800000, 0x0000000755a00000, 0x0000000755a00000|100%| O|  |TAMS 0x0000000755800000| PB 0x0000000755800000| Untracked 
| 173|0x0000000755a00000, 0x0000000755c00000, 0x0000000755c00000|100%| O|  |TAMS 0x0000000755a00000| PB 0x0000000755a00000| Untracked 
| 174|0x0000000755c00000, 0x0000000755e00000, 0x0000000755e00000|100%| O|  |TAMS 0x0000000755c00000| PB 0x0000000755c00000| Untracked 
| 175|0x0000000755e00000, 0x0000000756000000, 0x0000000756000000|100%| O|  |TAMS 0x0000000755e00000| PB 0x0000000755e00000| Untracked 
| 176|0x0000000756000000, 0x0000000756200000, 0x0000000756200000|100%| O|  |TAMS 0x0000000756000000| PB 0x0000000756000000| Untracked 
| 177|0x0000000756200000, 0x0000000756400000, 0x0000000756400000|100%| O|  |TAMS 0x0000000756200000| PB 0x0000000756200000| Untracked 
| 178|0x0000000756400000, 0x0000000756600000, 0x0000000756600000|100%| O|  |TAMS 0x0000000756400000| PB 0x0000000756400000| Untracked 
| 179|0x0000000756600000, 0x0000000756800000, 0x0000000756800000|100%| O|  |TAMS 0x0000000756600000| PB 0x0000000756600000| Untracked 
| 180|0x0000000756800000, 0x0000000756a00000, 0x0000000756a00000|100%| O|  |TAMS 0x0000000756800000| PB 0x0000000756800000| Untracked 
| 181|0x0000000756a00000, 0x0000000756c00000, 0x0000000756c00000|100%| O|  |TAMS 0x0000000756a00000| PB 0x0000000756a00000| Untracked 
| 182|0x0000000756c00000, 0x0000000756e00000, 0x0000000756e00000|100%| O|  |TAMS 0x0000000756c00000| PB 0x0000000756c00000| Untracked 
| 183|0x0000000756e00000, 0x0000000757000000, 0x0000000757000000|100%| O|  |TAMS 0x0000000756e00000| PB 0x0000000756e00000| Untracked 
| 184|0x0000000757000000, 0x0000000757200000, 0x0000000757200000|100%| O|  |TAMS 0x0000000757000000| PB 0x0000000757000000| Untracked 
| 185|0x0000000757200000, 0x0000000757400000, 0x0000000757400000|100%| O|  |TAMS 0x0000000757200000| PB 0x0000000757200000| Untracked 
| 186|0x0000000757400000, 0x0000000757600000, 0x0000000757600000|100%| O|  |TAMS 0x0000000757400000| PB 0x0000000757400000| Untracked 
| 187|0x0000000757600000, 0x0000000757800000, 0x0000000757800000|100%| O|  |TAMS 0x0000000757600000| PB 0x0000000757600000| Untracked 
| 188|0x0000000757800000, 0x0000000757a00000, 0x0000000757a00000|100%| O|  |TAMS 0x0000000757800000| PB 0x0000000757800000| Untracked 
| 189|0x0000000757a00000, 0x0000000757c00000, 0x0000000757c00000|100%| O|  |TAMS 0x0000000757a00000| PB 0x0000000757a00000| Untracked 
| 190|0x0000000757c00000, 0x0000000757e00000, 0x0000000757e00000|100%| O|  |TAMS 0x0000000757c00000| PB 0x0000000757c00000| Untracked 
| 191|0x0000000757e00000, 0x0000000758000000, 0x0000000758000000|100%| O|  |TAMS 0x0000000757e00000| PB 0x0000000757e00000| Untracked 
| 192|0x0000000758000000, 0x0000000758200000, 0x0000000758200000|100%| O|  |TAMS 0x0000000758000000| PB 0x0000000758000000| Untracked 
| 193|0x0000000758200000, 0x0000000758400000, 0x0000000758400000|100%| O|  |TAMS 0x0000000758200000| PB 0x0000000758200000| Untracked 
| 194|0x0000000758400000, 0x0000000758600000, 0x0000000758600000|100%| O|  |TAMS 0x0000000758400000| PB 0x0000000758400000| Untracked 
| 195|0x0000000758600000, 0x0000000758800000, 0x0000000758800000|100%| O|  |TAMS 0x0000000758600000| PB 0x0000000758600000| Untracked 
| 196|0x0000000758800000, 0x0000000758a00000, 0x0000000758a00000|100%| O|  |TAMS 0x0000000758800000| PB 0x0000000758800000| Untracked 
| 197|0x0000000758a00000, 0x0000000758c00000, 0x0000000758c00000|100%| O|  |TAMS 0x0000000758a00000| PB 0x0000000758a00000| Untracked 
| 198|0x0000000758c00000, 0x0000000758e00000, 0x0000000758e00000|100%| O|  |TAMS 0x0000000758c00000| PB 0x0000000758c00000| Untracked 
| 199|0x0000000758e00000, 0x0000000759000000, 0x0000000759000000|100%| O|  |TAMS 0x0000000758e00000| PB 0x0000000758e00000| Untracked 
| 200|0x0000000759000000, 0x0000000759200000, 0x0000000759200000|100%| O|  |TAMS 0x0000000759000000| PB 0x0000000759000000| Untracked 
| 201|0x0000000759200000, 0x0000000759400000, 0x0000000759400000|100%| O|  |TAMS 0x0000000759200000| PB 0x0000000759200000| Untracked 
| 202|0x0000000759400000, 0x0000000759600000, 0x0000000759600000|100%| O|  |TAMS 0x0000000759400000| PB 0x0000000759400000| Untracked 
| 203|0x0000000759600000, 0x0000000759800000, 0x0000000759800000|100%| O|  |TAMS 0x0000000759600000| PB 0x0000000759600000| Untracked 
| 204|0x0000000759800000, 0x0000000759a00000, 0x0000000759a00000|100%| O|  |TAMS 0x0000000759800000| PB 0x0000000759800000| Untracked 
| 205|0x0000000759a00000, 0x0000000759c00000, 0x0000000759c00000|100%| O|  |TAMS 0x0000000759a00000| PB 0x0000000759a00000| Untracked 
| 206|0x0000000759c00000, 0x0000000759e00000, 0x0000000759e00000|100%| O|  |TAMS 0x0000000759c00000| PB 0x0000000759c00000| Untracked 
| 207|0x0000000759e00000, 0x000000075a000000, 0x000000075a000000|100%| O|  |TAMS 0x0000000759e00000| PB 0x0000000759e00000| Untracked 
| 208|0x000000075a000000, 0x000000075a200000, 0x000000075a200000|100%| O|  |TAMS 0x000000075a000000| PB 0x000000075a000000| Untracked 
| 209|0x000000075a200000, 0x000000075a400000, 0x000000075a400000|100%| O|  |TAMS 0x000000075a200000| PB 0x000000075a200000| Untracked 
| 210|0x000000075a400000, 0x000000075a600000, 0x000000075a600000|100%| O|  |TAMS 0x000000075a400000| PB 0x000000075a400000| Untracked 
| 211|0x000000075a600000, 0x000000075a800000, 0x000000075a800000|100%| O|  |TAMS 0x000000075a600000| PB 0x000000075a600000| Untracked 
| 212|0x000000075a800000, 0x000000075aa00000, 0x000000075aa00000|100%| O|  |TAMS 0x000000075a800000| PB 0x000000075a800000| Untracked 
| 213|0x000000075aa00000, 0x000000075ac00000, 0x000000075ac00000|100%| O|  |TAMS 0x000000075aa00000| PB 0x000000075aa00000| Untracked 
| 214|0x000000075ac00000, 0x000000075ae00000, 0x000000075ae00000|100%| O|  |TAMS 0x000000075ac00000| PB 0x000000075ac00000| Untracked 
| 215|0x000000075ae00000, 0x000000075b000000, 0x000000075b000000|100%| O|  |TAMS 0x000000075ae00000| PB 0x000000075ae00000| Untracked 
| 216|0x000000075b000000, 0x000000075b200000, 0x000000075b200000|100%| O|  |TAMS 0x000000075b000000| PB 0x000000075b000000| Untracked 
| 217|0x000000075b200000, 0x000000075b400000, 0x000000075b400000|100%| O|  |TAMS 0x000000075b200000| PB 0x000000075b200000| Untracked 
| 218|0x000000075b400000, 0x000000075b600000, 0x000000075b600000|100%| O|  |TAMS 0x000000075b400000| PB 0x000000075b400000| Untracked 
| 219|0x000000075b600000, 0x000000075b800000, 0x000000075b800000|100%| O|  |TAMS 0x000000075b600000| PB 0x000000075b600000| Untracked 
| 220|0x000000075b800000, 0x000000075ba00000, 0x000000075ba00000|100%| O|  |TAMS 0x000000075b800000| PB 0x000000075b800000| Untracked 
| 221|0x000000075ba00000, 0x000000075bc00000, 0x000000075bc00000|100%| O|  |TAMS 0x000000075ba00000| PB 0x000000075ba00000| Untracked 
| 222|0x000000075bc00000, 0x000000075be00000, 0x000000075be00000|100%| O|  |TAMS 0x000000075bc00000| PB 0x000000075bc00000| Untracked 
| 223|0x000000075be00000, 0x000000075bf00000, 0x000000075c000000| 50%| O|  |TAMS 0x000000075be00000| PB 0x000000075be00000| Untracked 
| 224|0x000000075c000000, 0x000000075c000000, 0x000000075c200000|  0%| F|  |TAMS 0x000000075c000000| PB 0x000000075c000000| Untracked 
| 225|0x000000075c200000, 0x000000075c200000, 0x000000075c400000|  0%| F|  |TAMS 0x000000075c200000| PB 0x000000075c200000| Untracked 
| 226|0x000000075c400000, 0x000000075c400000, 0x000000075c600000|  0%| F|  |TAMS 0x000000075c400000| PB 0x000000075c400000| Untracked 
| 227|0x000000075c600000, 0x000000075c600000, 0x000000075c800000|  0%| F|  |TAMS 0x000000075c600000| PB 0x000000075c600000| Untracked 
| 228|0x000000075c800000, 0x000000075c800000, 0x000000075ca00000|  0%| F|  |TAMS 0x000000075c800000| PB 0x000000075c800000| Untracked 
| 229|0x000000075ca00000, 0x000000075ca00000, 0x000000075cc00000|  0%| F|  |TAMS 0x000000075ca00000| PB 0x000000075ca00000| Untracked 
| 230|0x000000075cc00000, 0x000000075cc00000, 0x000000075ce00000|  0%| F|  |TAMS 0x000000075cc00000| PB 0x000000075cc00000| Untracked 
| 231|0x000000075ce00000, 0x000000075ce00000, 0x000000075d000000|  0%| F|  |TAMS 0x000000075ce00000| PB 0x000000075ce00000| Untracked 
| 232|0x000000075d000000, 0x000000075d000000, 0x000000075d200000|  0%| F|  |TAMS 0x000000075d000000| PB 0x000000075d000000| Untracked 
| 233|0x000000075d200000, 0x000000075d200000, 0x000000075d400000|  0%| F|  |TAMS 0x000000075d200000| PB 0x000000075d200000| Untracked 
| 234|0x000000075d400000, 0x000000075d400000, 0x000000075d600000|  0%| F|  |TAMS 0x000000075d400000| PB 0x000000075d400000| Untracked 
| 235|0x000000075d600000, 0x000000075d800000, 0x000000075d800000|100%| S|CS|TAMS 0x000000075d600000| PB 0x000000075d600000| Complete 
| 236|0x000000075d800000, 0x000000075da00000, 0x000000075da00000|100%| S|CS|TAMS 0x000000075d800000| PB 0x000000075d800000| Complete 
| 237|0x000000075da00000, 0x000000075dc00000, 0x000000075dc00000|100%| S|CS|TAMS 0x000000075da00000| PB 0x000000075da00000| Complete 
| 238|0x000000075dc00000, 0x000000075de00000, 0x000000075de00000|100%| S|CS|TAMS 0x000000075dc00000| PB 0x000000075dc00000| Complete 
| 239|0x000000075de00000, 0x000000075e000000, 0x000000075e000000|100%| S|CS|TAMS 0x000000075de00000| PB 0x000000075de00000| Complete 
| 240|0x000000075e000000, 0x000000075e200000, 0x000000075e200000|100%| S|CS|TAMS 0x000000075e000000| PB 0x000000075e000000| Complete 
| 241|0x000000075e200000, 0x000000075e400000, 0x000000075e400000|100%| S|CS|TAMS 0x000000075e200000| PB 0x000000075e200000| Complete 
| 242|0x000000075e400000, 0x000000075e400000, 0x000000075e600000|  0%| F|  |TAMS 0x000000075e400000| PB 0x000000075e400000| Untracked 
| 243|0x000000075e600000, 0x000000075e600000, 0x000000075e800000|  0%| F|  |TAMS 0x000000075e600000| PB 0x000000075e600000| Untracked 
| 244|0x000000075e800000, 0x000000075e800000, 0x000000075ea00000|  0%| F|  |TAMS 0x000000075e800000| PB 0x000000075e800000| Untracked 
| 245|0x000000075ea00000, 0x000000075ea00000, 0x000000075ec00000|  0%| F|  |TAMS 0x000000075ea00000| PB 0x000000075ea00000| Untracked 
| 246|0x000000075ec00000, 0x000000075ec00000, 0x000000075ee00000|  0%| F|  |TAMS 0x000000075ec00000| PB 0x000000075ec00000| Untracked 
| 247|0x000000075ee00000, 0x000000075ee00000, 0x000000075f000000|  0%| F|  |TAMS 0x000000075ee00000| PB 0x000000075ee00000| Untracked 
| 248|0x000000075f000000, 0x000000075f000000, 0x000000075f200000|  0%| F|  |TAMS 0x000000075f000000| PB 0x000000075f000000| Untracked 
| 249|0x000000075f200000, 0x000000075f200000, 0x000000075f400000|  0%| F|  |TAMS 0x000000075f200000| PB 0x000000075f200000| Untracked 
| 250|0x000000075f400000, 0x000000075f400000, 0x000000075f600000|  0%| F|  |TAMS 0x000000075f400000| PB 0x000000075f400000| Untracked 
| 251|0x000000075f600000, 0x000000075f600000, 0x000000075f800000|  0%| F|  |TAMS 0x000000075f600000| PB 0x000000075f600000| Untracked 
| 252|0x000000075f800000, 0x000000075f800000, 0x000000075fa00000|  0%| F|  |TAMS 0x000000075f800000| PB 0x000000075f800000| Untracked 
| 253|0x000000075fa00000, 0x000000075fa00000, 0x000000075fc00000|  0%| F|  |TAMS 0x000000075fa00000| PB 0x000000075fa00000| Untracked 
| 254|0x000000075fc00000, 0x000000075fc00000, 0x000000075fe00000|  0%| F|  |TAMS 0x000000075fc00000| PB 0x000000075fc00000| Untracked 
| 255|0x000000075fe00000, 0x000000075fe00000, 0x0000000760000000|  0%| F|  |TAMS 0x000000075fe00000| PB 0x000000075fe00000| Untracked 
| 256|0x0000000760000000, 0x0000000760000000, 0x0000000760200000|  0%| F|  |TAMS 0x0000000760000000| PB 0x0000000760000000| Untracked 
| 257|0x0000000760200000, 0x0000000760200000, 0x0000000760400000|  0%| F|  |TAMS 0x0000000760200000| PB 0x0000000760200000| Untracked 
| 258|0x0000000760400000, 0x0000000760400000, 0x0000000760600000|  0%| F|  |TAMS 0x0000000760400000| PB 0x0000000760400000| Untracked 
| 259|0x0000000760600000, 0x0000000760600000, 0x0000000760800000|  0%| F|  |TAMS 0x0000000760600000| PB 0x0000000760600000| Untracked 
| 260|0x0000000760800000, 0x0000000760800000, 0x0000000760a00000|  0%| F|  |TAMS 0x0000000760800000| PB 0x0000000760800000| Untracked 
| 261|0x0000000760a00000, 0x0000000760a00000, 0x0000000760c00000|  0%| F|  |TAMS 0x0000000760a00000| PB 0x0000000760a00000| Untracked 
| 262|0x0000000760c00000, 0x0000000760c00000, 0x0000000760e00000|  0%| F|  |TAMS 0x0000000760c00000| PB 0x0000000760c00000| Untracked 
| 263|0x0000000760e00000, 0x0000000760e00000, 0x0000000761000000|  0%| F|  |TAMS 0x0000000760e00000| PB 0x0000000760e00000| Untracked 
| 264|0x0000000761000000, 0x0000000761000000, 0x0000000761200000|  0%| F|  |TAMS 0x0000000761000000| PB 0x0000000761000000| Untracked 
| 265|0x0000000761200000, 0x0000000761200000, 0x0000000761400000|  0%| F|  |TAMS 0x0000000761200000| PB 0x0000000761200000| Untracked 
| 266|0x0000000761400000, 0x0000000761400000, 0x0000000761600000|  0%| F|  |TAMS 0x0000000761400000| PB 0x0000000761400000| Untracked 
| 267|0x0000000761600000, 0x0000000761600000, 0x0000000761800000|  0%| F|  |TAMS 0x0000000761600000| PB 0x0000000761600000| Untracked 
| 268|0x0000000761800000, 0x0000000761800000, 0x0000000761a00000|  0%| F|  |TAMS 0x0000000761800000| PB 0x0000000761800000| Untracked 
| 269|0x0000000761a00000, 0x0000000761a00000, 0x0000000761c00000|  0%| F|  |TAMS 0x0000000761a00000| PB 0x0000000761a00000| Untracked 
| 270|0x0000000761c00000, 0x0000000761c00000, 0x0000000761e00000|  0%| F|  |TAMS 0x0000000761c00000| PB 0x0000000761c00000| Untracked 
| 271|0x0000000761e00000, 0x0000000761e00000, 0x0000000762000000|  0%| F|  |TAMS 0x0000000761e00000| PB 0x0000000761e00000| Untracked 
| 272|0x0000000762000000, 0x0000000762000000, 0x0000000762200000|  0%| F|  |TAMS 0x0000000762000000| PB 0x0000000762000000| Untracked 
| 273|0x0000000762200000, 0x0000000762200000, 0x0000000762400000|  0%| F|  |TAMS 0x0000000762200000| PB 0x0000000762200000| Untracked 
| 274|0x0000000762400000, 0x0000000762400000, 0x0000000762600000|  0%| F|  |TAMS 0x0000000762400000| PB 0x0000000762400000| Untracked 
| 275|0x0000000762600000, 0x0000000762600000, 0x0000000762800000|  0%| F|  |TAMS 0x0000000762600000| PB 0x0000000762600000| Untracked 
| 276|0x0000000762800000, 0x0000000762800000, 0x0000000762a00000|  0%| F|  |TAMS 0x0000000762800000| PB 0x0000000762800000| Untracked 
| 277|0x0000000762a00000, 0x0000000762a00000, 0x0000000762c00000|  0%| F|  |TAMS 0x0000000762a00000| PB 0x0000000762a00000| Untracked 
| 278|0x0000000762c00000, 0x0000000762c00000, 0x0000000762e00000|  0%| F|  |TAMS 0x0000000762c00000| PB 0x0000000762c00000| Untracked 
| 279|0x0000000762e00000, 0x0000000762e00000, 0x0000000763000000|  0%| F|  |TAMS 0x0000000762e00000| PB 0x0000000762e00000| Untracked 
| 280|0x0000000763000000, 0x0000000763000000, 0x0000000763200000|  0%| F|  |TAMS 0x0000000763000000| PB 0x0000000763000000| Untracked 
| 281|0x0000000763200000, 0x0000000763200000, 0x0000000763400000|  0%| F|  |TAMS 0x0000000763200000| PB 0x0000000763200000| Untracked 
| 282|0x0000000763400000, 0x0000000763400000, 0x0000000763600000|  0%| F|  |TAMS 0x0000000763400000| PB 0x0000000763400000| Untracked 
| 283|0x0000000763600000, 0x0000000763600000, 0x0000000763800000|  0%| F|  |TAMS 0x0000000763600000| PB 0x0000000763600000| Untracked 
| 284|0x0000000763800000, 0x0000000763800000, 0x0000000763a00000|  0%| F|  |TAMS 0x0000000763800000| PB 0x0000000763800000| Untracked 
| 285|0x0000000763a00000, 0x0000000763a00000, 0x0000000763c00000|  0%| F|  |TAMS 0x0000000763a00000| PB 0x0000000763a00000| Untracked 
| 286|0x0000000763c00000, 0x0000000763c00000, 0x0000000763e00000|  0%| F|  |TAMS 0x0000000763c00000| PB 0x0000000763c00000| Untracked 
| 287|0x0000000763e00000, 0x0000000763e00000, 0x0000000764000000|  0%| F|  |TAMS 0x0000000763e00000| PB 0x0000000763e00000| Untracked 
| 288|0x0000000764000000, 0x0000000764000000, 0x0000000764200000|  0%| F|  |TAMS 0x0000000764000000| PB 0x0000000764000000| Untracked 
| 289|0x0000000764200000, 0x0000000764200000, 0x0000000764400000|  0%| F|  |TAMS 0x0000000764200000| PB 0x0000000764200000| Untracked 
| 290|0x0000000764400000, 0x0000000764400000, 0x0000000764600000|  0%| F|  |TAMS 0x0000000764400000| PB 0x0000000764400000| Untracked 
| 291|0x0000000764600000, 0x0000000764600000, 0x0000000764800000|  0%| F|  |TAMS 0x0000000764600000| PB 0x0000000764600000| Untracked 
| 292|0x0000000764800000, 0x0000000764800000, 0x0000000764a00000|  0%| F|  |TAMS 0x0000000764800000| PB 0x0000000764800000| Untracked 
| 293|0x0000000764a00000, 0x0000000764a00000, 0x0000000764c00000|  0%| F|  |TAMS 0x0000000764a00000| PB 0x0000000764a00000| Untracked 
| 294|0x0000000764c00000, 0x0000000764c00000, 0x0000000764e00000|  0%| F|  |TAMS 0x0000000764c00000| PB 0x0000000764c00000| Untracked 
| 295|0x0000000764e00000, 0x0000000764e00000, 0x0000000765000000|  0%| F|  |TAMS 0x0000000764e00000| PB 0x0000000764e00000| Untracked 
| 296|0x0000000765000000, 0x0000000765000000, 0x0000000765200000|  0%| F|  |TAMS 0x0000000765000000| PB 0x0000000765000000| Untracked 
| 297|0x0000000765200000, 0x0000000765200000, 0x0000000765400000|  0%| F|  |TAMS 0x0000000765200000| PB 0x0000000765200000| Untracked 
| 298|0x0000000765400000, 0x0000000765400000, 0x0000000765600000|  0%| F|  |TAMS 0x0000000765400000| PB 0x0000000765400000| Untracked 
| 299|0x0000000765600000, 0x0000000765600000, 0x0000000765800000|  0%| F|  |TAMS 0x0000000765600000| PB 0x0000000765600000| Untracked 
| 300|0x0000000765800000, 0x0000000765800000, 0x0000000765a00000|  0%| F|  |TAMS 0x0000000765800000| PB 0x0000000765800000| Untracked 
| 301|0x0000000765a00000, 0x0000000765a00000, 0x0000000765c00000|  0%| F|  |TAMS 0x0000000765a00000| PB 0x0000000765a00000| Untracked 
| 302|0x0000000765c00000, 0x0000000765c00000, 0x0000000765e00000|  0%| F|  |TAMS 0x0000000765c00000| PB 0x0000000765c00000| Untracked 
| 303|0x0000000765e00000, 0x0000000765e00000, 0x0000000766000000|  0%| F|  |TAMS 0x0000000765e00000| PB 0x0000000765e00000| Untracked 
| 304|0x0000000766000000, 0x0000000766000000, 0x0000000766200000|  0%| F|  |TAMS 0x0000000766000000| PB 0x0000000766000000| Untracked 
| 305|0x0000000766200000, 0x0000000766200000, 0x0000000766400000|  0%| F|  |TAMS 0x0000000766200000| PB 0x0000000766200000| Untracked 
| 306|0x0000000766400000, 0x0000000766400000, 0x0000000766600000|  0%| F|  |TAMS 0x0000000766400000| PB 0x0000000766400000| Untracked 
| 307|0x0000000766600000, 0x0000000766600000, 0x0000000766800000|  0%| F|  |TAMS 0x0000000766600000| PB 0x0000000766600000| Untracked 
| 308|0x0000000766800000, 0x0000000766800000, 0x0000000766a00000|  0%| F|  |TAMS 0x0000000766800000| PB 0x0000000766800000| Untracked 
| 309|0x0000000766a00000, 0x0000000766a00000, 0x0000000766c00000|  0%| F|  |TAMS 0x0000000766a00000| PB 0x0000000766a00000| Untracked 
| 310|0x0000000766c00000, 0x0000000766c00000, 0x0000000766e00000|  0%| F|  |TAMS 0x0000000766c00000| PB 0x0000000766c00000| Untracked 
| 311|0x0000000766e00000, 0x0000000766e00000, 0x0000000767000000|  0%| F|  |TAMS 0x0000000766e00000| PB 0x0000000766e00000| Untracked 
| 312|0x0000000767000000, 0x0000000767000000, 0x0000000767200000|  0%| F|  |TAMS 0x0000000767000000| PB 0x0000000767000000| Untracked 
| 313|0x0000000767200000, 0x0000000767200000, 0x0000000767400000|  0%| F|  |TAMS 0x0000000767200000| PB 0x0000000767200000| Untracked 
| 314|0x0000000767400000, 0x0000000767400000, 0x0000000767600000|  0%| F|  |TAMS 0x0000000767400000| PB 0x0000000767400000| Untracked 
| 315|0x0000000767600000, 0x0000000767600000, 0x0000000767800000|  0%| F|  |TAMS 0x0000000767600000| PB 0x0000000767600000| Untracked 
| 316|0x0000000767800000, 0x0000000767800000, 0x0000000767a00000|  0%| F|  |TAMS 0x0000000767800000| PB 0x0000000767800000| Untracked 
| 317|0x0000000767a00000, 0x0000000767a00000, 0x0000000767c00000|  0%| F|  |TAMS 0x0000000767a00000| PB 0x0000000767a00000| Untracked 
| 318|0x0000000767c00000, 0x0000000767c00000, 0x0000000767e00000|  0%| F|  |TAMS 0x0000000767c00000| PB 0x0000000767c00000| Untracked 
| 319|0x0000000767e00000, 0x0000000767e00000, 0x0000000768000000|  0%| F|  |TAMS 0x0000000767e00000| PB 0x0000000767e00000| Untracked 
| 320|0x0000000768000000, 0x0000000768000000, 0x0000000768200000|  0%| F|  |TAMS 0x0000000768000000| PB 0x0000000768000000| Untracked 
| 321|0x0000000768200000, 0x0000000768200000, 0x0000000768400000|  0%| F|  |TAMS 0x0000000768200000| PB 0x0000000768200000| Untracked 
| 322|0x0000000768400000, 0x0000000768400000, 0x0000000768600000|  0%| F|  |TAMS 0x0000000768400000| PB 0x0000000768400000| Untracked 
| 323|0x0000000768600000, 0x0000000768600000, 0x0000000768800000|  0%| F|  |TAMS 0x0000000768600000| PB 0x0000000768600000| Untracked 
| 324|0x0000000768800000, 0x0000000768800000, 0x0000000768a00000|  0%| F|  |TAMS 0x0000000768800000| PB 0x0000000768800000| Untracked 
| 325|0x0000000768a00000, 0x0000000768a00000, 0x0000000768c00000|  0%| F|  |TAMS 0x0000000768a00000| PB 0x0000000768a00000| Untracked 
| 326|0x0000000768c00000, 0x0000000768c00000, 0x0000000768e00000|  0%| F|  |TAMS 0x0000000768c00000| PB 0x0000000768c00000| Untracked 
| 327|0x0000000768e00000, 0x0000000768e00000, 0x0000000769000000|  0%| F|  |TAMS 0x0000000768e00000| PB 0x0000000768e00000| Untracked 
| 328|0x0000000769000000, 0x0000000769000000, 0x0000000769200000|  0%| F|  |TAMS 0x0000000769000000| PB 0x0000000769000000| Untracked 
| 329|0x0000000769200000, 0x0000000769200000, 0x0000000769400000|  0%| F|  |TAMS 0x0000000769200000| PB 0x0000000769200000| Untracked 
| 330|0x0000000769400000, 0x0000000769400000, 0x0000000769600000|  0%| F|  |TAMS 0x0000000769400000| PB 0x0000000769400000| Untracked 
| 331|0x0000000769600000, 0x0000000769600000, 0x0000000769800000|  0%| F|  |TAMS 0x0000000769600000| PB 0x0000000769600000| Untracked 
| 332|0x0000000769800000, 0x0000000769800000, 0x0000000769a00000|  0%| F|  |TAMS 0x0000000769800000| PB 0x0000000769800000| Untracked 
| 333|0x0000000769a00000, 0x0000000769a00000, 0x0000000769c00000|  0%| F|  |TAMS 0x0000000769a00000| PB 0x0000000769a00000| Untracked 
| 334|0x0000000769c00000, 0x0000000769c00000, 0x0000000769e00000|  0%| F|  |TAMS 0x0000000769c00000| PB 0x0000000769c00000| Untracked 
| 335|0x0000000769e00000, 0x0000000769e00000, 0x000000076a000000|  0%| F|  |TAMS 0x0000000769e00000| PB 0x0000000769e00000| Untracked 
| 336|0x000000076a000000, 0x000000076a000000, 0x000000076a200000|  0%| F|  |TAMS 0x000000076a000000| PB 0x000000076a000000| Untracked 
| 337|0x000000076a200000, 0x000000076a200000, 0x000000076a400000|  0%| F|  |TAMS 0x000000076a200000| PB 0x000000076a200000| Untracked 
| 338|0x000000076a400000, 0x000000076a400000, 0x000000076a600000|  0%| F|  |TAMS 0x000000076a400000| PB 0x000000076a400000| Untracked 
| 339|0x000000076a600000, 0x000000076a600000, 0x000000076a800000|  0%| F|  |TAMS 0x000000076a600000| PB 0x000000076a600000| Untracked 
| 340|0x000000076a800000, 0x000000076a800000, 0x000000076aa00000|  0%| F|  |TAMS 0x000000076a800000| PB 0x000000076a800000| Untracked 
| 341|0x000000076aa00000, 0x000000076aa00000, 0x000000076ac00000|  0%| F|  |TAMS 0x000000076aa00000| PB 0x000000076aa00000| Untracked 
| 342|0x000000076ac00000, 0x000000076ac00000, 0x000000076ae00000|  0%| F|  |TAMS 0x000000076ac00000| PB 0x000000076ac00000| Untracked 
| 343|0x000000076ae00000, 0x000000076ae00000, 0x000000076b000000|  0%| F|  |TAMS 0x000000076ae00000| PB 0x000000076ae00000| Untracked 
| 344|0x000000076b000000, 0x000000076b000000, 0x000000076b200000|  0%| F|  |TAMS 0x000000076b000000| PB 0x000000076b000000| Untracked 
| 345|0x000000076b200000, 0x000000076b200000, 0x000000076b400000|  0%| F|  |TAMS 0x000000076b200000| PB 0x000000076b200000| Untracked 
| 346|0x000000076b400000, 0x000000076b400000, 0x000000076b600000|  0%| F|  |TAMS 0x000000076b400000| PB 0x000000076b400000| Untracked 
| 347|0x000000076b600000, 0x000000076b600000, 0x000000076b800000|  0%| F|  |TAMS 0x000000076b600000| PB 0x000000076b600000| Untracked 
| 348|0x000000076b800000, 0x000000076b800000, 0x000000076ba00000|  0%| F|  |TAMS 0x000000076b800000| PB 0x000000076b800000| Untracked 
| 349|0x000000076ba00000, 0x000000076ba00000, 0x000000076bc00000|  0%| F|  |TAMS 0x000000076ba00000| PB 0x000000076ba00000| Untracked 
| 350|0x000000076bc00000, 0x000000076bc00000, 0x000000076be00000|  0%| F|  |TAMS 0x000000076bc00000| PB 0x000000076bc00000| Untracked 
| 351|0x000000076be00000, 0x000000076be00000, 0x000000076c000000|  0%| F|  |TAMS 0x000000076be00000| PB 0x000000076be00000| Untracked 
| 352|0x000000076c000000, 0x000000076c000000, 0x000000076c200000|  0%| F|  |TAMS 0x000000076c000000| PB 0x000000076c000000| Untracked 
| 353|0x000000076c200000, 0x000000076c200000, 0x000000076c400000|  0%| F|  |TAMS 0x000000076c200000| PB 0x000000076c200000| Untracked 
| 354|0x000000076c400000, 0x000000076c400000, 0x000000076c600000|  0%| F|  |TAMS 0x000000076c400000| PB 0x000000076c400000| Untracked 
| 355|0x000000076c600000, 0x000000076c600000, 0x000000076c800000|  0%| F|  |TAMS 0x000000076c600000| PB 0x000000076c600000| Untracked 
| 356|0x000000076c800000, 0x000000076c800000, 0x000000076ca00000|  0%| F|  |TAMS 0x000000076c800000| PB 0x000000076c800000| Untracked 
| 357|0x000000076ca00000, 0x000000076ca00000, 0x000000076cc00000|  0%| F|  |TAMS 0x000000076ca00000| PB 0x000000076ca00000| Untracked 
| 358|0x000000076cc00000, 0x000000076cc00000, 0x000000076ce00000|  0%| F|  |TAMS 0x000000076cc00000| PB 0x000000076cc00000| Untracked 
| 359|0x000000076ce00000, 0x000000076ce00000, 0x000000076d000000|  0%| F|  |TAMS 0x000000076ce00000| PB 0x000000076ce00000| Untracked 
| 360|0x000000076d000000, 0x000000076d000000, 0x000000076d200000|  0%| F|  |TAMS 0x000000076d000000| PB 0x000000076d000000| Untracked 
| 361|0x000000076d200000, 0x000000076d200000, 0x000000076d400000|  0%| F|  |TAMS 0x000000076d200000| PB 0x000000076d200000| Untracked 
| 362|0x000000076d400000, 0x000000076d400000, 0x000000076d600000|  0%| F|  |TAMS 0x000000076d400000| PB 0x000000076d400000| Untracked 
| 363|0x000000076d600000, 0x000000076d600000, 0x000000076d800000|  0%| F|  |TAMS 0x000000076d600000| PB 0x000000076d600000| Untracked 
| 364|0x000000076d800000, 0x000000076d800000, 0x000000076da00000|  0%| F|  |TAMS 0x000000076d800000| PB 0x000000076d800000| Untracked 
| 365|0x000000076da00000, 0x000000076da00000, 0x000000076dc00000|  0%| F|  |TAMS 0x000000076da00000| PB 0x000000076da00000| Untracked 
| 366|0x000000076dc00000, 0x000000076de00000, 0x000000076de00000|100%| E|  |TAMS 0x000000076dc00000| PB 0x000000076dc00000| Complete 
| 367|0x000000076de00000, 0x000000076e000000, 0x000000076e000000|100%| E|CS|TAMS 0x000000076de00000| PB 0x000000076de00000| Complete 
| 368|0x000000076e000000, 0x000000076e200000, 0x000000076e200000|100%| E|CS|TAMS 0x000000076e000000| PB 0x000000076e000000| Complete 
| 369|0x000000076e200000, 0x000000076e400000, 0x000000076e400000|100%| E|CS|TAMS 0x000000076e200000| PB 0x000000076e200000| Complete 
| 370|0x000000076e400000, 0x000000076e600000, 0x000000076e600000|100%| E|CS|TAMS 0x000000076e400000| PB 0x000000076e400000| Complete 
| 371|0x000000076e600000, 0x000000076e800000, 0x000000076e800000|100%| E|CS|TAMS 0x000000076e600000| PB 0x000000076e600000| Complete 
| 372|0x000000076e800000, 0x000000076ea00000, 0x000000076ea00000|100%| E|CS|TAMS 0x000000076e800000| PB 0x000000076e800000| Complete 
| 373|0x000000076ea00000, 0x000000076ec00000, 0x000000076ec00000|100%| E|CS|TAMS 0x000000076ea00000| PB 0x000000076ea00000| Complete 
| 374|0x000000076ec00000, 0x000000076ee00000, 0x000000076ee00000|100%| E|CS|TAMS 0x000000076ec00000| PB 0x000000076ec00000| Complete 
| 375|0x000000076ee00000, 0x000000076f000000, 0x000000076f000000|100%| E|CS|TAMS 0x000000076ee00000| PB 0x000000076ee00000| Complete 
| 376|0x000000076f000000, 0x000000076f200000, 0x000000076f200000|100%| E|CS|TAMS 0x000000076f000000| PB 0x000000076f000000| Complete 
| 377|0x000000076f200000, 0x000000076f400000, 0x000000076f400000|100%| E|CS|TAMS 0x000000076f200000| PB 0x000000076f200000| Complete 
| 378|0x000000076f400000, 0x000000076f600000, 0x000000076f600000|100%| E|CS|TAMS 0x000000076f400000| PB 0x000000076f400000| Complete 
| 379|0x000000076f600000, 0x000000076f800000, 0x000000076f800000|100%| E|CS|TAMS 0x000000076f600000| PB 0x000000076f600000| Complete 
| 380|0x000000076f800000, 0x000000076fa00000, 0x000000076fa00000|100%| E|CS|TAMS 0x000000076f800000| PB 0x000000076f800000| Complete 
| 381|0x000000076fa00000, 0x000000076fc00000, 0x000000076fc00000|100%| E|CS|TAMS 0x000000076fa00000| PB 0x000000076fa00000| Complete 
| 382|0x000000076fc00000, 0x000000076fe00000, 0x000000076fe00000|100%| E|CS|TAMS 0x000000076fc00000| PB 0x000000076fc00000| Complete 
| 383|0x000000076fe00000, 0x0000000770000000, 0x0000000770000000|100%| E|CS|TAMS 0x000000076fe00000| PB 0x000000076fe00000| Complete 
| 384|0x0000000770000000, 0x0000000770200000, 0x0000000770200000|100%| E|CS|TAMS 0x0000000770000000| PB 0x0000000770000000| Complete 
| 385|0x0000000770200000, 0x0000000770400000, 0x0000000770400000|100%| E|CS|TAMS 0x0000000770200000| PB 0x0000000770200000| Complete 
| 386|0x0000000770400000, 0x0000000770600000, 0x0000000770600000|100%| E|CS|TAMS 0x0000000770400000| PB 0x0000000770400000| Complete 
| 387|0x0000000770600000, 0x0000000770800000, 0x0000000770800000|100%| E|CS|TAMS 0x0000000770600000| PB 0x0000000770600000| Complete 
| 388|0x0000000770800000, 0x0000000770a00000, 0x0000000770a00000|100%| E|CS|TAMS 0x0000000770800000| PB 0x0000000770800000| Complete 
| 389|0x0000000770a00000, 0x0000000770c00000, 0x0000000770c00000|100%| E|CS|TAMS 0x0000000770a00000| PB 0x0000000770a00000| Complete 
| 390|0x0000000770c00000, 0x0000000770e00000, 0x0000000770e00000|100%| E|CS|TAMS 0x0000000770c00000| PB 0x0000000770c00000| Complete 
| 391|0x0000000770e00000, 0x0000000771000000, 0x0000000771000000|100%| E|CS|TAMS 0x0000000770e00000| PB 0x0000000770e00000| Complete 
| 392|0x0000000771000000, 0x0000000771200000, 0x0000000771200000|100%| E|CS|TAMS 0x0000000771000000| PB 0x0000000771000000| Complete 
| 393|0x0000000771200000, 0x0000000771400000, 0x0000000771400000|100%| E|CS|TAMS 0x0000000771200000| PB 0x0000000771200000| Complete 
| 394|0x0000000771400000, 0x0000000771600000, 0x0000000771600000|100%| E|CS|TAMS 0x0000000771400000| PB 0x0000000771400000| Complete 
| 395|0x0000000771600000, 0x0000000771800000, 0x0000000771800000|100%| E|CS|TAMS 0x0000000771600000| PB 0x0000000771600000| Complete 
| 396|0x0000000771800000, 0x0000000771a00000, 0x0000000771a00000|100%| E|CS|TAMS 0x0000000771800000| PB 0x0000000771800000| Complete 
| 397|0x0000000771a00000, 0x0000000771c00000, 0x0000000771c00000|100%| E|CS|TAMS 0x0000000771a00000| PB 0x0000000771a00000| Complete 
| 398|0x0000000771c00000, 0x0000000771e00000, 0x0000000771e00000|100%| E|CS|TAMS 0x0000000771c00000| PB 0x0000000771c00000| Complete 
| 399|0x0000000771e00000, 0x0000000772000000, 0x0000000772000000|100%| E|CS|TAMS 0x0000000771e00000| PB 0x0000000771e00000| Complete 
| 400|0x0000000772000000, 0x0000000772200000, 0x0000000772200000|100%| E|CS|TAMS 0x0000000772000000| PB 0x0000000772000000| Complete 
| 401|0x0000000772200000, 0x0000000772400000, 0x0000000772400000|100%| E|CS|TAMS 0x0000000772200000| PB 0x0000000772200000| Complete 
| 402|0x0000000772400000, 0x0000000772600000, 0x0000000772600000|100%| E|CS|TAMS 0x0000000772400000| PB 0x0000000772400000| Complete 
| 403|0x0000000772600000, 0x0000000772800000, 0x0000000772800000|100%| E|CS|TAMS 0x0000000772600000| PB 0x0000000772600000| Complete 
| 404|0x0000000772800000, 0x0000000772a00000, 0x0000000772a00000|100%| E|CS|TAMS 0x0000000772800000| PB 0x0000000772800000| Complete 
| 405|0x0000000772a00000, 0x0000000772c00000, 0x0000000772c00000|100%| E|CS|TAMS 0x0000000772a00000| PB 0x0000000772a00000| Complete 
| 406|0x0000000772c00000, 0x0000000772e00000, 0x0000000772e00000|100%| E|CS|TAMS 0x0000000772c00000| PB 0x0000000772c00000| Complete 
| 407|0x0000000772e00000, 0x0000000773000000, 0x0000000773000000|100%| E|CS|TAMS 0x0000000772e00000| PB 0x0000000772e00000| Complete 
| 408|0x0000000773000000, 0x0000000773200000, 0x0000000773200000|100%| E|CS|TAMS 0x0000000773000000| PB 0x0000000773000000| Complete 
| 409|0x0000000773200000, 0x0000000773400000, 0x0000000773400000|100%| E|CS|TAMS 0x0000000773200000| PB 0x0000000773200000| Complete 
| 410|0x0000000773400000, 0x0000000773600000, 0x0000000773600000|100%| E|CS|TAMS 0x0000000773400000| PB 0x0000000773400000| Complete 
| 411|0x0000000773600000, 0x0000000773800000, 0x0000000773800000|100%| E|CS|TAMS 0x0000000773600000| PB 0x0000000773600000| Complete 
| 412|0x0000000773800000, 0x0000000773a00000, 0x0000000773a00000|100%| E|CS|TAMS 0x0000000773800000| PB 0x0000000773800000| Complete 
| 413|0x0000000773a00000, 0x0000000773c00000, 0x0000000773c00000|100%| E|CS|TAMS 0x0000000773a00000| PB 0x0000000773a00000| Complete 
| 414|0x0000000773c00000, 0x0000000773e00000, 0x0000000773e00000|100%| E|CS|TAMS 0x0000000773c00000| PB 0x0000000773c00000| Complete 
| 415|0x0000000773e00000, 0x0000000774000000, 0x0000000774000000|100%| E|CS|TAMS 0x0000000773e00000| PB 0x0000000773e00000| Complete 
| 416|0x0000000774000000, 0x0000000774200000, 0x0000000774200000|100%| E|CS|TAMS 0x0000000774000000| PB 0x0000000774000000| Complete 
| 417|0x0000000774200000, 0x0000000774400000, 0x0000000774400000|100%| E|CS|TAMS 0x0000000774200000| PB 0x0000000774200000| Complete 
| 418|0x0000000774400000, 0x0000000774600000, 0x0000000774600000|100%| E|CS|TAMS 0x0000000774400000| PB 0x0000000774400000| Complete 
| 419|0x0000000774600000, 0x0000000774800000, 0x0000000774800000|100%| E|CS|TAMS 0x0000000774600000| PB 0x0000000774600000| Complete 
| 420|0x0000000774800000, 0x0000000774a00000, 0x0000000774a00000|100%| E|CS|TAMS 0x0000000774800000| PB 0x0000000774800000| Complete 
| 421|0x0000000774a00000, 0x0000000774c00000, 0x0000000774c00000|100%| E|CS|TAMS 0x0000000774a00000| PB 0x0000000774a00000| Complete 
| 422|0x0000000774c00000, 0x0000000774e00000, 0x0000000774e00000|100%| E|CS|TAMS 0x0000000774c00000| PB 0x0000000774c00000| Complete 
| 423|0x0000000774e00000, 0x0000000775000000, 0x0000000775000000|100%| E|CS|TAMS 0x0000000774e00000| PB 0x0000000774e00000| Complete 
| 424|0x0000000775000000, 0x0000000775200000, 0x0000000775200000|100%| E|CS|TAMS 0x0000000775000000| PB 0x0000000775000000| Complete 
| 425|0x0000000775200000, 0x0000000775400000, 0x0000000775400000|100%| E|CS|TAMS 0x0000000775200000| PB 0x0000000775200000| Complete 
| 426|0x0000000775400000, 0x0000000775600000, 0x0000000775600000|100%| E|CS|TAMS 0x0000000775400000| PB 0x0000000775400000| Complete 
| 427|0x0000000775600000, 0x0000000775800000, 0x0000000775800000|100%| E|CS|TAMS 0x0000000775600000| PB 0x0000000775600000| Complete 
| 428|0x0000000775800000, 0x0000000775a00000, 0x0000000775a00000|100%| E|CS|TAMS 0x0000000775800000| PB 0x0000000775800000| Complete 
| 429|0x0000000775a00000, 0x0000000775c00000, 0x0000000775c00000|100%| E|CS|TAMS 0x0000000775a00000| PB 0x0000000775a00000| Complete 
| 430|0x0000000775c00000, 0x0000000775e00000, 0x0000000775e00000|100%| E|CS|TAMS 0x0000000775c00000| PB 0x0000000775c00000| Complete 
| 431|0x0000000775e00000, 0x0000000776000000, 0x0000000776000000|100%| E|CS|TAMS 0x0000000775e00000| PB 0x0000000775e00000| Complete 
| 432|0x0000000776000000, 0x0000000776200000, 0x0000000776200000|100%| E|CS|TAMS 0x0000000776000000| PB 0x0000000776000000| Complete 
| 433|0x0000000776200000, 0x0000000776400000, 0x0000000776400000|100%| E|CS|TAMS 0x0000000776200000| PB 0x0000000776200000| Complete 
| 434|0x0000000776400000, 0x0000000776600000, 0x0000000776600000|100%| E|CS|TAMS 0x0000000776400000| PB 0x0000000776400000| Complete 
| 435|0x0000000776600000, 0x0000000776800000, 0x0000000776800000|100%| E|CS|TAMS 0x0000000776600000| PB 0x0000000776600000| Complete 
| 436|0x0000000776800000, 0x0000000776a00000, 0x0000000776a00000|100%| E|CS|TAMS 0x0000000776800000| PB 0x0000000776800000| Complete 
| 437|0x0000000776a00000, 0x0000000776c00000, 0x0000000776c00000|100%| E|CS|TAMS 0x0000000776a00000| PB 0x0000000776a00000| Complete 
| 438|0x0000000776c00000, 0x0000000776e00000, 0x0000000776e00000|100%| E|CS|TAMS 0x0000000776c00000| PB 0x0000000776c00000| Complete 
| 439|0x0000000776e00000, 0x0000000777000000, 0x0000000777000000|100%| E|CS|TAMS 0x0000000776e00000| PB 0x0000000776e00000| Complete 
| 440|0x0000000777000000, 0x0000000777200000, 0x0000000777200000|100%| E|CS|TAMS 0x0000000777000000| PB 0x0000000777000000| Complete 
| 441|0x0000000777200000, 0x0000000777400000, 0x0000000777400000|100%| E|CS|TAMS 0x0000000777200000| PB 0x0000000777200000| Complete 

Card table byte_map: [0x000001f445ed0000,0x000001f4464d0000] _byte_map_base: 0x000001f4424d0000

Marking Bits: (CMBitMap*) 0x000001f43296db80
 Bits: [0x000001f4464d0000, 0x000001f4494d0000)

Polling page: 0x000001f430100000

Metaspace:

Usage:
  Non-class:     65.30 MB used.
      Class:      8.50 MB used.
       Both:     73.80 MB used.

Virtual space:
  Non-class space:      128.00 MB reserved,      66.81 MB ( 52%) committed,  2 nodes.
      Class space:        1.00 GB reserved,       9.50 MB ( <1%) committed,  1 nodes.
             Both:        1.12 GB reserved,      76.31 MB (  7%) committed. 

Chunk freelists:
   Non-Class:  12.69 MB
       Class:  6.50 MB
        Both:  19.19 MB

MaxMetaspaceSize: unlimited
CompressedClassSpaceSize: 1.00 GB
Initial GC threshold: 21.00 MB
Current GC threshold: 114.50 MB
CDS: on
 - commit_granule_bytes: 65536.
 - commit_granule_words: 8192.
 - virtual_space_node_default_size: 8388608.
 - enlarge_chunks_in_place: 1.
 - use_allocation_guard: 0.


Internal statistics:

num_allocs_failed_limit: 15.
num_arena_births: 1796.
num_arena_deaths: 0.
num_vsnodes_births: 3.
num_vsnodes_deaths: 0.
num_space_committed: 1220.
num_space_uncommitted: 0.
num_chunks_returned_to_freelist: 15.
num_chunks_taken_from_freelist: 5166.
num_chunk_merges: 12.
num_chunk_splits: 3258.
num_chunks_enlarged: 1865.
num_inconsistent_stats: 0.

CodeHeap 'non-profiled nmethods': size=119168Kb used=10631Kb max_used=10631Kb free=108536Kb
 bounds [0x000001f43d6a0000, 0x000001f43e110000, 0x000001f444b00000]
CodeHeap 'profiled nmethods': size=119104Kb used=24018Kb max_used=26443Kb free=95085Kb
 bounds [0x000001f435b00000, 0x000001f4374e0000, 0x000001f43cf50000]
CodeHeap 'non-nmethods': size=7488Kb used=2202Kb max_used=3891Kb free=5286Kb
 bounds [0x000001f43cf50000, 0x000001f43d330000, 0x000001f43d6a0000]
 total_blobs=12810 nmethods=11675 adapters=1037
 compilation: enabled
              stopped_count=0, restarted_count=0
 full_count=0

Compilation events (20 events):
Event: 10.534 Thread 0x000001f44cac6600 14412       3       org.cef.OS::getOSType (82 bytes)
Event: 10.534 Thread 0x000001f44cac6600 nmethod 14412 0x000001f4370e8190 code [0x000001f4370e8440, 0x000001f4370e8f78]
Event: 10.536 Thread 0x000001f44cac6600 14413       1       java.nio.file.FileTreeWalker$Event::file (5 bytes)
Event: 10.536 Thread 0x000001f44cac6600 nmethod 14413 0x000001f43e0de610 code [0x000001f43e0de7a0, 0x000001f43e0de870]
Event: 10.537 Thread 0x000001f492391450 nmethod 14396 0x000001f43e0de910 code [0x000001f43e0ded80, 0x000001f43e0e1878]
Event: 10.543 Thread 0x000001f492391450 14414       4       java.lang.invoke.MethodType::dropParameterTypes (162 bytes)
Event: 10.547 Thread 0x000001f492391450 nmethod 14414 0x000001f43e0e3010 code [0x000001f43e0e3240, 0x000001f43e0e3a68]
Event: 10.548 Thread 0x000001f492141490 nmethod 14227 0x000001f43e0e3f10 code [0x000001f43e0e4720, 0x000001f43e0ea4f0]
Event: 10.562 Thread 0x000001f497994080 14415       3       java.util.logging.LogManager$LoggerContext::requiresDefaultLoggers (29 bytes)
Event: 10.563 Thread 0x000001f497994080 nmethod 14415 0x000001f437383790 code [0x000001f437383940, 0x000001f437383b48]
Event: 10.565 Thread 0x000001f497994080 14417       3       java.lang.StringUTF16::indexOf (44 bytes)
Event: 10.565 Thread 0x000001f44cac6600 14418       3       java.lang.StringUTF16::indexOfChar (14 bytes)
Event: 10.565 Thread 0x000001f44cac6600 nmethod 14418 0x000001f436915490 code [0x000001f436915680, 0x000001f436915b20]
Event: 10.565 Thread 0x000001f497994080 nmethod 14417 0x000001f437287a90 code [0x000001f437287cc0, 0x000001f4372883e8]
Event: 10.567 Thread 0x000001f4960d15a0 

Event: 10.673 Thread 0x000001f44cb7cd10 nmethod 14402 0x000001f43e0f0f10 code [0x000001f43e0f1aa0, 0x000001f43e0fcb10]
Event: 11.111 Thread 0x000001f44cac6600 14419       3       org.cef.CefApp$6::accept (31 bytes)
Event: 11.112 Thread 0x000001f44cac6600 nmethod 14419 0x000001f4370e7c10 code [0x000001f4370e7de0, 0x000001f4370e8068]
Event: 11.134 Thread 0x000001f44cb7cd10 14420       4       org.cef.CefApp$6::accept (31 bytes)
Event: 11.136 Thread 0x000001f44cb7cd10 nmethod 14420 0x000001f43e101710 code [0x000001f43e1018e0, 0x000001f43e101af8]

GC Heap History (20 events):
Event: 4.156 GC heap before
{Heap before GC invocations=8 (full 0):
 garbage-first heap   total 524288K, used 160993K [0x0000000740000000, 0x0000000800000000)
  region size 2048K, 75 young (153600K), 14 survivors (28672K)
 Metaspace       used 34728K, committed 36160K, reserved 1114112K
  class space    used 3747K, committed 4288K, reserved 1048576K
}
Event: 4.166 GC heap after
{Heap after GC invocations=9 (full 0):
 garbage-first heap   total 524288K, used 61865K [0x0000000740000000, 0x0000000800000000)
  region size 2048K, 20 young (40960K), 20 survivors (40960K)
 Metaspace       used 34728K, committed 36160K, reserved 1114112K
  class space    used 3747K, committed 4288K, reserved 1048576K
}
Event: 6.214 GC heap before
{Heap before GC invocations=10 (full 0):
 garbage-first heap   total 524288K, used 194985K [0x0000000740000000, 0x0000000800000000)
  region size 2048K, 86 young (176128K), 20 survivors (40960K)
 Metaspace       used 58625K, committed 60480K, reserved 1114112K
  class space    used 6634K, committed 7360K, reserved 1048576K
}
Event: 6.232 GC heap after
{Heap after GC invocations=11 (full 0):
 garbage-first heap   total 524288K, used 77504K [0x0000000740000000, 0x0000000800000000)
  region size 2048K, 9 young (18432K), 9 survivors (18432K)
 Metaspace       used 58625K, committed 60480K, reserved 1114112K
  class space    used 6634K, committed 7360K, reserved 1048576K
}
Event: 6.256 GC heap before
{Heap before GC invocations=11 (full 0):
 garbage-first heap   total 524288K, used 83648K [0x0000000740000000, 0x0000000800000000)
  region size 2048K, 13 young (26624K), 9 survivors (18432K)
 Metaspace       used 58870K, committed 60800K, reserved 1114112K
  class space    used 6675K, committed 7360K, reserved 1048576K
}
Event: 6.261 GC heap after
{Heap after GC invocations=12 (full 0):
 garbage-first heap   total 524288K, used 78978K [0x0000000740000000, 0x0000000800000000)
  region size 2048K, 8 young (16384K), 8 survivors (16384K)
 Metaspace       used 58870K, committed 60800K, reserved 1114112K
  class space    used 6675K, committed 7360K, reserved 1048576K
}
Event: 6.315 GC heap before
{Heap before GC invocations=12 (full 0):
 garbage-first heap   total 524288K, used 87170K [0x0000000740000000, 0x0000000800000000)
  region size 2048K, 13 young (26624K), 8 survivors (16384K)
 Metaspace       used 59282K, committed 61120K, reserved 1114112K
  class space    used 6732K, committed 7424K, reserved 1048576K
}
Event: 6.319 GC heap after
{Heap after GC invocations=13 (full 0):
 garbage-first heap   total 524288K, used 79072K [0x0000000740000000, 0x0000000800000000)
  region size 2048K, 8 young (16384K), 8 survivors (16384K)
 Metaspace       used 59282K, committed 61120K, reserved 1114112K
  class space    used 6732K, committed 7424K, reserved 1048576K
}
Event: 7.943 GC heap before
{Heap before GC invocations=14 (full 0):
 garbage-first heap   total 524288K, used 376032K [0x0000000740000000, 0x0000000800000000)
  region size 2048K, 153 young (313344K), 8 survivors (16384K)
 Metaspace       used 66262K, committed 68480K, reserved 1114112K
  class space    used 7585K, committed 8384K, reserved 1048576K
}
Event: 7.973 GC heap after
{Heap after GC invocations=15 (full 0):
 garbage-first heap   total 524288K, used 185414K [0x0000000740000000, 0x0000000800000000)
  region size 2048K, 20 young (40960K), 20 survivors (40960K)
 Metaspace       used 66262K, committed 68480K, reserved 1114112K
  class space    used 7585K, committed 8384K, reserved 1048576K
}
Event: 8.249 GC heap before
{Heap before GC invocations=15 (full 0):
 garbage-first heap   total 524288K, used 261190K [0x0000000740000000, 0x0000000800000000)
  region size 2048K, 57 young (116736K), 20 survivors (40960K)
 Metaspace       used 68075K, committed 70272K, reserved 1114112K
  class space    used 7816K, committed 8704K, reserved 1048576K
}
Event: 8.262 GC heap after
{Heap after GC invocations=16 (full 0):
 garbage-first heap   total 524288K, used 219768K [0x0000000740000000, 0x0000000800000000)
  region size 2048K, 8 young (16384K), 8 survivors (16384K)
 Metaspace       used 68075K, committed 70272K, reserved 1114112K
  class space    used 7816K, committed 8704K, reserved 1048576K
}
Event: 8.824 GC heap before
{Heap before GC invocations=16 (full 0):
 garbage-first heap   total 524288K, used 393848K [0x0000000740000000, 0x0000000800000000)
  region size 2048K, 93 young (190464K), 8 survivors (16384K)
 Metaspace       used 68150K, committed 70336K, reserved 1114112K
  class space    used 7827K, committed 8704K, reserved 1048576K
}
Event: 8.844 GC heap after
{Heap after GC invocations=17 (full 0):
 garbage-first heap   total 524288K, used 300032K [0x0000000740000000, 0x0000000800000000)
  region size 2048K, 12 young (24576K), 12 survivors (24576K)
 Metaspace       used 68150K, committed 70336K, reserved 1114112K
  class space    used 7827K, committed 8704K, reserved 1048576K
}
Event: 9.211 GC heap before
{Heap before GC invocations=17 (full 0):
 garbage-first heap   total 524288K, used 414720K [0x0000000740000000, 0x0000000800000000)
  region size 2048K, 68 young (139264K), 12 survivors (24576K)
 Metaspace       used 68150K, committed 70336K, reserved 1114112K
  class space    used 7827K, committed 8704K, reserved 1048576K
}
Event: 9.226 GC heap after
{Heap after GC invocations=18 (full 0):
 garbage-first heap   total 524288K, used 359424K [0x0000000740000000, 0x0000000800000000)
  region size 2048K, 9 young (18432K), 9 survivors (18432K)
 Metaspace       used 68150K, committed 70336K, reserved 1114112K
  class space    used 7827K, committed 8704K, reserved 1048576K
}
Event: 9.510 GC heap before
{Heap before GC invocations=19 (full 0):
 garbage-first heap   total 602112K, used 437248K [0x0000000740000000, 0x0000000800000000)
  region size 2048K, 47 young (96256K), 9 survivors (18432K)
 Metaspace       used 68213K, committed 70400K, reserved 1114112K
  class space    used 7837K, committed 8704K, reserved 1048576K
}
Event: 9.524 GC heap after
{Heap after GC invocations=20 (full 0):
 garbage-first heap   total 602112K, used 398336K [0x0000000740000000, 0x0000000800000000)
  region size 2048K, 6 young (12288K), 6 survivors (12288K)
 Metaspace       used 68213K, committed 70400K, reserved 1114112K
  class space    used 7837K, committed 8704K, reserved 1048576K
}
Event: 9.810 GC heap before
{Heap before GC invocations=20 (full 0):
 garbage-first heap   total 602112K, used 492544K [0x0000000740000000, 0x0000000800000000)
  region size 2048K, 52 young (106496K), 6 survivors (12288K)
 Metaspace       used 68311K, committed 70528K, reserved 1114112K
  class space    used 7844K, committed 8704K, reserved 1048576K
}
Event: 9.834 GC heap after
{Heap after GC invocations=21 (full 0):
 garbage-first heap   total 905216K, used 422912K [0x0000000740000000, 0x0000000800000000)
  region size 2048K, 7 young (14336K), 7 survivors (14336K)
 Metaspace       used 68311K, committed 70528K, reserved 1114112K
  class space    used 7844K, committed 8704K, reserved 1048576K
}

Dll operation events (18 events):
Event: 0.004 Loaded shared library E:\Software\Renesas\RA\sc_v2025-12_fsp_v6.4.0\eclipse\plugins\org.eclipse.justj.openjdk.hotspot.jre.full.stripped.win32.x86_64_21.0.7.v20250502-0916\jre\bin\java.dll
Event: 0.018 Loaded shared library E:\Software\Renesas\RA\sc_v2025-12_fsp_v6.4.0\eclipse\plugins\org.eclipse.justj.openjdk.hotspot.jre.full.stripped.win32.x86_64_21.0.7.v20250502-0916\jre\bin\zip.dll
Event: 0.043 Loaded shared library E:\Software\Renesas\RA\sc_v2025-12_fsp_v6.4.0\eclipse\plugins\org.eclipse.justj.openjdk.hotspot.jre.full.stripped.win32.x86_64_21.0.7.v20250502-0916\jre\bin\net.dll
Event: 0.044 Loaded shared library E:\Software\Renesas\RA\sc_v2025-12_fsp_v6.4.0\eclipse\plugins\org.eclipse.justj.openjdk.hotspot.jre.full.stripped.win32.x86_64_21.0.7.v20250502-0916\jre\bin\nio.dll
Event: 0.045 Loaded shared library E:\Software\Renesas\RA\sc_v2025-12_fsp_v6.4.0\eclipse\plugins\org.eclipse.justj.openjdk.hotspot.jre.full.stripped.win32.x86_64_21.0.7.v20250502-0916\jre\bin\zip.dll
Event: 0.064 Loaded shared library E:\Software\Renesas\RA\sc_v2025-12_fsp_v6.4.0\eclipse\plugins\org.eclipse.justj.openjdk.hotspot.jre.full.stripped.win32.x86_64_21.0.7.v20250502-0916\jre\bin\jimage.dll
Event: 1.012 Loaded shared library E:\Software\Renesas\RA\sc_v2025-12_fsp_v6.4.0\eclipse\plugins\org.eclipse.justj.openjdk.hotspot.jre.full.stripped.win32.x86_64_21.0.7.v20250502-0916\jre\bin\verify.dll
Event: 3.537 Loaded shared library E:\Software\Renesas\RA\sc_v2025-12_fsp_v6.4.0\eclipse\configuration\org.eclipse.osgi\366\0\.cp\swt-osversion-win32-4969r18.dll
Event: 3.542 Loaded shared library E:\Software\Renesas\RA\sc_v2025-12_fsp_v6.4.0\eclipse\configuration\org.eclipse.osgi\366\0\.cp\swt-win32-4969r18.dll
Event: 3.581 Loaded shared library E:\Software\Renesas\RA\sc_v2025-12_fsp_v6.4.0\eclipse\configuration\org.eclipse.osgi\366\0\.cp\swt-gdip-win32-4969r18.dll
Event: 4.428 Loaded shared library E:\Software\Renesas\RA\sc_v2025-12_fsp_v6.4.0\eclipse\plugins\org.eclipse.justj.openjdk.hotspot.jre.full.stripped.win32.x86_64_21.0.7.v20250502-0916\jre\bin\awt.dll
Event: 5.079 Loaded shared library E:\Software\Renesas\RA\sc_v2025-12_fsp_v6.4.0\eclipse\plugins\org.eclipse.justj.openjdk.hotspot.jre.full.stripped.win32.x86_64_21.0.7.v20250502-0916\jre\bin\mlib_image.dll
Event: 5.840 Loaded shared library C:\Users\31634\AppData\Local\Temp\jna-48612857\jna15805872239284996820.dll
Event: 6.137 Loaded shared library E:\Software\Renesas\RA\sc_v2025-12_fsp_v6.4.0\eclipse\plugins\org.eclipse.justj.openjdk.hotspot.jre.full.stripped.win32.x86_64_21.0.7.v20250502-0916\jre\bin\sunmscapi.dll
Event: 7.916 Loaded shared library E:\Software\Renesas\RA\sc_v2025-12_fsp_v6.4.0\eclipse\plugins\org.eclipse.justj.openjdk.hotspot.jre.full.stripped.win32.x86_64_21.0.7.v20250502-0916\jre\bin\extnet.dll
Event: 10.550 Loaded shared library E:\Software\Renesas\RA\sc_v2025-12_fsp_v6.4.0\eclipse\plugins\com.equo.chromium.cef.win32.win32.x86_64_128.0.20\chromium-6613\chrome_elf.dll
Event: 10.557 Loaded shared library E:\Software\Renesas\RA\sc_v2025-12_fsp_v6.4.0\eclipse\plugins\com.equo.chromium.cef.win32.win32.x86_64_128.0.20\chromium-6613\libcef.dll
Event: 10.561 Loaded shared library E:\Software\Renesas\RA\sc_v2025-12_fsp_v6.4.0\eclipse\plugins\com.equo.chromium.cef.win32.win32.x86_64_128.0.20\chromium-6613\equochro.dll

Deoptimization events (20 events):
Event: 10.505 Thread 0x000001f432914a30 Uncommon trap: trap_request=0xffffffc6 fr.pc=0x000001f43dd91a70 relative=0x0000000000000a70
Event: 10.505 Thread 0x000001f432914a30 Uncommon trap: reason=bimorphic_or_optimized_type_check action=maybe_recompile pc=0x000001f43dd91a70 method=org.apache.felix.resolver.util.OpenHashMap.getOrCompute(Ljava/lang/Object;)Ljava/lang/Object; @ 122 c2
Event: 10.505 Thread 0x000001f432914a30 DEOPT PACKING pc=0x000001f43dd91a70 sp=0x000000309f1ca920
Event: 10.505 Thread 0x000001f432914a30 DEOPT UNPACKING pc=0x000001f43cfa46a2 sp=0x000000309f1ca8d0 mode 2
Event: 10.505 Thread 0x000001f432914a30 Uncommon trap: trap_request=0xffffffc6 fr.pc=0x000001f43dd91a70 relative=0x0000000000000a70
Event: 10.505 Thread 0x000001f432914a30 Uncommon trap: reason=bimorphic_or_optimized_type_check action=maybe_recompile pc=0x000001f43dd91a70 method=org.apache.felix.resolver.util.OpenHashMap.getOrCompute(Ljava/lang/Object;)Ljava/lang/Object; @ 122 c2
Event: 10.505 Thread 0x000001f432914a30 DEOPT PACKING pc=0x000001f43dd91a70 sp=0x000000309f1ca920
Event: 10.505 Thread 0x000001f432914a30 DEOPT UNPACKING pc=0x000001f43cfa46a2 sp=0x000000309f1ca8d0 mode 2
Event: 10.505 Thread 0x000001f432914a30 Uncommon trap: trap_request=0xffffffc6 fr.pc=0x000001f43dd91a70 relative=0x0000000000000a70
Event: 10.505 Thread 0x000001f432914a30 Uncommon trap: reason=bimorphic_or_optimized_type_check action=maybe_recompile pc=0x000001f43dd91a70 method=org.apache.felix.resolver.util.OpenHashMap.getOrCompute(Ljava/lang/Object;)Ljava/lang/Object; @ 122 c2
Event: 10.505 Thread 0x000001f432914a30 DEOPT PACKING pc=0x000001f43dd91a70 sp=0x000000309f1ca920
Event: 10.505 Thread 0x000001f432914a30 DEOPT UNPACKING pc=0x000001f43cfa46a2 sp=0x000000309f1ca8d0 mode 2
Event: 11.202 Thread 0x000001f432914a30 Uncommon trap: trap_request=0xffffff45 fr.pc=0x000001f43dff5cf8 relative=0x00000000000006d8
Event: 11.202 Thread 0x000001f432914a30 Uncommon trap: reason=unstable_if action=reinterpret pc=0x000001f43dff5cf8 method=java.io.WinNTFileSystem.prefixLength(Ljava/lang/String;)I @ 11 c2
Event: 11.202 Thread 0x000001f432914a30 DEOPT PACKING pc=0x000001f43dff5cf8 sp=0x000000309f1cb950
Event: 11.202 Thread 0x000001f432914a30 DEOPT UNPACKING pc=0x000001f43cfa46a2 sp=0x000000309f1cb8a0 mode 2
Event: 11.204 Thread 0x000001f432914a30 Uncommon trap: trap_request=0xffffff45 fr.pc=0x000001f43d7707f8 relative=0x0000000000000298
Event: 11.204 Thread 0x000001f432914a30 Uncommon trap: reason=unstable_if action=reinterpret pc=0x000001f43d7707f8 method=java.io.WinNTFileSystem.prefixLength(Ljava/lang/String;)I @ 11 c2
Event: 11.204 Thread 0x000001f432914a30 DEOPT PACKING pc=0x000001f43d7707f8 sp=0x000000309f1cb900
Event: 11.204 Thread 0x000001f432914a30 DEOPT UNPACKING pc=0x000001f43cfa46a2 sp=0x000000309f1cb8a0 mode 2

Classes loaded (20 events):
Event: 9.964 Loading class java/io/IOError
Event: 9.964 Loading class java/io/IOError done
Event: 9.979 Loading class java/util/LinkedList$DescendingIterator
Event: 9.979 Loading class java/util/LinkedList$DescendingIterator done
Event: 10.003 Loading class java/lang/VerifyError
Event: 10.003 Loading class java/lang/VerifyError done
Event: 10.010 Loading class java/util/Collections$UnmodifiableList$1
Event: 10.010 Loading class java/util/Collections$UnmodifiableList$1 done
Event: 10.531 Loading class java/nio/file/SimpleFileVisitor
Event: 10.531 Loading class java/nio/file/SimpleFileVisitor done
Event: 10.531 Loading class java/nio/file/Files$3
Event: 10.531 Loading class java/nio/file/Files$3 done
Event: 10.531 Loading class java/nio/file/FileVisitResult
Event: 10.531 Loading class java/nio/file/FileVisitResult done
Event: 10.532 Loading class java/nio/file/FileAlreadyExistsException
Event: 10.532 Loading class java/nio/file/FileAlreadyExistsException done
Event: 10.533 Loading class sun/nio/fs/WindowsFileCopy
Event: 10.533 Loading class sun/nio/fs/WindowsFileCopy done
Event: 10.536 Loading class sun/nio/fs/WindowsPath$1
Event: 10.536 Loading class sun/nio/fs/WindowsPath$1 done

Classes unloaded (0 events):
No events

Classes redefined (0 events):
No events

Internal exceptions (20 events):
Event: 9.962 Thread 0x000001f432914a30 Exception <a 'java/lang/NoSuchMethodError'{0x0000000776412400}: 'void java.lang.invoke.DirectMethodHandle$Holder.invokeSpecial(java.lang.Object, java.lang.Object, int, java.lang.Object)'> (0x0000000776412400) 
thrown [s\src\hotspot\share\interpreter\linkResolver.cpp, line 773]
Event: 9.963 Thread 0x000001f432914a30 Exception <a 'java/lang/NoSuchMethodError'{0x0000000776420988}: 'java.lang.Object java.lang.invoke.DirectMethodHandle$Holder.newInvokeSpecial(java.lang.Object, java.lang.Object, int, java.lang.Object, java.lang.Object, java.lang.Object)'> (0x0000000776420988) 
thrown [s\src\hotspot\share\interpreter\linkResolver.cpp, line 773]
Event: 9.963 Thread 0x000001f432914a30 Exception <a 'java/lang/NoSuchMethodError'{0x0000000776425098}: 'java.lang.Object java.lang.invoke.DirectMethodHandle$Holder.invokeSpecial(java.lang.Object, java.lang.Object, java.lang.Object, int, java.lang.Object, java.lang.Object, java.lang.Object)'> (0x0000000776425098) 
thrown [s\src\hotspot\share\interpreter\linkResolver.cpp, line 773]
Event: 9.996 Thread 0x000001f432914a30 Exception <a 'java/lang/NoSuchMethodError'{0x00000007762d6db0}: 'java.lang.Class sun.misc.Unsafe.defineAnonymousClass(java.lang.Class, byte[], java.lang.Object[])'> (0x00000007762d6db0) 
thrown [s\src\hotspot\share\interpreter\linkResolver.cpp, line 773]
Event: 10.007 Thread 0x000001f432914a30 Exception <a 'java/lang/NoSuchMethodError'{0x00000007760360b0}: 'java.lang.Object java.lang.invoke.Invokers$Holder.linkToTargetMethod(int, java.lang.Object, int, java.lang.Object)'> (0x00000007760360b0) 
thrown [s\src\hotspot\share\interpreter\linkResolver.cpp, line 773]
Event: 10.022 Thread 0x000001f432914a30 Exception <a 'java/lang/NoSuchMethodError'{0x000000077617b058}: 'java.lang.Object java.lang.invoke.DirectMethodHandle$Holder.invokeStatic(java.lang.Object, java.lang.Object, int, java.lang.Object)'> (0x000000077617b058) 
thrown [s\src\hotspot\share\interpreter\linkResolver.cpp, line 773]
Event: 10.022 Thread 0x000001f432914a30 Exception <a 'java/lang/NoSuchMethodError'{0x000000077617f0a0}: 'java.lang.Object java.lang.invoke.DirectMethodHandle$Holder.invokeStaticInit(java.lang.Object, java.lang.Object, int, java.lang.Object)'> (0x000000077617f0a0) 
thrown [s\src\hotspot\share\interpreter\linkResolver.cpp, line 773]
Event: 10.025 Thread 0x000001f432914a30 Implicit null exception at 0x000001f43dc66096 to 0x000001f43dc67084
Event: 10.028 Thread 0x000001f432914a30 Implicit null exception at 0x000001f43dec52e8 to 0x000001f43dec540c
Event: 10.028 Thread 0x000001f432914a30 Exception <a 'java/lang/NoSuchMethodError'{0x00000007761f3918}: 'java.lang.Object java.lang.invoke.Invokers$Holder.invoke_MT(java.lang.Object, java.lang.Object, java.lang.Object, java.lang.Object, java.lang.Object, java.lang.Object)'> (0x00000007761f3918) 
thrown [s\src\hotspot\share\interpreter\linkResolver.cpp, line 773]
Event: 10.028 Thread 0x000001f432914a30 Exception <a 'java/lang/NoSuchMethodError'{0x00000007761f78c8}: 'java.lang.Object java.lang.invoke.DelegatingMethodHandle$Holder.reinvoke_L(java.lang.Object, java.lang.Object, java.lang.Object, java.lang.Object, int)'> (0x00000007761f78c8) 
thrown [s\src\hotspot\share\interpreter\linkResolver.cpp, line 773]
Event: 10.029 Thread 0x000001f432914a30 Exception <a 'java/lang/NoSuchMethodError'{0x0000000775e028b8}: 'void java.lang.invoke.Invokers$Holder.exactInvoker(java.lang.Object, java.lang.Object, java.lang.Object, java.lang.Object)'> (0x0000000775e028b8) 
thrown [s\src\hotspot\share\interpreter\linkResolver.cpp, line 773]
Event: 10.029 Thread 0x000001f432914a30 Exception <a 'java/lang/NoSuchMethodError'{0x0000000775e0a578}: 'void java.lang.invoke.Invokers$Holder.linkToCallSite(java.lang.Object, java.lang.Object, java.lang.Object)'> (0x0000000775e0a578) 
thrown [s\src\hotspot\share\interpreter\linkResolver.cpp, line 773]
Event: 10.030 Thread 0x000001f432914a30 Implicit null exception at 0x000001f43deb131c to 0x000001f43deb171c
Event: 10.336 Thread 0x000001f432914a30 Implicit null exception at 0x000001f43d9a39ef to 0x000001f43d9a3a74
Event: 10.404 Thread 0x000001f432914a30 Implicit null exception at 0x000001f43dced293 to 0x000001f43dcedb8c
Event: 10.500 Thread 0x000001f432914a30 Exception <a 'java/io/FileNotFoundException'{0x000000076e232d68}> (0x000000076e232d68) 
thrown [s\src\hotspot\share\prims\jni.cpp, line 520]
Event: 10.516 Thread 0x000001f432914a30 Exception <a 'sun/nio/fs/WindowsException'{0x000000076e182d68}> (0x000000076e182d68) 
thrown [s\src\hotspot\share\prims\jni.cpp, line 520]
Event: 10.539 Thread 0x000001f432914a30 Exception <a 'sun/nio/fs/WindowsException'{0x000000076de6cc48}> (0x000000076de6cc48) 
thrown [s\src\hotspot\share\prims\jni.cpp, line 520]
Event: 10.540 Thread 0x000001f432914a30 Exception <a 'java/lang/NoSuchMethodError'{0x000000076de85d88}: 'int java.lang.invoke.DelegatingMethodHandle$Holder.reinvoke_L(java.lang.Object)'> (0x000000076de85d88) 
thrown [s\src\hotspot\share\interpreter\linkResolver.cpp, line 773]

ZGC Phase Switch (0 events):
No events

VM Operations (20 events):
Event: 9.375 Executing VM operation: HandshakeAllThreads (Deoptimize)
Event: 9.376 Executing VM operation: HandshakeAllThreads (Deoptimize) done
Event: 9.510 Executing VM operation: G1CollectForAllocation (G1 Evacuation Pause)
Event: 9.524 Executing VM operation: G1CollectForAllocation (G1 Evacuation Pause) done
Event: 9.810 Executing VM operation: G1CollectForAllocation (G1 Evacuation Pause)
Event: 9.834 Executing VM operation: G1CollectForAllocation (G1 Evacuation Pause) done
Event: 9.867 Executing VM operation: HandshakeAllThreads (Deoptimize)
Event: 9.867 Executing VM operation: HandshakeAllThreads (Deoptimize) done
Event: 9.919 Executing VM operation: HandshakeAllThreads (Deoptimize)
Event: 9.919 Executing VM operation: HandshakeAllThreads (Deoptimize) done
Event: 10.088 Executing VM operation: ICBufferFull
Event: 10.088 Executing VM operation: ICBufferFull done
Event: 10.388 Executing VM operation: ICBufferFull
Event: 10.388 Executing VM operation: ICBufferFull done
Event: 10.456 Executing VM operation: HandshakeAllThreads (Deoptimize)
Event: 10.456 Executing VM operation: HandshakeAllThreads (Deoptimize) done
Event: 10.504 Executing VM operation: HandshakeAllThreads (Deoptimize)
Event: 10.504 Executing VM operation: HandshakeAllThreads (Deoptimize) done
Event: 10.517 Executing VM operation: HandshakeAllThreads (Deoptimize)
Event: 10.517 Executing VM operation: HandshakeAllThreads (Deoptimize) done

Memory protections (0 events):
No events

Nmethod flushes (20 events):
Event: 9.269 Thread 0x000001f44b9d8070 flushing  nmethod 0x000001f435e72190
Event: 9.269 Thread 0x000001f44b9d8070 flushing  nmethod 0x000001f435e73110
Event: 9.269 Thread 0x000001f44b9d8070 flushing  nmethod 0x000001f435e79d10
Event: 9.269 Thread 0x000001f44b9d8070 flushing  nmethod 0x000001f435e8d410
Event: 9.269 Thread 0x000001f44b9d8070 flushing  nmethod 0x000001f435e8e610
Event: 9.269 Thread 0x000001f44b9d8070 flushing  nmethod 0x000001f435e8f790
Event: 9.269 Thread 0x000001f44b9d8070 flushing  nmethod 0x000001f435e90190
Event: 9.269 Thread 0x000001f44b9d8070 flushing  nmethod 0x000001f435e94110
Event: 9.269 Thread 0x000001f44b9d8070 flushing  nmethod 0x000001f435e98b10
Event: 9.269 Thread 0x000001f44b9d8070 flushing  nmethod 0x000001f435e99d90
Event: 9.269 Thread 0x000001f44b9d8070 flushing  nmethod 0x000001f435e9e010
Event: 9.269 Thread 0x000001f44b9d8070 flushing  nmethod 0x000001f435ea1090
Event: 9.269 Thread 0x000001f44b9d8070 flushing  nmethod 0x000001f436172d90
Event: 9.269 Thread 0x000001f44b9d8070 flushing  nmethod 0x000001f436179f90
Event: 9.269 Thread 0x000001f44b9d8070 flushing  nmethod 0x000001f4363e0590
Event: 9.269 Thread 0x000001f44b9d8070 flushing  nmethod 0x000001f436c91c90
Event: 9.269 Thread 0x000001f44b9d8070 flushing  nmethod 0x000001f43702c690
Event: 9.269 Thread 0x000001f44b9d8070 flushing  nmethod 0x000001f43704f090
Event: 9.269 Thread 0x000001f44b9d8070 flushing  nmethod 0x000001f437088110
Event: 9.269 Thread 0x000001f44b9d8070 flushing  nmethod 0x000001f43708e390

Events (20 events):
Event: 8.266 Thread 0x000001f496e22a10 Thread exited: 0x000001f496e22a10
Event: 8.266 Thread 0x000001f496e24ae0 Thread exited: 0x000001f496e24ae0
Event: 8.480 Thread 0x000001f4938169d0 Thread exited: 0x000001f4938169d0
Event: 8.517 Thread 0x000001f49355c870 Thread exited: 0x000001f49355c870
Event: 8.517 Thread 0x000001f4923872b0 Thread exited: 0x000001f4923872b0
Event: 8.776 Thread 0x000001f492141490 Thread exited: 0x000001f492141490
Event: 8.817 Thread 0x000001f44cba3fa0 Thread exited: 0x000001f44cba3fa0
Event: 8.845 Thread 0x000001f492391450 Thread exited: 0x000001f492391450
Event: 9.369 Thread 0x000001f44cb7cd10 Thread exited: 0x000001f44cb7cd10
Event: 9.374 Thread 0x000001f496533980 Thread added: 0x000001f497c49550
Event: 9.580 Thread 0x000001f4960d15a0 Thread exited: 0x000001f4960d15a0
Event: 9.805 Thread 0x000001f44cac6600 Thread added: 0x000001f4960d15a0
Event: 9.807 Thread 0x000001f44cac6600 Thread added: 0x000001f44cb7cd10
Event: 9.861 Thread 0x000001f44cabfb10 Thread added: 0x000001f497994080
Event: 10.123 Thread 0x000001f44cb7cd10 Thread added: 0x000001f492391450
Event: 10.134 Thread 0x000001f492391450 Thread added: 0x000001f492141490
Event: 11.111 Thread 0x000001f492141490 Thread exited: 0x000001f492141490
Event: 11.111 Thread 0x000001f497994080 Thread exited: 0x000001f497994080
Event: 11.134 Thread 0x000001f492391450 Thread exited: 0x000001f492391450
Event: 11.275 Thread 0x000001f432914a30 Thread added: 0x000001f497c4af90


Dynamic libraries:
0x00007ff7f04a0000 - 0x00007ff7f0529000 	E:\Software\Renesas\RA\sc_v2025-12_fsp_v6.4.0\eclipse\rasc.exe
0x00007fff7d840000 - 0x00007fff7daa8000 	C:\WINDOWS\SYSTEM32\ntdll.dll
0x00007fff7c9b0000 - 0x00007fff7ca79000 	C:\WINDOWS\System32\KERNEL32.DLL
0x00007fff7a120000 - 0x00007fff7a511000 	C:\WINDOWS\System32\KERNELBASE.dll
0x00007fff7ccf0000 - 0x00007fff7ceb6000 	C:\WINDOWS\System32\USER32.dll
0x00007fff7a520000 - 0x00007fff7a547000 	C:\WINDOWS\System32\win32u.dll
0x00007fff7ba60000 - 0x00007fff7ba8b000 	C:\WINDOWS\System32\GDI32.dll
0x00007fff7ac40000 - 0x00007fff7ad6b000 	C:\WINDOWS\System32\gdi32full.dll
0x00007fff7a8f0000 - 0x00007fff7a993000 	C:\WINDOWS\System32\msvcp_win.dll
0x00007fff7a9a0000 - 0x00007fff7aaeb000 	C:\WINDOWS\System32\ucrtbase.dll
0x00007fff5b830000 - 0x00007fff5bac3000 	C:\WINDOWS\WinSxS\amd64_microsoft.windows.common-controls_6595b64144ccf1df_6.0.26100.7824_none_3e0870b2e3345462\COMCTL32.dll
0x00007fff7d1f0000 - 0x00007fff7d299000 	C:\WINDOWS\System32\msvcrt.dll
0x00007fff7bb60000 - 0x00007fff7bb91000 	C:\WINDOWS\System32\IMM32.DLL
0x00007fff32370000 - 0x00007fff323b5000 	E:\Software\Renesas\RA\sc_v2025-12_fsp_v6.4.0\eclipse\plugins\org.eclipse.equinox.launcher.win32.win32.x86_64_1.2.1300.v20250331-1702\eclipse_11911.dll
0x00007fff7cfd0000 - 0x00007fff7d084000 	C:\WINDOWS\System32\ADVAPI32.dll
0x00007fff7ba90000 - 0x00007fff7bb36000 	C:\WINDOWS\System32\sechost.dll
0x00007fff7c400000 - 0x00007fff7c518000 	C:\WINDOWS\System32\RPCRT4.dll
0x00007fff7ca80000 - 0x00007fff7cc17000 	C:\WINDOWS\System32\ole32.dll
0x00007fff7b5f0000 - 0x00007fff7b976000 	C:\WINDOWS\System32\combase.dll
0x00007fff70a50000 - 0x00007fff70a5b000 	C:\WINDOWS\SYSTEM32\VERSION.dll
0x00007ffd61f90000 - 0x00007ffd62d20000 	E:\Software\Renesas\RA\sc_v2025-12_fsp_v6.4.0\eclipse\plugins\org.eclipse.justj.openjdk.hotspot.jre.full.stripped.win32.x86_64_21.0.7.v20250502-0916\jre\bin\server\jvm.dll
0x00007fff7d160000 - 0x00007fff7d1d4000 	C:\WINDOWS\System32\WS2_32.dll
0x00007fff78d10000 - 0x00007fff78d6e000 	C:\WINDOWS\SYSTEM32\POWRPROF.dll
0x00007fff72270000 - 0x00007fff722a5000 	C:\WINDOWS\SYSTEM32\WINMM.dll
0x00007fff66bc0000 - 0x00007fff66bde000 	C:\WINDOWS\SYSTEM32\VCRUNTIME140.dll
0x00007fff66960000 - 0x00007fff6696c000 	C:\WINDOWS\SYSTEM32\VCRUNTIME140_1.dll
0x00007fff78cf0000 - 0x00007fff78d04000 	C:\WINDOWS\SYSTEM32\UMPDC.dll
0x00007fff70c80000 - 0x00007fff70c8a000 	E:\Software\Renesas\RA\sc_v2025-12_fsp_v6.4.0\eclipse\plugins\org.eclipse.justj.openjdk.hotspot.jre.full.stripped.win32.x86_64_21.0.7.v20250502-0916\jre\bin\jimage.dll
0x00007fff77f10000 - 0x00007fff78152000 	C:\WINDOWS\SYSTEM32\DBGHELP.DLL
0x00007fff7b980000 - 0x00007fff7ba57000 	C:\WINDOWS\System32\OLEAUT32.dll
0x00007fff51960000 - 0x00007fff5199b000 	C:\WINDOWS\SYSTEM32\dbgcore.DLL
0x00007fff7a550000 - 0x00007fff7a5f5000 	C:\WINDOWS\System32\bcryptPrimitives.dll
0x00007fff479e0000 - 0x00007fff479ff000 	E:\Software\Renesas\RA\sc_v2025-12_fsp_v6.4.0\eclipse\plugins\org.eclipse.justj.openjdk.hotspot.jre.full.stripped.win32.x86_64_21.0.7.v20250502-0916\jre\bin\java.dll
0x00007fff78fa0000 - 0x00007fff78fbb000 	C:\WINDOWS\SYSTEM32\kernel.appcore.dll
0x00007fff7bbd0000 - 0x00007fff7c322000 	C:\WINDOWS\System32\SHELL32.dll
0x00007fff7a600000 - 0x00007fff7a76a000 	C:\WINDOWS\System32\wintypes.dll
0x00007fff7ad70000 - 0x00007fff7b5d3000 	C:\WINDOWS\System32\windows.storage.dll
0x00007fff7d700000 - 0x00007fff7d7f6000 	C:\WINDOWS\System32\SHCORE.dll
0x00007fff7d0f0000 - 0x00007fff7d157000 	C:\WINDOWS\System32\shlwapi.dll
0x00007fff7a000000 - 0x00007fff7a029000 	C:\WINDOWS\SYSTEM32\profapi.dll
0x00007fff475f0000 - 0x00007fff47608000 	E:\Software\Renesas\RA\sc_v2025-12_fsp_v6.4.0\eclipse\plugins\org.eclipse.justj.openjdk.hotspot.jre.full.stripped.win32.x86_64_21.0.7.v20250502-0916\jre\bin\zip.dll
0x00007fff70c70000 - 0x00007fff70c80000 	E:\Software\Renesas\RA\sc_v2025-12_fsp_v6.4.0\eclipse\plugins\org.eclipse.justj.openjdk.hotspot.jre.full.stripped.win32.x86_64_21.0.7.v20250502-0916\jre\bin\net.dll
0x00007fff73c70000 - 0x00007fff73d97000 	C:\WINDOWS\SYSTEM32\WINHTTP.dll
0x00007fff79510000 - 0x00007fff7957b000 	C:\WINDOWS\system32\mswsock.dll
0x00007fff3e500000 - 0x00007fff3e516000 	E:\Software\Renesas\RA\sc_v2025-12_fsp_v6.4.0\eclipse\plugins\org.eclipse.justj.openjdk.hotspot.jre.full.stripped.win32.x86_64_21.0.7.v20250502-0916\jre\bin\nio.dll
0x00007fff76a40000 - 0x00007fff76aeb000 	C:\WINDOWS\system32\uxtheme.dll
0x00007ffef6470000 - 0x00007ffef65a3000 	C:\ProgramData\A-Volute\A-Volute.Nahimic\Modules\Scheduled\x64\AudioDevProps2.dll
0x00007fff7d480000 - 0x00007fff7d5df000 	C:\WINDOWS\System32\MSCTF.dll
0x00007fff7cc20000 - 0x00007fff7ccd0000 	C:\WINDOWS\System32\clbcatq.dll
0x00007fff45470000 - 0x00007fff455b9000 	C:\WINDOWS\SYSTEM32\textinputframework.dll
0x00007fff75380000 - 0x00007fff754a7000 	C:\WINDOWS\SYSTEM32\CoreMessaging.dll
0x00007fff70330000 - 0x00007fff70612000 	C:\WINDOWS\SYSTEM32\CoreUIComponents.dll
0x00007fff79800000 - 0x00007fff7980c000 	C:\WINDOWS\SYSTEM32\CRYPTBASE.DLL
0x00007fff1a830000 - 0x00007fff1ac51000 	C:\Windows\System32\uiautomationcore.dll
0x00007fff528c0000 - 0x00007fff52939000 	C:\Windows\System32\OLEACC.dll
0x00007fff280c0000 - 0x00007fff280d6000 	C:\Windows\System32\threadpoolwinrt.dll
0x00007fff70a60000 - 0x00007fff70a70000 	E:\Software\Renesas\RA\sc_v2025-12_fsp_v6.4.0\eclipse\plugins\org.eclipse.justj.openjdk.hotspot.jre.full.stripped.win32.x86_64_21.0.7.v20250502-0916\jre\bin\verify.dll
0x00007fff2a3e0000 - 0x00007fff2a401000 	E:\Software\Renesas\RA\sc_v2025-12_fsp_v6.4.0\eclipse\configuration\org.eclipse.osgi\366\0\.cp\swt-osversion-win32-4969r18.dll
0x00007fff260a0000 - 0x00007fff2616a000 	E:\Software\Renesas\RA\sc_v2025-12_fsp_v6.4.0\eclipse\configuration\org.eclipse.osgi\366\0\.cp\swt-win32-4969r18.dll
0x00007fff7ced0000 - 0x00007fff7cfbf000 	C:\WINDOWS\System32\COMDLG32.dll
0x00007fff52940000 - 0x00007fff52959000 	C:\WINDOWS\SYSTEM32\USP10.dll
0x00007fff566e0000 - 0x00007fff56790000 	C:\WINDOWS\SYSTEM32\WINSPOOL.DRV
0x00007fff28680000 - 0x00007fff28908000 	C:\WINDOWS\SYSTEM32\WININET.dll
0x00007fff76160000 - 0x00007fff76263000 	C:\WINDOWS\SYSTEM32\PROPSYS.dll
0x00007fff564a0000 - 0x00007fff56680000 	C:\WINDOWS\SYSTEM32\urlmon.dll
0x00007fff65f70000 - 0x00007fff65f78000 	C:\WINDOWS\SYSTEM32\MSIMG32.dll
0x00007fff76da0000 - 0x00007fff76dd1000 	C:\WINDOWS\SYSTEM32\dwmapi.dll
0x00007fff79d70000 - 0x00007fff79dc7000 	C:\WINDOWS\SYSTEM32\cfgmgr32.dll
0x00007fff525f0000 - 0x00007fff528b5000 	C:\WINDOWS\SYSTEM32\iertutil.dll
0x00007fff78860000 - 0x00007fff7886d000 	C:\WINDOWS\SYSTEM32\netutils.dll
0x00007fff671f0000 - 0x00007fff67219000 	C:\WINDOWS\SYSTEM32\srvcli.dll
0x00007fff29bb0000 - 0x00007fff29bdc000 	E:\Software\Renesas\RA\sc_v2025-12_fsp_v6.4.0\eclipse\configuration\org.eclipse.osgi\366\0\.cp\swt-gdip-win32-4969r18.dll
0x00007fff562c0000 - 0x00007fff56498000 	C:\WINDOWS\WinSxS\amd64_microsoft.windows.gdiplus_6595b64144ccf1df_1.1.26100.7824_none_6ef363983dc6ce30\gdiplus.dll
0x00007fff74a40000 - 0x00007fff74c6f000 	C:\WINDOWS\SYSTEM32\WindowsCodecs.dll
0x00007fff797e0000 - 0x00007fff797fb000 	C:\WINDOWS\SYSTEM32\CRYPTSP.dll
0x00007fff78f00000 - 0x00007fff78f39000 	C:\WINDOWS\system32\rsaenh.dll
0x00007fff795c0000 - 0x00007fff795eb000 	C:\WINDOWS\SYSTEM32\USERENV.dll
0x00007fff79fd0000 - 0x00007fff79ffa000 	C:\WINDOWS\SYSTEM32\bcrypt.dll
0x00007fff789e0000 - 0x00007fff78a14000 	C:\WINDOWS\SYSTEM32\IPHLPAPI.DLL
0x00007fff7cce0000 - 0x00007fff7ccea000 	C:\WINDOWS\System32\NSI.dll
0x00007fff3b900000 - 0x00007fff3b9b3000 	C:\WINDOWS\SYSTEM32\TextShaping.dll
0x00007fff13e20000 - 0x00007fff13fae000 	E:\Software\Renesas\RA\sc_v2025-12_fsp_v6.4.0\eclipse\plugins\org.eclipse.justj.openjdk.hotspot.jre.full.stripped.win32.x86_64_21.0.7.v20250502-0916\jre\bin\awt.dll
0x00007fff65f80000 - 0x00007fff66009000 	C:\WINDOWS\SYSTEM32\MSVCP140.dll
0x00007fff75eb0000 - 0x00007fff75f4e000 	C:\WINDOWS\SYSTEM32\apphelp.dll
0x00007fff25fb0000 - 0x00007fff26032000 	E:\Software\Renesas\RA\sc_v2025-12_fsp_v6.4.0\eclipse\plugins\org.eclipse.justj.openjdk.hotspot.jre.full.stripped.win32.x86_64_21.0.7.v20250502-0916\jre\bin\mlib_image.dll
0x00007fff77b50000 - 0x00007fff77db7000 	C:\WINDOWS\SYSTEM32\DWrite.dll
0x00007ffe94f10000 - 0x00007ffe94f59000 	C:\Users\31634\AppData\Local\Temp\jna-48612857\jna15805872239284996820.dll
0x00007fff7cec0000 - 0x00007fff7cec8000 	C:\WINDOWS\System32\PSAPI.DLL
0x00007fff7a770000 - 0x00007fff7a8e7000 	C:\WINDOWS\System32\Crypt32.dll
0x00007fff79df0000 - 0x00007fff79dfa000 	C:\WINDOWS\System32\DPAPI.dll
0x00007fff55960000 - 0x00007fff5596e000 	E:\Software\Renesas\RA\sc_v2025-12_fsp_v6.4.0\eclipse\plugins\org.eclipse.justj.openjdk.hotspot.jre.full.stripped.win32.x86_64_21.0.7.v20250502-0916\jre\bin\sunmscapi.dll
0x00007fff79a00000 - 0x00007fff79a30000 	C:\WINDOWS\SYSTEM32\ncrypt.dll
0x00007fff799b0000 - 0x00007fff799ef000 	C:\WINDOWS\SYSTEM32\NTASN1.dll
0x00007fff78a20000 - 0x00007fff78b4c000 	C:\WINDOWS\SYSTEM32\DNSAPI.dll
0x000000006daa0000 - 0x000000006daab000 	C:\Program Files\National Instruments\Shared\mDNS Responder\nimdnsNSP.dll
0x000000006da80000 - 0x000000006da91000 	C:\WINDOWS\SYSTEM32\nimdnsResponder.dll
0x00007fff73f50000 - 0x00007fff73f5b000 	C:\Windows\System32\rasadhlp.dll
0x00007fff722f0000 - 0x00007fff72334000 	C:\WINDOWS\system32\mlang.dll
0x00007fff74c80000 - 0x00007fff74d06000 	C:\WINDOWS\System32\fwpuclnt.dll
0x00007fff55860000 - 0x00007fff55869000 	E:\Software\Renesas\RA\sc_v2025-12_fsp_v6.4.0\eclipse\plugins\org.eclipse.justj.openjdk.hotspot.jre.full.stripped.win32.x86_64_21.0.7.v20250502-0916\jre\bin\extnet.dll
0x00007fff12870000 - 0x00007fff129d1000 	E:\Software\Renesas\RA\sc_v2025-12_fsp_v6.4.0\eclipse\plugins\com.equo.chromium.cef.win32.win32.x86_64_128.0.20\chromium-6613\chrome_elf.dll
0x00007ffd53770000 - 0x00007ffd61f87000 	E:\Software\Renesas\RA\sc_v2025-12_fsp_v6.4.0\eclipse\plugins\com.equo.chromium.cef.win32.win32.x86_64_128.0.20\chromium-6613\libcef.dll
0x00007fff7abb0000 - 0x00007fff7ac32000 	C:\WINDOWS\System32\WINTRUST.dll
0x00007fff75f60000 - 0x00007fff75f6d000 	C:\WINDOWS\SYSTEM32\Secur32.dll
0x00007fff74230000 - 0x00007fff74253000 	C:\WINDOWS\SYSTEM32\dhcpcsvc.DLL
0x00007fff79240000 - 0x00007fff79289000 	C:\WINDOWS\SYSTEM32\SSPICLI.DLL
0x00007fff79850000 - 0x00007fff79863000 	C:\WINDOWS\SYSTEM32\MSASN1.dll
0x00007ffe16ca0000 - 0x00007ffe16f68000 	E:\Software\Renesas\RA\sc_v2025-12_fsp_v6.4.0\eclipse\plugins\com.equo.chromium.cef.win32.win32.x86_64_128.0.20\chromium-6613\equochro.dll
0x00007fff790c0000 - 0x00007fff790f6000 	C:\WINDOWS\system32\ntmarta.dll

dbghelp: loaded successfully - version: 4.0.5 - missing functions: none
symbol engine: initialized successfully - sym options: 0x614 - pdb path: .;E:\Software\Renesas\RA\sc_v2025-12_fsp_v6.4.0\eclipse;C:\WINDOWS\SYSTEM32;C:\WINDOWS\WinSxS\amd64_microsoft.windows.common-controls_6595b64144ccf1df_6.0.26100.7824_none_3e0870b2e3345462;E:\Software\Renesas\RA\sc_v2025-12_fsp_v6.4.0\eclipse\plugins\org.eclipse.equinox.launcher.win32.win32.x86_64_1.2.1300.v20250331-1702;E:\Software\Renesas\RA\sc_v2025-12_fsp_v6.4.0\eclipse\plugins\org.eclipse.justj.openjdk.hotspot.jre.full.stripped.win32.x86_64_21.0.7.v20250502-0916\jre\bin\server;E:\Software\Renesas\RA\sc_v2025-12_fsp_v6.4.0\eclipse\plugins\org.eclipse.justj.openjdk.hotspot.jre.full.stripped.win32.x86_64_21.0.7.v20250502-0916\jre\bin;C:\ProgramData\A-Volute\A-Volute.Nahimic\Modules\Scheduled\x64;E:\Software\Renesas\RA\sc_v2025-12_fsp_v6.4.0\eclipse\configuration\org.eclipse.osgi\366\0\.cp;C:\WINDOWS\WinSxS\amd64_microsoft.windows.gdiplus_6595b64144ccf1df_1.1.26100.7824_none_6ef363983dc6ce30;C:\Users\31634\AppData\Local\Temp\jna-48612857;C:\Program Files\National Instruments\Shared\mDNS Responder;E:\Software\Renesas\RA\sc_v2025-12_fsp_v6.4.0\eclipse\plugins\com.equo.chromium.cef.win32.win32.x86_64_128.0.20\chromium-6613

VM Arguments:
jvm_args: -Declipse.p2.max.threads=10 -Dosgi.requiredJavaVersion=17 -Dorg.slf4j.simpleLogger.defaultLogLevel=off -XX:+UseG1GC -XX:+UseStringDeduplication -Xms512m -Xmx3g --add-modules=ALL-SYSTEM -Dcom.renesas.cdt.core.ui.menus.RenesasViewsMenuFactory.hide=true -Dswt.autoScale=quarter -Dswt.autoScale.method=smooth 
java_command: <unknown>
java_class_path (initial): E:\Software\Renesas\RA\sc_v2025-12_fsp_v6.4.0\eclipse\\plugins/org.eclipse.equinox.launcher_1.7.0.v20250717-1148.jar
Launcher Type: generic

[Global flags]
     intx CICompilerCount                          = 12                                        {product} {ergonomic}
     uint ConcGCThreads                            = 5                                         {product} {ergonomic}
     uint G1ConcRefinementThreads                  = 18                                        {product} {ergonomic}
   size_t G1HeapRegionSize                         = 2097152                                   {product} {ergonomic}
    uintx GCDrainStackTargetSize                   = 64                                        {product} {ergonomic}
   size_t InitialHeapSize                          = 536870912                                 {product} {command line}
   size_t MarkStackSize                            = 4194304                                   {product} {ergonomic}
   size_t MaxHeapSize                              = 3221225472                                {product} {command line}
   size_t MaxNewSize                               = 1931476992                                {product} {ergonomic}
   size_t MinHeapDeltaBytes                        = 2097152                                   {product} {ergonomic}
   size_t MinHeapSize                              = 536870912                                 {product} {command line}
    uintx NonNMethodCodeHeapSize                   = 7602480                                {pd product} {ergonomic}
    uintx NonProfiledCodeHeapSize                  = 122027880                              {pd product} {ergonomic}
    uintx ProfiledCodeHeapSize                     = 122027880                              {pd product} {ergonomic}
    uintx ReservedCodeCacheSize                    = 251658240                              {pd product} {ergonomic}
     bool SegmentedCodeCache                       = true                                      {product} {ergonomic}
   size_t SoftMaxHeapSize                          = 3221225472                             {manageable} {ergonomic}
     bool UseCompressedOops                        = true                           {product lp64_product} {ergonomic}
     bool UseG1GC                                  = true                                      {product} {command line}
     bool UseLargePagesIndividualAllocation        = false                                  {pd product} {ergonomic}
     bool UseStringDeduplication                   = true                                      {product} {command line}

Logging:
Log output configuration:
 #0: stdout all=warning uptime,level,tags foldmultilines=false
 #1: stderr all=off uptime,level,tags foldmultilines=false

Environment Variables:
CLASSPATH=D:\software\LINGO64_18\Lingo18.jar
PATH=E:\Software\KEIL543\ARM\ARMCLANG\Bin;C:\Program Files\Common Files\Oracle\Java\javapath;C:\Program Files (x86)\STMicroelectronics\stlink_server;D:\software\cubeCLT\STM32CubeCLT_1.18.0;D:\software\cubeCLT\STM32CubeCLT_1.18.0\CMake\bin;D:\software\cubeCLT\STM32CubeCLT_1.18.0\Ninja\bin;D:\software\cubeCLT\STM32CubeCLT_1.18.0\GNU-tools-for-STM32\bin;D:\software\cubeCLT\STM32CubeCLT_1.18.0\STLink-gdb-server\bin;D:\software\cubeCLT\STM32CubeCLT_1.18.0\STM32CubeProgrammer\bin;C:\WINDOWS\system32;C:\WINDOWS;C:\WINDOWS\System32\Wbem;C:\WINDOWS\System32\WindowsPowerShell\v1.0\;C:\WINDOWS\System32\OpenSSH\;C:\Program Files\dotnet\;C:\Program Files (x86)\NVIDIA Corporation\PhysX\Common;C:\Program Files\NVIDIA Corporation\NVIDIA NvDLISR;C:\Program Files (x86)\Windows Kits\10\Windows Performance Toolkit\;D:\matlab\runtime\win64;D:\matlab\bin;C:\Program Files (x86)\Microsoft SQL Server\160\Tools\Binn\;C:\Program Files\Microsoft SQL Server\160\Tools\Binn\;C:\Program Files\Microsoft SQL Server\Client SDK\ODBC\170\Tools\Binn\;C:\Program Files\Microsoft SQL Server\160\DTS\Binn\;C:\Program Files (x86)\Windows Kits\8.1\Windows Performance Toolkit\;D:\software\Visual Studio Code2025\VScode\Microsoft VS Code\bin;D:\software\git\Git\cmd;D:\software\LINGO64_18\;D:\texlive\2025\bin\windows;D:\pandoc\;C:\Users\31634\AppData\Local\Muse Hub\lib;D:\software\cursor\cursor\resources\app\bin;D:\python\Pythonn\Scripts\;D:\python\Pythonn\;C:\Users\31634\AppData\Local\Programs\Python\Launcher\;C:\Users\31634\AppData\Local\Microsoft\WindowsApps;C:\Users\31634\Desktop\缂栫▼\CodeBlocks\MinGW\bin;;C:\WINDOWS\System32\Wbem;D:\python\PyCharm 2024.1.3\bin;;D:\software\clion\CLion 2025.1.3\bin;;D:\DevEnv\DevEnv\DevEnv\GNU-tools-for-STM32\bin;C:\Users\31634\AppData\Roaming\Programs\Zero Install;C:\Users\31634\AppData\Local\Muse Hub\lib;D:\FPGA\FPGA_Software\ModelSim\win64;D:\FPGA\FPGA_Software\ModelSim2020.4\win64
USERNAME=31634
OS=Windows_NT
PROCESSOR_IDENTIFIER=Intel64 Family 6 Model 183 Stepping 1, GenuineIntel
TMP=C:\Users\31634\AppData\Local\Temp
TEMP=C:\Users\31634\AppData\Local\Temp




Periodic native trim disabled

---------------  S Y S T E M  ---------------

OS:
 Windows 11 , 64 bit Build 26100 (10.0.26100.7705)
OS uptime: 2 days 20:44 hours

CPU: total 24 (initial active 24) (12 cores per cpu, 2 threads per core) family 6 model 183 stepping 1 microcode 0x120, cx8, cmov, fxsr, ht, mmx, 3dnowpref, sse, sse2, sse3, ssse3, sse4.1, sse4.2, popcnt, lzcnt, tsc, tscinvbit, avx, avx2, aes, erms, clmul, bmi1, bmi2, adx, sha, fma, vzeroupper, clflush, clflushopt, clwb, serialize, rdtscp, rdpid, fsrm, f16c, pku, cet_ibt, cet_ss
Processor Information for processor 0
  Max Mhz: 2200, Current Mhz: 2200, Mhz Limit: 2200
Processor Information for processor 1
  Max Mhz: 2200, Current Mhz: 2200, Mhz Limit: 2200
Processor Information for processor 2
  Max Mhz: 2200, Current Mhz: 2200, Mhz Limit: 2200
Processor Information for processor 3
  Max Mhz: 2200, Current Mhz: 2200, Mhz Limit: 2200
Processor Information for processor 4
  Max Mhz: 2200, Current Mhz: 1466, Mhz Limit: 2200
Processor Information for processor 5
  Max Mhz: 2200, Current Mhz: 2200, Mhz Limit: 2200
Processor Information for processor 6
  Max Mhz: 2200, Current Mhz: 2200, Mhz Limit: 2200
Processor Information for processor 7
  Max Mhz: 2200, Current Mhz: 2200, Mhz Limit: 2200
Processor Information for processor 8
  Max Mhz: 2200, Current Mhz: 2200, Mhz Limit: 2200
Processor Information for processor 9
  Max Mhz: 2200, Current Mhz: 2200, Mhz Limit: 2200
Processor Information for processor 10
  Max Mhz: 2200, Current Mhz: 2200, Mhz Limit: 2200
Processor Information for processor 11
  Max Mhz: 2200, Current Mhz: 2200, Mhz Limit: 2200
Processor Information for processor 12
  Max Mhz: 2200, Current Mhz: 2200, Mhz Limit: 2200
Processor Information for processor 13
  Max Mhz: 2200, Current Mhz: 2200, Mhz Limit: 2200
Processor Information for processor 14
  Max Mhz: 2200, Current Mhz: 2200, Mhz Limit: 2200
Processor Information for processor 15
  Max Mhz: 2200, Current Mhz: 2200, Mhz Limit: 2200
Processor Information for processor 16
  Max Mhz: 2200, Current Mhz: 1500, Mhz Limit: 1584
Processor Information for processor 17
  Max Mhz: 2200, Current Mhz: 1600, Mhz Limit: 1584
Processor Information for processor 18
  Max Mhz: 2200, Current Mhz: 1500, Mhz Limit: 1584
Processor Information for processor 19
  Max Mhz: 2200, Current Mhz: 1500, Mhz Limit: 1584
Processor Information for processor 20
  Max Mhz: 2200, Current Mhz: 1500, Mhz Limit: 1584
Processor Information for processor 21
  Max Mhz: 2200, Current Mhz: 1500, Mhz Limit: 1584
Processor Information for processor 22
  Max Mhz: 2200, Current Mhz: 1500, Mhz Limit: 1584
Processor Information for processor 23
  Max Mhz: 2200, Current Mhz: 1500, Mhz Limit: 1584

Memory: 4k page, system-wide physical 16115M (1109M free)
TotalPageFile size 38577M (AvailPageFile size 1057M)
current process WorkingSet (physical memory assigned to process): 1057M, peak: 1064M
current process commit charge ("private bytes"): 1248M, peak: 1261M

vm_info: OpenJDK 64-Bit Server VM (21.0.7+6-LTS) for windows-amd64 JRE (21.0.7+6-LTS), built on 2025-04-15T00:00:00Z by "admin" with MS VC++ 17.7 (VS2022)

END.
